id;tip;kod;ad;adres;telefon;il_kod;il_ad;ilce_kod;ilce_ad;mahalle_ad;lat;lon;hafta_ici;cumartesi;pazar;aktiflik;guncellenme_tarihi
3758;PTT_SUBE;6941;100. YIL  ŞUBESİ;YÜZÜNCÜYIL MAHALLESİ 85075 SOKAK No: 15 ÇUKUROVA ADANA;03222566002;1;ADANA;;;;37.045987;35.246283;08:30-12:30/13:30-17:00;KAPALI;KAPALI;1;2026-09-21 08:29:53
3757;PTT_SUBE;2855;177. YIL  MÜDÜRLÜĞÜ;BELEDİYE EVLERİ MAHALLESİ TURGUT ÖZAL BULVAR No: 249 ÇUKUROVA ADANA;03222472487;1;ADANA;;;;37.050484;35.261427;08:30-17:00;KAPALI;KAPALI;1;2026-09-21 08:29:53
3756;PTT_SUBE;2709;6. KOLORDU KOMUTANLIĞI ŞUBESİ;KÖPRÜLÜ MAHALLESİ MİTHAT ÖZSAN BULVAR No: 6 YÜREĞİR ADANA;03223442835;1;ADANA;;;;37.010773;35.337528;08:30-12:30/13:30-17:00;KAPALI;KAPALI;1;2026-09-21 08:29:53
3755;PTT_SUBE;7921;ADANA KARGO DAĞITIM  MÜDÜRLÜĞÜ;FEVZİPAŞA MAHALLESİ 48019 SOKAK No: 16 /1 SEYHAN ADANA;03224214008;1;ADANA;;;;36.996029;35.278117;08:30-23:30/-;08:30-23:30/-;08:30-23:30/-;1;2026-09-21 08:29:53
3754;PTT_SUBE;3976;ADANA POSTA KARGO İŞLEME MÜDÜRLÜĞÜ;ACIDEREOSB MAHALLESİ TURGUT ÖZAL BULVAR No: 16 SARIÇAM ADANA;03224214042;1;ADANA;;;;36.972586428;35.60030712;08:00-08:00/-;08:00-08:00/-;08:00-08:00/-;1;2026-09-21 08:29:53
3753;PTT_SUBE;6942;ADANA-KOOP  ŞUBESİ;BELEDİYE EVLERİ MAHALLESİ 84029 SOKAK No: 6 A ÇUKUROVA ADANA;03222487809;1;ADANA;;;;37.033635;35.260468;08:30-12:30/13:30-17:00;KAPALI;KAPALI;1;2026-09-21 08:29:53
3752;PTT_SUBE;2146;ADLİYE SARAYI MÜDÜRLÜĞÜ;KAZIM KARABEKİR MAHALLESİ 4264 SOKAK No: 28 YÜREĞİR ADANA;03223599971;1;ADANA;;;;37.008354342;35.345769118;08:30-17:00;KAPALI;KAPALI;1;2026-09-21 08:29:53
3751;PTT_SUBE;2856;ADNAN KAHVECİ MÜDÜRLÜĞÜ;MAHFESIĞMAZ MAHALLESİ DEVLET BAHÇELİ. BULVAR No: 2  /1- ÇUKUROVA ADANA;03222345792;1;ADANA;;;;37.032065;35.309858;08:30-17:00;KAPALI;KAPALI;1;2026-09-21 08:29:53
3750;PTT_SUBE;7701;AKINCILAR  ŞUBESİ;SİNANPAŞA MAHALLESİ KOZAN CADDE No: 105 YÜREĞİR ADANA;03223233313;1;ADANA;;;;36.991905;35.34574;08:30-12:30/13:30-17:00;KAPALI;KAPALI;1;2026-09-21 08:29:53
3749;PTT_SUBE;8560;AKKAPI ŞUBESİ;AKKAPI MAHALLESİ ŞIH CEMİL CADDE No: 105 A SEYHAN ADANA;0;1;ADANA;;;;36.966425;35.311492;08:30-12:30/13:30-17:00;KAPALI;KAPALI;1;2026-09-21 08:29:53
3748;PTT_SUBE;2711;ALADAĞ  ŞUBESİ;MANSURLU MAHALLESİ İNÖNÜ CADDE No: 39 ALADAĞ ADANA;03225912001;1;ADANA;;;;37.548122125;35.394227202;08:30-12:30/13:30-17:00;KAPALI;KAPALI;1;2026-09-21 08:29:53
3747;PTT_SUBE;7253;ATAKENT  ŞUBESİ(20.07.2026 TARIHINDEN ITIBAREN PAZARTESI-ÇARŞAMBA HIZMETE AÇIK.;ATAKENT MAHALLESİ YAŞAR DOĞU CADDE No: 91 YÜREĞİR ADANA;03223228323;1;ADANA;;;;36.997338;35.36886;08:30-12:30/13:30-17:00;KAPALI;KAPALI;1;2026-09-21 08:29:53
3746;PTT_SUBE;8459;ATİLLA ALTIKAT ŞUBESİ;HÜRRİYET MAHALLESİ SAYDAM CADDE No: 113 B SEYHAN ADANA;00000000000;1;ADANA;;;;36.978941;35.324118;08:30-12:30/13:30-17:00;KAPALI;KAPALI;1;2026-09-21 08:29:53
3745;PTT_SUBE;8019;BAHÇE ACENTELİĞİ;BAHÇE MAHALLESİ ATATÜRK BAHÇE CADDE No: 1 - KARATAŞ ADANA;05367767215;1;ADANA;;;;36.608229;35.452487;08:30-12:30/13:30-17:00;KAPALI;KAPALI;1;2026-09-21 08:29:53
3744;PTT_SUBE;6950;BAHÇEŞEHİR  ŞUBESİ;BAHÇEŞEHİR MAHALLESİ MEHMET FUAT DIBLAN BULVAR No: 146 A SEYHAN ADANA;03222690901;1;ADANA;;;;37.03017;35.23969;08:30-12:30/13:30-17:00;KAPALI;KAPALI;1;2026-09-21 08:29:53
3743;PTT_SUBE;6935;BARAJYOLU  ŞUBESİ;SÜMER MAHALLESİ 69083 SOKAK No: 6 SEYHAN ADANA;03222274377;1;ADANA;;;;37.026881;35.31302;08:30-12:30/13:30-17:00;KAPALI;KAPALI;1;2026-09-21 08:29:53
3742;PTT_SUBE;2858;BARKAL MÜDÜRLÜĞÜ;ONUR MAHALLESİ TURHAN CEMAL BERİKER BULVAR No: 437 /2E SEYHAN ADANA;03225035230;1;ADANA;;;;36.99572;35.25698;08:30-17:00;KAPALI;KAPALI;1;2026-09-21 08:29:53
3740;PTT_SUBE;8564;BEY ŞUBESİ;BEY MAHALLESİ 16038 SOKAK No: 1 SEYHAN ADANA;0;1;ADANA;;;;36.966476;35.316828;08:30-12:30/13:30-17:00;KAPALI;KAPALI;1;2026-09-21 08:29:53
3741;PTT_SUBE;6295;BEŞ OCAK MÜDÜRLÜĞÜ;HAYDAROĞLU MAHALLESİ KARATAŞ BULVAR No: 206 YÜREĞİR ADANA;03223113502;1;ADANA;;;;36.9646;35.34276;08:30-17:00;KAPALI;KAPALI;1;2026-09-21 08:29:53
3739;PTT_SUBE;2909;BOZGÜNEY ACENTELİĞİ;BOZGÜNEY MAHALLESİ KAN ESENTEPE CADDE No: 2 TUFANBEYLİ ADANA;03220000000;1;ADANA;;;;38.24487801;36.32354316;09:00-12:30/13:30-17:00;KAPALI;KAPALI;1;2026-09-21 08:29:53
3738;PTT_SUBE;2696;CEMALPAŞA MÜDÜRLÜĞÜ;KURTULUŞ MAHALLESİ ATATÜRK CADDE No: 99 SEYHAN ADANA;03224543586;1;ADANA;;;;37.002669;35.320765;08:30-12:30/13:30-17:30;KAPALI;KAPALI;1;2026-09-21 08:29:53
3737;PTT_SUBE;2307;CEYHAN MÜDÜRLÜĞÜ;BÜYÜKKIRIM MAHALLESİ PTT CADDE No: 11 CEYHAN ADANA;03226132626;1;ADANA;;;;37.02397;35.80965;08:30-12:30;KAPALI;KAPALI;1;2026-09-21 08:29:53
3736;PTT_SUBE;8481;CUMHURİYET ŞUBESİ;TEPEBAĞ MAHALLESİ İNÖNÜ CADDE No: 29 A SEYHAN ADANA;0;1;ADANA;;;;36.989997;35.328394;08:30-12:30/13:30-17:00;KAPALI;KAPALI;1;2026-09-21 08:29:53
3731;PTT_SUBE;2728;DADALOĞLU  ŞUBESİ;SELAHATTİN EYYUBİ MAHALLESİ KOZAN CADDE No: 391 YÜREĞİR ADANA;03223296809;1;ADANA;;;;37.004488;35.368002;08:30-12:30/13:30-17:00;KAPALI;KAPALI;1;2026-09-21 08:29:53
3730;PTT_SUBE;8562;DAĞLIOĞLU ŞUBESİ;DAĞLIOĞLU MAHALLESİ 14017 SOKAK No: 4 SEYHAN ADANA;0;1;ADANA;;;;36.97651098;35.31155688;08:30-12:30/13:30-17:00;KAPALI;KAPALI;1;2026-09-21 08:29:53
3728;PTT_SUBE;2917;DORUK ACENTELİĞİ;DORUK MAHALLESİ 3503 SOKAK No: 47 CEYHAN ADANA;03226452269;1;ADANA;;;;36.87783903;35.76353004;09:00-12:30/13:30-17:00;KAPALI;KAPALI;1;2026-09-21 08:29:53
3729;PTT_SUBE;7260;DOĞANKENT  ŞUBESİ;GAZİPAŞA MAHALLESİ KARATAŞ BULVAR No: 1059 YÜREĞİR ADANA;03223340002;1;ADANA;;;;36.845106;35.339587;08:30-12:30/13:30-17:00;KAPALI;KAPALI;1;2026-09-21 08:29:53
3727;PTT_SUBE;8563;DUMLUPINAR ŞUBESİ;MEYDAN MAHALLESİ MEYDAN CADDE No: 46 SEYHAN ADANA;0;1;ADANA;;;;36.983549;35.309786;08:30-12:30/13:30-17:00;KAPALI;KAPALI;1;2026-09-21 08:29:53
3726;PTT_SUBE;7250;FATİH  ŞUBESİ;YAVUZ SULTAN SELİM MAHALLESİ KOZAN BULVAR No: 133 - SARIÇAM ADANA;03223412024;1;ADANA;;;;37.036229831;35.418689938;08:30-12:30/13:30-17:00;KAPALI;KAPALI;1;2026-09-21 08:29:53
3725;PTT_SUBE;2222;FEKE MÜDÜRLÜĞÜ;İSLAM MAHALLESİ BELENKÖY YOLU CADDE No: 2 FEKE ADANA;03227412001;1;ADANA;;;;37.81583496;35.90769096;08:30-17:00;KAPALI;KAPALI;1;2026-09-21 08:29:53
3724;PTT_SUBE;6945;FEVZİPAŞA  ŞUBESİ;FEVZİPAŞA MAHALLESİ 48019 SOKAK No: 18 SEYHAN ADANA;03224214862;1;ADANA;;;;36.996781;35.276883;08:30-12:30/13:30-17:00;KAPALI;KAPALI;1;2026-09-21 08:29:53
3723;PTT_SUBE;2745;GAZİKÖY  ŞUBESİ;GAZİ MAHALLESİ ATATÜRK CADDE No: 21 A KOZAN ADANA;03225332030;1;ADANA;;;;37.28765997;35.85414096;08:30-12:30/13:30-17:00;KAPALI;KAPALI;1;2026-09-21 08:29:53
3722;PTT_SUBE;2742;GÖÇYOLU  ŞUBESİ;KARACAOĞLAN MAHALLESİ ALPURUNGU SOKAK No: 1 KOZAN ADANA;03225154584;1;ADANA;;;;37.458972;35.814427;08:30-12:30/13:30-17:00;KAPALI;KAPALI;1;2026-09-21 08:29:53
3721;PTT_SUBE;2774;GÜZELYALI  ŞUBESİ;GÜZELYALI MAHALLESİ 81196 SOKAK No: 1 -1 ÇUKUROVA ADANA;03222340070;1;ADANA;;;;37.05163;35.285872;08:30-12:30/13:30-17:00;KAPALI;KAPALI;1;2026-09-21 08:29:53
3720;PTT_SUBE;2775;HACIBEYLİ  ŞUBESİ;HACIBEYLİ MAHALLESİ CEYHAN CADDE No: 1 KOZAN ADANA;03225332029;1;ADANA;;;;37.31015;35.878963;08:30-12:30/13:30-17:00;KAPALI;KAPALI;1;2026-09-21 08:29:53
3719;PTT_SUBE;8561;HADIRLI ŞUBESİ;HADIRLI MAHALLESİ HADIRLI CADDE No: 67 SEYHAN ADANA;0;1;ADANA;;;;36.931984;35.317561;08:30-12:30/13:30-17:00;KAPALI;KAPALI;1;2026-09-21 08:29:53
3718;PTT_SUBE;2782;HAYAL PARK  ŞUBESİ;YURT MAHALLESİ 71329 SOKAK No: 22 1 ÇUKUROVA ADANA;03222339748;1;ADANA;;;;37.035029;35.289853;08:30-12:30/13:30-17:00;KAPALI;KAPALI;1;2026-09-21 08:29:53
3717;PTT_SUBE;6939;HUZUR EVLERİ  ŞUBESİ;HUZUREVLERİ MAHALLESİ 77210 SOKAK No: 13 A ÇUKUROVA ADANA;03222471822;1;ADANA;;;;37.045486;35.279577;08:30-12:30/13:30-17:00;KAPALI;KAPALI;1;2026-09-21 08:29:53
3713;PTT_SUBE;2783;KAMIŞLI  ŞUBESİ;KAMIŞLI MAHALLESİ ÇAYLI KAŞ KÜME EVLER No: 32 POZANTI ADANA;03225898885;1;ADANA;;;;37.55802303;34.950627;08:30-12:30/13:30-17:00;KAPALI;KAPALI;1;2026-09-21 08:29:53
3711;PTT_SUBE;2846;KARATAŞ MÜDÜRLÜĞÜ;YENİ MAHALLESİ 3 SOKAK No: 20 KARATAŞ ADANA;03226812001;1;ADANA;;;;36.566355;35.385812;08:30-17:00;KAPALI;KAPALI;1;2026-09-21 08:29:53
3712;PTT_SUBE;2845;KARAİSALI MÜDÜRLÜĞÜ;SELAMPINAR MAHALLESİ CUMHURİYET CADDE No: 10 A KARAİSALI ADANA;03225512615;1;ADANA;;;;37.255595052;35.059356243;08:30-17:00;KAPALI;KAPALI;1;2026-09-21 08:29:53
3710;PTT_SUBE;6296;KERESTECİLER SİTESİ  MÜDÜRLÜĞÜ;GÜZELEVLER MAHALLESİ PALMİYE CADDE No: 3 YÜREĞİR ADANA;03223462075;1;ADANA;;;;36.98203;35.39954;08:30-17:00;KAPALI;KAPALI;1;2026-09-21 08:29:53
3709;PTT_SUBE;7997;KIŞLA  ŞUBESİ;KIŞLA MAHALLESİ ŞEHİT ÖZKAN ALTINOK SOKAK No: 43 YÜREĞİR ADANA;03223280091;1;ADANA;;;;37.016105508;35.335076623;08:30-12:30/13:30-17:00;KAPALI;KAPALI;1;2026-09-21 08:29:53
3708;PTT_SUBE;2849;KOZAN MÜDÜRLÜĞÜ;CUMHURİYET MAHALLESİ EMNİYET SOKAK No: 8 KOZAN ADANA;03225157666;1;ADANA;;;;37.450515;35.813413;08:30-17:00;KAPALI;KAPALI;1;2026-09-21 08:29:53
3707;PTT_SUBE;2915;KURTKULAĞI ACENTELİĞİ;KURTKULAĞI MAHALLESİ 3713 SOKAK No: 13 CEYHAN ADANA;03226427264;1;ADANA;;;;36.922005;35.886663;09:00-12:30/13:30-17:00;KAPALI;KAPALI;1;2026-09-21 08:29:53
3706;PTT_SUBE;6981;KÜÇÜKDİKİLİ  ŞUBESİ;SÖĞÜTLÜ MAHALLESİ ŞEHİTLİK CADDE No: 47 A SEYHAN ADANA;03224855050;1;ADANA;;;;36.99959652;35.20917648;08:30-12:30/13:30-17:00;KAPALI;KAPALI;1;2026-09-21 08:29:53
3705;PTT_SUBE;6936;MAVİ BULVAR  ŞUBESİ;YEŞİLYURT MAHALLESİ AHMET SAPMAZ BULVAR No: 16 F SEYHAN ADANA;03222282464;1;ADANA;;;;37.02877398;35.29903752;08:30-12:30/13:30-17:00;KAPALI;KAPALI;1;2026-09-21 08:29:53
3704;PTT_SUBE;2919;MERCİMEK ACENTELİĞİ;MERCİMEK MAHALLESİ 3935 BULVAR No: 33 CEYHAN ADANA;05455256270;1;ADANA;;;;37.10337696;35.79447312;09:00-12:30/13:30-17:00;KAPALI;KAPALI;1;2026-09-21 08:29:53
3703;PTT_SUBE;7256;ORGANİZE SANAYİ  ŞUBESİ;ACIDEREOSB MAHALLESİ TURGUT ÖZAL BULVAR No: 6 SARIÇAM ADANA;03223944383;1;ADANA;;;;36.972225;35.594093;08:30-12:30/13:30-17:00;KAPALI;KAPALI;1;2026-09-21 08:29:53
3702;PTT_SUBE;6969;OSMANGAZİ  ŞUBESİ;OSMANGAZİ MAHALLESİ 2008 SOKAK No: 3 SARIÇAM ADANA;03223430741;1;ADANA;;;;37.069863039;35.407277549;08:30-12:30/13:30-17:00;KAPALI;KAPALI;1;2026-09-21 08:29:53
3701;PTT_SUBE;2848;POZANTI MÜDÜRLÜĞÜ;CUMHURİYET MAHALLESİ ATATÜRK CADDE No: 54 POZANTI ADANA;03225813001;1;ADANA;;;;37.423417283;34.872492004;08:30-17:00;KAPALI;KAPALI;1;2026-09-21 08:29:53
3699;PTT_SUBE;2817;SANAYİ SİTESİ  ŞUBESİ;İNÖNÜ MAHALLESİ SANAYİ CADDE No: 57 CEYHAN ADANA;03226139494;1;ADANA;;;;37.041420379;35.819962085;08:30-12:30/13:30-17:00;KAPALI;KAPALI;1;2026-09-21 08:29:53
3698;PTT_SUBE;6103;SARIÇAM  MÜDÜRLÜĞÜ;MEHMET AKİF ERSOY MAHALLESİ SEZAİ KARAKOÇ BULVAR No: 46 A SARIÇAM ADANA;03225037892;1;ADANA;;;;37.02049709;35.398519547;08:30-17:00;KAPALI;KAPALI;1;2026-09-21 08:29:53
3697;PTT_SUBE;8583;SAYDAM ŞUBESİ;ÇINARLI MAHALLESİ 61003 SOKAK No:3 C SEYHAN ADANA;00000000000;1;ADANA;;;;36.990933;35.322572;08:30-12:30 / 13:30-17:00;KAPALI;KAPALI;1;2026-09-21 08:29:53
3700;PTT_SUBE;2850;SAİMBEYLİ MÜDÜRLÜĞÜ;İSLAM MAHALLESİ ŞEHİT UFUK ÇINAR CADDE No: 10 SAİMBEYLİ ADANA;03227612001;1;ADANA;;;;37.98449;36.08978;08:30-17:00;KAPALI;KAPALI;1;2026-09-21 08:29:53
3696;PTT_SUBE;5224;SERİNEVLER  ŞUBESİ;SELAHATTİN EYYUBİ MAHALLESİ ŞEHİT J.ER.MUSTAFA GÖKSAL CADDE No: 62 YÜREĞİR ADANA;03223281767;1;ADANA;;;;37.008145;35.364352;08:30-12:30/13:30-17:00;KAPALI;KAPALI;1;2026-09-21 08:29:53
3695;PTT_SUBE;3983;SEYHAN POSTA KARGO DAĞITIM MÜDÜRLÜĞÜ;FEVZİPAŞA MAHALLESİ 48019 SOKAK No: 16 /1 SEYHAN ADANA;03222483940;1;ADANA;;;;36.996029;35.278117;08:30-17:30;08:30-17:30;KAPALI;1;2026-09-21 08:29:53
3694;PTT_SUBE;7251;SOFULU  ŞUBESİ;ŞAHİNTEPE MAHALLESİ KOZAN BULVAR No: 4 - SARIÇAM ADANA;03223415025;1;ADANA;;;;37.030098;35.406656;08:30-12:30/13:30-17:00;KAPALI;KAPALI;1;2026-09-21 08:29:53
3693;PTT_SUBE;7264;SOLAKLI  ŞUBESİ;SOLAKLI CUMHURİYET MAHALLESİ ATATÜRK_1 BULVAR No: 17 YÜREĞİR ADANA;03223732407;1;ADANA;;;;36.806429504;35.335594515;08:30-12:30/13:30-17:00;KAPALI;KAPALI;1;2026-09-21 08:29:53
3690;PTT_SUBE;2829;TEKİR YAYLASI ŞUBESİ;AKÇATEKİR MAHALLESİ TOROS CADDE No: 51 POZANTI ADANA;03225840023;1;ADANA;;;;37.384632464;34.842936671;08:30-12:30/13:30-17:00;KAPALI;KAPALI;1;2026-09-21 08:29:53
3689;PTT_SUBE;6948;TELLİDERE  ŞUBESİ;FATİH MAHALLESİ MÜCAHİTLER CADDE No: 253 C SEYHAN ADANA;03222621001;1;ADANA;;;;37.019806;35.295767;08:30-12:30/13:30-17:00;KAPALI;KAPALI;1;2026-09-21 08:29:53
3688;PTT_SUBE;2854;TUFANBEYLİ  MÜDÜRLÜĞÜ;CUMHURİYET MAHALLESİ BAŞAK SOKAK No: 4 A TUFANBEYLİ ADANA;03227818001;1;ADANA;;;;38.254938;36.217106;08:30-17:00;KAPALI;KAPALI;1;2026-09-21 08:29:53
3687;PTT_SUBE;2833;TUFANPAŞA  ŞUBESİ;TÜRKELİ MAHALLESİ SAİMBEYLİ CADDE No: 257 H KOZAN ADANA;03225157055;1;ADANA;;;;37.461069;35.824251;08:30-12:30/13:30-17:00;KAPALI;KAPALI;1;2026-09-21 08:29:53
3686;PTT_SUBE;6102;TÜRKMENBAŞI  MÜDÜRLÜĞÜ;GÜRSELPAŞA MAHALLESİ 75422 SOKAK No: 5 B SEYHAN ADANA;03225037867;1;ADANA;;;;37.021382;35.278076;08:30-17:00;KAPALI;KAPALI;1;2026-09-21 08:29:53
3685;PTT_SUBE;7703;YAMAÇLI  ŞUBESİ;BAHÇELİEVLER MAHALLESİ SÜLEYMAN VAHİT CADDE No: 330 YÜREĞİR ADANA;03223211221;1;ADANA;;;;36.974261256;35.35539226;08:30-12:30/13:30-17:00;KAPALI;KAPALI;1;2026-09-21 08:29:53
3684;PTT_SUBE;2836;YAVUZLAR  ŞUBESİ;AKINCILAR MAHALLESİ 3979 SOKAK No: 2 YÜREĞİR ADANA;03223217152;1;ADANA;;;;36.99952364;35.349933648;08:30-12:30/13:30-17:00;KAPALI;KAPALI;1;2026-09-21 08:29:53
3683;PTT_SUBE;6976;YENİDOĞAN  ŞUBESİ;YENİDOĞAN MAHALLESİ 2180 SOKAK No: 1 YÜREĞİR ADANA;03223461770;1;ADANA;;;;36.987888;35.382784;08:30-12:30/13:30-17:00;KAPALI;KAPALI;1;2026-09-21 08:29:53
3682;PTT_SUBE;6937;YEŞİLYURT  ŞUBESİ;YEŞİLYURT MAHALLESİ 70082 SOKAK No: 10 A SEYHAN ADANA;03222262221;1;ADANA;;;;37.020068;35.312695;08:30-12:30/13:30-17:00;KAPALI;KAPALI;1;2026-09-21 08:29:53
3681;PTT_SUBE;2851;YUMURTALIK MÜDÜRLÜĞÜ;AYAS MAHALLESİ HÜSEYİN BAYKARA CADDE No: 24 YUMURTALIK ADANA;03226712003;1;ADANA;;;;36.767048;35.789125;08:30-17:00;KAPALI;KAPALI;1;2026-09-21 08:29:53
3680;PTT_SUBE;2853;YÜREĞİR MÜDÜRLÜĞÜ;P.T.T MAHALLESİ KOZAN CADDE No: 551 YÜREĞİR ADANA;03223289403;1;ADANA;;;;37.014039981;35.381187949;08:30-17:00;KAPALI;KAPALI;1;2026-09-21 08:29:53
3679;PTT_SUBE;3985;YÜREĞİR POSTA KARGO DAĞITIM  MÜDÜRLÜĞÜ;ÖZGÜR MAHALLESİ GİRNE BULVAR No: 111 YÜREĞİR ADANA;03223240018;1;ADANA;;;;36.987804;35.35479;08:30-17:30;08:30-17:30;KAPALI;1;2026-09-21 08:29:53
3678;PTT_SUBE;2924;ZEYTİNBELİ ACENTELİĞİ;ZEYTİNBELİ MAHALLESİ ATATÜRK ZEYTİNBELİ CADDE No: 2 YUMURTALIK ADANA;05365633149;1;ADANA;;;;36.811098;35.74005;09:00-12:30/13:30-17:00;KAPALI;KAPALI;1;2026-09-21 08:29:53
3735;PTT_SUBE;2908;ÇATALÇAM ACENTELİĞİ;ÇATALÇAM MAHALLESİ SARILAR KÜME EVLER No: 89 A TUFANBEYLİ ADANA;03220000000;1;ADANA;;;;38.19894201;36.08032608;09:00-12:30/13:30-17:00;KAPALI;KAPALI;1;2026-09-21 08:29:53
3734;PTT_SUBE;2310;ÇUKUROVA MÜDÜRLÜĞÜ;TOROS MAHALLESİ BARIŞ MANÇO BULVAR No: 9 ÇUKUROVA ADANA;03222310707;1;ADANA;;;;37.046332;35.297733;08:30-17:00;KAPALI;KAPALI;1;2026-09-21 08:29:53
3733;PTT_SUBE;8512;ÇUKUROVA POSTA KARGO DAĞITIM MÜDÜRLÜĞÜ;BELEDİYE EVLERİ MAHALLESİ HİLMİ KÜRKLÜ BULVAR No: 32 ÇUKUROVA ADANA;0;1;ADANA;;;;37.033939;35.26712;08:00-21:00/-;08:00-21:00/-;08:00-21:00/-;1;2026-09-21 08:29:53
3732;PTT_SUBE;6967;ÇUKUROVA ÜNİVERSİTESİ  ŞUBESİ;BALCALI MAHALLESİ MİTHAT ÖZSAN BULVAR No: 85 /7 SARIÇAM ADANA;03223386006;1;ADANA;;;;37.05582;35.36188;08:30-12:30/13:30-17:00;KAPALI;KAPALI;1;2026-09-21 08:29:53
3716;PTT_SUBE;7060;İBO OSMAN  ŞUBESİ;SÜMER MAHALLESİ İBO OSMAN CADDE No: 86 A SEYHAN ADANA;03222272703;1;ADANA;;;;37.015426;35.314632;08:30-12:30/13:30-17:00;KAPALI;KAPALI;1;2026-09-21 08:29:53
3715;PTT_SUBE;2313;İMAMOĞLU MÜDÜRLÜĞÜ;CUMHURİYET MAHALLESİ ADNAN MENDERES CADDE No: 33 İMAMOĞLU ADANA;03228921001;1;ADANA;;;;37.259373;35.661183;08:30-17:00;KAPALI;KAPALI;1;2026-09-21 08:29:53
3714;PTT_SUBE;7726;İSTİNAF MAHKEMESİ  ŞUBESİ;KIŞLA MAHALLESİ EGE BAĞATUR BULVAR No: 250 - YÜREĞİR ADANA;03220000000;1;ADANA;;;;37.020287;35.338216;08:30-12:30/13:30-17:00;KAPALI;KAPALI;1;2026-09-21 08:29:53
3692;PTT_SUBE;2825;ŞEHİT ERKUT AKBAY  ŞUBESİ;ŞEHİT ERKUT AKBAY MAHALLESİ 2801 SOKAK No: 104 YÜREĞİR ADANA;03223293232;1;ADANA;;;;37.00079;35.37466;08:30-12:30/13:30-17:00;KAPALI;KAPALI;1;2026-09-21 08:29:53
3691;PTT_SUBE;2828;ŞEVKİYE  ŞUBESİ;VARSAKLAR MAHALLESİ TUFANBEYLİ BULVAR No: 31 B KOZAN ADANA;03225154586;1;ADANA;;;;37.44529;35.79236;08:30-12:30/13:30-17:00;KAPALI;KAPALI;1;2026-09-21 08:29:53
3778;PTT_SUBE;8556;ADIYAMAN DAĞITIM VE TOPLAMA  MÜDÜRLÜĞÜ;DUMLUPINAR MAHALLESİ KİRAZLAR SOKAK No: 2 BESNİ ADIYAMAN;05070000001;2;ADIYAMAN;;;;37.69387299;37.85397804;08:30-17:00;KAPALI;KAPALI;1;2026-09-21 08:29:54
3777;PTT_SUBE;3704;ADIYAMAN MÜDÜRLÜĞÜ;SÜMEREVLER MAHALLESİ ATATÜRK BULVAR No: 58 /1 MERKEZ ADIYAMAN;04162160570;2;ADIYAMAN;;;;37.755241;38.2516;08:30-12:30/13:30-17:00;KAPALI;KAPALI;1;2026-09-21 08:29:54
3776;PTT_SUBE;8190;ADLİYE  ŞUBESİ;MENDERES MAHALLESİ 15 TEMMUZ ŞEHİTLER VE GAZİLER CADDE No: 47 KAHTA ADIYAMAN;04160000000;2;ADIYAMAN;;;;37.782302;38.636451;08:30-12:30/13:30-17:00;KAPALI;KAPALI;1;2026-09-21 08:29:54
3775;PTT_SUBE;8219;ADLİYE ŞUBESİ;YAVUZ SELİM MAHALLESİ ATATÜRK BULVAR No: 201 MERKEZ ADIYAMAN;0;2;ADIYAMAN;;;;37.762582;38.269349;08:30-12:30/13:30-17:00;KAPALI;KAPALI;1;2026-09-21 08:29:54
3774;PTT_SUBE;8215;BESNİ MÜDÜRLÜĞÜ;PINARBAŞI MAHALLESİ PROF. MAHMUT ÖZBAY CADDE No: 15 A BESNİ ADIYAMAN;05519870901;2;ADIYAMAN;;;;37.690034145;37.854152067;08:30-12:30;KAPALI;KAPALI;1;2026-09-21 08:29:54
3772;PTT_SUBE;3560;GERGER  ŞUBESİ;MERKEZ MAHALLESİ M.YÜCEL ÖZBİLGİN CADDE No: 23 A GERGER ADIYAMAN;04164312465;2;ADIYAMAN;;;;38.029228135;39.034319817;08:30-12:30/13:30-17:00;KAPALI;KAPALI;1;2026-09-21 08:29:54
3771;PTT_SUBE;8179;GÖLBAŞI MÜDÜRLÜĞÜ;ASFALT MAHALLESİ 401 SOKAK No: 9 A GÖLBAŞI ADIYAMAN;04167816001;2;ADIYAMAN;;;;37.783409;37.641858;08:30-17:00;KAPALI;KAPALI;1;2026-09-21 08:29:54
3770;PTT_SUBE;8162;GÜMÜŞKAYA ACENTELİĞİ;GÜMÜŞKAYA KÖYÜ GÜMÜŞKAYA KÜME EVLER No: 51 MERKEZ ADIYAMAN;05412542026;2;ADIYAMAN;;;;37.42714701;38.17415196;08:30-12:30/13:30-17:00;KAPALI;KAPALI;1;2026-09-21 08:29:54
3769;PTT_SUBE;3551;KAHTA MÜDÜRLÜĞÜ;FIRAT MAHALLESİ İSTİKLAL CADDE No: 34 A KAHTA ADIYAMAN;04167255003;2;ADIYAMAN;;;;37.783242;38.621659;08:30-17:00;KAPALI;KAPALI;1;2026-09-21 08:29:54
3768;PTT_SUBE;7687;KESMETEPE ACENTELİĞİ;KESMETEPE BELDESİ/TURGUT ÖZAL MAHALLESİ KARABAYRAM CADDE No: 16 A BESNİ ADIYAMAN;05066229773;2;ADIYAMAN;;;;37.54652103;37.84157784;09:00-12:00/13:00-17:00;KAPALI;KAPALI;1;2026-09-21 08:29:54
3767;PTT_SUBE;8014;KUYULU ACENTELİĞİ;KUYULU KÖYÜ KUYULU KÜME EVLER No: 76 MERKEZ ADIYAMAN;05417639371;2;ADIYAMAN;;;;37.50619;38.22465;08:30-12:30/13:30-17:00;KAPALI;KAPALI;1;2026-09-21 08:29:54
3766;PTT_SUBE;6933;KÜÇÜK SANAYİ SİTESİ  ŞUBESİ;ALTINŞEHİR MAHALLESİ 3091 SOKAK No: 1 B MERKEZ ADIYAMAN;04162231350;2;ADIYAMAN;;;;37.73654;38.21702;08:30-12:30/13:30-17:00;KAPALI;KAPALI;1;2026-09-21 08:29:54
3765;PTT_SUBE;3556;MENZİL  ŞUBESİ;MENZİL KÖYÜ MENZİL KÜME EVLER No: 150 B KAHTA ADIYAMAN;04167458280;2;ADIYAMAN;;;;37.766868898;38.745155843;08:30-12:30/13:30-17:00;KAPALI;KAPALI;1;2026-09-21 08:29:54
3764;PTT_SUBE;4534;NARİNCE ACENTELİĞİ;NARİNCE KÖYÜ NARİNCE KÜME EVLER No: 313 C KAHTA ADIYAMAN;05384752818;2;ADIYAMAN;;;;37.878764;38.756797;08:30-12:30/13:30-17:00;KAPALI;KAPALI;1;2026-09-21 08:29:54
3763;PTT_SUBE;7863;SAMSAT  ŞUBESİ;KALE MAHALLESİ ZEYNEL ASLAN CADDE No: 2 SAMSAT ADIYAMAN;04162162001;2;ADIYAMAN;;;;37.57921917;38.476703243;08:30-12:30/13:30-17:00;KAPALI;KAPALI;1;2026-09-21 08:29:54
3761;PTT_SUBE;8291;SUVARLI ACENTE;SUVARLI BELDESİ/CUMHURİYET MAHALLESİ CUMHURİYET CADDE No: 41 BESNİ ADIYAMAN;05373391496;2;ADIYAMAN;;;;37.537691;37.633093;09:00-12:30/13:30-17:00;KAPALI;KAPALI;1;2026-09-21 08:29:54
3762;PTT_SUBE;3559;SİNCİK  ŞUBESİ;KARAMAN MAHALLESİ DÖNMEZ KÜME EVLER No: 4 A SİNCİK ADIYAMAN;04164212100;2;ADIYAMAN;;;;38.03254002;38.63179692;08:30-12:30/13:30-17:00;KAPALI;KAPALI;1;2026-09-21 08:29:54
3760;PTT_SUBE;8348;TUT ŞUBESİ;AYNİYE MAHALLESİ ÇINAR SOKAK No: 8 TUT ADIYAMAN;0;2;ADIYAMAN;;;;37.79433801;37.91568204;08:30-12:30/13:30-17:00;KAPALI;KAPALI;1;2026-09-21 08:29:54
3773;PTT_SUBE;8171;ÇELİKHAN  ŞUBESİ;ZAFER MAHALLESİ MEHMET AKIF ERSOY CADDE No: 66 ÇELİKHAN ADIYAMAN;04164512245;2;ADIYAMAN;;;;38.032846;38.238404;08:30-12:30/13:30-17:00;KAPALI;KAPALI;1;2026-09-21 08:29:54
3759;PTT_SUBE;7164;ÜÇGÖZ ACENTELİĞİ;ÜÇGÖZ KÖYÜ/CUMHURRİYET MEVKİİ CUMHURİYET KÜME EVLER No: 16 BESNİ ADIYAMAN;05366139262;2;ADIYAMAN;;;;37.538316179;37.631235264;09:00-12:00/13:00-17:00;KAPALI;KAPALI;1;2026-09-21 08:29:54
3852;PTT_SUBE;6313;2. KÜÇÜK SANAYİ  ŞUBESİ;VEYSEL KARANİ MAHALLESİ 1150 SOKAK No: 2 L MERKEZ AFYONKARAHİSAR;02722234718;3;AFYONKARAHİSAR;;;;38.7737;30.62465;08:30-12:30/13:30-17:00;KAPALI;KAPALI;1;2026-09-21 08:29:54
3851;PTT_SUBE;4674;ADLİYE SARAYI MÜDÜRLÜĞÜ;İSTİKLAL MAHALLESİ LALE SOKAK No: 34 A MERKEZ AFYONKARAHİSAR;02721612220;3;AFYONKARAHİSAR;;;;38.736766528;30.557942123;08:30-12:30/13:30-17:30;KAPALI;KAPALI;1;2026-09-21 08:29:54
3850;PTT_SUBE;4678;AFYONKARAHİSAR MÜDÜRLÜĞÜ;DUMLUPINAR MAHALLESİ MİLLİ EGEMENLİK CADDE No: 11 MERKEZ AFYONKARAHİSAR;02722132405;3;AFYONKARAHİSAR;;;;38.755738;30.539508;08:30-12:30/13:30-17:30;KAPALI;KAPALI;1;2026-09-21 08:29:54
3849;PTT_SUBE;7773;AFYONKARAHİSAR POSTA KARGO DAĞITIM MÜDÜRLÜĞÜ;YENİCE MAHALLESİ MAREŞAL FEVZİ ÇAKMAK BULVAR No: 51 MERKEZ AFYONKARAHİSAR;02722234311;3;AFYONKARAHİSAR;;;;38.762846;30.573752;08:30-17:00;08:30-17:00;KAPALI;1;2026-09-21 08:29:54
3848;PTT_SUBE;8216;AFYONKARAHİSAR POSTA KARGO İŞLEME MÜDÜRLÜĞÜ;YENİCE MAHALLESİ MAREŞAL FEVZİ ÇAKMAK BULVAR No: 51 MERKEZ AFYONKARAHİSAR;0;3;AFYONKARAHİSAR;;;;38.762819;30.573699;08:00-00:00/-;08:00-00:00/-;08:00-00:00/-;1;2026-09-21 08:29:54
3847;PTT_SUBE;4757;AHMETPAŞA ACENTELİĞİ;AHMETPAŞA BELDESİ/YUKARI MAHALLESİ CUMHURİYET CADDE No: 4 A SİNANPAŞA AFYONKARAHİSAR;02720000000;3;AFYONKARAHİSAR;;;;38.73022497;30.31046388;08:30-12:30/13:30-17:00;KAPALI;KAPALI;1;2026-09-21 08:29:54
3846;PTT_SUBE;4775;AKHARIM ACENTELİĞİ;AKHARIM BELDESİ/HİSAR MAHALLESİ BARAJ CADDE No: 5 SANDIKLI AFYONKARAHİSAR;05397372715;3;AFYONKARAHİSAR;;;;38.63534301;30.23979516;08:30-12:30/13:30-17:00;KAPALI;KAPALI;1;2026-09-21 08:29:54
3845;PTT_SUBE;7384;AKÖREN ACENTELİĞİ;AKÖREN BELDESİ/BAĞDAT MAHALLESİ AFYON CADDE No: 13 SİNANPAŞA AFYONKARAHİSAR;02723132245;3;AFYONKARAHİSAR;;;;38.79508797;30.38970888;08:30-12:30/13:30-17:00;KAPALI;KAPALI;1;2026-09-21 08:29:54
3844;PTT_SUBE;6314;AKÜ ANS KAMPÜS ŞUBESİ;BATTALGAZİ MAHALLESİ A.NECDET SEZER KAMPÜS KÜME EVLER No: 5 /1 MERKEZ AFYONKARAHİSAR;02722281375;3;AFYONKARAHİSAR;;;;38.81151;30.53613;08:30-12:30/13:30-17:00;KAPALI;KAPALI;1;2026-09-21 08:29:54
3843;PTT_SUBE;2387;ALANYURT ACENTELİĞİ;ALANYURT KÖYÜ/HÜRRİYET MEVKİİ PAZAR YERİ MEYDAN No: 12 B İSCEHİSAR AFYONKARAHİSAR;02723435187;3;AFYONKARAHİSAR;;;;38.99801403;30.74440284;08:30-12:30/13:30-17:00;KAPALI;KAPALI;1;2026-09-21 08:29:54
3842;PTT_SUBE;383;ANITPARK ŞUBESİ;KARAMAN MAHALLESİ CUMHURİYET MEYDAN No: 6 MERKEZ AFYONKARAHİSAR;02722142555;3;AFYONKARAHİSAR;;;;38.758349;30.538035;08:30-12:30/13:30-17:00;KAPALI;KAPALI;1;2026-09-21 08:29:54
3841;PTT_SUBE;4346;ATLIHİSAR ACENTELİĞİ;ATLIHİSAR KÖYÜ/HİSAR MEVKİİ CUMHURİYET SOKAK No: 15 ŞUHUT AFYONKARAHİSAR;02727285052;3;AFYONKARAHİSAR;;;;38.452204;30.582754;08:30-12:30/13:30-17:00;KAPALI;KAPALI;1;2026-09-21 08:29:54
3840;PTT_SUBE;4776;BALLIK ACENTELİĞİ;BALLIK KÖYÜ/CUMHURİYET MEVKİİ CUMHURİYET SOKAK No: 16 SANDIKLI AFYONKARAHİSAR;05442722076;3;AFYONKARAHİSAR;;;;38.29244004;30.23308296;08:30-12:30/13:30-17:00;KAPALI;KAPALI;1;2026-09-21 08:29:54
3838;PTT_SUBE;4681;BAYAT MÜDÜRLÜĞÜ;CUMHURİYET MAHALLESİ AFYONKARAHİSAR1 CADDE No: 4 BAYAT AFYONKARAHİSAR;02724912166;3;AFYONKARAHİSAR;;;;38.981333;30.924033;08:30-17:00/-;KAPALI;KAPALI;1;2026-09-21 08:29:54
3839;PTT_SUBE;8073;BAŞMAKÇI  ŞUBESİ;YENİ MAHALLESİ İLKOKUL CADDE No: 12 BAŞMAKÇI AFYONKARAHİSAR;02724112166;3;AFYONKARAHİSAR;;;;37.897737;30.00958;08:30-12:30/13:30-17:00;KAPALI;KAPALI;1;2026-09-21 08:29:54
3837;PTT_SUBE;4294;BOLVADİN MÜDÜRLÜĞÜ;LALA SİNAN PAŞA MAHALLESİ BURÇAK SOKAK No: 42 BOLVADİN AFYONKARAHİSAR;02726126161;3;AFYONKARAHİSAR;;;;38.71387404;31.04280288;08:30-17:00;KAPALI;KAPALI;1;2026-09-21 08:29:54
3836;PTT_SUBE;389;CUMHURİYET  ŞUBESİ;CUMHURİYET MAHALLESİ BEKİR GÜMÜŞ CADDE No: 4 B MERKEZ AFYONKARAHİSAR;02722131532;3;AFYONKARAHİSAR;;;;38.75328;30.552421;08:30-12:30/13:30-17:00;KAPALI;KAPALI;1;2026-09-21 08:29:54
3831;PTT_SUBE;2423;DAVULGA ACENTELİĞİ;DAVULGA BELDESİ/DOMURLU MAHALLESİ ZÜBEYDE HANIM CADDE No: 4 EMİRDAĞ AFYONKARAHİSAR;02724532303;3;AFYONKARAHİSAR;;;;38.97899703;31.37185008;08:30-12:30/13:30-17:00;KAPALI;KAPALI;1;2026-09-21 08:29:54
3830;PTT_SUBE;1275;DAZKIRI MÜDÜRLÜĞÜ;YENİYOL MAHALLESİ LÜTFÜ SÖNMEZ CADDE No: 16 DAZKIRI AFYONKARAHİSAR;02724213111;3;AFYONKARAHİSAR;;;;37.918643233;29.861083288;08:30-12:30/13:30-17:00;KAPALI;KAPALI;1;2026-09-21 08:29:54
3829;PTT_SUBE;6327;DEĞİRMENAYVALI ACENTELİĞİ;DEĞİRMENAYVALI BELDESİ/KURTULUŞ MAHALLESİ FEVZİ ÇAKMAK CADDE No: 1 MERKEZ AFYONKARAHİSAR;02722457289;3;AFYONKARAHİSAR;;;;38.67491799;30.530349;08:30-12:30/13:30-17:00;KAPALI;KAPALI;1;2026-09-21 08:29:54
3826;PTT_SUBE;4749;DÖĞER  ŞUBESİ;DÖĞER BELDESİ/KERVANSARAY MAHALLESİ KERVANSARAY BULVAR No: 4 İHSANİYE AFYONKARAHİSAR;02722772420;3;AFYONKARAHİSAR;;;;39.12615;30.39107184;08:30-12:30/13:30-17:00;KAPALI;KAPALI;1;2026-09-21 08:29:54
3825;PTT_SUBE;4761;DÜZAĞAÇ ACENTELİĞİ;DÜZAĞAÇ BELDESİ/FATİH MAHALLESİ BARBAROS BULVAR No: 11 SİNANPAŞA AFYONKARAHİSAR;02720000000;3;AFYONKARAHİSAR;;;;38.79652797;30.17236896;08:30-12:30/13:30-17:00;KAPALI;KAPALI;1;2026-09-21 08:29:54
3828;PTT_SUBE;4610;DİNAR MÜDÜRLÜĞÜ;ADLİYE MAHALLESİ ŞAİR NEDRET GÜRCAN CADDE No: 3 DİNAR AFYONKARAHİSAR;02723536166;3;AFYONKARAHİSAR;;;;38.066323;30.166502;08:30-17:00;KAPALI;KAPALI;1;2026-09-21 08:29:54
3827;PTT_SUBE;4315;DİŞLİKÖY ACENTELİĞİ;DİŞLİ BELDESİ/ŞEYH ŞAMİL MAHALLESİ ALPARSLAN TÜRKEŞ BULVAR No: 20 B BOLVADİN AFYONKARAHİSAR;05448733440;3;AFYONKARAHİSAR;;;;38.79141903;31.034934;08:30-12:30/13:30-17:00;KAPALI;KAPALI;1;2026-09-21 08:29:54
3824;PTT_SUBE;2396;EMİRDAĞ MÜDÜRLÜĞÜ;YENİ MAHALLESİ ESKİŞEHİR CADDE No: 46 EMİRDAĞ AFYONKARAHİSAR;02724425166;3;AFYONKARAHİSAR;;;;39.021137;31.151821;08:30-17:00;KAPALI;KAPALI;1;2026-09-21 08:29:54
3823;PTT_SUBE;6328;ERKMEN ACENTELİĞİ;ERKMEN BELDESİ/FEVZİ ÇAKMAK MAHALLESİ MENDERES CADDE No: 2 MERKEZ AFYONKARAHİSAR;02722462430;3;AFYONKARAHİSAR;;;;38.759844;30.483333;08:30-12:30/13:30-17:00;KAPALI;KAPALI;1;2026-09-21 08:29:54
3822;PTT_SUBE;7981;EVCİLER  ŞUBESİ;YUNUS EMRE MAHALLESİ İSTASYON CADDE No: 9 EVCİLER AFYONKARAHİSAR;02724312166;3;AFYONKARAHİSAR;;;;38.040591;29.887781;08:30-12:30/13:30-17:00;KAPALI;KAPALI;1;2026-09-21 08:29:54
3821;PTT_SUBE;6329;FETHİBEY ACENTELİĞİ;FETHİBEY BELDESİ/FATİH MAHALLESİ GÖKTÜRK CADDE No: 3 MERKEZ AFYONKARAHİSAR;02722442035;3;AFYONKARAHİSAR;;;;38.85559299;30.50004708;08:30-12:30/13:30-17:00;KAPALI;KAPALI;1;2026-09-21 08:29:54
3820;PTT_SUBE;7732;GAZİ  ŞUBESİ;GAZİ MAHALLESİ ŞEHİT NURULLAH OYMAK CADDE No: 1 /3B MERKEZ AFYONKARAHİSAR;0;3;AFYONKARAHİSAR;;;;38.733123;30.564222;08:30-12:30/13:30-17:00;KAPALI;KAPALI;1;2026-09-21 08:29:54
3819;PTT_SUBE;6330;GEBECELER ACENTELİĞİ;GEBECELER BELDESİ/FATİH MAHALLESİ H. İBRAHİM ÖZSOY BULVAR No: 3 MERKEZ AFYONKARAHİSAR;02722472061;3;AFYONKARAHİSAR;;;;38.772783;30.743991;08:30-12:30/13:30-17:00;KAPALI;KAPALI;1;2026-09-21 08:29:54
3818;PTT_SUBE;2427;GÖMÜ ACENTELİĞİ;GÖMÜ BELDESİ/DÖRTYOL MAHALLESİ İZMİR BULVAR No: 4 EMİRDAĞ AFYONKARAHİSAR;02724548202;3;AFYONKARAHİSAR;;;;39.055232;31.077252;08:30-12:30/13:30-17:00;KAPALI;KAPALI;1;2026-09-21 08:29:54
3817;PTT_SUBE;4763;GÜNEY ACENTELİĞİ;GÜNEY BELDESİ/ORTA MAHALLESİ KEMALPAŞA CADDE No: 7 A SİNANPAŞA AFYONKARAHİSAR;02723155027;3;AFYONKARAHİSAR;;;;38.79842904;30.07780416;08:30-12:30/13:30-17:00;KAPALI;KAPALI;1;2026-09-21 08:29:54
3816;PTT_SUBE;8342;HAYDARLI ACENTELİĞİ;HAYDARLI BELDESİ/MERKEZ MAHALLESİ CAMİ CADDE No: 5 DİNAR AFYONKARAHİSAR;0;3;AFYONKARAHİSAR;;;;38.26063503;30.38473008;08:30-12:30/13:30-17:00;KAPALI;KAPALI;1;2026-09-21 08:29:54
3815;PTT_SUBE;8074;HOCALAR  ŞUBESİ;ŞAFAK MAHALLESİ CUMHURİYET CADDE No: 52 HOCALAR AFYONKARAHİSAR;02725512166;3;AFYONKARAHİSAR;;;;38.57855;29.967654;08:30-12:30/13:30-17:00;KAPALI;KAPALI;1;2026-09-21 08:29:54
3814;PTT_SUBE;6319;IŞIKLAR  ŞUBESİ;IŞIKLAR BELDESİ/CUMHURİYET MAHALLESİ İNÖNÜ CADDE No: 36 B MERKEZ AFYONKARAHİSAR;02722483421;3;AFYONKARAHİSAR;;;;38.670372013;30.741940969;08:30-12:30/13:30-17:00;KAPALI;KAPALI;1;2026-09-21 08:29:54
3811;PTT_SUBE;4722;KARAADİLLİ  ŞUBESİ;KARAADİLLİ BELDESİ/ZAFER MAHALLESİ CUMHURİYET PARKI KÜME KÜME EVLER No: 1 B ŞUHUT AFYONKARAHİSAR;02727487230;3;AFYONKARAHİSAR;;;;38.30774796;30.628674;08:30-12:30/13:30-17:00;KAPALI;KAPALI;1;2026-09-21 08:29:54
3810;PTT_SUBE;482;KARACAÖREN  ŞUBESİ;KARAMIKKARACAÖREN BELDESİ/BAĞLAR MAHALLESİ FATİH CADDE No: 7 ÇAY AFYONKARAHİSAR;02726396421;3;AFYONKARAHİSAR;;;;38.55472398;30.91778388;08:30-12:30/13:30-17:00;KAPALI;KAPALI;1;2026-09-21 08:29:54
3809;PTT_SUBE;4741;KAYIHAN ACENTELİĞİ;KAYIHAN BELDESİ/TÜRBE MAHALLESİ FATİH CADDE No: 2 İHSANİYE AFYONKARAHİSAR;05433766257;3;AFYONKARAHİSAR;;;;38.99938896;30.52184292;08:30-12:30/13:30-17:00;KAPALI;KAPALI;1;2026-09-21 08:29:54
3808;PTT_SUBE;4765;KILINÇARSLAN ACENTELİĞİ;KILIÇARSLAN BELDESİ/KOCATEPE MAHALLESİ ZAFER CADDE No: 1 SİNANPAŞA AFYONKARAHİSAR;02723146200;3;AFYONKARAHİSAR;;;;38.73108798;30.34583712;08:30-12:30/13:30-17:00;KAPALI;KAPALI;1;2026-09-21 08:29:54
3807;PTT_SUBE;4769;KIRKA ACENTELİĞİ;KIRKA BELDESİ/FATİH MAHALLESİ CUMHURİYET MEYDANI MEYDAN No: 17 SİNANPAŞA AFYONKARAHİSAR;02723281073;3;AFYONKARAHİSAR;;;;38.725971;30.23343;08:30-12:30/13:30-17:00;KAPALI;KAPALI;1;2026-09-21 08:29:54
3806;PTT_SUBE;377;KIZILÖREN  ŞUBESİ;CUMHURİYET MAHALLESİ CENGİZ TOPEL CADDE No: 24 KIZILÖREN AFYONKARAHİSAR;02725717166;3;AFYONKARAHİSAR;;;;38.259117;30.1518;08:30-12:30/13:30-17:00;KAPALI;KAPALI;1;2026-09-21 08:29:54
3805;PTT_SUBE;6836;KOCATEPE ACENTELİĞİ;KOCATEPE BELDESİ/KOCATEPE MAHALLESİ CUMHURİYET CADDESI CADDE No: 45 MERKEZ AFYONKARAHİSAR;02722432001;3;AFYONKARAHİSAR;;;;38.68978203;30.50002296;09:00-12:00/13:00-17:00;KAPALI;KAPALI;1;2026-09-21 08:29:54
3804;PTT_SUBE;4771;KÜÇÜKHÜYÜK ACENTELİĞİ;KÜÇÜKHÜYÜK BELDESİ/ZAFER MAHALLESİ SÜLEYMAN CEYHAN BULVAR No: 2 SİNANPAŞA AFYONKARAHİSAR;02723164006;3;AFYONKARAHİSAR;;;;38.763261;30.29816592;08:30-12:30/13:30-17:00;KAPALI;KAPALI;1;2026-09-21 08:29:54
3803;PTT_SUBE;4772;NUH ACENTELİĞİ;NUH KÖYÜ/CUMHURİYET MEVKİİ CUMHURİYET SOKAK No: 9 SİNANPAŞA AFYONKARAHİSAR;02723176009;3;AFYONKARAHİSAR;;;;38.59497;30.33202392;08:30-12:30/13:30-17:00;KAPALI;KAPALI;1;2026-09-21 08:29:54
3802;PTT_SUBE;6331;NURİBEY ACENTELİĞİ;NURİBEY BELDESİ/FATİH MAHALLESİ ADNAN MENDERES CADDE No: 10 MERKEZ AFYONKARAHİSAR;02722494025;3;AFYONKARAHİSAR;;;;38.67572097;30.61945296;08:30-12:30/13:30-17:00;KAPALI;KAPALI;1;2026-09-21 08:29:54
3801;PTT_SUBE;6317;ORGANİZE SANAYİ  ŞUBESİ;AFYONKARAHİSAR OSB MAHALLESİ 1. CADDE No: 2 /2 MERKEZ AFYONKARAHİSAR;02725020345;3;AFYONKARAHİSAR;;;;38.786406;30.564718;08:30-12:30/13:30-17:00;KAPALI;KAPALI;1;2026-09-21 08:29:54
3799;PTT_SUBE;4153;PAZARAĞAÇ ACENTELİĞİ;PAZARAĞAÇ BELDESİ/ORTA MAHALLESİ CUMHURİYET MEYDAN No: 13 ÇAY AFYONKARAHİSAR;05444487720;3;AFYONKARAHİSAR;;;;38.57421699;30.928221;08:30-12:30/13:30-17:00;KAPALI;KAPALI;1;2026-09-21 08:29:54
3798;PTT_SUBE;6220;SAHİPATA  MÜDÜRLÜĞÜ;YENİCE MAHALLESİ MAREŞAL FEVZİ ÇAKMAK BULVAR No: 51 MERKEZ AFYONKARAHİSAR;02722234365;3;AFYONKARAHİSAR;;;;38.762846;30.573752;08:30-17:00;KAPALI;KAPALI;1;2026-09-21 08:29:54
3797;PTT_SUBE;7381;SALAR ACENTELİĞİ;SALAR BELDESİ/BARBAROS MAHALLESİ YILDIRIM BEYAZIT SOKAK No: 1 MERKEZ AFYONKARAHİSAR;05358609169;3;AFYONKARAHİSAR;;;;38.68551504;30.58595208;08:30-12:30/13:30-17:00;KAPALI;KAPALI;1;2026-09-21 08:29:54
3796;PTT_SUBE;4580;SANDIKLI MÜDÜRLÜĞÜ;ECE MAHALLESİ KONAK SOKAK No: 8 SANDIKLI AFYONKARAHİSAR;02725125156;3;AFYONKARAHİSAR;;;;38.464195;30.272885;08:30-17:00;KAPALI;KAPALI;1;2026-09-21 08:29:54
3795;PTT_SUBE;6318;SELÇUKLU  ŞUBESİ;SELÇUKLU MAHALLESİ 1502 SOKAK No: 2 B MERKEZ AFYONKARAHİSAR;02725022473;3;AFYONKARAHİSAR;;;;38.778554711;30.506003618;08:30-12:30/13:30-17:00;KAPALI;KAPALI;1;2026-09-21 08:29:54
3794;PTT_SUBE;4773;SERBAN ACENTELİĞİ;SERBAN BELDESİ/CUMHURİYET MAHALLESİ KARAPINAR CADDE No: 5 SİNANPAŞA AFYONKARAHİSAR;02723184207;3;AFYONKARAHİSAR;;;;38.646351;30.34740492;08:30-12:30/13:30-17:00;KAPALI;KAPALI;1;2026-09-21 08:29:54
3793;PTT_SUBE;7461;SEYDİLER ACENTELİĞİ;SEYDİLER BELDESİ/HASAN BASRİ MAHALLESİ AFYON CADDE No: 11 İSCEHİSAR AFYONKARAHİSAR;02723467200;3;AFYONKARAHİSAR;;;;38.88789597;30.82765716;08:30-12:30/13:30-17:30;KAPALI;KAPALI;1;2026-09-21 08:29:54
3791;PTT_SUBE;6148;SULTANDAĞI MÜDÜRLÜĞÜ;KAYRAN MAHALLESİ LİSE SOKAK No: 4 SULTANDAĞI AFYONKARAHİSAR;02726561166;3;AFYONKARAHİSAR;;;;38.530796;31.229962;08:30-17:00;KAPALI;KAPALI;1;2026-09-21 08:29:54
3790;PTT_SUBE;7382;SUSUZ ACENTELİĞİ;SUSUZ BELDESİ/SELÇUKLU MAHALLESİ 2.MECİDİYE CADDE No: 2 MERKEZ AFYONKARAHİSAR;05071328085;3;AFYONKARAHİSAR;;;;38.80665297;30.61112796;08:30-12:30/13:30-17:00;KAPALI;KAPALI;1;2026-09-21 08:29:54
3789;PTT_SUBE;6320;SÜLÜMENLİ  ŞUBESİ;SÜLÜMENLİ BELDESİ/ULUCAMİ MAHALLESİ İNBEŞİK CADDE No: 2 MERKEZ AFYONKARAHİSAR;02722555421;3;AFYONKARAHİSAR;;;;38.72043898;30.727513732;08:30-12:30/13:30-17:00;KAPALI;KAPALI;1;2026-09-21 08:29:54
3788;PTT_SUBE;6332;SÜLÜN ACENTELİĞİ;SÜLÜN BELDESİ/HİSAR MAHALLESİ KURTULUŞ CADDE No: 1 MERKEZ AFYONKARAHİSAR;02722241425;3;AFYONKARAHİSAR;;;;38.69755497;30.57077196;08:30-12:30/13:30-17:00;KAPALI;KAPALI;1;2026-09-21 08:29:54
3792;PTT_SUBE;621;SİNANPAŞA MÜDÜRLÜĞÜ;ÖĞRETMENLER MAHALLESİ CUMHURİYET CADDE No: 8 SİNANPAŞA AFYONKARAHİSAR;02723117166;3;AFYONKARAHİSAR;;;;38.747537;30.246513;08:30-12:30/13:30-17:00;KAPALI;KAPALI;1;2026-09-21 08:29:54
3785;PTT_SUBE;8343;TATARLI ACENTELİĞİ;TATARLI BELDESİ/YEŞİLYURT MAHALLESİ CUMHURİYET MEYDANI MEYDAN No: 5 DİNAR AFYONKARAHİSAR;0;3;AFYONKARAHİSAR;;;;38.24165196;30.49517916;08:30-12:30/13:30-17:00;KAPALI;KAPALI;1;2026-09-21 08:29:54
3786;PTT_SUBE;4751;TAŞOLUK  ŞUBESİ;TAŞOLUK BELDESİ/ÇINARLI MAHALLESİ CUMHURİYET MEYDAN No: 24 D SİNANPAŞA AFYONKARAHİSAR;02723193221;3;AFYONKARAHİSAR;;;;38.59770501;30.35398896;08:30-12:30/13:30-17:00;KAPALI;KAPALI;1;2026-09-21 08:29:54
3784;PTT_SUBE;4752;TINAZTEPE  ŞUBESİ;TINAZTEPE BELDESİ/SARAY MAHALLESİ MİLLİ EGEMENLİK CADDE No: 2 SİNANPAŞA AFYONKARAHİSAR;02723222231;3;AFYONKARAHİSAR;;;;38.72909196;30.37905108;08:30-12:30/13:30-17:00;KAPALI;KAPALI;1;2026-09-21 08:29:54
3783;PTT_SUBE;4774;TOKUŞLAR ACENTELİĞİ;TOKUŞLAR KÖYÜ/CUMHURİYET MEVKİİ KARA MEHMET SOKAK No: 20 SİNANPAŞA AFYONKARAHİSAR;02723212284;3;AFYONKARAHİSAR;;;;38.75668002;30.16616508;08:30-12:30/13:30-17:00;KAPALI;KAPALI;1;2026-09-21 08:29:54
3782;PTT_SUBE;1854;YAKASENEK ACENTELİĞİ;YAKASİNEK KÖYÜ/ORTA MEVKİİ BELEDİYE SOKAK No:8 SULTANDAĞI AFYONKARAHİSAR;05355585416;3;AFYONKARAHİSAR;;;;38.55161898;31.17144384;KAPALI;KAPALI;KAPALI;1;2026-09-21 08:29:54
3781;PTT_SUBE;4745;YAYLABAĞI ACENTELİĞİ;YAYLABAĞI BELDESİ/BAHÇELİEVLER MAHALLESİ HACIMAT CADDE No: 3 İHSANİYE AFYONKARAHİSAR;05071421203;3;AFYONKARAHİSAR;;;;38.975265;30.53525184;08:30-12:30/13:30-17:00;KAPALI;KAPALI;1;2026-09-21 08:29:54
3780;PTT_SUBE;1862;YEŞİLÇİFTLİK ACENTELİĞİ;YEŞİLÇİFTLİK BELDESİ/YUKARI MAHALLESİ CUMHURİYET MEYDAN No: 20 SULTANDAĞI AFYONKARAHİSAR;02726561361;3;AFYONKARAHİSAR;;;;38.54483496;31.22262108;08:30-12:30/13:30-17:00;KAPALI;KAPALI;1;2026-09-21 08:29:54
3779;PTT_SUBE;7383;YIPRAK ACENTELİĞİ;YIPRAK KÖYÜ/BAHÇELİEVLER MEVKİİ ALİ EFE SOKAK No: 9 DİNAR AFYONKARAHİSAR;05536545313;3;AFYONKARAHİSAR;;;;38.33229699;30.46412916;08:30-12:30/13:30-17:00;KAPALI;KAPALI;1;2026-09-21 08:29:54
3835;PTT_SUBE;4683;ÇAY MÜDÜRLÜĞÜ;ŞİRİNEVLER MAHALLESİ İNÖNÜ CADDE No: 124 ÇAY AFYONKARAHİSAR;02726324166;3;AFYONKARAHİSAR;;;;38.593046;31.021805;08:30-17:00/-;KAPALI;KAPALI;1;2026-09-21 08:29:54
3834;PTT_SUBE;8173;ÇAYIRBAĞ ACENTELİĞİ;ÇAYIRBAĞ BELDESİ/FATİH MAHALLESİ KARAHİSAR CADDE No: 76 D MERKEZ AFYONKARAHİSAR;02722442229;3;AFYONKARAHİSAR;;;;38.849777;30.530734;08:30-12:30/13:30-17:00;KAPALI;KAPALI;1;2026-09-21 08:29:54
3833;PTT_SUBE;8189;ÇIKRIK ACENTELİĞİ;ÇIKRIK BELDESİ/YUNUSLAR MAHALLESİ ATATÜRK CADDE No: 11 A MERKEZ AFYONKARAHİSAR;05368140845;3;AFYONKARAHİSAR;;;;38.87259696;30.60781704;08:30-12:30/13:30-17:00;KAPALI;KAPALI;1;2026-09-21 08:29:54
3832;PTT_SUBE;4689;ÇOBANLAR MÜDÜRLÜĞÜ;IŞIK MAHALLESİ İSTASYON CADDE No: 1 ÇOBANLAR AFYONKARAHİSAR;02722612166;3;AFYONKARAHİSAR;;;;38.700072;30.781032;08:30-17:00/-;KAPALI;KAPALI;1;2026-09-21 08:29:54
3800;PTT_SUBE;4328;ÖZBURUN ACENTELİĞİ;ÖZBURUN BELDESİ/ULUCAMİ MAHALLESİ CUMHURİYET MEYDAN No: 7 E BOLVADİN AFYONKARAHİSAR;05456865992;3;AFYONKARAHİSAR;;;;38.82822498;31.00192704;08:30-12:30/13:30-17:00;KAPALI;KAPALI;1;2026-09-21 08:29:54
3813;PTT_SUBE;4716;İHSANİYE MÜDÜRLÜĞÜ;HÜRRİYET MAHALLESİ ATATÜRK CADDE No: 8 A İHSANİYE AFYONKARAHİSAR;02722715166;3;AFYONKARAHİSAR;;;;39.031608967;30.416660089;08:30-17:00;KAPALI;KAPALI;1;2026-09-21 08:29:54
3812;PTT_SUBE;2346;İSCEHİSAR MÜDÜRLÜĞÜ;FATİH MAHALLESİ AFYON CADDE No: 1 İSCEHİSAR AFYONKARAHİSAR;02723412166;3;AFYONKARAHİSAR;;;;38.861354;30.749913;08:30-17:00;KAPALI;KAPALI;1;2026-09-21 08:29:54
3787;PTT_SUBE;4720;ŞUHUT MÜDÜRLÜĞÜ;KURTULUŞ MAHALLESİ CUMHURİYET CADDE No: 19 ŞUHUT AFYONKARAHİSAR;02727181166;3;AFYONKARAHİSAR;;;;38.53314;30.54525;08:30-17:00;KAPALI;KAPALI;1;2026-09-21 08:29:54
3890;PTT_SUBE;3915;ADLİYE SARAYI  ŞUBESİ;TAŞPAZAR MAHALLESİ 32 / EBULFEYZ ELÇİBEY CADDE No: 28 A MERKEZ AKSARAY;03822158048;68;AKSARAY;;;;38.367961767;34.017656915;08:30-12:30/13:30-17:00;KAPALI;KAPALI;1;2026-09-21 08:29:55
3888;PTT_SUBE;8111;AKSARAY DAĞITIM VE TOPLAMA  MÜDÜRLÜĞÜ;COĞLAKİ MAHALLESİ 1209 / ERVAH SOKAK No: 11 A MERKEZ AKSARAY;03822133201;68;AKSARAY;;;;38.372309;34.040219;08:00-12:30/13:30-17:30;08:00-12:30/13:30-17:30;KAPALI;1;2026-09-21 08:29:55
3887;PTT_SUBE;3964;AKSARAY PTT MÜDÜRLÜĞÜ;COĞLAKİ MAHALLESİ 1209 / ERVAH SOKAK No:11 A MERKEZ AKSARAY;03822124666;68;AKSARAY;;;;38.372323;34.040118;08:30-17:00 / 13:30-17:00;KAPALI;KAPALI;1;2026-09-21 08:29:55
3889;PTT_SUBE;3971;AĞAÇÖREN MÜDÜRLÜĞÜ;ZAFER MAHALLESİ POSTANE CADDE No: 1 AĞAÇÖREN AKSARAY;03823312410;68;AKSARAY;;;;38.870225444;33.914265954;08:30-17:00;KAPALI;KAPALI;1;2026-09-21 08:29:55
3886;PTT_SUBE;4964;BAĞLIKAYA ACENTELİĞİ;BAĞLIKAYA BELDESİ/BOĞAZİÇİ MAHALLESİ KARANFİL- KÜME EVLER No: 5 - MERKEZ AKSARAY;03822317003;68;AKSARAY;;;;38.50124499;33.946857;08:30-12:30/13:30-17:00;KAPALI;KAPALI;1;2026-09-21 08:29:55
3885;PTT_SUBE;4969;DEMİRCİ ACENTELİĞİ;DEMİRCİ BELDESİ/YENİPAZAR MAHALLESİ TARIM SOKAK No: 9 GÜLAĞAÇ AKSARAY;03824362629;68;AKSARAY;;;;38.377238;34.287941;08:30-12:30/13:30-17:00;KAPALI;KAPALI;1;2026-09-21 08:29:55
3884;PTT_SUBE;144;ESKİL MÜDÜRLÜĞÜ;MERKEZ MAHALLESİ ŞEHİT VELİ BATUR CADDE No: 11 ESKİL AKSARAY;03824114498;68;AKSARAY;;;;38.403128901;33.412745487;08:30-17:00;KAPALI;KAPALI;1;2026-09-21 08:29:55
3883;PTT_SUBE;3956;FATİH  ŞUBESİ;FATİH MAHALLESİ 4154 SOKAK No: 1 MERKEZ AKSARAY;03822135030;68;AKSARAY;;;;38.356139165;34.032147713;08:30-12:30/13:30-17:00;KAPALI;KAPALI;1;2026-09-21 08:29:55
3882;PTT_SUBE;3828;GÜLAĞAÇ MÜDÜRLÜĞÜ;MEYDAN MAHALLESİ CUMHURİYET CADDE No: 27 GÜLAĞAÇ AKSARAY;03824312660;68;AKSARAY;;;;38.393091;34.34703084;08:30-17:00;KAPALI;KAPALI;1;2026-09-21 08:29:55
3881;PTT_SUBE;5122;GÜLPINAR  ŞUBESİ;GÜLPINAR BELDESİ/TUZLA MAHALLESİ BELEDİYE SOKAK No: 5 GÜLAĞAÇ AKSARAY;03824342400;68;AKSARAY;;;;38.419601;34.364039;08:30-12:30/13:30-17:00;KAPALI;KAPALI;1;2026-09-21 08:29:55
3880;PTT_SUBE;5172;GÜZELYURT MÜDÜRLÜĞÜ;YUKARI MAHALLESİ AKSARAY CADDE No: 14 GÜZELYURT AKSARAY;03824512096;68;AKSARAY;;;;38.27793;34.37133;08:30-17:00;KAPALI;KAPALI;1;2026-09-21 08:29:55
3879;PTT_SUBE;4972;HELVADERE ACENTELİĞİ;HELVADERE BELDESİ/CUMHURİYET MAHALLESİ BELEDİYE MEYDAN No: 2 A MERKEZ AKSARAY;03822538045;68;AKSARAY;;;;38.191773;34.203392;08:30-12:30/13:30-17:00;KAPALI;KAPALI;1;2026-09-21 08:29:55
3878;PTT_SUBE;5098;IHLARA ACENTELİĞİ;IHLARA BELDESİ/KAYAARDI MAHALLESİ CUMHURİYET CADDE No: 5 GÜZELYURT AKSARAY;03822135030;68;AKSARAY;;;;38.239924;34.307029;08:30-12:30/13:30-17:00;KAPALI;KAPALI;1;2026-09-21 08:29:55
3876;PTT_SUBE;5090;ORTAKÖY MÜDÜRLÜĞÜ;ZAFER MAHALLESİ KIRŞEHİR CADDE No: 9 ORTAKÖY AKSARAY;03823518912;68;AKSARAY;;;;38.743237;34.047262;08:30-17:00;KAPALI;KAPALI;1;2026-09-21 08:29:55
3875;PTT_SUBE;3889;PINAR  ŞUBESİ;PINAR MAHALLESİ 9 / SELÇUK BULVAR No: 146 MERKEZ AKSARAY;03822135030;68;AKSARAY;;;;38.363674732;34.035639682;08:30-12:30/13:30-17:00;KAPALI;KAPALI;1;2026-09-21 08:29:55
3874;PTT_SUBE;4963;SANAYİ  ŞUBESİ;BÜYÜK BÖLCEK MAHALLESİ 2 / KAPADOKYA BULVAR No: 56 A MERKEZ AKSARAY;03822135030;68;AKSARAY;;;;38.374931;34.001913;08:30-12:30/13:30-17:00;KAPALI;KAPALI;1;2026-09-21 08:29:55
3873;PTT_SUBE;4986;SARATLI ACENTELİĞİ;SARATLI BELDESİ/MEYDAN MAHALLESİ ATATÜRK BULVAR No: 115 GÜLAĞAÇ AKSARAY;03822135030;68;AKSARAY;;;;38.44958;34.236036;08:30-12:30/13:30-17:00;KAPALI;KAPALI;1;2026-09-21 08:29:55
3872;PTT_SUBE;3852;SARIYAHŞİ MÜDÜRLÜĞÜ;ŞAFAKTEPE MAHALLESİ CUMHURİYET BULVAR No: 58 SARIYAHŞİ AKSARAY;03823112490;68;AKSARAY;;;;38.98152;33.84339;08:30-17:30;KAPALI;KAPALI;1;2026-09-21 08:29:55
3871;PTT_SUBE;4967;SULTANHANI  ŞUBESİ;İSTİKAMET MAHALLESİ PTT SOKAK No: 5 SULTANHANI AKSARAY;03822422400;68;AKSARAY;;;;38.247530987;33.547267087;08:30-12:30/13:30-17:00;KAPALI;KAPALI;1;2026-09-21 08:29:55
3870;PTT_SUBE;4994;TAŞPINAR ACENTELİĞİ;TAŞPINAR BELDESİ/YAVUZ SELİM MAHALLESİ 3. YAVUZ SELİM KÜME EVLER No: 1 /1 MERKEZ AKSARAY;03822443129;68;AKSARAY;;;;38.163563;34.027657;08:30-12:30/13:30-17:00;KAPALI;KAPALI;1;2026-09-21 08:29:55
3869;PTT_SUBE;4996;TOPAKKAYA ACENTELİĞİ;TOPAKKAYA BELDESİ/YEŞİLÇAM MAHALLESİ FATİH CADDE No: 1 MERKEZ AKSARAY;03822296666;68;AKSARAY;;;;38.453306;33.926969;08:30-12:30/13:30-17:00;KAPALI;KAPALI;1;2026-09-21 08:29:55
3868;PTT_SUBE;4999;YENİKENT ACENTELİĞİ;YENİKENT BELDESİ/GAZİ MAHALLESİ BELEDİYE ÇARŞI CADDE No: 3 - MERKEZ AKSARAY;03822362064;68;AKSARAY;;;;38.343746303;33.750438709;08:30-12:30/13:30-17:00;KAPALI;KAPALI;1;2026-09-21 08:29:55
3867;PTT_SUBE;5003;YEŞİLOVA ACENTELİĞİ;YEŞİLOVA BELDESİ/KÖSELİ MAHALLESİ BELEDİYE PASAJI CADDE No: 5 A MERKEZ AKSARAY;03822332739;68;AKSARAY;;;;38.404078;33.83931;08:30-12:30/13:30-17:00;KAPALI;KAPALI;1;2026-09-21 08:29:55
3877;PTT_SUBE;4977;İNCESU ACENTELİĞİ;İNCESU KÖYÜ/AKSEKİ MEVKİİ ZAFER SOKAK No: 1 MERKEZ AKSARAY;03822432072;68;AKSARAY;;;;38.16743796;33.81017184;08:30-12:30/13:30-17:00;KAPALI;KAPALI;1;2026-09-21 08:29:55
3905;PTT_SUBE;5011;ADLİYE SARAYI  ŞUBESİ;ELLİBEŞEVLER MAHALLESİ MEHMET VARİNLİ CADDE No: 105 MERKEZ AMASYA;03582124538;5;AMASYA;;;;40.663509;35.842673;08:30-12:30/13:30-17:00;KAPALI;KAPALI;1;2026-09-21 08:29:56
3904;PTT_SUBE;5015;AKBİLEK  ŞUBESİ;ŞEYHCUİ MAHALLESİ KEMAL NEHROZOĞLU CADDE No: 50 MERKEZ AMASYA;03582527173;5;AMASYA;;;;40.651068;35.798937;08:30-12:30/13:30-17:00;KAPALI;KAPALI;1;2026-09-21 08:29:56
3903;PTT_SUBE;8517;AMASYA DAĞITIM VE TOPLAMA MÜDÜRLÜĞÜ;GÖLLÜ BAĞLARI MAHALLESİ KUDRET SOKAK No: 6 A MERKEZ AMASYA;0;5;AMASYA;;;;40.67303;35.831322;08:00-21:00/-;08:00-21:00/-;08:00-21:00/-;1;2026-09-21 08:29:56
3902;PTT_SUBE;5064;AMASYA MÜDÜRLÜĞÜ;DERE MAHALLESİ ZİYA PAŞA BULVAR No: 21 MERKEZ AMASYA;03582181122;5;AMASYA;;;;40.651829;35.831994;08:30-17:00;KAPALI;KAPALI;1;2026-09-21 08:29:56
3901;PTT_SUBE;5035;AYDINCA ACENTELİĞİ;AYDINCA KÖYÜ/MERKEZ MEVKİİ AYDINCA KÜME EVLER No: 21 MERKEZ AMASYA;03582240047;5;AMASYA;;;;40.570703;36.138204;09:00-12:00/13:00-17:00;KAPALI;KAPALI;1;2026-09-21 08:29:56
3900;PTT_SUBE;5020;GENERAL HİKMET AKINCI   ŞUBESİ;YAZI BAĞLARI MAHALLESİ KIŞLA CADDE No: 4 MERKEZ AMASYA;03582420014;5;AMASYA;;;;40.606609;35.790071;08:30-12:30/13:30-17:00;KAPALI;KAPALI;1;2026-09-21 08:29:56
3899;PTT_SUBE;7444;GÖYNÜCEK  ŞUBESİ;YENİ MAHALLESİ MÜKREMİN MINTIŞ CADDE No: 15 GÖYNÜCEK AMASYA;03586152122;5;AMASYA;;;;40.397246;35.5243;08:30-12:30/13:30-17:00;KAPALI;KAPALI;1;2026-09-21 08:29:56
3898;PTT_SUBE;5108;GÜMÜŞHACIKÖY MÜDÜRLÜĞÜ;CUMARA MAHALLESİ MEHMETPAŞA CADDE No: 53 A GÜMÜŞHACIKÖY AMASYA;03587171420;5;AMASYA;;;;40.873995;35.219299;08:30-17:00;KAPALI;KAPALI;1;2026-09-21 08:29:56
3897;PTT_SUBE;5114;HAMAMÖZÜ  ŞUBESİ;SARAY MAHALLESİ CUMHURİYET MEYDAN No: 15 HAMAMÖZÜ AMASYA;03587876253;5;AMASYA;;;;40.78394;35.02504;08:30-12:30/13:30-17:00;KAPALI;KAPALI;1;2026-09-21 08:29:56
3895;PTT_SUBE;5013;KÜÇÜK SANAYİ SİTESİ ŞUBESİ;KAPIKAYA KÖYÜ/KAPIKAYA MÜCAVİR MEVKİİ İSTİKBAL CADDE No: 2 C MERKEZ AMASYA;03582324389;5;AMASYA;;;;40.565353;35.792801;08:30-12:30/13:30-17:00;KAPALI;KAPALI;1;2026-09-21 08:29:56
3894;PTT_SUBE;2913;MERZİFON MÜDÜRLÜĞÜ;HARMANLAR MAHALLESİ HARMANLAR CADDE No: 4 MERZİFON AMASYA;03585131122;5;AMASYA;;;;40.87134198;35.46243612;08:30-12:30/13:30-17:00;KAPALI;KAPALI;1;2026-09-21 08:29:56
3893;PTT_SUBE;2929;SULUOVA MÜDÜRLÜĞÜ;ORTA MAHALLESİ HACI MOLLA CADDE No: 10 SULUOVA AMASYA;03584171090;5;AMASYA;;;;40.836839;35.646317;08:30-17:00;KAPALI;KAPALI;1;2026-09-21 08:29:56
3892;PTT_SUBE;2353;TAŞOVA MÜDÜRLÜĞÜ;YEMİŞEN MAHALLESİ BELEDİYE CADDE No: 4 TAŞOVA AMASYA;03583121122;5;AMASYA;;;;40.761870497;36.321906613;08:30-17:00;KAPALI;KAPALI;1;2026-09-21 08:29:56
3891;PTT_SUBE;5059;ZİYARET ACENTELİĞİ;ZİYARET BELDESİ/AŞAĞI MAHALLESİ CUMHURİYET MEYDAN No: 13 MERKEZ AMASYA;03582311301;5;AMASYA;;;;40.684483;35.868916;09:00-12:00/13:00-17:00;KAPALI;KAPALI;1;2026-09-21 08:29:56
3896;PTT_SUBE;5029;İHSANİYE  ŞUBESİ;BAHÇELERİÇİ MAHALLESİ ZÜBEYDE HANIM CADDE No: 64 MERKEZ AMASYA;03582182977;5;AMASYA;;;;40.663002;35.834101;08:30-12:30/13:30-17:00;KAPALI;KAPALI;1;2026-09-21 08:29:56
4224;PTT_KARGOMAT;23;ABİDİNPAŞA KARGOMAT;AŞIK VEYSEL MAHALLESİ 315 CADDE No: 2 MAMAK ANKARA;;6;ANKARA;;;;39.925139;32.895883;7/24 Açık;7/24 Açık;7/24 Açık;1;2026-09-21 08:29:56
4198;PTT_KARGOMAT;134;AK CENTER KARGOMAT;ERYAMAN MAHALLESİ 263 SOKAK No: 7 ETİMESGUT ANKARA;;6;ANKARA;;;;39.978023344;32.617778839;7/24 Açık;7/24 Açık;7/24 Açık;1;2026-09-21 08:29:56
4145;PTT_KARGOMAT;175;AKYURT;YILDIRIM MAHALLESİ ANKARA. CADDE No: 14 /1A AKYURT ANKARA;;6;ANKARA;;;;40.130870902;33.08412195;7/24 Açık;7/24 Açık;7/24 Açık;1;2026-09-21 08:29:56
4201;PTT_KARGOMAT;443;ALSANCAK;SÜVARİ MAHALLESİ 1751 SOKAK No: 1 ETİMESGUT ANKARA;;6;ANKARA;;;;39.941859;32.647649;7/24 Açık;7/24 Açık;7/24 Açık;1;2026-09-21 08:29:56
4150;PTT_KARGOMAT;400;ALTINDAĞ;ÖRNEK MAHALLESİ GÜLTEPE CADDE No: 19 /5 ALTINDAĞ ANKARA;;6;ANKARA;;;;39.951369557;32.887368227;7/24 Açık;7/24 Açık;7/24 Açık;1;2026-09-21 08:29:56
4157;PTT_KARGOMAT;135;ANGORA EVLERİ;MUTLUKENT MAHALLESİ TUAL SOKAK No: 6 ÇANKAYA ANKARA;;6;ANKARA;;;;39.874246632;32.719113988;7/24 Açık;7/24 Açık;7/24 Açık;1;2026-09-21 08:29:56
4192;PTT_KARGOMAT;257;ANKAGROSS ALACAATLI;ALACAATLI MAHALLESİ ALACAATLI CADDE No: 56 ÇANKAYA ANKARA;;6;ANKARA;;;;39.860091206;32.67864239;7/24 Açık;7/24 Açık;7/24 Açık;1;2026-09-21 08:29:56
4216;PTT_KARGOMAT;334;ANTARES AVM KARGOMAT;AYVALI MAHALLESİ AFRA CADDE No: 1 KEÇİÖREN ANKARA;;6;ANKARA;;;;39.969803;32.822835;7/24 Açık;7/24 Açık;7/24 Açık;1;2026-09-21 08:29:56
4172;PTT_KARGOMAT;611;ATATEPE;ÜNİVERSİTELER MAHALLESİ 1596 CADDE SÜLEYMAN SAĞLAM ÖĞRENCİ KASABASI JBLOK YANI  ÇANKAYA ANKARA;;6;ANKARA;;;;39.891903838;32.740755454;7/24 Açık;7/24 Açık;7/24 Açık;1;2026-09-21 08:29:56
4147;PTT_KARGOMAT;403;AYDINLIKEVLER;AYDINLIKEVLER MAHALLESİ ŞEHİT MUSTAFA BAŞ CADDE No: 79 ALTINDAĞ ANKARA;;6;ANKARA;;;;39.960795;32.878785;7/24 Açık;7/24 Açık;7/24 Açık;1;2026-09-21 08:29:56
4231;PTT_KARGOMAT;523;AYTEMİZ KARGOMAT;ŞAFAKTEPE MAHALLESİ PLEVNE CADDE No: 82 MAMAK ANKARA;;6;ANKARA;;;;39.94233;32.886995;7/24 Açık;7/24 Açık;7/24 Açık;1;2026-09-21 08:29:56
4234;PTT_KARGOMAT;54;AYYILDIZ KARGOMAT;MİMAR SİNAN MAHALLESİ YUNUS EMRE CADDE No: 104 A PURSAKLAR ANKARA;;6;ANKARA;;;;40.031267;32.885627;7/24 Açık;7/24 Açık;7/24 Açık;1;2026-09-21 08:29:56
4162;PTT_KARGOMAT;401;AŞAĞI AYRANCI;GÜVENEVLER MAHALLESİ GÜVENLİK CADDE No: 44 ÇANKAYA ANKARA;;6;ANKARA;;;;39.899597;32.85323;7/24 Açık;7/24 Açık;7/24 Açık;1;2026-09-21 08:29:56
4156;PTT_KARGOMAT;217;BAHÇELİEVLER KARGOMAT;BAHÇELİEVLER MAHALLESİ AZERBAYCAN CADDE No: 32 ÇANKAYA ANKARA;;6;ANKARA;;;;39.928671864;32.825691957;7/24 Açık;7/24 Açık;7/24 Açık;1;2026-09-21 08:29:56
4159;PTT_KARGOMAT;22;BALGAT KARGOMAT;EHLİBEYT MAHALLESİ CEYHUN ATUF KANSU CADDE No: 116 ÇANKAYA ANKARA;;6;ANKARA;;;;39.892148;32.816378;7/24 Açık;7/24 Açık;7/24 Açık;1;2026-09-21 08:29:56
4246;PTT_KARGOMAT;604;BATIKENT;İNÖNÜ MAHALLESİ CENGİZ AYTMATOV CADDE No: 5 YENİMAHALLE ANKARA;;6;ANKARA;;;;39.957699;32.726127;7/24 Açık;7/24 Açık;7/24 Açık;1;2026-09-21 08:29:56
4209;PTT_KARGOMAT;572;BAĞLICA;YENİ BAĞLICA MAHALLESİ 1174 SOKAK No: 2 ETİMESGUT ANKARA;;6;ANKARA;;;;39.899443;32.636529;7/24 Açık;7/24 Açık;7/24 Açık;1;2026-09-21 08:29:56
4223;PTT_KARGOMAT;565;BAĞLUM PTT KARGOMAT;KARŞIYAKA MAHALLESİ OKUL CADDE No: 4 A KEÇİÖREN ANKARA;;6;ANKARA;;;;40.050431;32.842053;7/24 Açık;7/24 Açık;7/24 Açık;1;2026-09-21 08:29:56
4173;PTT_KARGOMAT;602;BEYTEPE ÖĞRENCİ YURDU KARGOMAT;ÜNİVERSİTELER MAHALLESİ 1597 CADDE KÜME EVLER No: 2 ÇANKAYA ANKARA;;6;ANKARA;;;;39.882412;32.753007;7/24 Açık;7/24 Açık;7/24 Açık;1;2026-09-21 08:29:56
4160;PTT_KARGOMAT;582;BEŞTEPE;EMEK MAHALLESİ 7 CADDE No: 6 A ÇANKAYA ANKARA;;6;ANKARA;;;;39.921479;32.816553;7/24 Açık;7/24 Açık;7/24 Açık;1;2026-09-21 08:29:56
4174;PTT_KARGOMAT;57;BILKENT ÜNIVERSITESI;ÜNİVERSİTELER MAHALLESİ DUMLUPINARI BULVARI KÜME EVLER  ÇANKAYA ANKARA;;6;ANKARA;;;;39.86413696;32.747523543;7/24 Açık;7/24 Açık;7/24 Açık;1;2026-09-21 08:29:56
4169;PTT_KARGOMAT;542;BTK KARGOMAT;MUSTAFA KEMAL MAHALLESİ DUMLUPINAR BULVAR No: 276 ÇANKAYA ANKARA;;6;ANKARA;;;;39.908301;32.751627;7/24 Açık;7/24 Açık;7/24 Açık;1;2026-09-21 08:29:56
4167;PTT_KARGOMAT;177;BÜYÜKESAT ;KIRKKONAKLAR MAHALLESİ ŞEMSETTİN GÜNALTAY CADDE No: 237 B ÇANKAYA ANKARA;;6;ANKARA;;;;39.889514;32.885017;7/24 Açık;7/24 Açık;7/24 Açık;1;2026-09-21 08:29:56
4175;PTT_KARGOMAT;145;BİLKENT 3 SİTESİ;ÜNİVERSİTELER MAHALLESİ 1637 CADDE No: 9 ÇANKAYA ANKARA;;6;ANKARA;;;;39.85499701;32.757512644;7/24 Açık;7/24 Açık;7/24 Açık;1;2026-09-21 08:29:56
4176;PTT_KARGOMAT;595;BİLKENT CYBERPRK;ÜNİVERSİTELER MAHALLESİ 1606 CADDE No: 4 B ÇANKAYA ANKARA;;6;ANKARA;;;;39.869813;32.744625;7/24 Açık;7/24 Açık;7/24 Açık;1;2026-09-21 08:29:56
4227;PTT_KARGOMAT;597;CEBECI SITESI;DEMİRLİBAHÇE MAHALLESİ PLEVNE CADDE No: 4 - MAMAK ANKARA;;6;ANKARA;;;;39.935866;32.877266;7/24 Açık;7/24 Açık;7/24 Açık;1;2026-09-21 08:29:56
4228;PTT_KARGOMAT;12;CEBECİ KARGOMAT;DEMİRLİBAHÇE MAHALLESİ MAMAK CADDE No: 1 MAMAK ANKARA;;6;ANKARA;;;;39.933843;32.879806;7/24 Açık;7/24 Açık;7/24 Açık;1;2026-09-21 08:29:56
4242;PTT_KARGOMAT;18;DEMETEVLER KARGOMAT;DEMETEVLER MAHALLESİ İVEDİK CADDE No: 149 YENİMAHALLE ANKARA;;6;ANKARA;;;;39.968868;32.787276;7/24 Açık;7/24 Açık;7/24 Açık;1;2026-09-21 08:29:56
4155;PTT_KARGOMAT;41;DİKMEN KARGOMAT;AYDINLAR MAHALLESİ SOKULLU MEHMETPAŞA CADDE No: 111 A ÇANKAYA ANKARA;;6;ANKARA;;;;39.882011;32.836138;7/24 Açık;7/24 Açık;7/24 Açık;1;2026-09-21 08:29:56
4196;PTT_KARGOMAT;589;ELMADAĞ;YENİCE MAHALLESİ CUMHURİYET. CADDE No: 60 ELMADAĞ ANKARA;;6;ANKARA;;;;39.917075;33.234116;7/24 Açık;7/24 Açık;7/24 Açık;1;2026-09-21 08:29:56
4202;PTT_KARGOMAT;574;ELVANKENT KARGOMAT;TOPÇU MAHALLESİ 1512 CADDE No: 54 A ETİMESGUT ANKARA;;6;ANKARA;;;;39.95428;32.618315;7/24 Açık;7/24 Açık;7/24 Açık;1;2026-09-21 08:29:56
4161;PTT_KARGOMAT;575;EMEK KARGOMAT;EMEK MAHALLESİ 7 CADDE No: 6 A ÇANKAYA ANKARA;;6;ANKARA;;;;39.921479;32.816553;7/24 Açık;7/24 Açık;7/24 Açık;1;2026-09-21 08:29:56
4177;PTT_KARGOMAT;607;EMİNE ŞERİF ÖĞRENCİ YURDU;ÜNİVERSİTELER MAHALLESİ 1596 CADDE No: 3 A ÇANKAYA ANKARA;;6;ANKARA;;;;39.884645;32.736212;7/24 Açık;7/24 Açık;7/24 Açık;1;2026-09-21 08:29:56
4206;PTT_KARGOMAT;576;ERYAMAN CENTER KARGOMAT;YAVUZ SELİM MAHALLESİ 11 CADDE No: 5 A ETİMESGUT ANKARA;;6;ANKARA;;;;40.001651;32.61628;7/24 Açık;7/24 Açık;7/24 Açık;1;2026-09-21 08:29:56
4197;PTT_KARGOMAT;577;ERYAMAN KARGOMAT;ALTAY MAHALLESİ ORHAN BEY CADDE No: 71 - ETİMESGUT ANKARA;;6;ANKARA;;;;39.975829339;32.638610202;7/24 Açık;7/24 Açık;7/24 Açık;1;2026-09-21 08:29:56
4215;PTT_KARGOMAT;182;ETLİK;AŞAĞI EĞLENCE MAHALLESİ MİMARLAR SOKAK No: 13 B KEÇİÖREN ANKARA;;6;ANKARA;;;;39.97427;32.84022;7/24 Açık;7/24 Açık;7/24 Açık;1;2026-09-21 08:29:56
4199;PTT_KARGOMAT;506;ETİMESGUT PTT KARGOMAZ;İSTASYON MAHALLESİ OR SOKAK No: 1 ETİMESGUT ANKARA;;6;ANKARA;;;;39.946344346;32.670943807;7/24 Açık;7/24 Açık;7/24 Açık;1;2026-09-21 08:29:56
4200;PTT_KARGOMAT;578;ETİMESGUT PİYADE KARGOMAT;PİYADE MAHALLESİ İSTASYON CADDE No: 189 ETİMESGUT ANKARA;;6;ANKARA;;;;39.952603;32.6412;7/24 Açık;7/24 Açık;7/24 Açık;1;2026-09-21 08:29:56
4245;PTT_KARGOMAT;583;EŞREF BİTLİS KARGOMAT;IŞINLAR MAHALLESİ EŞREF BİTLİS CADDE No: 8 YENİMAHALLE ANKARA;;6;ANKARA;;;;39.95717;32.822735;7/24 Açık;7/24 Açık;7/24 Açık;1;2026-09-21 08:29:56
4210;PTT_KARGOMAT;138;GAZİ TEKNOPARK;BAHÇELİEVLER MAHALLESİ 319 CADDE No: 1 GÖLBAŞI ANKARA;;6;ANKARA;;;;39.781161462;32.808325051;7/24 Açık;7/24 Açık;7/24 Açık;1;2026-09-21 08:29:56
4244;PTT_KARGOMAT;183;GAZİ ÜNİVERSİTESİ;EMNİYET MAHALLESİ BANDIRMA CADDE No: 6 /1 YENİMAHALLE ANKARA;;6;ANKARA;;;;39.942109743;32.821771316;7/24 Açık;7/24 Açık;7/24 Açık;1;2026-09-21 08:29:56
4238;PTT_KARGOMAT;534;GERSAN KARGOMAT;BATI SİTESİ MAHALLESİ 2308 CADDE No: 32 A YENİMAHALLE ANKARA;;6;ANKARA;;;;39.955715;32.69646;7/24 Açık;7/24 Açık;7/24 Açık;1;2026-09-21 08:29:56
4211;PTT_KARGOMAT;142;GÖLBAŞI ERKEK YURDU;BAHÇELİEVLER MAHALLESİ 35 CADDE No: 1 F GÖLBAŞI ANKARA;;6;ANKARA;;;;39.781255309;32.816842711;7/24 Açık;7/24 Açık;7/24 Açık;1;2026-09-21 08:29:56
4213;PTT_KARGOMAT;525;GÖLBAŞI KARGOMAT;GAZİOSMANPAŞA MAHALLESİ ANKARA CADDE No: 120 A GÖLBAŞI ANKARA;;6;ANKARA;;;;39.789310522;32.805131355;7/24 Açık;7/24 Açık;7/24 Açık;1;2026-09-21 08:29:56
4151;PTT_KARGOMAT;592;GÜLPINAR;YILDIZTEPE MAHALLESİ CELAL ESAT ARSEVEN CADDE No: 179 - ALTINDAĞ ANKARA;;6;ANKARA;;;;39.972658983;32.905041965;7/24 Açık;7/24 Açık;7/24 Açık;1;2026-09-21 08:29:56
4248;PTT_KARGOMAT;587;GİMAT KARGOMAT;MACUN MAHALLESİ 190 CADDE No: 372 YENİMAHALLE ANKARA;;6;ANKARA;;;;39.957455;32.766965;7/24 Açık;7/24 Açık;7/24 Açık;1;2026-09-21 08:29:56
4148;PTT_KARGOMAT;48;HACETTEPE HASTANESİ KARGOMAT;HACETTEPE MAHALLESİ A.ADNAN SAYGUN CADDE No: 4 ALTINDAĞ ANKARA;;6;ANKARA;;;;39.932038299;32.862569579;7/24 Açık;7/24 Açık;7/24 Açık;1;2026-09-21 08:29:56
4178;PTT_KARGOMAT;601;HACETTEPE TEKNOKENT KARGOMAT;ÜNİVERSİTELER MAHALLESİ 1596 CADDE No: 6 C ÇANKAYA ANKARA;;6;ANKARA;;;;39.862222;32.736554;7/24 Açık;7/24 Açık;7/24 Açık;1;2026-09-21 08:29:56
4179;PTT_KARGOMAT;612;HACETTEPE ÜNİVERSİTESİ FEN FAKÜLTESİ KARGOMAT;ÜNİVERSİTELER MAHALLESİ 1596 CADDE No: 25 B ÇANKAYA ANKARA;;6;ANKARA;;;;39.865296324;32.739607969;7/24 Açık;7/24 Açık;7/24 Açık;1;2026-09-21 08:29:56
4146;PTT_KARGOMAT;187;HÜSEYİNGAZİ;BATTALGAZİ MAHALLESİ MUHTAR ARİF TURAN CADDE No: 98 A ALTINDAĞ ANKARA;;6;ANKARA;;;;39.963319;32.919147;7/24 Açık;7/24 Açık;7/24 Açık;1;2026-09-21 08:29:56
4149;PTT_KARGOMAT;505;KARAPÜRÇEK;KARAPÜRÇEK MAHALLESİ 406 CADDE No: 17 C ALTINDAĞ ANKARA;;6;ANKARA;;;;39.972676;32.967392;7/24 Açık;7/24 Açık;7/24 Açık;1;2026-09-21 08:29:56
4163;PTT_KARGOMAT;585;KAVAKLIDERE KARGOMAT;GÜVENEVLER MAHALLESİ ALAÇAM SOKAK No: 1 ÇANKAYA ANKARA;;6;ANKARA;;;;39.895791;32.857188;7/24 Açık;7/24 Açık;7/24 Açık;1;2026-09-21 08:29:56
4230;PTT_KARGOMAT;586;KAYAŞ KARGOMAT;KAYAŞ MAHALLESİ KAYAŞ CADDE No: 61 MAMAK ANKARA;;6;ANKARA;;;;39.914736;32.964817;7/24 Açık;7/24 Açık;7/24 Açık;1;2026-09-21 08:29:56
4166;PTT_KARGOMAT;52;KEKLİKPINARI KARGOMAT;KARAPINAR MAHALLESİ DİKMEN CADDE No: 422 A ÇANKAYA ANKARA;;6;ANKARA;;;;39.866711;32.820488;7/24 Açık;7/24 Açık;7/24 Açık;1;2026-09-21 08:29:56
4219;PTT_KARGOMAT;510;KEÇİÖREN ANKAGROSS KARGOMAT;GÜÇLÜKAYA MAHALLESİ KIZLAR PINARI CADDE No: 15 KEÇİÖREN ANKARA;;6;ANKARA;;;;39.980489;32.873266;7/24 Açık;7/24 Açık;7/24 Açık;1;2026-09-21 08:29:56
4220;PTT_KARGOMAT;189;KEÇİÖREN KARGOMAT;ŞENLİK MAHALLESİ ÜRGÜP SOKAK No: 31 A KEÇİÖREN ANKARA;;6;ANKARA;;;;39.998113;32.863708;7/24 Açık;7/24 Açık;7/24 Açık;1;2026-09-21 08:29:56
4221;PTT_KARGOMAT;509;KEÇİÖREN-2 KARGOMAT;ŞENLİK MAHALLESİ ÜRGÜP SOKAK No: 31 A KEÇİÖREN ANKARA;;6;ANKARA;;;;39.998113;32.863708;7/24 Açık;7/24 Açık;7/24 Açık;1;2026-09-21 08:29:56
4168;PTT_KARGOMAT;504;KIZILAY KARGOMAT;KIZILAY MAHALLESİ GAZİ MUSTAFA KEMAL BULVAR No: 6 ÇANKAYA ANKARA;;6;ANKARA;;;;39.921445;32.852519;7/24 Açık;7/24 Açık;7/24 Açık;1;2026-09-21 08:29:56
4186;PTT_KARGOMAT;507;KÜÇÜKESAT;TINAZTEPE MAHALLESİ TUNALI HİLMİ CADDE No: 23 ÇANKAYA ANKARA;;6;ANKARA;;;;39.913371;32.862643;7/24 Açık;7/24 Açık;7/24 Açık;1;2026-09-21 08:29:56
4243;PTT_KARGOMAT;596;LALEGÜL;DEMETLALE MAHALLESİ BAĞDAT CADDE No: 38 B YENİMAHALLE ANKARA;;6;ANKARA;;;;39.958701;32.788263;7/24 Açık;7/24 Açık;7/24 Açık;1;2026-09-21 08:29:56
4225;PTT_KARGOMAT;448;MAMAK ANKAGROS KARGOMATİĞİ;CENGİZHAN MAHALLESİ SULTAN FATİH CADDE No: 24 MAMAK ANKARA;;6;ANKARA;;;;39.893272;32.931188;7/24 Açık;7/24 Açık;7/24 Açık;1;2026-09-21 08:29:56
4229;PTT_KARGOMAT;24;MAMAK KARGOMAT;HÜSEYİNGAZİ MAHALLESİ MAMAK CADDE No: 183 A MAMAK ANKARA;;6;ANKARA;;;;39.931486;32.912759;7/24 Açık;7/24 Açık;7/24 Açık;1;2026-09-21 08:29:56
4247;PTT_KARGOMAT;608;MESA BATIKENT KARGOMAT;KARDELEN MAHALLESİ BAŞKENT BULVAR No: 1 /1 YENİMAHALLE ANKARA;;6;ANKARA;;;;39.97031673;32.707788121;7/24 Açık;7/24 Açık;7/24 Açık;1;2026-09-21 08:29:56
4170;PTT_KARGOMAT;263;MUSTAFA KEMAL;MUSTAFA KEMAL MAHALLESİ 2156 SOKAK No: 14 A ÇANKAYA ANKARA;;6;ANKARA;;;;39.91156;32.773103;7/24 Açık;7/24 Açık;7/24 Açık;1;2026-09-21 08:29:56
4226;PTT_KARGOMAT;264;NATO YOLU;CENGİZHAN MAHALLESİ SULTAN FATİH CADDE No: 5 A MAMAK ANKARA;;6;ANKARA;;;;39.896596;32.922894;7/24 Açık;7/24 Açık;7/24 Açık;1;2026-09-21 08:29:56
4180;PTT_KARGOMAT;146;ODTÜ BATI YURTLAR;ÜNİVERSİTELER MAHALLESİ DUMLUPINAR BULVAR No: 1 ÇANKAYA ANKARA;;6;ANKARA;;;;39.892935858;32.781377416;7/24 Açık;7/24 Açık;7/24 Açık;1;2026-09-21 08:29:56
4182;PTT_KARGOMAT;147;ODTÜ DOĞU YURTLAR;ÜNİVERSİTELER MAHALLESİ ODTÜ KÜME EVLER No: 1 ÇANKAYA ANKARA;;6;ANKARA;;;;39.889012286;32.790428713;7/24 Açık;7/24 Açık;7/24 Açık;1;2026-09-21 08:29:56
4171;PTT_KARGOMAT;140;ODTÜ MET YERLEŞKESİ;MUSTAFA KEMAL MAHALLESİ DUMLUPINAR BULVAR No: 280 ÇANKAYA ANKARA;;6;ANKARA;;;;39.90724;32.74511;7/24 Açık;7/24 Açık;7/24 Açık;1;2026-09-21 08:29:56
4183;PTT_KARGOMAT;148;ODTÜ TEKNOKENT;ÜNİVERSİTELER MAHALLESİ ODTÜ KENT LOJMANLARI KÜME EVLER No: 1101 ÇANKAYA ANKARA;;6;ANKARA;;;;39.898676101;32.775075748;7/24 Açık;7/24 Açık;7/24 Açık;1;2026-09-21 08:29:56
4181;PTT_KARGOMAT;56;ODTÜ ÇARŞI;ÜNİVERSİTELER MAHALLESİ 1600 CADDE  ANKARA;;6;ANKARA;;;;39.892303307;32.788186353;7/24 Açık;7/24 Açık;7/24 Açık;1;2026-09-21 08:29:56
4203;PTT_KARGOMAT;53;OKYANUS PLAZA KARGOMAT;TUNAHAN MAHALLESİ AMASYA BEYANNAMESİ CADDE No: 4 ETİMESGUT ANKARA;;6;ANKARA;;;;39.98209038;32.624948428;7/24 Açık;7/24 Açık;7/24 Açık;1;2026-09-21 08:29:56
4250;PTT_KARGOMAT;598;OSTİM;OSTİM OSB MAHALLESİ ALINTERİ BULVAR No: 62  A- YENİMAHALLE ANKARA;;6;ANKARA;;;;39.97126;32.745521;7/24 Açık;7/24 Açık;7/24 Açık;1;2026-09-21 08:29:56
4236;PTT_KARGOMAT;599;PLEVNE;PLEVNE MAHALLESİ SELVİ. CADDE No: 10 SİNCAN ANKARA;;6;ANKARA;;;;39.96383;32.59688;7/24 Açık;7/24 Açık;7/24 Açık;1;2026-09-21 08:29:56
4232;PTT_KARGOMAT;600;PURSAKLAR;FATİH MAHALLESİ YAVUZ BULVAR No: 28 PURSAKLAR ANKARA;;6;ANKARA;;;;40.043559;32.902422;7/24 Açık;7/24 Açık;7/24 Açık;1;2026-09-21 08:29:56
4233;PTT_KARGOMAT;43;SARAYKÖY KARGOMAT;SARAY CUMHURİYET MAHALLESİ BELEDİYE. CADDE No: 4 C PURSAKLAR ANKARA;;6;ANKARA;;;;40.068467;32.921534;7/24 Açık;7/24 Açık;7/24 Açık;1;2026-09-21 08:29:56
4187;PTT_KARGOMAT;610;SUKENT;BEYTEPE MAHALLESİ 5442 SOKAK  2A/1ÇANKAYA ANKARA;;6;ANKARA;;;;39.851479;32.70433;7/24 Açık;7/24 Açık;7/24 Açık;1;2026-09-21 08:29:56
4235;PTT_KARGOMAT;441;SİNCAN;ATATÜRK MAHALLESİ 4 SOKAK No: 4 SİNCAN ANKARA;;6;ANKARA;;;;39.964827561;32.581188017;7/24 Açık;7/24 Açık;7/24 Açık;1;2026-09-21 08:29:56
4189;PTT_KARGOMAT;581;SİNPAŞ ALTIN ORAN KARGOMAT;SANCAK MAHALLESİ TURAN GÜNEŞ BULVAR No: 25 ÇANKAYA ANKARA;;6;ANKARA;;;;39.874258;32.863085;7/24 Açık;7/24 Açık;7/24 Açık;1;2026-09-21 08:29:56
4185;PTT_KARGOMAT;605;TAHSİN BANGUOĞLU KARGOMAT;SÖĞÜTÖZÜ MAHALLESİ 2179 CADDE No: 5 ÇANKAYA ANKARA;;6;ANKARA;;;;39.911952;32.788479;7/24 Açık;7/24 Açık;7/24 Açık;1;2026-09-21 08:29:56
4239;PTT_KARGOMAT;261;TOBB ETÜ;BEŞTEPE MAHALLESİ SÖĞÜTÖZÜ CADDE No: 12 B-1 YENİMAHALLE ANKARA;;6;ANKARA;;;;39.9208961;32.801240203;7/24 Açık;7/24 Açık;7/24 Açık;1;2026-09-21 08:29:56
4184;PTT_KARGOMAT;580;TUNUS KARGOMAT;REMZİ OĞUZ ARIK MAHALLESİ TUNUS CADDE No: 66 ÇANKAYA ANKARA;;6;ANKARA;;;;39.905919;32.858902;7/24 Açık;7/24 Açık;7/24 Açık;1;2026-09-21 08:29:56
4190;PTT_KARGOMAT;14;TURAN GÜNEŞ KARGOMAT;SANCAK MAHALLESİ TURAN GÜNEŞ BULVAR No: 25 ÇANKAYA ANKARA;;6;ANKARA;;;;39.874258;32.863085;7/24 Açık;7/24 Açık;7/24 Açık;1;2026-09-21 08:29:56
4208;PTT_KARGOMAT;556;TURKUAZ TİCARET MERKEZİ KARGOMAT;TURKUAZ MAHALLESİ 4313 CADDE No: 2 ETİMESGUT ANKARA;;6;ANKARA;;;;39.814142;32.569959;7/24 Açık;7/24 Açık;7/24 Açık;1;2026-09-21 08:29:56
4222;PTT_KARGOMAT;28;UFUKTEPE KARGOMAT;UFUKTEPE MAHALLESİ OSMANGAZİ CADDE No: 23 C KEÇİÖREN ANKARA;;6;ANKARA;;;;40.00977;32.856945;7/24 Açık;7/24 Açık;7/24 Açık;1;2026-09-21 08:29:56
4154;PTT_KARGOMAT;30;ULUS KARGOMAT;HACI BAYRAM MAHALLESİ ATATÜRK BULVAR No: 7 ALTINDAĞ ANKARA;;6;ANKARA;;;;39.940341366;32.85438949;7/24 Açık;7/24 Açık;7/24 Açık;1;2026-09-21 08:29:56
4194;PTT_KARGOMAT;555;YBU BAŞKENT KIZ YURDU KARGOMAT;DUMLUPINAR MAHALLESİ HARMANLAR KÜME EVLER No: 82 - ÇUBUK ANKARA;;6;ANKARA;;;;40.125345126;32.937433842;7/24 Açık;7/24 Açık;7/24 Açık;1;2026-09-21 08:29:56
4237;PTT_KARGOMAT;193;YENİKENT;FEVZİ ÇAKMAK MAHALLESİ LALE SOKAK No: 31 A SİNCAN ANKARA;;6;ANKARA;;;;40.01217;32.515957;7/24 Açık;7/24 Açık;7/24 Açık;1;2026-09-21 08:29:56
4249;PTT_KARGOMAT;21;YENİMAHALLE KARGOMAT;YENİÇAĞ MAHALLESİ RAGIP TÜZÜN CADDE No: 146 YENİMAHALLE ANKARA;;6;ANKARA;;;;39.966252;32.810446;7/24 Açık;7/24 Açık;7/24 Açık;1;2026-09-21 08:29:56
4217;PTT_KARGOMAT;511;YEŞİLÖZ KARGOMAT;ÇALDIRAN MAHALLESİ ŞEHİT ÖMER HALİSDEMİR BULVAR No: 225 A KEÇİÖREN ANKARA;;6;ANKARA;;;;39.983702203;32.88873164;7/24 Açık;7/24 Açık;7/24 Açık;1;2026-09-21 08:29:56
4195;PTT_KARGOMAT;151;YILDIRIM BEYAZİT ÜNİVERSİTESİ ESENBOĞA;DUMLUPINAR MAHALLESİ YILDIRIM BEYAZIT ÜNİVERSİTESİ KÜME EVLER  ÇUBUK ANKARA;;6;ANKARA;;;;40.128652927;32.953579214;7/24 Açık;7/24 Açık;7/24 Açık;1;2026-09-21 08:29:56
4205;PTT_KARGOMAT;149;YUNUS İŞ MERKEZİ;YUKARIYURTÇU MAHALLESİ YUKARI YURTÇU KÜME EVLER  ETİMESGUT ANKARA;;6;ANKARA;;;;39.842909336;32.545430113;7/24 Açık;7/24 Açık;7/24 Açık;1;2026-09-21 08:29:56
4251;PTT_KARGOMAT;533;ÇAKIRLAR KARGOMAT;TURGUT ÖZAL MAHALLESİ 2102 CADDE No: 14 YENİMAHALLE ANKARA;;6;ANKARA;;;;39.989668742;32.695523355;7/24 Açık;7/24 Açık;7/24 Açık;1;2026-09-21 08:29:56
4218;PTT_KARGOMAT;39;ÇAMBAŞI KARGOMAT;ESERTEPE MAHALLESİ ÇAMBAŞI CADDE No: 19 A KEÇİÖREN ANKARA;;6;ANKARA;;;;39.995521;32.838254;7/24 Açık;7/24 Açık;7/24 Açık;1;2026-09-21 08:29:56
4240;PTT_KARGOMAT;137;ÇAMLICA LOJMANLARI;ÇAMLICA MAHALLESİ 152 CADDE No: 1 YENİMAHALLE ANKARA;;6;ANKARA;;;;39.951942611;32.780518777;7/24 Açık;7/24 Açık;7/24 Açık;1;2026-09-21 08:29:56
4164;PTT_KARGOMAT;573;ÇANKAYA KARGOMAT;GÜZELTEPE MAHALLESİ SEDAT SİMAVİ SOKAK No: 34 ÇANKAYA ANKARA;;6;ANKARA;;;;39.882719;32.855732;7/24 Açık;7/24 Açık;7/24 Açık;1;2026-09-21 08:29:56
4204;PTT_KARGOMAT;152;ÇANKAYA ÜNİVERSİTESİ;YUKARIYURTÇU MAHALLESİ MİMAR SİNAN CADDE No: 4 ETİMESGUT ANKARA;;6;ANKARA;;;;39.819975833;32.565029088;7/24 Açık;7/24 Açık;7/24 Açık;1;2026-09-21 08:29:56
4207;PTT_KARGOMAT;197;ÇARŞI ARYA;GÜZELKENT MAHALLESİ 511 CADDE No: 5 ETİMESGUT ANKARA;;6;ANKARA;;;;39.99239;32.61397;7/24 Açık;7/24 Açık;7/24 Açık;1;2026-09-21 08:29:56
4191;PTT_KARGOMAT;179;ÇAYYOLU;PROF. DR. AHMET TANER KIŞLALI MAHALLESİ DOĞAN TAŞDELEN BULVAR No: 183 ÇANKAYA ANKARA;;6;ANKARA;;;;39.880976;32.683382;7/24 Açık;7/24 Açık;7/24 Açık;1;2026-09-21 08:29:56
4193;PTT_KARGOMAT;180;ÇUBUK;YAVUZSELİM MAHALLESİ P.T.T. CADDE No: 12 ÇUBUK ANKARA;;6;ANKARA;;;;40.239527;33.028985;7/24 Açık;7/24 Açık;7/24 Açık;1;2026-09-21 08:29:56
4158;PTT_KARGOMAT;49;ÜMİTKÖY KARGOMAT;MUTLUKENT MAHALLESİ 2432 CADDE No: 63 ÇANKAYA ANKARA;;6;ANKARA;;;;39.897396;32.705512;7/24 Açık;7/24 Açık;7/24 Açık;1;2026-09-21 08:29:56
4188;PTT_KARGOMAT;259;İNCEK JSGA KARGOMAT;AHLATLIBEL MAHALLESİ İNCEK ŞEHİT SAVCI MEHMET SELİM KİRAZ BULVAR No: 14 /24 ÇANKAYA ANKARA;;6;ANKARA;;;;39.844065724;32.782046887;7/24 Açık;7/24 Açık;7/24 Açık;1;2026-09-21 08:29:56
4214;PTT_KARGOMAT;55;İNCEK KARGOMAT;İNCEK MAHALLESİ ŞEHİT GÜLTEKİN TEBER CADDE No: 1 /1 GÖLBAŞI ANKARA;;6;ANKARA;;;;39.80670498;32.69858616;7/24 Açık;7/24 Açık;7/24 Açık;1;2026-09-21 08:29:56
4165;PTT_KARGOMAT;593;İNOVATİF ;GÜZELTEPE MAHALLESİ SEDAT SİMAVİ SOKAK No: 34 ÇANKAYA ANKARA;;6;ANKARA;;;;39.882719;32.855732;7/24 Açık;7/24 Açık;7/24 Açık;1;2026-09-21 08:29:56
4152;PTT_KARGOMAT;579;İSKİTLER KARGOMAT;ZÜBEYDE HANIM MAHALLESİ SUGÜZELİ CADDE No: 24 ALTINDAĞ ANKARA;;6;ANKARA;;;;39.952704;32.841783;7/24 Açık;7/24 Açık;7/24 Açık;1;2026-09-21 08:29:56
4153;PTT_KARGOMAT;584;İSKİTLER ZİRAAT;ZÜBEYDE HANIM MAHALLESİ SUGÜZELİ CADDE No: 12 ALTINDAĞ ANKARA;;6;ANKARA;;;;39.95359803;32.841306;7/24 Açık;7/24 Açık;7/24 Açık;1;2026-09-21 08:29:56
4212;PTT_KARGOMAT;141;Ş.Ö.H. KIZ ÖĞR. YURDU;BAHÇELİEVLER MAHALLESİ 35 CADDE No: 4 A GÖLBAŞI ANKARA;;6;ANKARA;;;;39.777106;32.815208;7/24 Açık;7/24 Açık;7/24 Açık;1;2026-09-21 08:29:56
4241;PTT_KARGOMAT;336;ŞENTEPE;ÇİĞDEMTEPE MAHALLESİ AYDAN CADDE No: 129 A YENİMAHALLE ANKARA;;6;ANKARA;;;;39.990701641;32.796159785;7/24 Açık;7/24 Açık;7/24 Açık;1;2026-09-21 08:29:56
4144;PTT_SUBE;1752;29 EKİM  ŞUBESİ;29 EKİM MAHALLESİ 65 CADDE No: 39 D SİNCAN ANKARA;03122774046;6;ANKARA;;;;40.016367;32.530603;08:30-12:30/13:30-17:00;KAPALI;KAPALI;1;2026-09-21 08:29:56
4143;PTT_SUBE;600;ABİDİNPAŞA MÜDÜRLÜĞÜ;AŞIK VEYSEL MAHALLESİ 315 CADDE No: 2 MAMAK ANKARA;03123890037;6;ANKARA;;;;39.925139;32.895883;08:30-12:30/13:30-17:00;KAPALI;KAPALI;1;2026-09-21 08:29:56
4142;PTT_SUBE;7777;ADALET BAKANLIĞI  ŞUBESİ;DEVLET MAHALLESİ VEKALETLER ANAYOLU CADDE No: 6 - ÇANKAYA ANKARA;03124258240;6;ANKARA;;;;39.91802296;32.851932048;08:30-12:30/13:30-17:00;KAPALI;KAPALI;1;2026-09-21 08:29:56
4140;PTT_SUBE;6809;ADLİYE  ŞUBESİ;OĞUZLAR MAHALLESİ PROF.DR.NECMETTİN ERBAKAN CADDE No: 52 ETİMESGUT ANKARA;03122617752;6;ANKARA;;;;39.947238;32.604795;08:30-12:30/13:30-17:00;KAPALI;KAPALI;1;2026-09-21 08:29:56
4141;PTT_SUBE;4871;ADLİYE  ŞUBESİ;ŞENTEPE MAHALLESİ MEVLANA CADDE No: 31 POLATLI ANKARA;03126241099;6;ANKARA;;;;39.568884705;32.147799637;08:30-12:30/13:30-17:00;KAPALI;KAPALI;1;2026-09-21 08:29:56
4138;PTT_SUBE;3682;ADLİYE SARAYI MÜDÜRLÜĞÜ;HACI BAYRAM MAHALLESİ ATATÜRK BULVAR No: 40  C- ALTINDAĞ ANKARA;03123125515;6;ANKARA;;;;39.930671;32.85268;08:30-12:30/13:30-17:00;KAPALI;KAPALI;1;2026-09-21 08:29:56
4139;PTT_SUBE;6852;ADLİYE İCRALAR  ŞUBESİ;SÖĞÜTÖZÜ MAHALLESİ 2179 CADDE No: 5 ÇANKAYA ANKARA;03122840152;6;ANKARA;;;;39.911952;32.788479;08:30-12:30/13:30-17:00;KAPALI;KAPALI;1;2026-09-21 08:29:56
4136;PTT_SUBE;3442;AHLATLIBEL  ŞUBESİ;AHLATLIBEL MAHALLESİ İNCEK ŞEHİT SAVCI MEHMET SELİM KİRAZ BULVAR No: 8 A ÇANKAYA ANKARA;03124898069;6;ANKARA;;;;39.845785;32.781131;09:00-13:00/13:30-17:00;KAPALI;KAPALI;1;2026-09-21 08:29:56
4135;PTT_SUBE;268;AHMETLER  ŞUBESİ;KÜLTÜR MAHALLESİ LİBYA CADDE No: 6 ÇANKAYA ANKARA;03124312020;6;ANKARA;;;;39.921882;32.863082;08:30-12:30/13:30-17:00;KAPALI;KAPALI;1;2026-09-21 08:29:56
4137;PTT_SUBE;1062;AHİ MESUT  ŞUBESİ;AHİ MESUT MAHALLESİ 1904 CADDE No: 11 C ETİMESGUT ANKARA;03122265508;6;ANKARA;;;;39.936013;32.636491;08:30-12:30/13:30-17:00;KAPALI;KAPALI;1;2026-09-21 08:29:56
4133;PTT_SUBE;616;AKDERE  ŞUBESİ;PEYAMİ SAFA MAHALLESİ 368 SOKAK No: 5 MAMAK ANKARA;03123645837;6;ANKARA;;;;39.918757;32.890223;08:30-12:30/13:30-17:00;KAPALI;KAPALI;1;2026-09-21 08:29:56
4132;PTT_SUBE;7329;AKTEPE-YEŞİLTEPE  ŞUBESİ;YEŞİLTEPE MAHALLESİ YEŞİLIRMAK CADDE No: 11 B KEÇİÖREN ANKARA;03123390058;6;ANKARA;;;;39.994229;32.89317;08:30-12:30/13:30-17:00;KAPALI;KAPALI;1;2026-09-21 08:29:56
4131;PTT_SUBE;269;AKYURT MÜDÜRLÜĞÜ;YILDIRIM MAHALLESİ ANKARA. CADDE No: 14 /1A AKYURT ANKARA;03128441105;6;ANKARA;;;;40.130718;33.085578;08:30-12:30;KAPALI;KAPALI;1;2026-09-21 08:29:56
4130;PTT_SUBE;1071;ALSANCAK  ŞUBESİ;SÜVARİ MAHALLESİ 1751 SOKAK No: 1 ETİMESGUT ANKARA;03122260985;6;ANKARA;;;;39.941859;32.647649;08:30-12:30/13:30-17:00;KAPALI;KAPALI;1;2026-09-21 08:29:56
4129;PTT_SUBE;6356;ALTAY  ŞUBESİ;ALTAY MAHALLESİ ORHAN BEY CADDE No: 71 - ETİMESGUT ANKARA;03122800141;6;ANKARA;;;;39.97788399;32.64635196;08:30-12:30/13:30-17:00;KAPALI;KAPALI;1;2026-09-21 08:29:56
4128;PTT_SUBE;2548;ALTINDAĞ MÜDÜRLÜĞÜ;ÖRNEK MAHALLESİ GÜLTEPE CADDE No:19 /5 ALTINDAĞ ANKARA;03123122515;6;ANKARA;;;;39.9507278472043;32.8869367964509;08:30-12:30 / 13:30-17:00;KAPALI;KAPALI;1;2026-09-21 08:29:56
4127;PTT_SUBE;608;ALTINDAĞ POSTA DAĞITIM  MÜDÜRLÜĞÜ;GÜLTEPE MAHALLESİ BABÜR CADDE No: 40 ALTINDAĞ ANKARA;03123181122;6;ANKARA;;;;39.952673938;32.878514103;08:30-12:30/13:30-17:30;08:30-12:30/13:30-17:30;KAPALI;1;2026-09-21 08:29:56
4126;PTT_SUBE;3425;ANAYASA MAHKEMESİ   ŞUBESİ;AHLATLIBEL MAHALLESİ İNCEK ŞEHİT SAVCI MEHMET SELİM KİRAZ BULVAR No: 4 ÇANKAYA ANKARA;03124898219;6;ANKARA;;;;39.8452;32.790666;08:30-12:30/13:30-17:00;KAPALI;KAPALI;1;2026-09-21 08:29:56
4125;PTT_SUBE;6505;ANKARA ADLİ TIP  ŞUBESİ;ŞEFKAT MAHALLESİ FELEK CADDE No: 128 KEÇİÖREN ANKARA;03123383815;6;ANKARA;;;;39.976832994;32.882193453;08:30-12:30/13:30-17:00;KAPALI;KAPALI;1;2026-09-21 08:29:56
4124;PTT_SUBE;1472;ANKARA ASLİYE TİCARET VE İŞ MAHKEMELERİ  ŞUBESİ;İŞÇİ BLOKLARI MAHALLESİ MUHSİN YAZICIOĞLU CADDE No: 45 ÇANKAYA ANKARA;03122861109;6;ANKARA;;;;39.895026;32.811426;08:30-12:30/13:30-17:00;KAPALI;KAPALI;1;2026-09-21 08:29:56
4123;PTT_SUBE;6534;ANKARA BÖLGE ADLİYE MAHKEMELERİ  ŞUBESİ;MUSTAFA KEMAL MAHALLESİ İSMAİL KARAKAYA CADDE No: 34 B ÇANKAYA ANKARA;03122197036;6;ANKARA;;;;39.915771;32.782092;08:30-12:30/13:30-17:00;KAPALI;KAPALI;1;2026-09-21 08:29:56
4122;PTT_SUBE;7661;ANKARA BÖLGE ADLİYE MAHKEMESİ BALGAT ŞUBESİ;EHLİBEYT MAHALLESİ 1242 CADDE No: 18 A ÇANKAYA ANKARA;03124720004;6;ANKARA;;;;39.887995109;32.815902446;08:30-12:30/13:30-17:00;KAPALI;KAPALI;1;2026-09-21 08:29:56
4121;PTT_SUBE;7091;ANKARA BÖLGE İDARE MAHKEMESİ  ŞUBESİ;SÖĞÜTÖZÜ MAHALLESİ 2178 CADDE No: 4 ÇANKAYA ANKARA;03122856250;6;ANKARA;;;;39.910902;32.796548;08:30-12:30/13:30-17:00;KAPALI;KAPALI;1;2026-09-21 08:29:56
4120;PTT_SUBE;8200;ANKARA BÜYÜKŞEHİR BELEDİYESİ  ŞUBESİ;EMNİYET MAHALLESİ HİPODROM CADDE No: 5 YENİMAHALLE ANKARA;03123105259;6;ANKARA;;;;39.939467;32.838294;08:30-12:30/13:30-17:00;KAPALI;KAPALI;1;2026-09-21 08:29:56
4118;PTT_SUBE;8389;ANKARA KARGO DAĞITIM MÜDÜRLÜĞÜ;ÇAMLICA MAHALLESİ 147 CADDE No: 21 YENİMAHALLE ANKARA;0;6;ANKARA;;;;39.95425296;32.77425096;08:30-17:00;KAPALI;KAPALI;1;2026-09-21 08:29:56
4117;PTT_SUBE;796;ANKARA KARGO İŞLEME  MÜDÜRLÜĞÜ;ÇAMLICA MAHALLESİ 149 KÜME EVLER No: 10 YENİMAHALLE ANKARA;03123974720;6;ANKARA;;;;39.951962;32.773572;00:00-12:30/12:30-23:59;00:00-12:30/12:30-23:59;KAPALI;1;2026-09-21 08:29:56
4116;PTT_SUBE;1840;ANKARA POSTA İŞLEME  MÜDÜRLÜĞÜ;IŞINLAR MAHALLESİ EŞREF BİTLİS CADDE No: 8 YENİMAHALLE ANKARA;03123075231;6;ANKARA;;;;39.95717;32.822735;00:00-12:30/12:30-23:59;00:00-12:30/12:30-23:59;KAPALI;1;2026-09-21 08:29:56
4119;PTT_SUBE;6540;ANKARA İDARE VE VERGİ MAHKEMELERİ  ŞUBESİ;MUSTAFA KEMAL MAHALLESİ 2155 CADDE No: 3 ÇANKAYA ANKARA;03122158291;6;ANKARA;;;;39.911827;32.780493;08:30-12:30/13:30-17:00;KAPALI;KAPALI;1;2026-09-21 08:29:56
4115;PTT_SUBE;5696;ANTARES  ŞUBESİ;AYVALI MAHALLESİ AFRA CADDE No: 1 KEÇİÖREN ANKARA;03123222254;6;ANKARA;;;;39.969803;32.822835;08:30-12:30/13:30-17:00;KAPALI;KAPALI;1;2026-09-21 08:29:56
4113;PTT_SUBE;855;ATAPARK  ŞUBESİ;ATAPARK MAHALLESİ ATAPARK CADDE No: 31 B KEÇİÖREN ANKARA;03125800388;6;ANKARA;;;;40.007367;32.844924;08:30-12:30/13:30-17:00;KAPALI;KAPALI;1;2026-09-21 08:29:56
4112;PTT_SUBE;7926;ATAYURT  ŞUBESİ;ATAYURT MAHALLESİ EVLİYA ÇELEBİ CADDE No: 23 ETİMESGUT ANKARA;03125027019;6;ANKARA;;;;39.842685256;32.545630374;08:30-12:30/13:30-17:00;KAPALI;KAPALI;1;2026-09-21 08:29:56
4111;PTT_SUBE;7685;ATO  ŞUBESİ;SÖĞÜTÖZÜ MAHALLESİ 2176 CADDE No: 7 J ÇANKAYA ANKARA;03122877685;6;ANKARA;;;;39.910371544;32.800506048;09:00-12:30/13:30-17:30;KAPALI;KAPALI;1;2026-09-21 08:29:56
4110;PTT_SUBE;609;AYAŞ MÜDÜRLÜĞÜ;ÖMEROĞLU MAHALLESİ AYAŞ ANKARA BULVAR No: 15 D AYAŞ ANKARA;03127121404;6;ANKARA;;;;40.019060324;32.331723937;08:30-12:30/13:30-17:00;KAPALI;KAPALI;1;2026-09-21 08:29:56
4109;PTT_SUBE;6863;AYDINLIKEVLER  ŞUBESİ;AYDINLIKEVLER MAHALLESİ ŞEHİT MUSTAFA BAŞ CADDE No: 79 ALTINDAĞ ANKARA;03123470171;6;ANKARA;;;;39.960795;32.878785;08:30-12:30/13:30-17:00;KAPALI;KAPALI;1;2026-09-21 08:29:56
4108;PTT_SUBE;5410;AYYILDIZ  ŞUBESİ;MİMAR SİNAN MAHALLESİ YUNUS EMRE CADDE No: 104 A PURSAKLAR ANKARA;03123288390;6;ANKARA;;;;40.031267;32.885627;08:30-12:30/13:30-17:00;KAPALI;KAPALI;1;2026-09-21 08:29:56
4134;PTT_SUBE;6853;AİLE BAKANLIĞI  ŞUBESİ;SÖĞÜTÖZÜ MAHALLESİ 2177 CADDE No: 10 A ÇANKAYA ANKARA;03122863771;6;ANKARA;;;;39.912158;32.796201;09:00-12:30/13:30-17:30;KAPALI;KAPALI;1;2026-09-21 08:29:56
4114;PTT_SUBE;7101;AŞAĞI AYRANCI  ŞUBE ŞEFLİĞİ;GÜVENEVLER MAHALLESİ GÜVENLİK CADDE No: 44 ÇANKAYA ANKARA;03124273216;6;ANKARA;;;;39.899597;32.85323;08:30-12:30/13:30-17:00;KAPALI;KAPALI;1;2026-09-21 08:29:56
4107;PTT_SUBE;409;BADEMLİK  ŞUBESİ;BADEMLİK MAHALLESİ BADEMLİK YOLU CADDE No: 14 A KEÇİÖREN ANKARA;03123556942;6;ANKARA;;;;40.009664765;32.877364882;08:30-12:30/13:30-17:00;KAPALI;KAPALI;1;2026-09-21 08:29:56
4102;PTT_SUBE;315;BAHÇELİEVLER MÜDÜRLÜĞÜ;BAHÇELİEVLER MAHALLESİ AZERBAYCAN CADDE No: 32 ÇANKAYA ANKARA;03122133145;6;ANKARA;;;;39.928671864;32.825691957;08:30-12:30/13:30-17:00;KAPALI;KAPALI;1;2026-09-21 08:29:56
4101;PTT_SUBE;3348;BAKANLIKLAR MÜDÜRLÜĞÜ;MALTEPE MAHALLESİ NECATİBEY CADDE No: 106 ÇANKAYA ANKARA;03122293667;6;ANKARA;;;;39.91984;32.84594;08:30-12:30/13:30-17:00;KAPALI;KAPALI;1;2026-09-21 08:29:56
4100;PTT_SUBE;481;BALA MÜDÜRLÜĞÜ;GÖZTEPE MAHALLESİ ATATÜRK BULVAR No: 87 BALA ANKARA;03128761322;6;ANKARA;;;;39.5565;33.12237;08:30-12:30;KAPALI;KAPALI;1;2026-09-21 08:29:56
4099;PTT_SUBE;1585;BALGAT MÜDÜRLÜĞÜ;EHLİBEYT MAHALLESİ CEYHUN ATUF KANSU CADDE No: 116 ÇANKAYA ANKARA;03122874404;6;ANKARA;;;;39.892148;32.816378;08:30-12:30;KAPALI;KAPALI;1;2026-09-21 08:29:56
4098;PTT_SUBE;1671;BARIŞ MANÇO  ŞUBESİ;OĞUZLAR MAHALLESİ BARIŞ MANÇO CADDE No: 17 B ÇANKAYA ANKARA;03122844109;6;ANKARA;;;;39.90347;32.81808;08:30-12:30/13:30-17:00;KAPALI;KAPALI;1;2026-09-21 08:29:56
4095;PTT_SUBE;8220;BATI SİTESİ ŞUBE ŞEFLİĞİ;İNÖNÜ MAHALLESİ CENGİZ AYTMATOV CADDE No: 5 YENİMAHALLE ANKARA;03122525504;6;ANKARA;;;;39.957699;32.726127;08:30-12:30/13:30-17:00;KAPALI;KAPALI;1;2026-09-21 08:29:56
4094;PTT_SUBE;6899;BATIKENT MESA  MÜDÜRLÜĞÜ;KARDELEN MAHALLESİ BAŞKENT BULVAR No: 1 /1 YENİMAHALLE ANKARA;03122525506;6;ANKARA;;;;39.97031673;32.707788121;08:30-12:30/13:30-17:00;KAPALI;KAPALI;1;2026-09-21 08:29:56
4106;PTT_SUBE;466;BAĞLARBAŞI  ŞUBESİ;BAĞLARBAŞI MAHALLESİ BURSA CADDE No: 13 B KEÇİÖREN ANKARA;03123404038;6;ANKARA;;;;39.992318;32.878191;08:30-12:30/13:30-17:00;KAPALI;KAPALI;1;2026-09-21 08:29:56
4105;PTT_SUBE;6813;BAĞLICA  ŞUBE ŞEFLİĞİ;YENİ BAĞLICA MAHALLESİ 1174 SOKAK No: 2 ETİMESGUT ANKARA;03125142396;6;ANKARA;;;;39.899443;32.636529;08:30-12:30/13:30-17:00;KAPALI;KAPALI;1;2026-09-21 08:29:56
4104;PTT_SUBE;6811;BAĞLICA KÖYİÇİ  ŞUBESİ;BAĞLICA MAHALLESİ MERMEROĞLU CADDE No: 22 C ETİMESGUT ANKARA;03122343217;6;ANKARA;;;;39.894517;32.648973;08:30-12:30/13:30-17:00;KAPALI;KAPALI;1;2026-09-21 08:29:56
4103;PTT_SUBE;844;BAĞLUM  ŞUBESİ;KARŞIYAKA MAHALLESİ OKUL CADDE No: 4 A KEÇİÖREN ANKARA;03123299697;6;ANKARA;;;;40.050351;32.841955;08:30-12:30/13:30-17:00;KAPALI;KAPALI;1;2026-09-21 08:29:56
4097;PTT_SUBE;654;BAŞAK MAHALLESİ  ŞUBESİ;BAŞAK MAHALLESİ ÖZALP CADDE No: 71 A MAMAK ANKARA;03123751092;6;ANKARA;;;;39.965226;32.958699;08:30-12:30/13:30-17:00;KAPALI;KAPALI;1;2026-09-21 08:29:56
4096;PTT_SUBE;8573;BAŞKENT ORGANİZE SANAYİ SİTESİ ŞUBE ŞEFLİĞİ;MALIKÖY BAŞKENT OSB MAHALLESİ 21 CADDE No: 3 SİNCAN ANKARA;0;6;ANKARA;;;;39.80881899;32.38567092;08:30-12:30/13:30-17:00;KAPALI;KAPALI;1;2026-09-21 08:29:56
4093;PTT_SUBE;1510;BEYPAZARI ADLİYE ŞB.  ŞUBESİ;GAZİPAŞA MAHALLESİ MİLLİ EGEMENLİK CADDE No: 216 BEYPAZARI ANKARA;03127600995;6;ANKARA;;;;40.157055647;31.907678114;08:30-12:30/13:30-17:00;KAPALI;KAPALI;1;2026-09-21 08:29:56
4092;PTT_SUBE;1500;BEYPAZARI MÜDÜRLÜĞÜ;KURTULUŞ MAHALLESİ MİLLİ EGEMENLİK CADDE No: 51 BEYPAZARI ANKARA;03127632215;6;ANKARA;;;;40.165094474;31.91871344;08:30-12:30/13:30-17:00;KAPALI;KAPALI;1;2026-09-21 08:29:56
4091;PTT_SUBE;7392;BEYTEPE  ŞUBESİ;ÜNİVERSİTELER MAHALLESİ 1596 CADDE No: 25 B ÇANKAYA ANKARA;03122992532;6;ANKARA;;;;39.865296324;32.739607969;08:30-13:00/14:00-17:00;KAPALI;KAPALI;1;2026-09-21 08:29:56
4084;PTT_SUBE;6920;BOĞAZİÇİ  ŞUBESİ;AKŞEMSETTİN MAHALLESİ 928 CADDE No: 5 A MAMAK ANKARA;03123922120;6;ANKARA;;;;39.913699;32.930561;08:30-12:30/13:30-17:00;KAPALI;KAPALI;1;2026-09-21 08:29:56
4083;PTT_SUBE;6876;BUHARA ŞUBE ŞEFLİĞİ;TANDOĞAN MAHALLESİ AHİ MESUD BULVAR No: 253 D/A SİNCAN ANKARA;0;6;ANKARA;;;;39.959626;32.566725;08:30-12:30/13:30-17:00;KAPALI;KAPALI;1;2026-09-21 08:29:56
4082;PTT_SUBE;788;BÜYÜKESAT MÜDÜRLÜĞÜ;100.YIL MAHALLESİ FISKİYE CADDE No: 28 A ÇANKAYA ANKARA;03124372705;6;ANKARA;;;;39.900932;32.873052;08:30-12:30/13:30-17:00;KAPALI;KAPALI;1;2026-09-21 08:29:56
4090;PTT_SUBE;6533;BİLGİ TEKNOLOJİLERİ  ŞUBESİ;MUSTAFA KEMAL MAHALLESİ DUMLUPINAR BULVAR No: 276 ÇANKAYA ANKARA;03125042289;6;ANKARA;;;;39.908301;32.751627;08:30-12:30/13:30-17:30;KAPALI;KAPALI;1;2026-09-21 08:29:56
4089;PTT_SUBE;6807;BİLKENT GÜMRÜK  ŞUBESİ;ÜNİVERSİTELER MAHALLESİ DUMLUPINAR BULVAR No: 151 A ÇANKAYA ANKARA;03122869753;6;ANKARA;;;;39.906001;32.755759;09:00-12:30/13:30-17:30;KAPALI;KAPALI;1;2026-09-21 08:29:56
4088;PTT_SUBE;3296;BİLKENT PLAZA MÜDÜRLÜĞÜ;ÜNİVERSİTELER MAHALLESİ 1597 CADDE KÜME EVLER No: 2 ÇANKAYA ANKARA;03122663107;6;ANKARA;;;;39.882412;32.753007;08:30-12:30;KAPALI;KAPALI;1;2026-09-21 08:29:56
4086;PTT_SUBE;7293;BİLKENT ÜNİVERSİTESİ    ŞUBESİ;ÜNİVERSİTELER MAHALLESİ 1607 CADDE No: 3  A- ÇANKAYA ANKARA;03122664481;6;ANKARA;;;;39.862877;32.744215;08:30-12:00/13:00-17:00;KAPALI;KAPALI;1;2026-09-21 08:29:56
4087;PTT_SUBE;7292;BİLKENT ŞEHİR HASTANELERİ  ŞUBESİ;ÜNİVERSİTELER MAHALLESİ 1604 CADDE No: 9 /1 ÇANKAYA ANKARA;03125031506;6;ANKARA;;;;39.901539;32.756668;08:30-12:30/13:30-17:00;KAPALI;KAPALI;1;2026-09-21 08:29:56
4085;PTT_SUBE;811;BİRLİK   ŞUBESİ;BİRLİK MAHALLESİ PODGORİTSA CADDE No: 18 ÇANKAYA ANKARA;03124966284;6;ANKARA;;;;39.879041;32.874502;08:30-12:30/13:30-17:00;KAPALI;KAPALI;1;2026-09-21 08:29:56
4081;PTT_SUBE;744;CEBECİ MÜDÜRLÜĞÜ;DEMİRLİBAHÇE MAHALLESİ MAMAK CADDE No: 1 MAMAK ANKARA;03123192212;6;ANKARA;;;;39.933843;32.879806;08:30-12:30/13:30-17:00;KAPALI;KAPALI;1;2026-09-21 08:29:56
4080;PTT_SUBE;1749;CEZA İNFAZ KURUMLARI ŞUBESİ;ADALET MAHALLESİ ADALET KÜME KÜME EVLER No: 80 SİNCAN ANKARA;03122540267;6;ANKARA;;;;40.022433412;32.556527054;08:30-12:30/13:30-17:00;KAPALI;KAPALI;1;2026-09-21 08:29:56
4079;PTT_SUBE;7756;CONSEPT AVM  ŞUBESİ;YAVUZ SELİM MAHALLESİ 11 CADDE No: 5 A ETİMESGUT ANKARA;03125025019;6;ANKARA;;;;40.001651;32.61628;08:30-12:30/13:30-17:00;KAPALI;KAPALI;1;2026-09-21 08:29:56
4078;PTT_SUBE;7185;CUMHURBAŞKANLIĞI  ŞUBESİ;BEŞTEPE MAHALLESİ CUMHURBAŞKANLIĞI. CADDE No: 3 B YENİMAHALLE ANKARA;03122127047;6;ANKARA;;;;39.923765;32.80747;08:30-12:30/13:30-17:00;KAPALI;KAPALI;1;2026-09-21 08:29:56
4064;PTT_SUBE;6800;DANIŞTAY  ŞUBESİ;ÜNİVERSİTELER MAHALLESİ DUMLUPINAR BULVAR No: 149 ÇANKAYA ANKARA;03122870147;6;ANKARA;;;;39.906104;32.754328;08:30-12:30/13:30-17:00;KAPALI;KAPALI;1;2026-09-21 08:29:56
4063;PTT_SUBE;508;DEMETEVLER MÜDÜRLÜĞÜ;DEMETEVLER MAHALLESİ İVEDİK CADDE No: 111 A YENİMAHALLE ANKARA;03123461967;6;ANKARA;;;;39.968868;32.787276;08:30-12:30/13:30-17:00;KAPALI;KAPALI;1;2026-09-21 08:29:56
4062;PTT_SUBE;2257;DEMETGÜL  ŞUBESİ;DEMETGÜL MAHALLESİ İVEDİK CADDE No: 83 YENİMAHALLE ANKARA;03123352669;6;ANKARA;;;;39.965016;32.796321;08:30-12:30/13:30-17:00;KAPALI;KAPALI;1;2026-09-21 08:29:56
4061;PTT_SUBE;8349;DENİZ KUVVETLERİ KOMUTANLIĞI ŞUBESİ;YUKARI BAHÇELİEVLER MAHALLESİ İNÖNÜ BULVAR No: 20 ÇANKAYA ANKARA;0;6;ANKARA;;;;39.91678;32.832441;08:30-12:30/13:30-17:00;KAPALI;KAPALI;1;2026-09-21 08:29:56
4060;PTT_SUBE;7699;DEREBOYU  ŞUBESİ;MUTLU MAHALLESİ İMAM ALİM SULTAN CADDE No: 119 A MAMAK ANKARA;03123640020;6;ANKARA;;;;39.911107136;32.894465038;08:30-12:30/13:30-17:00;KAPALI;KAPALI;1;2026-09-21 08:29:56
4059;PTT_SUBE;7076;DIŞKAPI ADLİYE  ŞUBESİ;ZÜBEYDE HANIM MAHALLESİ ETLİK CADDE No: 2 ALTINDAĞ ANKARA;03123122516;6;ANKARA;;;;39.95917;32.84841;08:30-12:30/13:30-17:00;KAPALI;KAPALI;1;2026-09-21 08:29:56
4057;PTT_SUBE;3327;DUA TEPE  ŞUBESİ;FATİH MAHALLESİ BIYIKTAY CADDE No: 39 POLATLI ANKARA;03126220851;6;ANKARA;;;;39.578732;32.133541;08:30-12:30/13:30-17:00;KAPALI;KAPALI;1;2026-09-21 08:29:56
4058;PTT_SUBE;1926;DİKMEN MÜDÜRLÜĞÜ;AYDINLAR MAHALLESİ SOKULLU MEHMETPAŞA CADDE No: 111 A ÇANKAYA ANKARA;03124801988;6;ANKARA;;;;39.882011;32.836138;08:30-12:30/13:30-17:00;KAPALI;KAPALI;1;2026-09-21 08:29:56
4056;PTT_SUBE;5612;ELMADAĞ MÜDÜRLÜĞÜ;YENİCE MAHALLESİ CUMHURİYET. CADDE No: 60 ELMADAĞ ANKARA;03128631001;6;ANKARA;;;;39.917075;33.234116;08:30-12:30;KAPALI;KAPALI;1;2026-09-21 08:29:56
4055;PTT_SUBE;6374;ELVANKENT  MÜDÜRLÜĞÜ;TOPÇU MAHALLESİ 1512 CADDE No: 54 A ETİMESGUT ANKARA;03122607311;6;ANKARA;;;;39.95428;32.618315;08:30-12:30/13:30-17:00;KAPALI;KAPALI;1;2026-09-21 08:29:56
4054;PTT_SUBE;7041;EMEK  ŞUBE ŞEFLİĞİ;EMEK MAHALLESİ 7 CADDE No: 6 A ÇANKAYA ANKARA;03122229360;6;ANKARA;;;;39.921479;32.816553;08:30-12:30/13:30-17:00;KAPALI;KAPALI;1;2026-09-21 08:29:56
4053;PTT_SUBE;6780;EMNİYET GENEL MÜDÜRLÜĞÜ  ŞUBESİ;AYRANCI MAHALLESİ DİKMEN CADDE No: 11 Y ÇANKAYA ANKARA;03124680960;6;ANKARA;;;;39.899699;32.844179;09:00-12:30/13:30-17:30;KAPALI;KAPALI;1;2026-09-21 08:29:56
4052;PTT_SUBE;7045;EMNİYET MÜDÜRLÜĞÜ  ŞUBESİ;GAZİ MAHALLESİ MEVLANA BULVAR No: 2  /2- YENİMAHALLE ANKARA;03123846113;6;ANKARA;;;;39.951965;32.831901;08:00-13:00/14:00-16:30;KAPALI;KAPALI;1;2026-09-21 08:29:56
4051;PTT_SUBE;6856;ENERJİ PİYASASI DÜZENLEME KURUMU  ŞUBESİ;MUSTAFA KEMAL MAHALLESİ 2079 CADDE No: 5 ÇANKAYA ANKARA;03122869638;6;ANKARA;;;;39.910811;32.742759;08:30-12:30/13:30-17:00;KAPALI;KAPALI;1;2026-09-21 08:29:56
4050;PTT_SUBE;7617;ENERJİ VE TABİ KAYNAKLAR BAKANLIĞI  ŞUBESİ;NASUH AKAR MAHALLESİ TÜRKOCAĞI CADDE No: 2 ÇANKAYA ANKARA;03122120657;6;ANKARA;;;;39.905794;32.82287;08:30-12:30/13:30-17:00;KAPALI;KAPALI;1;2026-09-21 08:29:56
4049;PTT_SUBE;1930;ERYAMAN EVLERİ  ŞUBESİ;ERYAMAN MAHALLESİ 285 SOKAK No: 3 ETİMESGUT ANKARA;03122823131;6;ANKARA;;;;39.973873758;32.622906558;08:30-12:30/13:30-17:00;KAPALI;KAPALI;1;2026-09-21 08:29:56
4048;PTT_SUBE;6421;ERYAMAN MÜDÜRLÜĞÜ;ALTAY MAHALLESİ ORHAN BEY CADDE No: 5 B ETİMESGUT ANKARA;03122807213;6;ANKARA;;;;39.968646;32.635653;08:30-12:30;KAPALI;KAPALI;1;2026-09-21 08:29:56
4047;PTT_SUBE;647;ESENKÖY  ŞUBESİ;KARAPÜRÇEK MAHALLESİ 283 SOKAK No: 1 C ALTINDAĞ ANKARA;03123759145;6;ANKARA;;;;39.966743;32.981169;08:30-12:30/13:30-17:00;KAPALI;KAPALI;1;2026-09-21 08:29:56
4046;PTT_SUBE;8574;ESENLER ŞUBE ŞEFLİĞİ;ANDİÇEN MAHALLESİ HÜRRİYET. CADDE No: 36 A SİNCAN ANKARA;0;6;ANKARA;;;;39.95388756;32.59060959;08:30-12:30/13:30-17:00;KAPALI;KAPALI;1;2026-09-21 08:29:56
4045;PTT_SUBE;500;ESERTEPE  ŞUBESİ;YAYLA MAHALLESİ PORSUK CADDE No: 5 C KEÇİÖREN ANKARA;03123782422;6;ANKARA;;;;39.991665;32.831588;08:30-12:30/13:30-17:00;KAPALI;KAPALI;1;2026-09-21 08:29:56
4041;PTT_SUBE;867;ETLİK MÜDÜRLÜĞÜ;AŞAĞI EĞLENCE MAHALLESİ MİMARLAR SOKAK No: 13 B KEÇİÖREN ANKARA;03123212127;6;ANKARA;;;;39.97427;32.84022;08:30-12:30/13:30-17:00;KAPALI;KAPALI;1;2026-09-21 08:29:56
4043;PTT_SUBE;6427;ETİMESGUT MÜDÜRLÜĞÜ;İSTASYON MAHALLESİ OR SOKAK No: 1 ETİMESGUT ANKARA;03122440918;6;ANKARA;;;;39.947195;32.669311;08:30-12:30/13:30-17:00;KAPALI;KAPALI;1;2026-09-21 08:29:56
4042;PTT_SUBE;5417;ETİMESGUT POSTA DAĞITIM   MÜDÜRLÜĞÜ;PİYADE MAHALLESİ İSTASYON CADDE No: 191 ETİMESGUT ANKARA;03122269363;6;ANKARA;;;;39.95257;32.640817;08:30-12:30;08:30-12:30;KAPALI;1;2026-09-21 08:29:56
4040;PTT_SUBE;7073;EVREN  ŞUBESİ;YENİ MAHALLESİ CUMHURİYET CADDE No: 95 EVREN ANKARA;03128935100;6;ANKARA;;;;39.023541;33.807359;08:30-12:30/13:30-17:00;KAPALI;KAPALI;1;2026-09-21 08:29:56
4044;PTT_SUBE;5694;EŞREF BİTLİS  ŞUBESİ;IŞINLAR MAHALLESİ EŞREF BİTLİS CADDE No: 8 YENİMAHALLE ANKARA;03123271753;6;ANKARA;;;;39.95717;32.822735;08:30-12:30/13:30-17:00;KAPALI;KAPALI;1;2026-09-21 08:29:56
4039;PTT_SUBE;6923;FAHRİ KORTÜRK  ŞUBESİ;FAHRİ KORUTÜRK MAHALLESİ SELAHATTİN ECEVİT SOKAK No: 2 B MAMAK ANKARA;03123901835;6;ANKARA;;;;39.903803449;32.926222101;08:30-12:30/13:30-17:00;KAPALI;KAPALI;1;2026-09-21 08:29:56
4038;PTT_SUBE;344;GAZİ HASTANESİ  ŞUBESİ;EMNİYET MAHALLESİ MEVLANA BULVAR No: 29 - YENİMAHALLE ANKARA;03122132132;6;ANKARA;;;;39.943042;32.827868;08:30-12:30/13:30-17:00;KAPALI;KAPALI;1;2026-09-21 08:29:56
4037;PTT_SUBE;317;GAZİ MAHALLESİ  ŞUBESİ;GAZİ MAHALLESİ ÇELMEN SOKAK No: 3 B YENİMAHALLE ANKARA;03123333861;6;ANKARA;;;;39.943210361;32.813222658;08:30-12:30/13:30-17:00;KAPALI;KAPALI;1;2026-09-21 08:29:56
4036;PTT_SUBE;7571;GAZİOSMANPAŞA  ŞUBESİ;GAZİ OSMANPAŞA MAHALLESİ AKÇA CADDE No: 30 A SİNCAN ANKARA;00000000000;6;ANKARA;;;;39.996773;32.579123;08:30-12:30/13:30-17:00;KAPALI;KAPALI;1;2026-09-21 08:29:56
4035;PTT_SUBE;3355;GENELKURMAY  ŞUBESİ;DEVLET MAHALLESİ YAHYA GALİP CADDE No: 1 ÇANKAYA ANKARA;03124185663;6;ANKARA;;;;39.917074;32.84924;08:30-12:30/13:30-17:30;KAPALI;KAPALI;1;2026-09-21 08:29:56
4034;PTT_SUBE;7035;GER-SAN  ŞUBESİ;BATI SİTESİ MAHALLESİ 2308 CADDE No: 32 A YENİMAHALLE ANKARA;03122565616;6;ANKARA;;;;39.955715;32.69646;08:30-12:30/13:30-17:00;KAPALI;KAPALI;1;2026-09-21 08:29:56
4032;PTT_SUBE;1262;GÖLBAŞI  MÜDÜRLÜĞÜ;GAZİOSMANPAŞA MAHALLESİ ANKARA CADDE No: 120 A GÖLBAŞI ANKARA;03124843435;6;ANKARA;;;;39.789310522;32.805131355;08:30-12:30/13:30-17:00;KAPALI;KAPALI;1;2026-09-21 08:29:56
4031;PTT_SUBE;6382;GÖLBAŞI SEĞMENLER  ŞUBESİ;ŞAFAK MAHALLESİ ŞEHİT OĞUZ KAĞAN USTA CADDE No: 13 B GÖLBAŞI ANKARA;03124842085;6;ANKARA;;;;39.796897;32.80888;08:30-12:30/13:30-17:00;KAPALI;KAPALI;1;2026-09-21 08:29:56
4029;PTT_SUBE;528;GÜDÜL MÜDÜRLÜĞÜ;YUKARI MAHALLESİ ORDU CADDE No: 2 GÜDÜL ANKARA;03127281351;6;ANKARA;;;;40.211177019;32.244981308;08:30-12:30;KAPALI;KAPALI;1;2026-09-21 08:29:56
4028;PTT_SUBE;495;GÜLHANE HASTANESİ  ŞUBESİ;AŞAĞI EĞLENCE MAHALLESİ GENERAL DR.TEVFİK SAĞLAM CADDE No: 1 - KEÇİÖREN ANKARA;03123262823;6;ANKARA;;;;39.967962;32.838614;08:00-12:00/13:00-16:30;KAPALI;KAPALI;1;2026-09-21 08:29:56
4027;PTT_SUBE;7237;GÜLPINAR  ŞUBESİ;YILDIZTEPE MAHALLESİ CELAL ESAT ARSEVEN CADDE No: 179 - ALTINDAĞ ANKARA;03123388772;6;ANKARA;;;;39.972658983;32.905041965;08:30-12:30/13:30-17:00;KAPALI;KAPALI;1;2026-09-21 08:29:56
4026;PTT_SUBE;6895;GÜLVEREN  ŞUBESİ;GÜLVEREN MAHALLESİ ABDÜLHAKHAMİT CADDE No: 6 B MAMAK ANKARA;03123203472;6;ANKARA;;;;39.944175;32.891973;08:30-12:30/13:30-17:00;KAPALI;KAPALI;1;2026-09-21 08:29:56
4025;PTT_SUBE;8584;GÜMRÜK KARGO ŞUBESİ;IŞINLAR MAHALLESİ EŞREF BİTLİS CADDE No:8 YENİMAHALLE ANKARA;00000000000;6;ANKARA;;;;39.956988;32.822919;08:30-12:30 / 13:30-17:00;KAPALI;KAPALI;1;2026-09-21 08:29:56
4030;PTT_SUBE;546;GÜÇLÜKAYA  ŞUBESİ;GÜÇLÜKAYA MAHALLESİ CUMHURİYET CADDE No: 1 KEÇİÖREN ANKARA;03123600059;6;ANKARA;;;;39.97862;32.86792;08:30-12:00/13:00-17:00;KAPALI;KAPALI;1;2026-09-21 08:29:56
4033;PTT_SUBE;6804;GİMAT  ŞUBESİ;MACUN MAHALLESİ 190 CADDE No: 372 YENİMAHALLE ANKARA;03123974146;6;ANKARA;;;;39.957455;32.766965;08:30-12:30/13:30-17:00;KAPALI;KAPALI;1;2026-09-21 08:29:56
4024;PTT_SUBE;1970;HACETTEPE HASTANESİ   ŞUBESİ;HACETTEPE MAHALLESİ A.ADNAN SAYGUN CADDE No: 4 - ALTINDAĞ ANKARA;03123125506;6;ANKARA;;;;39.932038299;32.862569579;08:30-12:30/13:30-17:00;KAPALI;KAPALI;1;2026-09-21 08:29:56
4023;PTT_SUBE;8201;HACI BAYRAM  ŞUBESİ;HACI BAYRAM MAHALLESİ AKŞEMSEDDİN SOKAK No: 13 - ALTINDAĞ ANKARA;03123107130;6;ANKARA;;;;39.944958;32.858279;08:30-12:30/13:30-17:00;KAPALI;KAPALI;1;2026-09-21 08:29:56
4022;PTT_SUBE;1519;HACIKARA  ŞUBESİ;HACIKARA MAHALLESİ KANTAR SOKAK No: 22 BEYPAZARI ANKARA;03127632214;6;ANKARA;;;;40.15316235;31.912704029;08:30-12:30/13:30-17:00;KAPALI;KAPALI;1;2026-09-21 08:29:56
4021;PTT_SUBE;7524;HAKİMLER VE SAVCILAR KURULU  ŞUBESİ;EMNİYET MAHALLESİ MEVLANA BULVAR No: 36 - YENİMAHALLE ANKARA;03122221750;6;ANKARA;;;;39.931488439;32.819375655;08:30-12:30/13:30-17:00;KAPALI;KAPALI;1;2026-09-21 08:29:56
4020;PTT_SUBE;8130;HAMAMÖNÜ  ŞUBESİ;HACETTEPE MAHALLESİ HAMAMÖNÜ SOKAK No: 28  D- ALTINDAĞ ANKARA;03123102846;6;ANKARA;;;;39.933308457;32.865953168;08:30-12:30/13:30-17:00;KAPALI;KAPALI;1;2026-09-21 08:29:56
4019;PTT_SUBE;1036;HASANOĞLAN  MÜDÜRLÜĞÜ;İSTASYON MAHALLESİ MENDERES BULVAR No: 39 C ELMADAĞ ANKARA;03128661001;6;ANKARA;;;;39.99596202;33.17872608;08:30-12:30;KAPALI;KAPALI;1;2026-09-21 08:29:56
4018;PTT_SUBE;3359;HAVA KUVETTELERİ KOMUTANLIĞI   ŞUBESİ;DEVLET MAHALLESİ İNÖNÜ BULVAR No: 1 - ÇANKAYA ANKARA;03124189936;6;ANKARA;;;;39.91483;32.85234;09:00-12:30/13:30-18:00;KAPALI;KAPALI;1;2026-09-21 08:29:56
4017;PTT_SUBE;7284;HAVAALANI POSTA İRTİBAT  ŞUBESİ;BALIKHİSAR MAHALLESİ ÖZAL BULVAR No: 13 - AKYURT ANKARA;03120000000;6;ANKARA;;;;40.08890304;32.97408408;00:00-00:00/00:00-00:00;KAPALI;KAPALI;1;2026-09-21 08:29:56
4016;PTT_SUBE;8000;HAVALİMANI  ŞUBESİ;ESENBOĞA MERKEZ MAHALLESİ ÖZAL BULVAR No: 325 /3 ÇUBUK ANKARA;03123982421;6;ANKARA;;;;40.114642511;32.992898225;08:30-12:30/13:30-17:00;KAPALI;KAPALI;1;2026-09-21 08:29:56
4015;PTT_SUBE;267;HAYMANA MÜDÜRLÜĞÜ;KAYABAŞI MAHALLESİ GAZETECİ SELAHATTİN DUMAN CADDE No: 2 H HAYMANA ANKARA;03126581515;6;ANKARA;;;;39.43281;32.4963;08:30-12:30;KAPALI;KAPALI;1;2026-09-21 08:29:56
4014;PTT_SUBE;672;HÜSEYİNGAZİ MÜDÜRLÜĞÜ;BATTALGAZİ MAHALLESİ ORHAN KEMAL CADDE No: 146 ALTINDAĞ ANKARA;03123755282;6;ANKARA;;;;39.967243;32.944418;08:30-12:30/13:30-17:00;KAPALI;KAPALI;1;2026-09-21 08:29:56
4007;PTT_SUBE;3433;JANDARMA SAHİL GÜVENLİK AKADEMİSİ BŞK.ŞB. ŞUBESİ;AHLATLIBEL MAHALLESİ İNCEK ŞEHİT SAVCI MEHMET SELİM KİRAZ BULVAR No: 14 /24 ÇANKAYA ANKARA;03124981106;6;ANKARA;;;;39.836089;32.757432;08:30-12:30/13:30-17:00;KAPALI;KAPALI;1;2026-09-21 08:29:56
4006;PTT_SUBE;826;KAFKAS   ŞUBESİ;KAFKAS MAHALLESİ BAĞLUM BULVAR No: 92 E KEÇİÖREN ANKARA;03123296498;6;ANKARA;;;;40.035601771;32.85215541;08:30-12:30/13:30-17:00;KAPALI;KAPALI;1;2026-09-21 08:29:56
4005;PTT_SUBE;457;KAHRAMANKAZAN  MÜDÜRLÜĞÜ;ATATÜRK MAHALLESİ ANKARA BULVAR No: 117 KAHRAMANKAZAN ANKARA;03128141100;6;ANKARA;;;;40.20758;32.680678;08:30-12:30/13:30-17:00;KAPALI;KAPALI;1;2026-09-21 08:29:56
4004;PTT_SUBE;3312;KAHRAMANLAR  ŞUBESİ;ÜNİVERSİTELER MAHALLESİ TSK REH. VE BAK.MERKEZİ. KÜME EVLER No: 1 ÇANKAYA ANKARA;03122666493;6;ANKARA;;;;39.896485265;32.759685516;08:00-12:00/13:00-16:30;KAPALI;KAPALI;1;2026-09-21 08:29:56
4003;PTT_SUBE;7766;KALECİK  ŞUBESİ;CUMA SARAY MAHALLESİ HÜSEYİN SAĞIRKAYA BULVAR No: 14 A KALECİK ANKARA;03128571313;6;ANKARA;;;;40.099164868;33.408661687;08:30-12:30/13:30-17:00;KAPALI;KAPALI;1;2026-09-21 08:29:56
4002;PTT_SUBE;6862;KALETEPE  ŞUBESİ;KALETEPE MAHALLESİ ÜNSAL CADDE No: 3 YENİMAHALLE ANKARA;03123370937;6;ANKARA;;;;39.982756;32.792819;08:30-12:30/13:30-17:00;KAPALI;KAPALI;1;2026-09-21 08:29:56
4001;PTT_SUBE;819;KANUNİ   ŞUBESİ;KANUNİ MAHALLESİ OSMANGAZİ CADDE No: 107 A KEÇİÖREN ANKARA;03125802756;6;ANKARA;;;;40.02148;32.85899;08:30-12:30/13:30-17:00;KAPALI;KAPALI;1;2026-09-21 08:29:56
4000;PTT_SUBE;6781;KARA HARP OKULU  ŞUBESİ;DEVLET MAHALLESİ HARP OKULU CADDE No: 2 ÇANKAYA ANKARA;03124181871;6;ANKARA;;;;39.909325455;32.845706416;08:30-17:00/08:30-17:00;KAPALI;KAPALI;1;2026-09-21 08:29:56
3999;PTT_SUBE;370;KARAAĞAÇ  ŞUBESİ;KARAAĞAÇ MAHALLESİ GAZNELİ MAHMUT CADDE No: 42 C MAMAK ANKARA;03123690597;6;ANKARA;;;;39.943205354;32.922945873;08:30-12:30/13:30-17:00;KAPALI;KAPALI;1;2026-09-21 08:29:56
3998;PTT_SUBE;5426;KARACAÖREN  ŞUBESİ;KARACAÖREN MAHALLESİ 2100 CADDE No: 1 ALTINDAĞ ANKARA;03125285090;6;ANKARA;;;;40.023519;32.919736;08:30-12:30/13:30-17:00;KAPALI;KAPALI;1;2026-09-21 08:29:56
3997;PTT_SUBE;644;KARAPÜRÇEK  ŞUBESİ;KARAPÜRÇEK MAHALLESİ ŞEHİT EYÜP ÖKSÜZ CADDE No: 17 C ALTINDAĞ ANKARA;03123771104;6;ANKARA;;;;39.972676;32.967392;08:30-12:30/13:30-17:00;KAPALI;KAPALI;1;2026-09-21 08:29:56
3996;PTT_SUBE;6816;KAVAKLIDERE  ŞUBESİ;GÜVENEVLER MAHALLESİ ALAÇAM SOKAK No: 1 ÇANKAYA ANKARA;03124284265;6;ANKARA;;;;39.895791;32.857188;08:30-12:30/13:30-17:00;KAPALI;KAPALI;1;2026-09-21 08:29:56
3995;PTT_SUBE;6783;KAYAŞ  ŞUBESİ;KAYAŞ MAHALLESİ KAYAŞ CADDE No: 61 MAMAK ANKARA;03123722736;6;ANKARA;;;;39.914736;32.964817;08:30-12:30/13:30-17:00;KAPALI;KAPALI;1;2026-09-21 08:29:56
3992;PTT_SUBE;2115;KEKLİKPINARI  ŞUBESİ;KARAPINAR MAHALLESİ DİKMEN CADDE No: 422 A ÇANKAYA ANKARA;03124769370;6;ANKARA;;;;39.866711;32.820488;08:30-12:30/13:30-17:00;KAPALI;KAPALI;1;2026-09-21 08:29:56
3994;PTT_SUBE;385;KEÇİÖREN MÜDÜRLÜĞÜ;ŞENLİK MAHALLESİ ÜRGÜP SOKAK No: 31 A KEÇİÖREN ANKARA;03123551331;6;ANKARA;;;;39.998113;32.863708;08:30-12:30;KAPALI;KAPALI;1;2026-09-21 08:29:56
3993;PTT_SUBE;413;KEÇİÖREN POSTA DAĞITIM  MÜDÜRLÜĞÜ;IŞINLAR MAHALLESİ EŞREF BİTLİS CADDE No: 8 YENİMAHALLE ANKARA;03123075365;6;ANKARA;;;;39.95717;32.822735;08:30-12:30/13:30-17:30;08:30-12:30/13:30-17:30;KAPALI;1;2026-09-21 08:29:56
3991;PTT_SUBE;6921;KIBRIS MAHALLESİ  ŞUBESİ;KIBRISKÖY MAHALLESİ KIBRIS KÖYÜ CADDE No: 77 MAMAK ANKARA;03123742266;6;ANKARA;;;;39.877156;33.004022;08:30-12:30/13:30-17:00;KAPALI;KAPALI;1;2026-09-21 08:29:56
3990;PTT_SUBE;937;KIZILAY MÜDÜRLÜĞÜ;KIZILAY MAHALLESİ GAZİ MUSTAFA KEMAL BULVAR No: 6 ÇANKAYA ANKARA;03124185952;6;ANKARA;;;;39.921445;32.852519;08:30-12:30/13:30-17:00;KAPALI;KAPALI;1;2026-09-21 08:29:56
3989;PTT_SUBE;272;KIZILCAHAMAM MÜDÜRLÜĞÜ;KARŞIYAKA MAHALLESİ ANKARA CADDE No: 22 - KIZILCAHAMAM ANKARA;03127361001;6;ANKARA;;;;40.470243;32.648668;08:30-12:30;KAPALI;KAPALI;1;2026-09-21 08:29:56
3988;PTT_SUBE;864;KUŞÇAĞIZ   ŞUBESİ;KUŞCAĞIZ MAHALLESİ KARTALTEPE CADDE No: 50 A KEÇİÖREN ANKARA;03123558055;6;ANKARA;;;;39.999006;32.85217;08:30-12:30/13:30-17:00;KAPALI;KAPALI;1;2026-09-21 08:29:56
3987;PTT_SUBE;7209;KÜÇÜKESAT  ŞUBESİ;TINAZTEPE MAHALLESİ TUNALI HİLMİ CADDE No: 23 ÇANKAYA ANKARA;03124173303;6;ANKARA;;;;39.913371;32.862643;08:30-12:30/13:30-17:00;KAPALI;KAPALI;1;2026-09-21 08:29:56
3986;PTT_SUBE;7986;KÜÇÜKKAYAŞ  ŞUBESİ;KÜÇÜK KAYAŞ MAHALLESİ ŞEHİT HANİFİ MUTLU CADDE No: 18 B MAMAK ANKARA;03122171025;6;ANKARA;;;;39.907026;32.970557;08:30-12:30/13:30-17:00;KAPALI;KAPALI;1;2026-09-21 08:29:56
3985;PTT_SUBE;525;LALEGÜL  ŞUBESİ;DEMETLALE MAHALLESİ BAĞDAT CADDE No: 38 B YENİMAHALLE ANKARA;03123365777;6;ANKARA;;;;39.958701;32.788263;08:30-12:30/13:30-17:00;KAPALI;KAPALI;1;2026-09-21 08:29:56
3984;PTT_SUBE;1469;M.T.A.  ŞUBESİ;ÇUKURAMBAR MAHALLESİ DUMLUPINAR BULVAR No: 11 ÇANKAYA ANKARA;03122878928;6;ANKARA;;;;39.908766952;32.792014831;08:30-12:30/13:30-17:00;KAPALI;KAPALI;1;2026-09-21 08:29:56
3982;PTT_SUBE;297;MALTEPE MÜDÜRLÜĞÜ;ANITTEPE MAHALLESİ GAZİ MUSTAFA KEMAL BULVAR No: 129 ÇANKAYA ANKARA;03122294117;6;ANKARA;;;;39.932919;32.840884;08:30-12:30/13:30-17:00;KAPALI;KAPALI;1;2026-09-21 08:29:56
3983;PTT_SUBE;6782;MALİYE BAKANLIĞI  ŞUBESİ;DEVLET MAHALLESİ DİKMEN CADDE No: 12 ÇANKAYA ANKARA;03124190128;6;ANKARA;;;;39.910375;32.846557;08:30-17:00/08:30-17:00;KAPALI;KAPALI;1;2026-09-21 08:29:56
3981;PTT_SUBE;287;MAMAK MÜDÜRLÜĞÜ;HÜSEYİNGAZİ MAHALLESİ MAMAK CADDE No: 183 A MAMAK ANKARA;03123687719;6;ANKARA;;;;39.931486;32.912759;08:30-12:30/13:30-17:00;KAPALI;KAPALI;1;2026-09-21 08:29:56
3980;PTT_SUBE;1079;MAMAK POSTA DAĞITIM MÜDÜRLÜĞÜ;GÜLTEPE MAHALLESİ BABÜR CADDE No: 40 ALTINDAĞ ANKARA;03123474820;6;ANKARA;;;;39.952493;32.877806;08:30-12:30;08:30-12:30;KAPALI;1;2026-09-21 08:29:56
3979;PTT_SUBE;1040;MENDERES  ŞUBESİ;HASANOĞLAN BAHÇELİEVLER MAHALLESİ ATEŞ SOKAK No: 2 ELMADAĞ ANKARA;03128661190;6;ANKARA;;;;39.97840306;33.16620235;08:30-12:30/13:30-17:00;KAPALI;KAPALI;1;2026-09-21 08:29:56
3978;PTT_SUBE;7036;METRO  ŞUBESİ;İLKYERLEŞİM MAHALLESİ BAŞKENT BULVAR No: 204 A YENİMAHALLE ANKARA;03123547542;6;ANKARA;;;;39.969419;32.726688;08:30-12:30/13:30-17:00;KAPALI;KAPALI;1;2026-09-21 08:29:56
3976;PTT_SUBE;6354;MUSTAFA KEMAL  MÜDÜRLÜĞÜ;MUSTAFA KEMAL MAHALLESİ 2156 SOKAK No: 14 A ÇANKAYA ANKARA;03122195526;6;ANKARA;;;;39.91156;32.773103;08:30-12:30/13:30-17:00;KAPALI;KAPALI;1;2026-09-21 08:29:56
3975;PTT_SUBE;688;MUTLU  ŞUBESİ;KUTLU MAHALLESİ MUTLU CADDE No: 6 MAMAK ANKARA;03125640594;6;ANKARA;;;;39.916609;32.90075;08:30-12:30/13:30-17:00;KAPALI;KAPALI;1;2026-09-21 08:29:56
3977;PTT_SUBE;325;MİSKET MAHALLESİ   ŞUBESİ;MİSKET MAHALLESİ GAMZE ÖZDEMİR CADDE No: 15 B MAMAK ANKARA;03123690248;6;ANKARA;;;;39.923645;32.916682;KAPALI;KAPALI;KAPALI;1;2026-09-21 08:29:56
3974;PTT_SUBE;2124;NALLIHAN MÜDÜRLÜĞÜ;ALİAĞA MAHALLESİ İSTANBUL CADDE No: 6 NALLIHAN ANKARA;03127851718;6;ANKARA;;;;40.188332274;31.351494228;08:30-12:30/13:30-17:00;KAPALI;KAPALI;1;2026-09-21 08:29:56
3973;PTT_SUBE;6381;NATOYOLU MÜDÜRLÜĞÜ;CENGİZHAN MAHALLESİ SULTAN FATİH CADDE No: 5 A MAMAK ANKARA;03125571708;6;ANKARA;;;;39.896596;32.922894;08:30-12:30;KAPALI;KAPALI;1;2026-09-21 08:29:56
3972;PTT_SUBE;6204;NECİP FAZIL  ŞUBESİ;29 EKİM MAHALLESİ 818 CADDE No: 1 A SİNCAN ANKARA;03122774076;6;ANKARA;;;;40.008171;32.534887;08:30-12:30/13:30-17:30;KAPALI;KAPALI;1;2026-09-21 08:29:56
3971;PTT_SUBE;7282;NÜFUS VE VATANDAŞLIK İŞLERİ  ŞUBE ŞEFLİĞİ;DEMETLALE MAHALLESİ 408 CADDE No: 134 YENİMAHALLE ANKARA;03120000000;6;ANKARA;;;;39.958411;32.790051;08:30-12:30/13:30-17:00;KAPALI;KAPALI;1;2026-09-21 08:29:56
3970;PTT_SUBE;6868;ODTÜ  ŞUBESİ;ÜNİVERSİTELER MAHALLESİ DUMLUPINAR BULVAR No: 54 - ÇANKAYA ANKARA;03122101192;6;ANKARA;;;;39.891832741;32.789678911;08:30-12:30/13:30-17:00;KAPALI;KAPALI;1;2026-09-21 08:29:56
3969;PTT_SUBE;6870;ORGANİZE SANAYİ  ŞUBESİ;AHİ EVRAN OSB MAHALLESİ A.S.O. BULVAR No: 5 SİNCAN ANKARA;03122670318;6;ANKARA;;;;39.981230449;32.556252427;08:30-12:30/13:30-17:00;KAPALI;KAPALI;1;2026-09-21 08:29:56
3968;PTT_SUBE;7052;OSTİM  ŞUBESİ;OSTİM OSB MAHALLESİ ALINTERİ BULVAR No: 62  A- YENİMAHALLE ANKARA;03123543300;6;ANKARA;;;;39.97126;32.745521;08:30-12:30/13:30-17:00;KAPALI;KAPALI;1;2026-09-21 08:29:56
3966;PTT_SUBE;6860;PAMUKLAR  ŞUBESİ;PAMUKLAR MAHALLESİ YOLAĞZI SOKAK No: 2 B YENİMAHALLE ANKARA;03123152108;6;ANKARA;;;;39.981779;32.805814;08:30-12:30/13:30-17:00;KAPALI;KAPALI;1;2026-09-21 08:29:56
3965;PTT_SUBE;756;PAZARYERİ  ŞUBESİ;CAMİATİK MAHALLESİ CUMHURİYET MEYDAN No: 10 E AYAŞ ANKARA;03127121424;6;ANKARA;;;;40.015369666;32.333044757;08:30-12:30/13:30-17:00;KAPALI;KAPALI;1;2026-09-21 08:29:56
3964;PTT_SUBE;6195;PETEK  ŞUBESİ;KIRKKONAKLAR MAHALLESİ 316 CADDE No: 22 A ÇANKAYA ANKARA;03124951256;6;ANKARA;;;;39.887381;32.889466;08:30-12:30/13:30-17:00;KAPALI;KAPALI;1;2026-09-21 08:29:56
3963;PTT_SUBE;8576;PINARBAŞI ŞUBESİ;MALAZGİRT MAHALLESİ MERAL CADDE No: 25 SİNCAN ANKARA;0;6;ANKARA;;;;39.95367;32.570148;08:30-12:30/13:30-17:00;KAPALI;KAPALI;1;2026-09-21 08:29:56
3961;PTT_SUBE;3187;PLEVNE (İSTASYON)   ŞUBESİ;PLEVNE MAHALLESİ SELVİ. CADDE No: 10 SİNCAN ANKARA;03122764338;6;ANKARA;;;;39.96383;32.59688;08:30-12:30/13:30-17:00;KAPALI;KAPALI;1;2026-09-21 08:29:56
3960;PTT_SUBE;3290;POLATLI MÜDÜRLÜĞÜ;CUMHURİYET MAHALLESİ ATATÜRK CADDE No: 49 POLATLI ANKARA;03126239090;6;ANKARA;;;;39.584487;32.141277;08:30-12:30/13:30-17:00;KAPALI;KAPALI;1;2026-09-21 08:29:56
3959;PTT_SUBE;5439;PURSAKLAR MÜDÜRLÜĞÜ;FATİH MAHALLESİ YAVUZ BULVAR No: 28 PURSAKLAR ANKARA;03125270354;6;ANKARA;;;;40.043559;32.902422;08:30-12:30;KAPALI;KAPALI;1;2026-09-21 08:29:56
3958;PTT_SUBE;5461;PURSAKLAR SANAYİ SİTESİ  ŞUBESİ;KARACAÖREN MAHALLESİ KARLI CADDE No: 17 ALTINDAĞ ANKARA;03125282500;6;ANKARA;;;;40.037806;32.926334;08:30-12:30/13:30-17:00;KAPALI;KAPALI;1;2026-09-21 08:29:56
3962;PTT_SUBE;7281;PİYADE MAHALLESİ  ŞUBESİ;PİYADE MAHALLESİ İSTASYON CADDE No: 189 ETİMESGUT ANKARA;03122269363;6;ANKARA;;;;39.952603;32.6412;08:30-12:30/13:30-17:00;KAPALI;KAPALI;1;2026-09-21 08:29:56
3957;PTT_SUBE;225;RÜZGARLI MÜDÜRLÜĞÜ;HACI BAYRAM MAHALLESİ RÜZGARLI CADDE No: 24 ALTINDAĞ ANKARA;03123116288;6;ANKARA;;;;39.942824;32.850105;08:30-12:30/13:30-17:00;KAPALI;KAPALI;1;2026-09-21 08:29:56
3955;PTT_SUBE;1885;SAMANPAZARI MÜDÜRLÜĞÜ;HACI BAYRAM MAHALLESİ ANAFARTALAR CADDE No: 98 ALTINDAĞ ANKARA;03123125539;6;ANKARA;;;;39.935046211;32.861780373;08:30-12:30/13:30-17:00;KAPALI;KAPALI;1;2026-09-21 08:29:56
3954;PTT_SUBE;6541;SANAYİ VE TEKNOLOJİ BAKANLIĞI  ŞUBESİ;MUSTAFA KEMAL MAHALLESİ DUMLUPINAR BULVAR No: 154 A ÇANKAYA ANKARA;03122194455;6;ANKARA;;;;39.909243;32.779811;08:30-12:30/13:30-17:00;KAPALI;KAPALI;1;2026-09-21 08:29:56
3953;PTT_SUBE;7879;SARAY  ŞUBESİ;SARAY MAHALLESİ FATİH SULTAN MEHMET BULVAR No: 380 G-1 KAHRAMANKAZAN ANKARA;03128154488;6;ANKARA;;;;40.057302;32.625131;08:30-12:30/13:30-17:00;KAPALI;KAPALI;1;2026-09-21 08:29:56
3952;PTT_SUBE;5415;SARAYKÖY  ŞUBESİ;SARAY CUMHURİYET MAHALLESİ BELEDİYE. CADDE No: 4 C PURSAKLAR ANKARA;03123993806;6;ANKARA;;;;40.068467;32.921534;08:30-12:30/13:30-17:00;KAPALI;KAPALI;1;2026-09-21 08:29:56
3951;PTT_SUBE;1611;SAYIŞTAY  ŞUBESİ;BALGAT MAHALLESİ İNÖNÜ BULVAR No: 45 ÇANKAYA ANKARA;03122841719;6;ANKARA;;;;39.913974;32.822127;08:30-13:30/13:30-17:00;KAPALI;KAPALI;1;2026-09-21 08:29:56
3956;PTT_SUBE;439;SAĞLIK BAKANLIĞI  ŞUBESİ;ÜNİVERSİTELER MAHALLESİ 6001 CADDE No: 3 - ÇANKAYA ANKARA;03125145824;6;ANKARA;;;;39.902266671;32.75139704;09:00-12:30/13:30-17:30;KAPALI;KAPALI;1;2026-09-21 08:29:56
3950;PTT_SUBE;8006;SELÇUKLU  ŞUBESİ;YEŞİLEVLER MAHALLESİ 917 CADDE No: 56 YENİMAHALLE ANKARA;03123348781;6;ANKARA;;;;39.975506;32.787561;08:30-12:30/13:30-17:00;KAPALI;KAPALI;1;2026-09-21 08:29:56
3949;PTT_SUBE;301;SIHHİYE  ŞUBESİ;ETİ MAHALLESİ STRAZBURG CADDE No: 16 ÇANKAYA ANKARA;03122296474;6;ANKARA;;;;39.928284;32.851694;08:30-12:30/13:30-17:00;KAPALI;KAPALI;1;2026-09-21 08:29:56
3945;PTT_SUBE;1652;SOSYAL GÜVENLİK KURUMU BAŞKANLIĞI   ŞUBESİ;BALGAT MAHALLESİ ZİYABEY CADDE No: 6 ÇANKAYA ANKARA;03122842301;6;ANKARA;;;;39.912726;32.820889;08:30-12:30/13:30-17:00;KAPALI;KAPALI;1;2026-09-21 08:29:56
3943;PTT_SUBE;7230;SUBAYEVLERİ  ŞUBESİ;KAVACIK SUBAYEVLERİ MAHALLESİ ADİL SOKAK No: 13 A KEÇİÖREN ANKARA;03123177853;6;ANKARA;;;;39.970362;32.870923;08:30-12:30/13:30-17:00;KAPALI;KAPALI;1;2026-09-21 08:29:56
3944;PTT_SUBE;7729;SÖĞÜTÖZÜ ADLİYE  ŞUBESİ;SÖĞÜTÖZÜ MAHALLESİ 2181 CADDE No: 2 ÇANKAYA ANKARA;03122196283;6;ANKARA;;;;39.916563;32.786934;08:30-12:30/13:30-17:00;KAPALI;KAPALI;1;2026-09-21 08:29:56
3948;PTT_SUBE;3194;SİNCAN MÜDÜRLÜĞÜ;ATATÜRK MAHALLESİ 4.. SOKAK No: 4 SİNCAN ANKARA;03122701828;6;ANKARA;;;;39.964579043;32.581015163;08:30-12:30/13:30-17:00;KAPALI;KAPALI;1;2026-09-21 08:29:56
3947;PTT_SUBE;6464;SİNCAN POSTA DAĞITIM MÜDÜRLÜĞÜ;GAZİ OSMANPAŞA MAHALLESİ AKÇA CADDE No: 30 A SİNCAN ANKARA;03122735043;6;ANKARA;;;;39.996779;32.579114;08:30-12:30;08:30-12:30;KAPALI;1;2026-09-21 08:29:56
3946;PTT_SUBE;3294;SİTELER PTT MÜDÜRLÜĞÜ;ÖNDER MAHALLESİ KÖYCEĞİZ CADDE No:53 - ALTINDAĞ ANKARA;03123492180;6;ANKARA;;;;39.95870904;32.90468292;08:30-12:30 / 13:30-17:00;KAPALI;KAPALI;1;2026-09-21 08:29:56
3936;PTT_SUBE;475;TAİ ŞUBESİ;AKINCI MAHALLESİ TUSAŞ HAVACILAR KÜME EVLER No: 1 - KAHRAMANKAZAN ANKARA;03128112752;6;ANKARA;;;;40.083144;32.584944;08:30-12:30/13:30-17:00;KAPALI;KAPALI;1;2026-09-21 08:29:56
3935;PTT_SUBE;7100;TBMM  ŞUBE ŞEFLİĞİ;DEVLET MAHALLESİ DİKMEN CADDE No: 1 ÇANKAYA ANKARA;03124207552;6;ANKARA;;;;39.911624;32.851216;08:30-12:30/13:30-17:00;KAPALI;KAPALI;1;2026-09-21 08:29:56
3934;PTT_SUBE;8575;TEMELLİ ŞUBE ŞEFLİĞİ;CUMHURİYET MAHALLESİ HÜRRİYET CADDE No: 4 A SİNCAN ANKARA;0;6;ANKARA;;;;39.72543696;32.35366512;08:30-12:30/13:30-17:00;KAPALI;KAPALI;1;2026-09-21 08:29:56
3933;PTT_SUBE;7328;TEPEBAŞI  ŞUBESİ;TEPEBAŞI MAHALLESİ ÇAYKARA SOKAK No: 5 A KEÇİÖREN ANKARA;03123140023;6;ANKARA;;;;39.985665;32.8632;08:30-12:30/13:30-17:00;KAPALI;KAPALI;1;2026-09-21 08:29:56
3931;PTT_SUBE;7924;TOKİ TURKUAZ  ŞUBESİ;TURKUAZ MAHALLESİ 4313 CADDE No: 2 ETİMESGUT ANKARA;03122990536;6;ANKARA;;;;39.81414204;32.56995888;08:30-12:30/13:30-17:00;KAPALI;KAPALI;1;2026-09-21 08:29:56
3930;PTT_SUBE;3438;TRT GENEL MÜDÜRLÜĞÜ  ŞUBESİ;YUKARI DİKMEN MAHALLESİ TURAN GÜNEŞ BULVAR No: 106 ÇANKAYA ANKARA;03124913404;6;ANKARA;;;;39.862812;32.854044;09:00-13:00/13:30-17:00;KAPALI;KAPALI;1;2026-09-21 08:29:56
3929;PTT_SUBE;7625;TUNUS CADDESİ  ŞUBESİ;REMZİ OĞUZ ARIK MAHALLESİ TUNUS CADDE No: 66 ÇANKAYA ANKARA;03124287895;6;ANKARA;;;;39.905919;32.858902;08:30-12:30/13:30-17:00;KAPALI;KAPALI;1;2026-09-21 08:29:56
3928;PTT_SUBE;3423;TURAN GÜNEŞ  MÜDÜRLÜĞÜ;SANCAK MAHALLESİ TURAN GÜNEŞ BULVAR No: 25 ÇANKAYA ANKARA;03124420573;6;ANKARA;;;;39.874258;32.863085;08:30-12:30/13:30-17:00;KAPALI;KAPALI;1;2026-09-21 08:29:56
3927;PTT_SUBE;7681;TÜRK PATENT  ŞUBESİ;EMNİYET MAHALLESİ HİPODROM CADDE No: 109  E- YENİMAHALLE ANKARA;03123420912;6;ANKARA;;;;39.943535627;32.833868666;08:30-12:30/13:30-17:00;KAPALI;KAPALI;1;2026-09-21 08:29:56
3926;PTT_SUBE;775;TÜRKÖZÜ  ŞUBESİ;AŞIKPAŞA MAHALLESİ ZİYA ORALAY CADDE No: 327 C ÇANKAYA ANKARA;03124467901;6;ANKARA;;;;39.910426;32.880347;08:30-12:30/13:30-17:00;KAPALI;KAPALI;1;2026-09-21 08:29:56
3932;PTT_SUBE;6854;TİCARET BAKANLIĞI  ŞUBESİ;SÖĞÜTÖZÜ MAHALLESİ 2180 CADDE No: 63 ÇANKAYA ANKARA;03122200891;6;ANKARA;;;;39.911401;32.794532;08:30-12:30/13:30-17:00;KAPALI;KAPALI;1;2026-09-21 08:29:56
3925;PTT_SUBE;793;UFUKTEPE MÜDÜRLÜĞÜ;UFUKTEPE MAHALLESİ OSMANGAZİ CADDE No: 23 C KEÇİÖREN ANKARA;03125812690;6;ANKARA;;;;40.00977;32.856945;08:30-12:30;KAPALI;KAPALI;1;2026-09-21 08:29:56
3924;PTT_SUBE;408;ULAŞTIRMA VE ALTYAPI BAKANLIĞI  ŞUBESİ;EMEK MAHALLESİ HAKKI TURAYLİÇ CADDE No: 5 ÇANKAYA ANKARA;03122121419;6;ANKARA;;;;39.916053;32.822584;08:30-12:30/13:30-17:00;KAPALI;KAPALI;1;2026-09-21 08:29:56
3923;PTT_SUBE;6872;ULUBATLI  ŞUBESİ;ULUBATLI HASAN MAHALLESİ GAZİ MUSTAFA KEMAL BULVAR No: 30 SİNCAN ANKARA;03122721290;6;ANKARA;;;;39.990093;32.595373;08:30-12:30/13:30-17:00;KAPALI;KAPALI;1;2026-09-21 08:29:56
3922;PTT_SUBE;262;ULUS MÜDÜRLÜĞÜ;HACI BAYRAM MAHALLESİ ATATÜRK BULVAR No: 7 ALTINDAĞ ANKARA;03123244409;6;ANKARA;;;;39.939754;32.854637;08:30-12:30;KAPALI;KAPALI;1;2026-09-21 08:29:56
3920;PTT_SUBE;7200;VARLIK  ŞUBESİ;VARLIK MAHALLESİ BEYPAZARI CADDE No: 7 B YENİMAHALLE ANKARA;03123414236;6;ANKARA;;;;39.956602;32.833103;08:30-12:30/13:30-17:00;KAPALI;KAPALI;1;2026-09-21 08:29:56
3919;PTT_SUBE;3315;Y.Ö.K.  ŞUBESİ;ÜNİVERSİTELER MAHALLESİ 1600 CADDE No: 10 ÇANKAYA ANKARA;03122664698;6;ANKARA;;;;39.877569;32.761048;08:30-12:30/13:30-17:00;KAPALI;KAPALI;1;2026-09-21 08:29:56
3918;PTT_SUBE;5899;YAKACIK  ŞUBESİ;YAKACIK MAHALLESİ 3585 CADDE No: 75 C YENİMAHALLE ANKARA;03123967901;6;ANKARA;;;;40.041686;32.765238;08:30-12:30/13:30-17:00;KAPALI;KAPALI;1;2026-09-21 08:29:56
3917;PTT_SUBE;7520;YARGITAY  ŞUBE ŞEFLİĞİ;AHLATLIBEL MAHALLESİ İNCEK ŞEHİT SAVCI MEHMET SELİM KİRAZ BULVAR No: 4 ÇANKAYA ANKARA;03128367445;6;ANKARA;;;;39.844796;32.789901;09:00-12:30/13:30-17:30;KAPALI;KAPALI;1;2026-09-21 08:29:56
3915;PTT_SUBE;6873;YAVUZ SULTAN SELİM  ŞUBESİ;TÖREKENT MAHALLESİ 331. SOKAK No: 18 SİNCAN ANKARA;03122671233;6;ANKARA;;;;39.990193877;32.557479737;08:30-12:30/13:30-17:00;KAPALI;KAPALI;1;2026-09-21 08:29:56
3916;PTT_SUBE;7925;YAŞAMKENT  ŞUBESİ;YAŞAMKENT MAHALLESİ 3250 CADDE No: 19 A ÇANKAYA ANKARA;03122170250;6;ANKARA;;;;39.859637005;32.637668191;08:30-12:30/13:30-17:00;KAPALI;KAPALI;1;2026-09-21 08:29:56
3914;PTT_SUBE;1746;YENİKENT  MÜDÜRLÜĞÜ;MUSTAFA KEMAL MAHALLESİ FATİH CADDE No: 23 A SİNCAN ANKARA;03122773462;6;ANKARA;;;;40.003467;32.520231;08:30-12:30/13:30-17:00;KAPALI;KAPALI;1;2026-09-21 08:29:56
3913;PTT_SUBE;3302;YENİMAHALLE MÜDÜRLÜĞÜ;YENİÇAĞ MAHALLESİ RAGIP TÜZÜN CADDE No: 146 YENİMAHALLE ANKARA;03123153575;6;ANKARA;;;;39.966252;32.810446;08:30-12:30/13:30-17:00;KAPALI;KAPALI;1;2026-09-21 08:29:56
3912;PTT_SUBE;569;YENİMAHALLE POSTA DAĞITIM  MÜDÜRLÜĞÜ;IŞINLAR MAHALLESİ EŞREF BİTLİS CADDE No: 8 YENİMAHALLE ANKARA;03123075330;6;ANKARA;;;;39.95717;32.822735;08:30-17:30;08:30-17:30;KAPALI;1;2026-09-21 08:29:56
3911;PTT_SUBE;292;YENİŞEHİR MÜDÜRLÜĞÜ;CUMHURİYET MAHALLESİ MİTHATPAŞA CADDE No: 30 ÇANKAYA ANKARA;03124332020;6;ANKARA;;;;39.922771;32.857233;08:30-12:30/13:30-17:00;KAPALI;KAPALI;1;2026-09-21 08:29:56
3910;PTT_SUBE;6851;YENİŞEHİR SGK  ŞUBESİ;SAĞLIK MAHALLESİ SÜLEYMAN SIRRI CADDE No: 7 ÇANKAYA ANKARA;03124333058;6;ANKARA;;;;39.925533;32.856502;08:30-12:30/13:30-17:00;KAPALI;KAPALI;1;2026-09-21 08:29:56
3909;PTT_SUBE;7093;YEŞİLBAYIR  ŞUBESİ;YEŞİLBAYIR MAHALLESİ SAĞDUYU CADDE No: 37 D MAMAK ANKARA;03123730342;6;ANKARA;;;;39.907525;32.959467;08:30-12:30/13:30-17:00;KAPALI;KAPALI;1;2026-09-21 08:29:56
3908;PTT_SUBE;7231;YEŞİLÖZ  ŞUBESİ;ÇALDIRAN MAHALLESİ ŞEHİT ÖMER HALİSDEMİR BULVAR No: 225 A KEÇİÖREN ANKARA;03123384567;6;ANKARA;;;;39.983702203;32.88873164;08:30-12:30/13:30-17:00;KAPALI;KAPALI;1;2026-09-21 08:29:56
3907;PTT_SUBE;7204;YÜKSELTEPE  ŞUBESİ;YÜKSELTEPE MAHALLESİ 1666 CADDE No: 49 A KEÇİÖREN ANKARA;03125024015;6;ANKARA;;;;40.000726657;32.809344414;08:30-12:30/13:30-17:00;KAPALI;KAPALI;1;2026-09-21 08:29:56
3906;PTT_SUBE;6986;ZİRAAAT MAHALLESİ  ŞUBESİ;ZÜBEYDE HANIM MAHALLESİ SUGÜZELİ CADDE No: 12 ALTINDAĞ ANKARA;03123421550;6;ANKARA;;;;39.95359803;32.841306;08:30-12:30/13:30-17:00;KAPALI;KAPALI;1;2026-09-21 08:29:56
4077;PTT_SUBE;6994;ÇAKIRLAR  ŞUBESİ;TURGUT ÖZAL MAHALLESİ 2102 CADDE No: 14 YENİMAHALLE ANKARA;03125665037;6;ANKARA;;;;39.989668742;32.695523355;08:30-12:30/13:30-17:00;KAPALI;KAPALI;1;2026-09-21 08:29:56
4076;PTT_SUBE;421;ÇALIŞMA VE SOSYAL GÜVENLİK BAKANLIĞI ŞUBESİ;EMEK MAHALLESİ NACI AYVALIOĞLU CADDE No: 1 ÇANKAYA ANKARA;03122152606;6;ANKARA;;;;39.915168;32.820953;08:30-12:30/13:30-17:00;KAPALI;KAPALI;1;2026-09-21 08:29:56
4075;PTT_SUBE;514;ÇAMBAŞI  ŞUBESİ;ESERTEPE MAHALLESİ ÇAMBAŞI CADDE No: 19 A KEÇİÖREN ANKARA;03123790072;6;ANKARA;;;;39.995521;32.838254;08:30-12:30/13:30-17:00;KAPALI;KAPALI;1;2026-09-21 08:29:56
4074;PTT_SUBE;8079;ÇAMLIDERE  ŞUBESİ;YAHYALAR MAHALLESİ BEŞBEYLER CADDE No: 6 A ÇAMLIDERE ANKARA;03127531004;6;ANKARA;;;;40.491283878;32.476336758;08:30-12:30/13:30-17:00;KAPALI;KAPALI;1;2026-09-21 08:29:56
4073;PTT_SUBE;5614;ÇANKAYA MÜDÜRLÜĞÜ;GÜZELTEPE MAHALLESİ SEDAT SİMAVİ SOKAK No: 34 ÇANKAYA ANKARA;03124387037;6;ANKARA;;;;39.882719;32.855732;08:30-12:30;KAPALI;KAPALI;1;2026-09-21 08:29:56
4072;PTT_SUBE;5460;ÇANKAYA POSTA DAĞITIM  MÜDÜRLÜĞÜ;REMZİ OĞUZ ARIK MAHALLESİ TUNUS CADDE No: 66 ÇANKAYA ANKARA;03124661201;6;ANKARA;;;;39.905919;32.858902;08:30-12:30/13:30-17:30;08:30-12:30/13:30-17:30;KAPALI;1;2026-09-21 08:29:56
4071;PTT_SUBE;2158;ÇAYIRHAN  ŞUBESİ;ÇAYIRHAN MAHALLESİ HÜRRİYET BULVAR No: 19 A NALLIHAN ANKARA;03127961100;6;ANKARA;;;;40.09793598;31.67425692;08:30-12:30/13:30-17:00;KAPALI;KAPALI;1;2026-09-21 08:29:56
4070;PTT_SUBE;2417;ÇAYYOLU MÜDÜRLÜĞÜ;PROF. DR. AHMET TANER KIŞLALI MAHALLESİ DOĞAN TAŞDELEN BULVAR No: 183 ÇANKAYA ANKARA;03122418501;6;ANKARA;;;;39.880976;32.683382;08:30-12:30/13:30-17:00;KAPALI;KAPALI;1;2026-09-21 08:29:56
4069;PTT_SUBE;6538;ÇEVRE VE ŞEHİRCİLİK BAKANLIĞI  ŞUBESİ;MUSTAFA KEMAL MAHALLESİ DUMLUPINAR BULVAR No: 278 ÇANKAYA ANKARA;03128722448;6;ANKARA;;;;39.911224;32.751464;09:00-12:30/13:30-17:00;KAPALI;KAPALI;1;2026-09-21 08:29:56
4068;PTT_SUBE;8381;ÇINAR ŞUBESİ;KONUTKENT MAHALLESİ 2979 SOKAK No: 4 ÇANKAYA ANKARA;0;6;ANKARA;;;;39.878775155;32.663443588;08:30-12:30/13:30-17:00;KAPALI;KAPALI;1;2026-09-21 08:29:56
4067;PTT_SUBE;4691;ÇUBUK ADLİYE  ŞUBESİ;YAVUZSELİM MAHALLESİ NUR SOKAK No: 1 /1 ÇUBUK ANKARA;03128384361;6;ANKARA;;;;40.247604855;33.029414177;08:30-12:30/13:30-17:00;KAPALI;KAPALI;1;2026-09-21 08:29:56
4066;PTT_SUBE;4687;ÇUBUK MÜDÜRLÜĞÜ;YAVUZSELİM MAHALLESİ P.T.T. CADDE No: 12 ÇUBUK ANKARA;03128370130;6;ANKARA;;;;40.239527;33.028985;08:30-12:30/13:30-17:00;KAPALI;KAPALI;1;2026-09-21 08:29:56
4065;PTT_SUBE;1478;ÇUKURAMBAR  MÜDÜRLÜĞÜ;KIZILIRMAK MAHALLESİ MUHSİN YAZICIOĞLU CADDE No: 17 ÇANKAYA ANKARA;03122870918;6;ANKARA;;;;39.903186;32.810467;08:30-12:30;KAPALI;KAPALI;1;2026-09-21 08:29:56
3967;PTT_SUBE;638;ÖNDER  ŞUBESİ;BATTALGAZİ MAHALLESİ MUHTAR ARİF TURAN CADDE No: 98 A ALTINDAĞ ANKARA;03123519641;6;ANKARA;;;;39.963319;32.919147;08:30-12:30/13:30-17:00;KAPALI;KAPALI;1;2026-09-21 08:29:56
3921;PTT_SUBE;1525;ÜMİTKÖY  ŞUBESİ;MUTLUKENT MAHALLESİ DOĞAN TAŞDELEN BULVAR No: 63 - ÇANKAYA ANKARA;03122353024;6;ANKARA;;;;39.897396;32.705512;08:30-12:30/13:30-17:00;KAPALI;KAPALI;1;2026-09-21 08:29:56
4013;PTT_SUBE;2244;İLKER  ŞUBESİ;İLKER MAHALLESİ İLKER CADDE No: 119 B ÇANKAYA ANKARA;03124821604;6;ANKARA;;;;39.865867;32.837756;08:30-12:30/13:30-17:00;KAPALI;KAPALI;1;2026-09-21 08:29:56
4012;PTT_SUBE;790;İNCEK  ŞUBESİ;İNCEK MAHALLESİ ŞEHİT GÜLTEKİN TEBER CADDE No: 1 /1 GÖLBAŞI ANKARA;03124601000;6;ANKARA;;;;39.80670498;32.69858616;08:30-12:30/13:30-17:00;KAPALI;KAPALI;1;2026-09-21 08:29:56
4011;PTT_SUBE;477;İNCİRLİ  ŞUBESİ;İNCİRLİ MAHALLESİ ŞEHİT MEHMET ALTANLAR SOKAK No: 2 KEÇİÖREN ANKARA;03123525562;6;ANKARA;;;;39.982348;32.847022;08:30-12:30/13:30-17:00;KAPALI;KAPALI;1;2026-09-21 08:29:56
4010;PTT_SUBE;8434;İNOVATİF  ŞUBESİ;MUSTAFA KEMAL MAHALLESİ 2142 CADDE No: 5 A ÇANKAYA ANKARA;00000000000;6;ANKARA;;;;39.91189797;32.771646;08:30-12:30/13:30-17:00;KAPALI;KAPALI;1;2026-09-21 08:29:56
4009;PTT_SUBE;6892;İSKİTLER  ŞUBESİ;ZÜBEYDE HANIM MAHALLESİ SUGÜZELİ CADDE No: 24 ALTINDAĞ ANKARA;03126411623;6;ANKARA;;;;39.952704;32.841783;08:30-12:30/13:30-17:00;KAPALI;KAPALI;1;2026-09-21 08:29:56
4008;PTT_SUBE;2648;İVEDİK ORGANİZE SANAYİ SİTESİ  MÜDÜRLÜĞÜ;İVEDİKOSB MAHALLESİ MELİH GÖKÇEK BULVAR No: 18 YENİMAHALLE ANKARA;03123945082;6;ANKARA;;;;39.990959;32.74611;08:30-12:30;KAPALI;KAPALI;1;2026-09-21 08:29:56
3942;PTT_SUBE;693;ŞAHİNTEPE  ŞUBESİ;ŞAHİNTEPE MAHALLESİ 294 CADDE No: 8 MAMAK ANKARA;03123917086;6;ANKARA;;;;39.919;32.911259;08:30-12:30/13:30-17:00;KAPALI;KAPALI;1;2026-09-21 08:29:56
3941;PTT_SUBE;7233;ŞAŞMAZ OTO SANAYİ SİTESİ  ŞUBESİ;BAHÇEKAPI MAHALLESİ 2551 CADDE No: 45 - ETİMESGUT ANKARA;03122780361;6;ANKARA;;;;39.934601682;32.717050736;08:30-12:30/13:30-17:00;KAPALI;KAPALI;1;2026-09-21 08:29:56
3940;PTT_SUBE;1957;ŞEKER  ŞUBESİ;ŞEKER MAHALLESİ 1427 CADDE No: 26 A ETİMESGUT ANKARA;03122807202;6;ANKARA;;;;39.965497;32.660114;08:30-12:30/13:30-17:00;KAPALI;KAPALI;1;2026-09-21 08:29:56
3939;PTT_SUBE;6857;ŞENTEPE  MÜDÜRLÜĞÜ;ÇİĞDEMTEPE MAHALLESİ AYDAN CADDE No: 129 A YENİMAHALLE ANKARA;03125115839;6;ANKARA;;;;39.990701641;32.796159785;08:30-12:30;KAPALI;KAPALI;1;2026-09-21 08:29:56
3938;PTT_SUBE;2679;ŞEREFLİKOÇHİSAR MÜDÜRLÜĞÜ;EKİCİ MAHALLESİ SARGIN SOKAK No: 6 A ŞEREFLİKOÇHİSAR ANKARA;03126871818;6;ANKARA;;;;38.937562898;33.544507093;08:30-12:30;KAPALI;KAPALI;1;2026-09-21 08:29:56
3937;PTT_SUBE;303;ŞİRİNTEPE  ŞUBESİ;ŞİRİNTEPE MAHALLESİ HOCALI CADDE No: 36 B MAMAK ANKARA;03123915231;6;ANKARA;;;;39.913708;32.919972;08:30-12:30/13:30-17:00;KAPALI;KAPALI;1;2026-09-21 08:29:56
4361;PTT_KARGOMAT;471;AKDENİZ ÜNV.CEYPARK;PINARBAŞI MAHALLESİ DUMLUPINAR BULVAR No: 880 /1 KONYAALTI ANTALYA;;7;ANTALYA;;;;36.8981089;30.665342489;7/24 Açık;7/24 Açık;7/24 Açık;1;2026-09-21 08:29:57
4348;PTT_KARGOMAT;517;AKSU;BARBAROS MAHALLESİ PERGE CADDE No: 10 AKSU ANTALYA;;7;ANTALYA;;;;36.949075736;30.848217345;7/24 Açık;7/24 Açık;7/24 Açık;1;2026-09-21 08:29:57
4349;PTT_KARGOMAT;527;ALANYA;KADIPAŞA MAHALLESİ ATATÜRK BULVAR No: 45 ALANYA ANTALYA;;7;ANTALYA;;;;36.543987;31.995901;7/24 Açık;7/24 Açık;7/24 Açık;1;2026-09-21 08:29:57
4350;PTT_KARGOMAT;544;AVSALLAR;AVSALLAR MAHALLESİ ZAFER CADDE No: 43 ALANYA ANTALYA;;7;ANTALYA;;;;36.627576;31.77074;7/24 Açık;7/24 Açık;7/24 Açık;1;2026-09-21 08:29:57
4353;PTT_KARGOMAT;472;BİLİM ÜNİVERSİTESİ;ÇIPLAKLI MAHALLESİ AKDENİZ BULVAR No: 290 A DÖŞEMEALTI ANTALYA;;7;ANTALYA;;;;37.05238;30.624948;7/24 Açık;7/24 Açık;7/24 Açık;1;2026-09-21 08:29:57
4352;PTT_KARGOMAT;476;DÖŞEMEALTI;YENİKÖY MAHALLESİ ATATÜRK CADDE No: 519 DÖŞEMEALTI ANTALYA;;7;ANTALYA;;;;37.025567;30.6006;7/24 Açık;7/24 Açık;7/24 Açık;1;2026-09-21 08:29:57
4354;PTT_KARGOMAT;275;FLORA PARK AVM;YEŞİLBAYIR MAHALLESİ ATATÜRK CADDE No: 68 DÖŞEMEALTI ANTALYA;;7;ANTALYA;;;;37.012376661;30.599860857;7/24 Açık;7/24 Açık;7/24 Açık;1;2026-09-21 08:29:57
4355;PTT_KARGOMAT;529;FİNİKE;ESKİ MAHALLESİ PTT CADDE No: 19 FİNİKE ANTALYA;;7;ANTALYA;;;;36.2982;30.14507;7/24 Açık;7/24 Açık;7/24 Açık;1;2026-09-21 08:29:57
4364;PTT_KARGOMAT;248;GÜLLÜK;DENİZ MAHALLESİ GÜLLÜK CADDE No: 5 MURATPAŞA ANTALYA;;7;ANTALYA;;;;36.886178;30.697181;7/24 Açık;7/24 Açık;7/24 Açık;1;2026-09-21 08:29:57
4366;PTT_KARGOMAT;497;GÜZELOBA ;GÜZELOBA MAHALLESİ BARINAKLAR BULVAR No: 173 A MURATPAŞA ANTALYA;;7;ANTALYA;;;;36.858549;30.790622;7/24 Açık;7/24 Açık;7/24 Açık;1;2026-09-21 08:29:57
4360;PTT_KARGOMAT;278;HURMA;LİMAN MAHALLESİ BOĞAÇAYI CADDE No: 36 B KONYAALTI ANTALYA;;7;ANTALYA;;;;36.853769;30.613962;7/24 Açık;7/24 Açık;7/24 Açık;1;2026-09-21 08:29:57
4356;PTT_KARGOMAT;618;KAŞ;ANDİFLİ MAHALLESİ BAHÇE SOKAK No: 5 -Z1 KAŞ ANTALYA;;7;ANTALYA;;;;36.20067003;29.64131208;7/24 Açık;7/24 Açık;7/24 Açık;1;2026-09-21 08:29:57
4357;PTT_KARGOMAT;335;KEMER KARGOMAT;YENİ MAHALLESİ ATATÜRK VE DEMOKRASİ BULVAR No: 5 KEMER ANTALYA;;7;ANTALYA;;;;36.603368;30.559298;7/24 Açık;7/24 Açık;7/24 Açık;1;2026-09-21 08:29:57
4367;PTT_KARGOMAT;274;KIZILTOPRAK;KIZILTOPRAK MAHALLESİ ALİ ÇETİNKAYA CADDE No: 139 MURATPAŞA ANTALYA;;7;ANTALYA;;;;36.888395;30.723241;7/24 Açık;7/24 Açık;7/24 Açık;1;2026-09-21 08:29:57
4359;PTT_KARGOMAT;480;KONYAALTI ATATÜRK BULVARI;ARAPSUYU MAHALLESİ 600 SOKAK No: 16 KONYAALTI ANTALYA;;7;ANTALYA;;;;36.88050204;30.65457204;7/24 Açık;7/24 Açık;7/24 Açık;1;2026-09-21 08:29:57
4365;PTT_KARGOMAT;475;LARA;FENER MAHALLESİ 1986 SOKAK No: 31 MURATPAŞA ANTALYA;;7;ANTALYA;;;;36.85531;30.75789;7/24 Açık;7/24 Açık;7/24 Açık;1;2026-09-21 08:29:57
4351;PTT_KARGOMAT;477;MAHMUTLAR;MAHMUTLAR MAHALLESİ BARBAROS CADDE No: 95 A ALANYA ANTALYA;;7;ANTALYA;;;;36.487693366;32.097281992;7/24 Açık;7/24 Açık;7/24 Açık;1;2026-09-21 08:29:57
4362;PTT_KARGOMAT;528;MANAVGAT;A. HİSAR MAHALLESİ ANTALYA CAD. CADDE No: 7 MANAVGAT ANTALYA;;7;ANTALYA;;;;36.786449;31.445817;7/24 Açık;7/24 Açık;7/24 Açık;1;2026-09-21 08:29:57
4368;PTT_KARGOMAT;469;SERİK;ORTA MAHALLESİ ATATÜRK CADDE No: 159 - SERİK ANTALYA;;7;ANTALYA;;;;36.91567;31.09866;7/24 Açık;7/24 Açık;7/24 Açık;1;2026-09-21 08:29:57
4363;PTT_KARGOMAT;526;SİDE;SİDE MAHALLESİ 606 SOKAK No: 3 MANAVGAT ANTALYA;;7;ANTALYA;;;;36.779891;31.391246;7/24 Açık;7/24 Açık;7/24 Açık;1;2026-09-21 08:29:57
4358;PTT_KARGOMAT;252;YEŞİLIRMAK;MEHMET AKİF ERSOY MAHALLESİ MEHMET ATAY CADDE No: 7 B KEPEZ ANTALYA;;7;ANTALYA;;;;36.923012;30.71585;7/24 Açık;7/24 Açık;7/24 Açık;1;2026-09-21 08:29:57
4345;PTT_SUBE;991;ADALET SARAYI  ŞUBESİ;BAHÇELİEVLER MAHALLESİ ANTALYA CADDE No: 85 MANAVGAT ANTALYA;02427432363;7;ANTALYA;;;;36.787465693;31.434700186;08:30-12:30/13:30-17:00;KAPALI;KAPALI;1;2026-09-21 08:29:57
4346;PTT_SUBE;2277;ADALET SARAYI  ŞUBESİ;ORTA MAHALLESİ BELEK CADDE No: 1 SERİK ANTALYA;02427222530;7;ANTALYA;;;;36.90748;31.08027;08:30-12:30/13:30-17:00;KAPALI;KAPALI;1;2026-09-21 08:29:57
4347;PTT_SUBE;3385;ADALET SARAYI  ŞUBESİ;HACET MAHALLESİ ADLİYE CADDE No: 14 ALANYA ANTALYA;02425190235;7;ANTALYA;;;;36.552211;32.009457;08:30-12:30/13:30-17:00;KAPALI;KAPALI;1;2026-09-21 08:29:57
4344;PTT_SUBE;557;ADLİYE  ŞUBESİ;MELTEM MAHALLESİ DUMLUPINAR BULVAR No: 191 MURATPAŞA ANTALYA;02422372271;7;ANTALYA;;;;36.888059;30.665048;08:30-12:30/13:30-17:00;KAPALI;KAPALI;1;2026-09-21 08:29:57
4343;PTT_SUBE;3007;ADLİYE SARAYI  MÜDÜRLÜĞÜ;MELTEM MAHALLESİ DUMLUPINAR BULVAR No: 171 MURATPAŞA ANTALYA;02422372505;7;ANTALYA;;;;36.89655104;30.6667448;08:30-12:30/13:30-17:00;KAPALI;KAPALI;1;2026-09-21 08:29:57
4342;PTT_SUBE;8522;AHATLI ŞUBESİ;AHATLI MAHALLESİ ULUSOY CADDE No: 38 B KEPEZ ANTALYA;0;7;ANTALYA;;;;36.908615147;30.656881095;08:30-12:30/13:30-17:00;KAPALI;KAPALI;1;2026-09-21 08:29:57
4340;PTT_SUBE;6430;AKDENİZ SANAYİ POSTA KARGO DAĞITIM  MÜDÜRLÜĞÜ;ŞAFAK MAHALLESİ 5024 SOKAK No: 1 KEPEZ ANTALYA;02422292827;7;ANTALYA;;;;36.920025;30.63913;09:00-18:00;09:00-18:00;KAPALI;1;2026-09-21 08:29:57
4339;PTT_SUBE;8523;AKDENİZ SANAYİ SİTESİ ŞUBESİ;ŞAFAK MAHALLESİ 5024 SOKAK No: 1 KEPEZ ANTALYA;0;7;ANTALYA;;;;36.920074;30.639097;08:30-12:30/13:30-17:00;KAPALI;KAPALI;1;2026-09-21 08:29:57
4338;PTT_SUBE;35;AKSEKİ  MÜDÜRLÜĞÜ;HACI İLYAS MAHALLESİ MEDRESE CADDE No: 1 A AKSEKİ ANTALYA;02426782250;7;ANTALYA;;;;37.047177;31.789135;08:30-12:30/13:30-17:00;KAPALI;KAPALI;1;2026-09-21 08:29:57
4337;PTT_SUBE;3421;AKSU  MÜDÜRLÜĞÜ;BARBAROS MAHALLESİ PERGE CADDE No: 10 AKSU ANTALYA;02424263001;7;ANTALYA;;;;36.949075736;30.848217345;08:30-12:30/13:30-17:00;KAPALI;KAPALI;1;2026-09-21 08:29:57
4341;PTT_SUBE;3406;AKÇAY  ŞUBESİ;AKÇAY MAHALLESİ ATATÜRK OLUKBAŞI CADDE No: 40 A ELMALI ANTALYA;02426292100;7;ANTALYA;;;;36.598639;29.746648;08:30-12:30/13:30-17:00;KAPALI;KAPALI;1;2026-09-21 08:29:57
4336;PTT_SUBE;4190;ALANYA  MÜDÜRLÜĞÜ;KADIPAŞA MAHALLESİ ATATÜRK BULVAR No: 45 ALANYA ANTALYA;02425131707;7;ANTALYA;;;;36.544019043;31.995756067;08:30-12:30/13:30-17:00;KAPALI;KAPALI;1;2026-09-21 08:29:57
4335;PTT_SUBE;2674;ALTINKUM  ŞUBESİ;ALTINKUM MAHALLESİ GAZİ MUSTAFA KEMAL BULVAR No: 86 A KONYAALTI ANTALYA;02422285520;7;ANTALYA;;;;36.870472;30.628867;08:30-12:30/13:30-17:00;KAPALI;KAPALI;1;2026-09-21 08:29:57
4334;PTT_SUBE;736;ALTINOVA  ŞUBESİ;ALTINOVA ORTA MAHALLESİ ANTALYA_1 CADDE No: 70 /1 KEPEZ ANTALYA;02423400423;7;ANTALYA;;;;36.926058;30.764728;08:30-12:30/13:30-17:00;KAPALI;KAPALI;1;2026-09-21 08:29:57
4333;PTT_SUBE;29;ANTALYA GÜLLÜK  MÜDÜRLÜĞÜ;DENİZ MAHALLESİ GÜLLÜK CADDE No: 5 MURATPAŞA ANTALYA;02422434575;7;ANTALYA;;;;36.886178;30.697181;08:30-12:30/13:30-17:00;KAPALI;KAPALI;1;2026-09-21 08:29:57
4332;PTT_SUBE;7737;ANTALYA KARGO DAĞITIM  MÜDÜRLÜĞÜ;ARAPSUYU MAHALLESİ 600 SOKAK No: 16/1 KONYAALTI ANTALYA;02422292499;7;ANTALYA;;;;36.88050204;30.65457204;08:30-17:00/-;KAPALI;KAPALI;1;2026-09-21 08:29:57
4331;PTT_SUBE;3026;ANTALYA POSTA KARGO İŞLEME  MÜDÜRLÜĞÜ;ARAPSUYU MAHALLESİ 600 SOKAK No: 16/1 KONYAALTI ANTALYA;02422292814;7;ANTALYA;;;;36.88050204;30.65457204;08:30-17:30/-;08:30-17:30/-;08:30-17:30/-;1;2026-09-21 08:29:57
4330;PTT_SUBE;1249;AVSALLAR  MÜDÜRLÜĞÜ;AVSALLAR MAHALLESİ ZAFER CADDE No: 43 ALANYA ANTALYA;02425171164;7;ANTALYA;;;;36.627524749;31.770786679;08:30-12:30;KAPALI;KAPALI;1;2026-09-21 08:29:57
4329;PTT_SUBE;3621;BADEMAĞACI ACENTELİĞİ;BADEMAĞACI MAHALLESİ UĞUR MUMCU CADDE No: 115 A DÖŞEMEALTI ANTALYA;02424372462;7;ANTALYA;;;;37.212037;30.476781;09:00-12:30/13:30-17:00;KAPALI;KAPALI;1;2026-09-21 08:29:57
4328;PTT_SUBE;6362;BAYINDIR  ŞUBESİ;BAYINDIR MAHALLESİ PINAR CADDE No: 16 A MURATPAŞA ANTALYA;02422377998;7;ANTALYA;;;;36.900074376;30.673531863;08:30-12:30/13:30-17:00;KAPALI;KAPALI;1;2026-09-21 08:29:57
4327;PTT_SUBE;2992;BELDİBİ  ŞUBESİ;BELDİBİ MAHALLESİ BAŞKOMUTAN ATATÜRK CADDE No: 450 - KEMER ANTALYA;02428248222;7;ANTALYA;;;;36.708063;30.565797;08:30-12:30/13:30-17:00;KAPALI;KAPALI;1;2026-09-21 08:29:57
4326;PTT_SUBE;2273;BELEK  ŞUBESİ;BELEK MAHALLESİ CUMHURİYET BELEK CADDE No: 18 /1B SERİK ANTALYA;02427151819;7;ANTALYA;;;;36.86975087;31.035327069;08:30-12:30/13:30-17:00;KAPALI;KAPALI;1;2026-09-21 08:29:57
4325;PTT_SUBE;6498;CEVİZLİ  ŞUBESİ;CEVİZLİ MAHALLESİ CEVİZ SOKAK No: 13 A AKSEKİ ANTALYA;02426883218;7;ANTALYA;;;;37.19538297;31.76652996;09:00-12:30/13:30-14:30;KAPALI;KAPALI;1;2026-09-21 08:29:57
4324;PTT_SUBE;6625;CİKCİLLİ  ŞUBESİ;CUMHURİYET MAHALLESİ EĞRİKÖPRÜ CADDE No: 20 ALANYA ANTALYA;02425151881;7;ANTALYA;;;;36.545082175;32.028497152;08:30-12:30/13:30-17:00;KAPALI;KAPALI;1;2026-09-21 08:29:57
4320;PTT_SUBE;3616;DAĞBELİ ACENTELİĞİ;DAĞBELİ MAHALLESİ 10133 BULVAR No: 27 - DÖŞEMEALTI ANTALYA;02424382050;7;ANTALYA;;;;37.195373;30.503405;09:00-12:30/13:30-17:00;KAPALI;KAPALI;1;2026-09-21 08:29:57
4318;PTT_SUBE;276;DEMRE  MÜDÜRLÜĞÜ;GÖKYAZI MAHALLESİ İLKOKUL 6. SOKAK No: 6 A DEMRE ANTALYA;02428715516;7;ANTALYA;;;;36.241252153;29.987457813;08:30-12:30/13:30-17:00;KAPALI;KAPALI;1;2026-09-21 08:29:57
4319;PTT_SUBE;3383;DEMİRTAŞ  ŞUBESİ;DEMİRTAŞ MAHALLESİ DEMİRTAŞ ATATÜRK CADDE No: 39 ALANYA ANTALYA;02425161416;7;ANTALYA;;;;36.426518221;32.188196666;08:30-12:30/13:30-17:00;KAPALI;KAPALI;1;2026-09-21 08:29:57
4317;PTT_SUBE;4217;DÖŞEMEALTI MÜDÜRLÜĞÜ;YENİKÖY MAHALLESİ ATATÜRK CADDE No: 519 DÖŞEMEALTI ANTALYA;02424213171;7;ANTALYA;;;;37.025567;30.6006;08:30-12:30;KAPALI;KAPALI;1;2026-09-21 08:29:57
4316;PTT_SUBE;3091;ELMALI MÜDÜRLÜĞÜ;KARYAĞDI MAHALLESİ ATATÜRK. CADDE No: 3 ELMALI ANTALYA;02426186866;7;ANTALYA;;;;36.741767681;29.914785768;08:30-12:30;KAPALI;KAPALI;1;2026-09-21 08:29:57
4315;PTT_SUBE;6788;ER EGİTİM  ŞUBESİ;TOPÇULAR MAHALLESİ ASPENDOS BULVAR No: 109 MURATPAŞA ANTALYA;02423128930;7;ANTALYA;;;;36.89408;30.75594;08:30-12:30/13:30-17:00;KAPALI;KAPALI;1;2026-09-21 08:29:57
4314;PTT_SUBE;7244;ERMENEK  ŞUBESİ;ERMENEK MAHALLESİ ŞEHİT ALİ DANİYAR CADDE No: 10 - MURATPAŞA ANTALYA;02423510191;7;ANTALYA;;;;36.879366;30.832742;08:30-12:30/13:30-17:00;KAPALI;KAPALI;1;2026-09-21 08:29:57
4313;PTT_SUBE;7072;ESKİ ADLİYE  ŞUBESİ;MELTEM MAHALLESİ DUMLUPINAR BULVAR No: 171 MURATPAŞA ANTALYA;02422372505;7;ANTALYA;;;;36.897121;30.666654;08:30-12:30/13:30-17:30;KAPALI;KAPALI;1;2026-09-21 08:29:57
4312;PTT_SUBE;56;ETİLER  ŞUBESİ;KONUKSEVER MAHALLESİ 821 SOKAK No: 2 MURATPAŞA ANTALYA;02423254510;7;ANTALYA;;;;36.90473;30.709927;08:30-12:30/13:30-17:00;KAPALI;KAPALI;1;2026-09-21 08:29:57
4311;PTT_SUBE;4218;FİNİKE  MÜDÜRLÜĞÜ;ESKİ MAHALLESİ PTT CADDE No: 19 FİNİKE ANTALYA;02428551515;7;ANTALYA;;;;36.2982;30.14507;08:30-12:30/13:30-17:00;KAPALI;KAPALI;1;2026-09-21 08:29:57
4310;PTT_SUBE;2979;GAZİPAŞA MÜDÜRLÜĞÜ;YENİ MAHALLESİ İNÖNÜ CADDE No: 16 - GAZİPAŞA ANTALYA;02425721576;7;ANTALYA;;;;36.268084;32.31718;08:30-12:30;KAPALI;KAPALI;1;2026-09-21 08:29:57
4309;PTT_SUBE;3408;GÖMBE  ŞUBESİ;GÖMBE MAHALLESİ ELMALI CADDE No: 2 /1 KAŞ ANTALYA;02428314100;7;ANTALYA;;;;36.55385298;29.68619184;08:30-12:30/13:30-17:00;KAPALI;KAPALI;1;2026-09-21 08:29:57
4308;PTT_SUBE;2996;GÖYNÜK  ŞUBESİ;GÖYNÜK MAHALLESİ HASAN TAHSİN CADDE No: 3 KEMER ANTALYA;02428152424;7;ANTALYA;;;;36.66804102;30.55058316;08:30-12:30/13:30-17:00;KAPALI;KAPALI;1;2026-09-21 08:29:57
4307;PTT_SUBE;3999;GÜLLERPINARI  ŞUBESİ;GÜLLER PINARI MAHALLESİ HASAN AKÇALIOĞLU CADDE No: 16 ALANYA ANTALYA;02425132344;7;ANTALYA;;;;36.547182;32.008044;08:30-12:30/13:30-17:00;KAPALI;KAPALI;1;2026-09-21 08:29:57
4306;PTT_SUBE;6500;GÜNDOĞMUŞ  ŞUBESİ;RASİH KAPLAN MAHALLESİ ZÜBEYDEHANIM CADDE No: 5 GÜNDOĞMUŞ ANTALYA;02427812074;7;ANTALYA;;;;36.8155;32.00012;08:30-12:30/13:30-17:00;KAPALI;KAPALI;1;2026-09-21 08:29:57
4305;PTT_SUBE;7240;GÜZELOBA  ŞUBESİ;GÜZELOBA MAHALLESİ BARINAKLAR BULVAR No: 173 A MURATPAŞA ANTALYA;02423492434;7;ANTALYA;;;;36.858549;30.790622;08:30-12:30/13:30-17:00;KAPALI;KAPALI;1;2026-09-21 08:29:57
4304;PTT_SUBE;7056;GÜZELYURT  ŞUBESİ;GÜZELYURT MAHALLESİ SERİK CADDE No: 104 AKSU ANTALYA;02424632052;7;ANTALYA;;;;36.937244;30.818481;08:30-12:30/13:30-17:00;KAPALI;KAPALI;1;2026-09-21 08:29:57
4303;PTT_SUBE;4227;HASYURT  ŞUBESİ;HASYURT MAHALLESİ MİLLİ EGEMENLİK (ORTA) CADDE No: 24 A FİNİKE ANTALYA;02428656225;7;ANTALYA;;;;36.339800434;30.215836235;08:30-12:30/13:30-17:00;KAPALI;KAPALI;1;2026-09-21 08:29:57
4302;PTT_SUBE;6754;HURMA  ŞUBESİ;LİMAN MAHALLESİ BOĞAÇAYI CADDE No: 36 B KONYAALTI ANTALYA;02422593727;7;ANTALYA;;;;36.853769;30.613962;08:30-12:30/13:30-17:00;KAPALI;KAPALI;1;2026-09-21 08:29:57
4298;PTT_SUBE;2274;KADRİYE  ŞUBESİ;KADRİYE MAHALLESİ CUMHURİYET/KADRİYE CADDE No: 1 SERİK ANTALYA;02427255987;7;ANTALYA;;;;36.886821232;31.007238848;08:30-12:30/13:30-17:00;KAPALI;KAPALI;1;2026-09-21 08:29:57
4297;PTT_SUBE;73;KALKAN  MÜDÜRLÜĞÜ;KALKAN MAHALLESİ MUSTAFA KOCAKAYA CADDE No: 11 KAŞ ANTALYA;02428443221;7;ANTALYA;;;;36.26455302;29.41544412;08:30-12:30;KAPALI;KAPALI;1;2026-09-21 08:29:57
4296;PTT_SUBE;3440;KARAÖZ ACENTELİĞİ;KARAÖZ MAHALLESİ KARAÖZ MEVLANA SOKAK No: 9 AKSU ANTALYA;02420000000;7;ANTALYA;;;;37.172215;30.789643;09:00-12:30/13:30-17:00;KAPALI;KAPALI;1;2026-09-21 08:29:57
4295;PTT_SUBE;4087;KAŞ  MÜDÜRLÜĞÜ;ANDİFLİ MAHALLESİ BAHÇE SOKAK No: 5 -Z1 KAŞ ANTALYA;02428361430;7;ANTALYA;;;;36.20067003;29.64131208;08:30-12:30/13:30-17:00;KAPALI;KAPALI;1;2026-09-21 08:29:57
4294;PTT_SUBE;3005;KEMER  MÜDÜRLÜĞÜ;YENİ MAHALLESİ ATATÜRK VE DEMOKRASİ BULVAR No: 5/1 KEMER ANTALYA;02428141332;7;ANTALYA;;;;36.60337;30.559237;08:30-12:30/13:30-17:00;KAPALI;KAPALI;1;2026-09-21 08:29:57
4293;PTT_SUBE;3012;KEPEZ POSTA KARGO DAĞITIM  MÜDÜRLÜĞÜ;MEHMET AKİF ERSOY MAHALLESİ MEHMET ATAY CADDE No: 7 A KEPEZ ANTALYA;02423268682;7;ANTALYA;;;;36.923;30.715657;09:00-18:00/-;09:00-18:00/-;KAPALI;1;2026-09-21 08:29:57
4292;PTT_SUBE;7912;KINIK  ŞUBESİ;KINIK MAHALLESİ ATATÜRK BULVAR No: 3 KAŞ ANTALYA;02428454100;7;ANTALYA;;;;36.350892;29.320319;08:30-12:30/13:30-17:00;KAPALI;KAPALI;1;2026-09-21 08:29:57
4291;PTT_SUBE;3381;KIZILARIK  ŞUBESİ;KIZILARIK MAHALLESİ KÖROĞLU BULVAR No: 23 A MURATPAŞA ANTALYA;02423253400;7;ANTALYA;;;;36.904612;30.720654;08:30-12:30/13:30-17:00;KAPALI;KAPALI;1;2026-09-21 08:29:57
4290;PTT_SUBE;640;KIZILTOPRAK  MÜDÜRLÜĞÜ;KIZILTOPRAK MAHALLESİ ALİ ÇETİNKAYA CADDE No: 139 MURATPAŞA ANTALYA;02423211600;7;ANTALYA;;;;36.888395;30.723241;08:30-12:30;KAPALI;KAPALI;1;2026-09-21 08:29:57
4289;PTT_SUBE;1254;KONAKLI ÇARŞI  ŞUBESİ;KONAKLI MAHALLESİ BACOĞLU SOKAK No: 9 D ALANYA ANTALYA;02425653565;7;ANTALYA;;;;36.59175196;31.86696584;08:30-12:30/13:30-17:00;KAPALI;KAPALI;1;2026-09-21 08:29:57
4288;PTT_SUBE;2670;KONYAALTI  MÜDÜRLÜĞÜ;ARAPSUYU MAHALLESİ 600 SOKAK No: 16/1 KONYAALTI ANTALYA;02422296210;7;ANTALYA;;;;36.88050204;30.65457204;08:30-12:30/13:30-17:00;KAPALI;KAPALI;1;2026-09-21 08:29:57
4287;PTT_SUBE;102;KORKUTELİ  MÜDÜRLÜĞÜ;KİREMİTLİ MAHALLESİ ANTALYA CADDE No: 30/A KORKUTELİ ANTALYA;02426436616;7;ANTALYA;;;;37.06494804;30.20036004;08:30-12:30;KAPALI;KAPALI;1;2026-09-21 08:29:57
4285;PTT_SUBE;4032;KUMLUCA  MÜDÜRLÜĞÜ;MEYDAN MAHALLESİ AHMET ALİ AĞA BULVAR No: 21 KUMLUCA ANTALYA;02428871948;7;ANTALYA;;;;36.365204;30.285532;08:30-12:30;KAPALI;KAPALI;1;2026-09-21 08:29:57
4284;PTT_SUBE;3884;KUZEYYAKA  ŞUBESİ;KUZEYYAKA MAHALLESİ GÖKSU CADDE No: 99 KEPEZ ANTALYA;02423261748;7;ANTALYA;;;;36.934845;30.707048;08:30-12:30/13:30-17:00;KAPALI;KAPALI;1;2026-09-21 08:29:57
4286;PTT_SUBE;3870;KÖPRÜ  ŞUBESİ;FEVZİ ÇAKMAK MAHALLESİ SÜLEYMAN DEMİREL BULVAR No: 23 KEPEZ ANTALYA;02423263910;7;ANTALYA;;;;36.946841;30.708017;08:30-12:30/13:30-17:00;KAPALI;KAPALI;1;2026-09-21 08:29:57
4283;PTT_SUBE;8525;KÜTÜKÇÜ ŞUBESİ;BARIŞ MAHALLESİ ŞELALE_1 CADDE No: 87 KEPEZ ANTALYA;0;7;ANTALYA;;;;36.92448999;30.69076716;08:30-12:30/13:30-17:00;KAPALI;KAPALI;1;2026-09-21 08:29:57
4282;PTT_SUBE;7239;LARA  MÜDÜRLÜĞÜ;FENER MAHALLESİ 1986 SOKAK No: 31 MURATPAŞA ANTALYA;02425040844;7;ANTALYA;;;;36.85531;30.75789;08:30-12:30/13:30-17:00;KAPALI;KAPALI;1;2026-09-21 08:29:57
4281;PTT_SUBE;7323;LARA POSTA KARGO DAĞITIM  MÜDÜRLÜĞÜ;FENER MAHALLESİ 1986 SOKAK No: 31 MURATPAŞA ANTALYA;02423249521;7;ANTALYA;;;;36.85531;30.75789;09:00-12:30/13:30-18:00;09:00-12:30/13:30-18:00;KAPALI;1;2026-09-21 08:29:57
4280;PTT_SUBE;1257;MAHMUTLAR  MÜDÜRLÜĞÜ;MAHMUTLAR MAHALLESİ BARBAROS CADDE No: 95 A ALANYA ANTALYA;02425285266;7;ANTALYA;;;;36.487693366;32.097281992;08:30-12:30/13:30-17:00;KAPALI;KAPALI;1;2026-09-21 08:29:57
4279;PTT_SUBE;824;MANAVGAT  MÜDÜRLÜĞÜ;A. HİSAR MAHALLESİ ANTALYA CAD. CADDE No: 7 Z1 MANAVGAT ANTALYA;02427463009;7;ANTALYA;;;;36.78644898;31.44581712;08:30-12:30/13:30-17:00;KAPALI;KAPALI;1;2026-09-21 08:29:57
4278;PTT_SUBE;8257;OBAGÖL 1 KURUMSAL ACENTELİĞİ;OBA MAHALLESİ DADAŞLAR CADDE No: 5 /1 ALANYA ANTALYA;05053837070;7;ANTALYA;;;;36.532751455;32.039900652;08:30-18:00/-;09:30-16:00/-;KAPALI;1;2026-09-21 08:29:57
4277;PTT_SUBE;7034;OKURCALAR  ŞUBESİ;OKURCALAR MAHALLESİ FATİH SULTAN MEHMET BULVAR No: 1 ALANYA ANTALYA;02425274450;7;ANTALYA;;;;36.649394;31.691745;08:30-12:30/13:30-17:00;KAPALI;KAPALI;1;2026-09-21 08:29:57
4276;PTT_SUBE;4264;ORGANİZE SANAYİ ŞUBESİ;AOSB1KISIM MAHALLESİ ATATÜRK BULVAR No: 18 DÖŞEMEALTI ANTALYA;02422580078;7;ANTALYA;;;;37.079633484;30.613530423;08:30-12:30/13:30-17:00;KAPALI;KAPALI;1;2026-09-21 08:29:57
4275;PTT_SUBE;7630;OVA  ŞUBESİ;OVA MAHALLESİ BELEDİYE CADDE No: 34 KAŞ ANTALYA;02428418557;7;ANTALYA;;;;36.30945229;29.323628836;08:30-12:30/13:30-17:00;KAPALI;KAPALI;1;2026-09-21 08:29:57
4274;PTT_SUBE;8093;SAKLIKENT  ŞUBESİ;ÇAKIRLAR MAHALLESİ ULUÖNDER ATATÜRK CADDE No: 3 /3 KONYAALTI ANTALYA;02422296210;7;ANTALYA;;;;36.875188544;30.567820106;08:30-12:30/13:30-17:00;KAPALI;KAPALI;1;2026-09-21 08:29:57
4273;PTT_SUBE;3987;SARAY  ŞUBESİ;KIZLAR PINARI MAHALLESİ MEHMET AKİF ERSOY CADDE No: 30 B ALANYA ANTALYA;02425194841;7;ANTALYA;;;;36.551273;31.981884;08:30-12:30/13:30-17:00;KAPALI;KAPALI;1;2026-09-21 08:29:57
4272;PTT_SUBE;6179;SARILAR  ŞUBESİ;SARILAR MAHALLESİ MUHİTTİN ERSOY BULVAR No: 9 MANAVGAT ANTALYA;02427420563;7;ANTALYA;;;;36.805697818;31.426224047;08:30-12:30/13:30-17:30;KAPALI;KAPALI;1;2026-09-21 08:29:57
4271;PTT_SUBE;2272;SERİK  MÜDÜRLÜĞÜ;ORTA MAHALLESİ ATATÜRK CADDE No: 159 - SERİK ANTALYA;02427222001;7;ANTALYA;;;;36.91567;31.09866;08:30-12:30;KAPALI;KAPALI;1;2026-09-21 08:29:57
4269;PTT_SUBE;3859;SÜTÇÜLER  ŞUBESİ;GAZİ MAHALLESİ SÜTÇÜLER CADDE No: 59 B KEPEZ ANTALYA;02423251742;7;ANTALYA;;;;36.936110469;30.718831274;08:30-12:30/13:30-17:00;KAPALI;KAPALI;1;2026-09-21 08:29:57
4270;PTT_SUBE;6499;SİDE  ŞUBESİ;SİDE MAHALLESİ 606 SOKAK No: 3 MANAVGAT ANTALYA;02427531799;7;ANTALYA;;;;36.779891;31.391246;08:30-12:30/13:30-17:00;KAPALI;KAPALI;1;2026-09-21 08:29:57
4265;PTT_SUBE;3003;TEKİROVA  ŞUBESİ;TEKİROVA MAHALLESİ MUSTAFA KEMAL ATATÜRK BULVAR No: 5 KEMER ANTALYA;02428214442;7;ANTALYA;;;;36.501274;30.527096;08:30-12:30/13:30-17:00;KAPALI;KAPALI;1;2026-09-21 08:29:57
4264;PTT_SUBE;3844;TEOMANPAŞA  ŞUBESİ;TEOMANPAŞA MAHALLESİ 15 TEMMUZ ŞEHİTLER CADDE No: 51 A KEPEZ ANTALYA;02423394113;7;ANTALYA;;;;36.918713;30.727329;08:30-12:30/13:30-17:00;KAPALI;KAPALI;1;2026-09-21 08:29:57
4263;PTT_SUBE;4007;TOSMUR ACENTELİĞİ;TOSMUR MAHALLESİ ÖMER KOPARAN CADDE No: 1 ALANYA ANTALYA;02425142077;7;ANTALYA;;;;36.527611;32.050094;09:00-12:30/13:30-17:00;KAPALI;KAPALI;1;2026-09-21 08:29:57
4262;PTT_SUBE;4235;TURUNÇOVA ŞUBESİ;TURUNÇOVA MAHALLESİ CUMHURİYET CADDE No: 11 FİNİKE ANTALYA;02428521570;7;ANTALYA;;;;36.35045;30.13443;08:30-12:30/13:30-17:00;KAPALI;KAPALI;1;2026-09-21 08:29:57
4261;PTT_SUBE;2672;UNCALI  ŞUBESİ;SİTELER MAHALLESİ EMNİYET CADDE No: 130 AA KONYAALTI ANTALYA;02422277904;7;ANTALYA;;;;36.894402;30.629713;08:30-12:30/13:30-17:00;KAPALI;KAPALI;1;2026-09-21 08:29:57
4260;PTT_SUBE;3848;VARSAK  ŞUBESİ;AKTOPRAK MAHALLESİ SÜLEYMAN DEMİREL BULVAR No: 283 A KEPEZ ANTALYA;02424175700;7;ANTALYA;;;;36.985877;30.715065;08:30-12:30/13:30-17:00;KAPALI;KAPALI;1;2026-09-21 08:29:57
4259;PTT_SUBE;3457;YEŞİLBAHÇE  ŞUBESİ;YEŞİLBAHÇE MAHALLESİ ÇINARLI CADDE No: 34 MURATPAŞA ANTALYA;02423170403;7;ANTALYA;;;;36.869045747;30.732531084;08:30-12:30/13:30-17:00;KAPALI;KAPALI;1;2026-09-21 08:29:57
4258;PTT_SUBE;4271;YEŞİLBAYIR ŞUBESİ;ALTINKALE MAHALLESİ ADNAN MENDERES CADDE No: 97 A DÖŞEMEALTI ANTALYA;02424431680;7;ANTALYA;;;;36.993086679;30.599505862;08:30-12:30/13:30-17:00;KAPALI;KAPALI;1;2026-09-21 08:29:57
4257;PTT_SUBE;3843;YEŞİLIRMAK  MÜDÜRLÜĞÜ;MEHMET AKİF ERSOY MAHALLESİ MEHMET ATAY CADDE No: 7 B KEPEZ ANTALYA;02423262640;7;ANTALYA;;;;36.923012;30.71585;08:30-12:30/13:30-17:00;KAPALI;KAPALI;1;2026-09-21 08:29:57
4256;PTT_SUBE;7631;YEŞİLKÖY  ŞUBESİ;YEŞİLKÖY MAHALLESİ YEŞİLKÖY ATATÜRK BULVAR No: 47 KAŞ ANTALYA;02428486249;7;ANTALYA;;;;36.28240398;29.37791196;08:30-12:30/13:30-17:00;KAPALI;KAPALI;1;2026-09-21 08:29:57
4255;PTT_SUBE;7786;YEŞİLYAYLA ACENTELİĞİ;YEŞİLYAYLA MAHALLESİ YEŞİLYAYLA CUMHURİYET CADDE No: 17 KORKUTELİ ANTALYA;05419440700;7;ANTALYA;;;;37.248983;30.239138;09:00-12:30/13:30-17:00;KAPALI;KAPALI;1;2026-09-21 08:29:57
4254;PTT_SUBE;8524;YEŞİLYURT ŞUBESİ;YEŞİLYURT MAHALLESİ ŞEHİT BİNBAŞI ERDOĞAN ÖZDEMİR CADDE No: 25 KEPEZ ANTALYA;0;7;ANTALYA;;;;36.910036226;30.642179653;08:30-12:30/13:30-17:00;KAPALI;KAPALI;1;2026-09-21 08:29:57
4253;PTT_SUBE;59;YILDIZ  ŞUBESİ;YILDIZ MAHALLESİ YILDIZ CADDE No: 8 A MURATPAŞA ANTALYA;02423466580;7;ANTALYA;;;;36.8922;30.68001;08:30-12:30/13:30-17:00;KAPALI;KAPALI;1;2026-09-21 08:29:57
4252;PTT_SUBE;974;ZÜBEYDE HANIM  ŞUBESİ;A. PAZARCI MAHALLESİ ZÜBEYDE HANIM CADDE No: 1 - MANAVGAT ANTALYA;02427467706;7;ANTALYA;;;;36.788211;31.455311;08:30-12:30/13:30-17:00;KAPALI;KAPALI;1;2026-09-21 08:29:57
4323;PTT_SUBE;2989;ÇAMYUVA  ŞUBESİ;ÇAMYUVA MAHALLESİ TURİZM BULVAR No: 2 KEMER ANTALYA;02428247272;7;ANTALYA;;;;36.562197;30.559762;08:30-12:30/13:30-17:00;KAPALI;KAPALI;1;2026-09-21 08:29:57
4322;PTT_SUBE;3448;ÇARŞI MÜDÜRLÜĞÜ;SİNAN MAHALLESİ HÜSNÜ KARAKAŞ CADDE No: 12C MURATPAŞA ANTALYA;02423120592;7;ANTALYA;;;;36.88681;30.71061;08:30-12:30/13:30-17:00;KAPALI;KAPALI;1;2026-09-21 08:29:57
4321;PTT_SUBE;6502;ÇOLAKLI  ŞUBESİ;ÇOLAKLI MAHALLESİ ANTALYA CADDE No: 71 MANAVGAT ANTALYA;02427636001;7;ANTALYA;;;;36.8385;31.30938;08:30-12:30/13:30-17:00;KAPALI;KAPALI;1;2026-09-21 08:29:57
4301;PTT_SUBE;34;İBRADI  ŞUBESİ;AŞAĞI MAHALLESİ MİLLET CADDE No: 4 A İBRADI ANTALYA;02426912421;7;ANTALYA;;;;37.094210607;31.594480653;08:30-12:30/13:30-17:00;KAPALI;KAPALI;1;2026-09-21 08:29:57
4300;PTT_SUBE;1250;İNCEKUM  ŞUBESİ;İNCEKUM MAHALLESİ DR. ÜLKÜ GÜNEY BULVAR No: 2 - ALANYA ANTALYA;02425321241;7;ANTALYA;;;;36.635009;31.755875;08:30-12:30/13:30-17:00;KAPALI;KAPALI;1;2026-09-21 08:29:57
4299;PTT_SUBE;3483;İSLAMLAR ACENTELİĞİ;İSLAMLAR MAHALLESİ AKBEL SOKAK No: 153 KAŞ ANTALYA;02428442389;7;ANTALYA;;;;36.28093401;29.40751008;08:30-12:30/13:30-17:00;KAPALI;KAPALI;1;2026-09-21 08:29:57
4268;PTT_SUBE;41;ŞARAMPOL   ŞUBESİ;CUMHURİYET MAHALLESİ ABDİ İPEKÇİ CADDE No: 52 MURATPAŞA ANTALYA;02423465946;7;ANTALYA;;;;36.898071;30.696501;08:30-12:30/13:30-17:00;KAPALI;KAPALI;1;2026-09-21 08:29:57
4267;PTT_SUBE;6185;ŞELALE  ŞUBESİ;ŞELALE MAHALLESİ 21. CADDE No: 14 KEPEZ ANTALYA;02424172050;7;ANTALYA;;;;36.966844;30.728099;08:30-12:30/13:30-17:00;KAPALI;KAPALI;1;2026-09-21 08:29:57
4266;PTT_SUBE;3468;ŞİRİNYALI  ŞUBESİ;ŞİRİNYALI MAHALLESİ İSMET GÖKŞEN CADDE No: 103 A MURATPAŞA ANTALYA;02423170703;7;ANTALYA;;;;36.858859517;30.742330236;08:30-12:30/13:30-17:00;KAPALI;KAPALI;1;2026-09-21 08:29:57
4374;PTT_SUBE;3776;ARDAHAN MÜDÜRLÜĞÜ;KAPTANPAŞA MAHALLESİ KONGRE CADDE No: 2 MERKEZ ARDAHAN;04782113001;75;ARDAHAN;;;;41.113485;42.703142;08:30-17:30;KAPALI;KAPALI;1;2026-09-21 08:29:57
4372;PTT_SUBE;4404;DAMAL  ŞUBESİ;KONUK SEVER MAHALLESİ ATATÜRK CADDE No: 8 B DAMAL ARDAHAN;04786514278;75;ARDAHAN;;;;41.340705;42.841437;08:30-12:30/13:30-17:00;KAPALI;KAPALI;1;2026-09-21 08:29:57
4371;PTT_SUBE;3755;GÖLE MÜDÜRLÜĞÜ;SALİM BEY MAHALLESİ P.T.T SOKAK No: 3 GÖLE ARDAHAN;04784112314;75;ARDAHAN;;;;40.794450444;42.609157899;08:30-17:30;KAPALI;KAPALI;1;2026-09-21 08:29:57
4370;PTT_SUBE;3824;HANAK MÜDÜRLÜĞÜ;HÜRRİYET MAHALLESİ ATATÜRK CADDE No: 99 HANAK ARDAHAN;04786112469;75;ARDAHAN;;;;41.23733;42.84447;08:30-17:00;KAPALI;KAPALI;1;2026-09-21 08:29:57
4369;PTT_SUBE;683;POSOF MÜDÜRLÜĞÜ;MERKEZ MAHALLESİ ARDAHAN CADDE No: 44 A POSOF ARDAHAN;04785112130;75;ARDAHAN;;;;41.508623;42.728228;08:30-17:30;KAPALI;KAPALI;1;2026-09-21 08:29:57
4373;PTT_SUBE;3754;ÇILDIR MÜDÜRLÜĞÜ;ÇAY MAHALLESİ ATIF ABABAY CADDE No: 81 A ÇILDIR ARDAHAN;04783112121;75;ARDAHAN;;;;41.12616;43.13544;08:30-17:30;KAPALI;KAPALI;1;2026-09-21 08:29:57
4387;PTT_SUBE;7065;ARDANUÇ  ŞUBESİ;MERKEZ MAHALLESİ HÜRRİYET CADDE No: 4 ARDANUÇ ARTVİN;04666112001;8;ARTVİN;;;;41.12309304;42.06504492;08:30-12:30/13:30-17:00;KAPALI;KAPALI;1;2026-09-21 08:29:58
4386;PTT_SUBE;3526;ARHAVİ MÜDÜRLÜĞÜ;MUSAZADE MAHALLESİ FEVZİ ÇAKMAK CADDE No: 6 ARHAVİ ARTVİN;04663123323;8;ARTVİN;;;;41.351423;41.309186;08:30-12:30/13:30-17:30;KAPALI;KAPALI;1;2026-09-21 08:29:58
4385;PTT_SUBE;3506;ARTVİN MÜDÜRLÜĞÜ;ÇARŞI MAHALLESİ İNÖNÜ CADDE No: 55 A MERKEZ ARTVİN;04662122591;8;ARTVİN;;;;41.180589;41.820315;08:30-12:30/13:30-17:00;KAPALI;KAPALI;1;2026-09-21 08:29:58
4384;PTT_SUBE;3527;BORÇKA MÜDÜRLÜĞÜ;MERKEZ MAHALLESİ P.T.T CADDE No: 23 A BORÇKA ARTVİN;04664151001;8;ARTVİN;;;;41.363475;41.677785;08:30-12:30;KAPALI;KAPALI;1;2026-09-21 08:29:58
4383;PTT_SUBE;3612;CAMİLİ ACENTELİĞİ;CAMİLİ KÖYÜ CAMİLİ KÜME EVLER No: 47 BORÇKA ARTVİN;05372407599;8;ARTVİN;;;;41.47838;41.89825;08:30-17:00/-;KAPALI;KAPALI;1;2026-09-21 08:29:58
4382;PTT_SUBE;3540;HOPA MÜDÜRLÜĞÜ;ORTAHOPA MAHALLESİ TURGAY CİNER CADDE No: 66 HOPA ARTVİN;04663514946;8;ARTVİN;;;;41.399725;41.42535;08:30-12:30;KAPALI;KAPALI;1;2026-09-21 08:29:58
4381;PTT_SUBE;6473;KEMALPAŞA  ŞUBESİ;CUMHURİYET MAHALLESİ ATATÜRK BULVAR No: 19 KEMALPAŞA ARTVİN;04663612201;8;ARTVİN;;;;41.484642;41.525361;08:30-12:30/13:30-17:00;KAPALI;KAPALI;1;2026-09-21 08:29:58
4380;PTT_SUBE;7742;KILIÇKAYA ACENTELİĞİ;KILIÇKAYA KÖYÜ/MERKEZ MEVKİİ DR.MİMAR KADİR TOPBAŞ SOKAK No: 5 YUSUFELİ ARTVİN;00000000000;8;ARTVİN;;;;40.713375;41.480167;09:00-12:30/13:30-17:00;KAPALI;KAPALI;1;2026-09-21 08:29:58
4379;PTT_SUBE;7064;MURGUL  ŞUBESİ;KÜRE MAHALLESİ İSRAFİL KIŞLA CADDE No: 44 A MURGUL ARTVİN;04667113001;8;ARTVİN;;;;41.279223;41.564489;08:30-12:30/13:30-17:00;KAPALI;KAPALI;1;2026-09-21 08:29:58
4378;PTT_SUBE;7743;ORTAKÖY ACENTELİĞİ;ORTAKÖY KÖYÜ/ÇAKMAKLI MEVKİİ ÇAKMAKLI KÜME EVLER No: 61 MERKEZ ARTVİN;05356598474;8;ARTVİN;;;;41.25434499;41.94937008;09:00-12:00/13:00-17:00;KAPALI;KAPALI;1;2026-09-21 08:29:58
4377;PTT_SUBE;3610;SEYİTLER ACENTELİĞİ;SEYİTLER KÖYÜ/FİDANLIK MEVKİİ FİDANLIK KÜME EVLER No: 54 MERKEZ ARTVİN;05369388705;8;ARTVİN;;;;41.19877;41.853359;08:30-17:00/-;KAPALI;KAPALI;1;2026-09-21 08:29:58
4375;PTT_SUBE;3538;YUSUFELİ MÜDÜRLÜĞÜ;ÇORUH MAHALLESİ RECEP TAYYIP ERDOĞAN CADDE No: 12 A YUSUFELİ ARTVİN;04668112383;8;ARTVİN;;;;40.810566;41.521485;08:30-12:30/13:30-17:00;KAPALI;KAPALI;1;2026-09-21 08:29:58
4376;PTT_SUBE;3537;ŞAVŞAT MÜDÜRLÜĞÜ;YENİKÖY MAHALLESİ CUMHURİYET CADDE No: 202 ŞAVŞAT ARTVİN;04665171340;8;ARTVİN;;;;41.252714302;42.354670175;08:30-12:30/13:30-17:00;KAPALI;KAPALI;1;2026-09-21 08:29:58
4441;PTT_SUBE;1720;1.SANAYİ SİTESİ  ŞUBESİ;ATA MAHALLESİ 601 SOKAK No: 1 EFELER AYDIN;02562114069;9;AYDIN;;;;37.840084;27.852245;08:30-12:30/13:30-16:30;KAPALI;KAPALI;1;2026-09-21 08:29:58
4440;PTT_SUBE;1727;2.SANAYİ SİTESİ   ŞUBESİ;ZEYBEK MAHALLESİ YENİ SANAYİ CADDE No: 2 D EFELER AYDIN;02562195036;9;AYDIN;;;;37.845456;27.821025;08:30-12:30/13:30-17:00;KAPALI;KAPALI;1;2026-09-21 08:29:58
4439;PTT_SUBE;1627;ACARLAR   ŞUBESİ;ACARLAR MAHALLESİ ADNAN MENDERES BULVAR No: 131 C İNCİRLİOVA AYDIN;02565957460;9;AYDIN;;;;37.82551645;27.74520099;08:30-12:30/13:30-17:00;KAPALI;KAPALI;1;2026-09-21 08:29:58
4438;PTT_SUBE;1962;ADALET SARAYI   ŞUBESİ;CUMHURİYET MAHALLESİ AVCI SOKAK No: 2 KUŞADASI AYDIN;02566128030;9;AYDIN;;;;37.85584;27.26127;08:30-12:30/13:30-17:00;KAPALI;KAPALI;1;2026-09-21 08:29:58
4437;PTT_SUBE;1748;ADLİYE   ŞUBESİ;ÇELTİKÇİ MAHALLESİ KOZA SOKAK No: 14 /2 SÖKE AYDIN;02565180807;9;AYDIN;;;;37.747915;27.400462;08:30-12:30/13:30-17:00;KAPALI;KAPALI;1;2026-09-21 08:29:58
4436;PTT_SUBE;1721;ADLİYE SARAYI (HÜKÜMET KON.)     ŞUBESİ;KÖPRÜLÜ-VEYSİPAŞA MAHALLESİ HÜKÜMET BULVAR No: 63 EFELER AYDIN;02562121542;9;AYDIN;;;;37.852277;27.843752;08:30-12:30/13:30-17:00;KAPALI;KAPALI;1;2026-09-21 08:29:58
4435;PTT_SUBE;7601;AKBÜK   ŞUBESİ;AKBÜK MAHALLESİ 5709 SOKAK No: 2 C DİDİM AYDIN;02568564461;9;AYDIN;;;;37.390864239;27.432795723;08:30-12:30/13:30-19:00;KAPALI;KAPALI;1;2026-09-21 08:29:58
4434;PTT_SUBE;7515;ARSLANLI ACENTELİĞİ;ARSLANLI MAHALLESİ 3100 SOKAK No: 3 NAZİLLİ AYDIN;05427782737;9;AYDIN;;;;37.935942;28.369399;08:30-12:30/13:30-17:00;KAPALI;KAPALI;1;2026-09-21 08:29:58
4433;PTT_SUBE;6822;ATAEYMİR ACENTELİĞİ;ATAEYMİR MAHALLESİ BELEDİYE MEYDAN No: 1 B KARACASU AYDIN;05369543522;9;AYDIN;;;;37.70780352;28.771407979;09:00-12:00/13:00-17:00;KAPALI;KAPALI;1;2026-09-21 08:29:58
4432;PTT_SUBE;4558;ATÇA   ŞUBESİ;ATÇA MAHALLESİ KARAKOL CADDE No: 8 SULTANHİSAR AYDIN;02563563212;9;AYDIN;;;;37.887716696;28.215647489;08:30-12:30/13:30-17:00;KAPALI;KAPALI;1;2026-09-21 08:29:58
4431;PTT_SUBE;1541;AYDIN  MÜDÜRLÜĞÜ;ZAFER MAHALLESİ DOĞU GAZİ BULVAR No: 147 A EFELER AYDIN;02562121212;9;AYDIN;;;;37.848201;27.850613;08:30-12:30/13:30-17:00;KAPALI;KAPALI;1;2026-09-21 08:29:58
4430;PTT_SUBE;1755;AYDIN DAĞITIM VE TOPLAMA  MÜDÜRLÜĞÜ;ATA MAHALLESİ 765 SOKAK No: 12 L EFELER AYDIN;02562131685;9;AYDIN;;;;37.843004;27.866347;08:30-12:30;08:30-12:00;KAPALI;1;2026-09-21 08:29:58
4429;PTT_SUBE;1754;BAĞARASI   ŞUBESİ;BAĞARASI MAHALLESİ ATATÜRK(BAĞARASI) CADDE No: 99 B SÖKE AYDIN;02565441550;9;AYDIN;;;;37.70869302;27.54785088;08:30-12:30/13:30-17:00;KAPALI;KAPALI;1;2026-09-21 08:29:58
4428;PTT_SUBE;8245;BIYIKLI ACENTESİ;BIYIKLI MAHALLESİ CUMHURİYET MEYDANI MEYDAN No: 4 KOÇARLI AYDIN;05439556139;9;AYDIN;;;;37.75745403;27.58716216;08:30-12:30/13:30-17:00;KAPALI;KAPALI;1;2026-09-21 08:29:58
4427;PTT_SUBE;1643;BOZDOĞAN MÜDÜRLÜĞÜ;ÇARŞI MAHALLESİ HÜKÜMET CADDE No: 1 BOZDOĞAN AYDIN;02564141212;9;AYDIN;;;;37.6731;28.3117;08:30-12:30;KAPALI;KAPALI;1;2026-09-21 08:29:58
4426;PTT_SUBE;1723;BUHARKENT MÜDÜRLÜĞÜ;ÜÇEYLÜL MAHALLESİ ATATÜRK CADDE No: 3 BUHARKENT AYDIN;02563913212;9;AYDIN;;;;37.9606;28.74158;08:30-12:30;KAPALI;KAPALI;1;2026-09-21 08:29:58
4424;PTT_SUBE;4958;DALLICA ACENTELİĞİ;DALLICA MAHALLESİ 4595 SOKAK No: 25 A NAZİLLİ AYDIN;02563160060;9;AYDIN;;;;37.90648;28.284486;08:30-12:30/13:30-17:00;KAPALI;KAPALI;1;2026-09-21 08:29:58
4423;PTT_SUBE;1936;DAVUTLAR   ŞUBESİ;DAVUTLAR MAHALLESİ EREN SOKAK No: 4 A KUŞADASI AYDIN;02566571460;9;AYDIN;;;;37.735197;27.293715;08:30-12:30/13:30-17:00;KAPALI;KAPALI;1;2026-09-21 08:29:58
4422;PTT_SUBE;1863;DİDİM MÜDÜRLÜĞÜ;YENİ MAHALLESİ SELANİK CADDE No: 111 DİDİM AYDIN;02568115180;9;AYDIN;;;;37.372981;27.270618;08:30-12:30/13:30-17:00;KAPALI;KAPALI;1;2026-09-21 08:29:58
4421;PTT_SUBE;1724;GENCELLİDERE ACENTELİĞİ;GENCELLİ MAHALLESİ 1812 SOKAK No: 7 A KUYUCAK AYDIN;02563855090;9;AYDIN;;;;37.957132;28.660805;09:00-12:30/13:30-17:00;KAPALI;KAPALI;1;2026-09-21 08:29:58
4420;PTT_SUBE;1654;GERMENCİK MÜDÜRLÜĞÜ;CAMİKEBİR MAHALLESİ LOZAN CADDE No: 18 GERMENCİK AYDIN;02565631212;9;AYDIN;;;;37.870912;27.601896;08:30-12:30;KAPALI;KAPALI;1;2026-09-21 08:29:58
4419;PTT_SUBE;1852;GEYRE ACENTELİĞİ;GEYRE MAHALLESİ ATATÜRK (GEYRE) BULVAR No: 17 B KARACASU AYDIN;02564488160;9;AYDIN;;;;37.711442486;28.708958576;09:00-12:30/13:30-17:00;KAPALI;KAPALI;1;2026-09-21 08:29:58
4417;PTT_SUBE;1951;GÜZELÇAMLI   ŞUBESİ;GÜZELÇAMLI MAHALLESİ MİLLİPARK CADDE No: 88 KUŞADASI AYDIN;02566461460;9;AYDIN;;;;37.71875;27.243862;08:30-12:30/13:30-17:00;KAPALI;KAPALI;1;2026-09-21 08:29:58
4418;PTT_SUBE;1784;GİRNE   ŞUBESİ;MİMAR SİNAN MAHALLESİ YÖRÜK ALİ EFE BULVAR No: 18 C EFELER AYDIN;02562193574;9;AYDIN;;;;37.855016;27.815085;08:30-12:30/13:30-16:30;KAPALI;KAPALI;1;2026-09-21 08:29:58
4416;PTT_SUBE;4959;HAMZABALİ ACENTELİĞİ;HAMZABALİ MAHALLESİ OKUL (HAMZABALİ) CADDE No: 46 A YENİPAZAR AYDIN;02563665402;9;AYDIN;;;;37.802417;28.120234;08:30-12:30/13:30-17:00;KAPALI;KAPALI;1;2026-09-21 08:29:58
4415;PTT_SUBE;6187;HAYDERE ACENTELİĞİ;HAYDERE MAHALLESİ 1699 SOKAK No: 5 A BOZDOĞAN AYDIN;02564246112;9;AYDIN;;;;37.617083;28.406291;09:00-12:30/13:30-17:00;KAPALI;KAPALI;1;2026-09-21 08:29:58
4414;PTT_SUBE;2692;HORSUNLU ACENTELİĞİ;HORSUNLU MAHALLESİ 1299 SOKAK No: 11 KUYUCAK AYDIN;02560000000;9;AYDIN;;;;37.91784;28.591279;09:00-12:30/13:30-17:00;KAPALI;KAPALI;1;2026-09-21 08:29:58
4413;PTT_SUBE;4561;HÜKÜMET   ŞUBESİ;CUMHURİYET MAHALLESİ 278 SOKAK No: 3 NAZİLLİ AYDIN;02563153840;9;AYDIN;;;;37.910709;28.32798;08:30-12:30/13:30-17:00;KAPALI;KAPALI;1;2026-09-21 08:29:58
4410;PTT_SUBE;1246;KARACASU MÜDÜRLÜĞÜ;YAYLALI MAHALLESİ 24. SOKAK No: 2 I KARACASU AYDIN;02564412212;9;AYDIN;;;;37.73059346;28.607427137;08:30-12:30;KAPALI;KAPALI;1;2026-09-21 08:29:58
4409;PTT_SUBE;4564;KARPUZLU   ŞUBESİ;YENİ MAHALLESİ CUMHURİYET CADDE No: 94 KARPUZLU AYDIN;02567412111;9;AYDIN;;;;37.55844702;27.83608812;08:30-12:30/13:30-17:00;KAPALI;KAPALI;1;2026-09-21 08:29:58
4408;PTT_SUBE;1873;KEMER  ŞUBESİ;MESUDİYE MAHALLESİ BATI GAZİ BULVAR No: 220 A EFELER AYDIN;02562153254;9;AYDIN;;;;37.855561;27.829793;08:30-12:30/13:30-17:00;KAPALI;KAPALI;1;2026-09-21 08:29:58
4407;PTT_SUBE;7624;KOÇARLI  ŞUBESİ;GÜNDOĞAN MAHALLESİ HÜRRİYET CADDE No: 2 A KOÇARLI AYDIN;02567614423;9;AYDIN;;;;37.762040396;27.708030887;08:30-12:30/13:30-17:00;KAPALI;KAPALI;1;2026-09-21 08:29:58
4403;PTT_SUBE;1718;KUYUCAK MÜDÜRLÜĞÜ;YENİ MAHALLESİ ARİF İZGİ CADDE No: 27 A KUYUCAK AYDIN;02563714212;9;AYDIN;;;;37.910203913;28.456819224;08:30-12:30;KAPALI;KAPALI;1;2026-09-21 08:29:58
4405;PTT_SUBE;8506;KUŞADASI DAĞITIM VE TOPLAMA MÜDÜRLÜĞÜ;DEĞİRMENDERE MAHALLESİ GÖCEK KAVAĞI YOLU SOKAK No: 2 BB KUŞADASI AYDIN;0;9;AYDIN;;;;37.84331;27.265788;08:00-20:00/-;08:00-20:00/-;08:00-20:00/-;1;2026-09-21 08:29:58
4404;PTT_SUBE;1927;KUŞADASI MÜDÜRLÜĞÜ;CUMHURİYET MAHALLESİ CANDAN TARHAN BULVAR No: 54 KUŞADASI AYDIN;02566141212;9;AYDIN;;;;37.858983;27.265563;08:30-12:30;KAPALI;KAPALI;1;2026-09-21 08:29:58
4406;PTT_SUBE;1726;KÖŞK MÜDÜRLÜĞÜ;ÇARŞI MAHALLESİ OKUL SOKAK No: 4 KÖŞK AYDIN;02564613471;9;AYDIN;;;;37.852314;28.052561;08:30-12:30/13:30-17:00;KAPALI;KAPALI;1;2026-09-21 08:29:58
4402;PTT_SUBE;2013;NAZİLLİ MÜDÜRLÜĞÜ;ALTINTAŞ MAHALLESİ MİMAR SİNAN CADDE No: 2 NAZİLLİ AYDIN;02563121212;9;AYDIN;;;;37.9163754;28.327937976;08:30-12:30;KAPALI;KAPALI;1;2026-09-21 08:29:58
4401;PTT_SUBE;7289;ORTAKLAR  ŞUBESİ;ORTAKLAR MAHALLESİ 7 EYLÜL (ORTAKLAR) CADDE No: 75 GERMENCİK AYDIN;02565771116;9;AYDIN;;;;37.88721396;27.503658;08:30-12:30/13:30-17:00;KAPALI;KAPALI;1;2026-09-21 08:29:58
4400;PTT_SUBE;1722;OSMAN YOZGATLI   ŞUBESİ;OSMAN YOZGATLI MAHALLESİ ESKİ ÇİNE CADDE No: 2 EFELER AYDIN;02562262915;9;AYDIN;;;;37.830274;27.836281;08:30-12:30/13:30-17:00;KAPALI;KAPALI;1;2026-09-21 08:29:58
4399;PTT_SUBE;4968;OVAKÖY ACENTELİĞİ;OVAKÖY MAHALLESİ DEMİRYOLU ÜSTÜ SOKAK No: 3 KÖŞK AYDIN;02560000000;9;AYDIN;;;;37.857501;28.02282;08:30-12:30/13:30-17:00;KAPALI;KAPALI;1;2026-09-21 08:29:58
4398;PTT_SUBE;4961;PİRLİBEY ACENTELİĞİ;PİRLİBEY MAHALLESİ 3464 SOKAK No: 14 D NAZİLLİ AYDIN;02563372070;9;AYDIN;;;;37.86231897;28.43213508;08:30-12:30/13:30-17:00;KAPALI;KAPALI;1;2026-09-21 08:29:58
4397;PTT_SUBE;1758;SAZLI   ŞUBESİ;SAZLI MAHALLESİ AYDIN (SAZLI) CADDE No: 96 B SÖKE AYDIN;02565546260;9;AYDIN;;;;37.777861614;27.450376045;08:30-12:30/13:30-17:00;KAPALI;KAPALI;1;2026-09-21 08:29:58
4395;PTT_SUBE;7657;SULTANHİSAR  ŞUBESİ;ZAFER MAHALLESİ ATATÜRK CADDE No: 47 A SULTANHİSAR AYDIN;02563513212;9;AYDIN;;;;37.8894549;28.154471973;08:30-12:30/13:30-17:00;KAPALI;KAPALI;1;2026-09-21 08:29:58
4396;PTT_SUBE;1733;SÖKE MÜDÜRLÜĞÜ;KONAK MAHALLESİ AYDIN- CADDE No: 54 - SÖKE AYDIN;02565181212;9;AYDIN;;;;37.758917067;27.410051881;08:30-12:30;KAPALI;KAPALI;1;2026-09-21 08:29:58
4394;PTT_SUBE;1682;TEKELER ACENTELİĞİ;TEKELER MAHALLESİ 1355 SOKAK No: 9 B KARPUZLU AYDIN;02567435333;9;AYDIN;;;;37.539116;27.785361;09:00-12:30/13:30-17:00;KAPALI;KAPALI;1;2026-09-21 08:29:58
4393;PTT_SUBE;7572;UMURLU  ŞUBESİ;UMURLU MAHALLESİ 4168 SOKAK No: 4 EFELER AYDIN;02562513212;9;AYDIN;;;;37.84969503;27.96000012;08:30-12:30/13:30-17:00;KAPALI;KAPALI;1;2026-09-21 08:29:58
4392;PTT_SUBE;1649;YAZIKENT ACENTELİĞİ;YAZIKENT MAHALLESİ 979 SOKAK No: 28 BOZDOĞAN AYDIN;05338140672;9;AYDIN;;;;37.699373;28.384488;09:00-12:30/13:30-17:00;KAPALI;KAPALI;1;2026-09-21 08:29:58
4391;PTT_SUBE;7754;YEDİ EYLÜL  ŞUBESİ;KURTULUŞ MAHALLESİ SAĞLIK CADDE No: 33 A EFELER AYDIN;02562121212;9;AYDIN;;;;37.839816;27.840722;08:30-12:30/13:30-17:00;00:00-00:00/00:00-00:00;KAPALI;1;2026-09-21 08:29:58
4390;PTT_SUBE;1866;YENİCE ACENTELİĞİ;YENİCE MAHALLESİ ATATÜRK CADDE No: 77 A KARACASU AYDIN;02564456530;9;AYDIN;;;;37.85550903;28.54788408;09:00-12:30/13:30-17:00;KAPALI;KAPALI;1;2026-09-21 08:29:58
4389;PTT_SUBE;1714;YENİPAZAR MÜDÜRLÜĞÜ;HÜKÜMET MAHALLESİ BÜYÜK MENDERES CADDE No: 8 A YENİPAZAR AYDIN;02563613212;9;AYDIN;;;;37.82458;28.19595;08:30-12:30;KAPALI;KAPALI;1;2026-09-21 08:29:58
4388;PTT_SUBE;8097;YEŞİL MAHALLE DAĞITIM KARGO  ŞUBESİ;YEŞİL MAHALLESİ 1855 SOKAK No: 3 B NAZİLLİ AYDIN;02563150169;9;AYDIN;;;;37.92139608;28.341417867;08:30-12:30/13:30-17:00;08:30-12:30/13:30-17:00;KAPALI;1;2026-09-21 08:29:58
4425;PTT_SUBE;1668;ÇİNE MÜDÜRLÜĞÜ;HAMİTABAT MAHALLESİ 251 SOKAK No: 12 ÇİNE AYDIN;02567116212;9;AYDIN;;;;37.613815;28.063766;08:30-12:30;KAPALI;KAPALI;1;2026-09-21 08:29:58
4412;PTT_SUBE;1579;İNCİRLİOVA MÜDÜRLÜĞÜ;CUMHURİYET MAHALLESİ GÜRSEL CADDE No: 4 İNCİRLİOVA AYDIN;02565851212;9;AYDIN;;;;37.853185;27.724666;08:30-12:30;KAPALI;KAPALI;1;2026-09-21 08:29:58
4411;PTT_SUBE;4563;İSABEYLİ   ŞUBESİ;İSABEYLİ MAHALLESİ ATATÜRK (İSABEYLİ) BULVAR No: 229 NAZİLLİ AYDIN;02563476006;9;AYDIN;;;;37.894340518;28.267147079;08:30-12:30/13:30-17:00;KAPALI;KAPALI;1;2026-09-21 08:29:58
3866;PTT_SUBE;8501;AĞRI DAĞITIM VE TOPLAMA MÜDÜRLÜĞÜ;LEYLEK PINAR MAHALLESİ HANİ BABA CADDE No: 23 A MERKEZ AĞRI;0;4;AĞRI;;;;39.71971;43.05929;08:00-19:30/-;08:00-19:30/-;08:00-19:30/-;1;2026-09-21 08:29:55
3865;PTT_SUBE;3499;AĞRI MÜDÜRLÜĞÜ;LEYLEK PINAR MAHALLESİ CUMHURİYET CADDE No: 50 MERKEZ AĞRI;04722160666;4;AĞRI;;;;39.721326;43.052892;08:30-17:00;KAPALI;KAPALI;1;2026-09-21 08:29:55
3864;PTT_SUBE;7404;DEDELİ ACENTELİĞİ;DEDELİ BELDESİ/MERKEZ MAHALLESİ ANA CADDE No: 99 PATNOS AĞRI;04726366154;4;AĞRI;;;;39.183665;43.067648;08:30-12:30/13:30-17:00;KAPALI;KAPALI;1;2026-09-21 08:29:55
3862;PTT_SUBE;3548;DOĞUBEYAZIT MÜDÜRLÜĞÜ;AHMEDİHANİ MAHALLESİ BURHAN DUMLU CADDE No: 9 H DOĞUBAYAZIT AĞRI;04723126001;4;AĞRI;;;;39.549586;44.083533;08:30-17:00;KAPALI;KAPALI;1;2026-09-21 08:29:55
3863;PTT_SUBE;3545;DİYADİN MÜDÜRLÜĞÜ;ATATÜRK MAHALLESİ İNÖNÜ CADDE No: 69 DİYADİN AĞRI;04725112004;4;AĞRI;;;;39.540411;43.674704;08:30-12:30;KAPALI;KAPALI;1;2026-09-21 08:29:55
3861;PTT_SUBE;3549;ELEŞKİRT MÜDÜRLÜĞÜ;İSTİKLAL MAHALLESİ SELAHATTİN SARAYHANOĞLU CADDE No: 14 ELEŞKİRT AĞRI;04727114115;4;AĞRI;;;;39.799085;42.675233;08:30-12:30;KAPALI;KAPALI;1;2026-09-21 08:29:55
3860;PTT_SUBE;3550;GÜRBULAK MÜDÜRLÜĞÜ;GÜRBULAK KÖYÜ GÜRBULAK KÜME EVLER No: 340 /1 DOĞUBAYAZIT AĞRI;04723212001;4;AĞRI;;;;39.41983602;44.35406496;08:30-12:30;KAPALI;KAPALI;1;2026-09-21 08:29:55
3859;PTT_SUBE;5393;HAMUR  ŞUBESİ;KALE MAHALLESİ VAN CADDE No: 6 HAMUR AĞRI;04724112011;4;AĞRI;;;;39.60955;42.98752;08:30-12:30/13:30-17:30;KAPALI;KAPALI;1;2026-09-21 08:29:55
3858;PTT_SUBE;5399;P.T.T. LOJMANLARI  ŞUBESİ;YAVUZ MAHALLESİ KAĞIZMAN CADDE No: 43 A MERKEZ AĞRI;04722151909;4;AĞRI;;;;39.72236;43.050837;08:30-12:30/13:30-17:30;KAPALI;KAPALI;1;2026-09-21 08:29:55
3857;PTT_SUBE;3590;PATNOS MÜDÜRLÜĞÜ;ATATÜRK MAHALLESİ SAİDİ NURSİ CADDE No: 15 PATNOS AĞRI;04726161800;4;AĞRI;;;;39.23384;42.85753;08:30-12:30/13:30-17:30;KAPALI;KAPALI;1;2026-09-21 08:29:55
3856;PTT_SUBE;5326;TAHİR ACENTELİĞİ;TAHİR BELDESİ/KARŞIYAKA MAHALLESİ YAPRAK SOKAK No: 6 ELEŞKİRT AĞRI;04727142300;4;AĞRI;;;;39.863185;42.438974;09:00-12:00/13:00-17:00;KAPALI;KAPALI;1;2026-09-21 08:29:55
3855;PTT_SUBE;3594;TAŞLIÇAY MÜDÜRLÜĞÜ;15 TEMMUZ ŞEHİTLER MAHALLESİ MARAŞAL FEVZİ ÇAKMAK CADDE No: 1 A/1 TAŞLIÇAY AĞRI;04725512070;4;AĞRI;;;;39.640113834;43.370085286;08:30-12:30;KAPALI;KAPALI;1;2026-09-21 08:29:55
3854;PTT_SUBE;3595;TUTAK MÜDÜRLÜĞÜ;MURAT MAHALLESİ CUMHURİYET CADDE No: 42 A TUTAK AĞRI;04724112201;4;AĞRI;;;;39.540274;42.771242;08:30-12:30;KAPALI;KAPALI;1;2026-09-21 08:29:55
3853;PTT_SUBE;5327;YÜCEKAPI ACENTELİĞİ;YÜCEKAPI BELDESİ/ESENTEPE MAHALLESİ VATAN CADDE No: 1 ELEŞKİRT AĞRI;04727176060;4;AĞRI;;;;39.754794;42.736895;09:00-12:00/13:00-17:00;KAPALI;KAPALI;1;2026-09-21 08:29:55
4504;PTT_SUBE;3788;2.GÜNDOĞAN MAHALLESİ  ŞUBESİ;2.GÜNDOĞAN MAHALLESİ ERGÜVEN CADDE No: 5 A ALTIEYLÜL BALIKESİR;02662443932;10;BALIKESİR;;;;39.64392396;27.90771192;08:30-12:30/13:30-17:00;KAPALI;KAPALI;1;2026-09-21 08:29:59
4503;PTT_SUBE;3795;ADLİYE SARAYI  ŞUBESİ;GAZİOSMANPAŞA MAHALLESİ 13_YENİ İZMİR CADDE No: 186 /1 ALTIEYLÜL BALIKESİR;02662230302;10;BALIKESİR;;;;39.617652;27.890625;08:30-12:30/13:30-17:00;KAPALI;KAPALI;1;2026-09-21 08:29:59
4502;PTT_SUBE;5320;ADLİYE SARAYI (ALTIYÜZ EVLER)  ŞUBESİ;600 EVLER MAHALLESİ 1217 SOKAK No: 1 BANDIRMA BALIKESİR;02667212444;10;BALIKESİR;;;;40.337353151;27.991261186;08:30-12:30/13:30-17:00;KAPALI;KAPALI;1;2026-09-21 08:29:59
4501;PTT_SUBE;3798;ADNAN MENDERES (KIZPINARI)   ŞUBESİ;ADNAN MENDERES MAHALLESİ 5205 CADDE No: 5 KARESİ BALIKESİR;02662243810;10;BALIKESİR;;;;39.65415;27.852195;08:30-12:30/13:30-17:00;KAPALI;KAPALI;1;2026-09-21 08:29:59
4499;PTT_SUBE;5322;AKSAKAL  ŞUBESİ;AKSAKAL MAHALLESİ 3004 SOKAK No: 12 /1 BANDIRMA BALIKESİR;02667251167;10;BALIKESİR;;;;40.14897201;28.10608416;08:30-12:30/13:30-17:00;KAPALI;KAPALI;1;2026-09-21 08:29:59
4500;PTT_SUBE;5441;AKÇAY MÜDÜRLÜĞÜ;AKÇAY MAHALLESİ TURGUT REİS CADDE No: 8 A EDREMİT BALIKESİR;02663841419;10;BALIKESİR;;;;39.584067;26.923769;08:30-17:00;KAPALI;KAPALI;1;2026-09-21 08:29:59
4496;PTT_SUBE;8554;ALTINKUM ŞUBESİ;ALTINKUM MAHALLESİ GAZİ ATATÜRK CADDE No: 116 - EDREMİT BALIKESİR;00000000000;10;BALIKESİR;;;;39.572303;26.942071;08:30-12:30/13:30-17:00;KAPALI;KAPALI;1;2026-09-21 08:29:59
4495;PTT_SUBE;6251;ALTINOLUK İSKELE MÜDÜRLÜĞÜ;İSKELE MAHALLESİ RUMELİ CADDE No: 4 A EDREMİT BALIKESİR;02663961419;10;BALIKESİR;;;;39.567358;26.744298;08:30-17:00;KAPALI;KAPALI;1;2026-09-21 08:29:59
4494;PTT_SUBE;235;ALTINOVA MÜDÜRLÜĞÜ;ALTINOVA MAHALLESİ HÜKÜMET CADDE No: 13 A AYVALIK BALIKESİR;02663381522;10;BALIKESİR;;;;39.221352;26.78147;08:30-12:30/13:30-17:00;KAPALI;KAPALI;1;2026-09-21 08:29:59
4498;PTT_SUBE;1932;ALİ ÇETİNKAYA  ŞUBESİ;ALİ ÇETİNKAYA MAHALLESİ MUAMMER AKSOY CADDE No: 29 AYVALIK BALIKESİR;02663312084;10;BALIKESİR;;;;39.333065;26.713091;08:30-12:30/13:30-17:00;KAPALI;KAPALI;1;2026-09-21 08:29:59
4497;PTT_SUBE;1967;ALİBEY ŞUBESİ;NAMIK KEMAL MAHALLESİ ÇARŞI CADDE No:1 AYVALIK BALIKESİR;02663271406;10;BALIKESİR;;;;39.332273;26.656725;00:00-00:00 / 00:00-00:00;KAPALI;KAPALI;1;2026-09-21 08:29:59
4493;PTT_SUBE;2228;AVCILAR ŞUBESİ;AVCILAR MAHALLESİ AVCILAR SOKAK No: 415 EDREMİT BALIKESİR;02663785471;10;BALIKESİR;;;;39.57196599;26.80684596;08:30-12:30/13:30-17:00;KAPALI;KAPALI;1;2026-09-21 08:29:59
4492;PTT_SUBE;4588;AVŞA  ŞUBESİ;DENİZ MAHALLESİ HANIMELİ SOKAK No: 1 MARMARA BALIKESİR;02668961452;10;BALIKESİR;;;;40.514288;27.497526;08:30-12:30/13:30-17:00;KAPALI;KAPALI;1;2026-09-21 08:29:59
4491;PTT_SUBE;1793;AYVALIK MÜDÜRLÜĞÜ;İSMETPAŞA MAHALLESİ ATATÜRK BULVAR No: 165 AYVALIK BALIKESİR;02663121003;10;BALIKESİR;;;;39.32058;26.69286;08:30-17:00;KAPALI;KAPALI;1;2026-09-21 08:29:59
4490;PTT_SUBE;3806;BAHÇELİEVLER  ŞUBESİ;BAHÇELİEVLER MAHALLESİ LOZAN SOKAK No: 2 ALTIEYLÜL BALIKESİR;02662397662;10;BALIKESİR;;;;39.635348884;27.892808079;08:30-12:30/13:30-17:00;KAPALI;KAPALI;1;2026-09-21 08:29:59
4489;PTT_SUBE;5448;BALIKESİR DAĞITIM VE TOPLAMA  MÜDÜRLÜĞÜ;GÜMÜSÇESME MAHALLESİ FARUK KULA CADDE No: 169 ALTIEYLÜL BALIKESİR;02662449561;10;BALIKESİR;;;;39.652755;27.914797;08:30-17:30;08:30-17:30;KAPALI;1;2026-09-21 08:29:59
4488;PTT_SUBE;5468;BALIKESİR MÜDÜRLÜĞÜ;ESKİ KUYUMCULAR MAHALLESİ ANAFARTALAR CADDE No: 9 A KARESİ BALIKESİR;02662449556;10;BALIKESİR;;;;39.64677;27.88063;08:30-17:00/-;KAPALI;KAPALI;1;2026-09-21 08:29:59
4487;PTT_SUBE;8221;BALYA ŞUBESİ;ENVERPAŞA MAHALLESİ ATATÜRK CADDE No: 4 BALYA BALIKESİR;02664861151;10;BALIKESİR;;;;39.749674;27.578208;08:30-12:30/13:30-17:00;KAPALI;KAPALI;1;2026-09-21 08:29:59
4486;PTT_SUBE;8353;BANDIRMA DAĞITIM VE TOPLAMA MERKEZİ;600 EVLER MAHALLESİ 2016 SOKAK No: 1 /1A BANDIRMA BALIKESİR;02667151277;10;BALIKESİR;;;;40.341672;27.989528;08:30-17:30;08:30-17:30;KAPALI;1;2026-09-21 08:29:59
4485;PTT_SUBE;5330;BANDIRMA MÜDÜRLÜĞÜ;17 EYLÜL MAHALLESİ ATATÜRK CADDE No: 59 BANDIRMA BALIKESİR;02667134445;10;BALIKESİR;;;;40.352518233;27.972701728;08:30-17:00;KAPALI;KAPALI;1;2026-09-21 08:29:59
4483;PTT_SUBE;1520;BURHANİYE MÜDÜRLÜĞÜ;MAHKEME MAHALLESİ SAİP HOCA BULVAR No: 12 A BURHANİYE BALIKESİR;02664222000;10;BALIKESİR;;;;39.500878614;26.976220396;08:30-17:00;KAPALI;KAPALI;1;2026-09-21 08:29:59
4482;PTT_SUBE;5483;BÜYÜKDERE  ŞUBESİ;BÜYÜKDERE MAHALLESİ HAVRAN CADDE No: 31 - HAVRAN BALIKESİR;02664427193;10;BALIKESİR;;;;39.537162;27.078291;08:30-12:30/13:30-17:00;KAPALI;KAPALI;1;2026-09-21 08:29:59
4481;PTT_SUBE;5096;BÜYÜKYENİCE  ŞUBESİ;BÜYÜKYENİCE MAHALLESİ BÜYÜKYENİCE MEYDAN No: 1 İVRİNDİ BALIKESİR;02664635401;10;BALIKESİR;;;;39.443678;27.376786;08:30-12:30/13:30-17:00;KAPALI;KAPALI;1;2026-09-21 08:29:59
4484;PTT_SUBE;1076;BİGADİÇ MÜDÜRLÜĞÜ;SERVİ MAHALLESİ ATATÜRK CADDE No: 263 A BİGADİÇ BALIKESİR;02666141419;10;BALIKESİR;;;;39.39035047;28.131969818;08:30-17:00;KAPALI;KAPALI;1;2026-09-21 08:29:59
4480;PTT_SUBE;5643;DURSUNBEY MÜDÜRLÜĞÜ;BOZYOKUŞ MAHALLESİ ZÜBEYDE HANIM CADDE No: 14 DURSUNBEY BALIKESİR;02666621919;10;BALIKESİR;;;;39.584238;28.626771;08:30-17:00;KAPALI;KAPALI;1;2026-09-21 08:29:59
4478;PTT_SUBE;5471;EDREMİT MÜDÜRLÜĞÜ;CAMİVASAT MAHALLESİ MENDERES BULVAR No: 3 EDREMİT BALIKESİR;02663731039;10;BALIKESİR;;;;39.59279;27.02049;08:30-17:00;KAPALI;KAPALI;1;2026-09-21 08:29:59
4479;PTT_SUBE;5324;EDİNCİK  ŞUBESİ;EDİNCİK MAHALLESİ EDİNCİK İSTİKLAL CADDE No: 3 /1 BANDIRMA BALIKESİR;02667271406;10;BALIKESİR;;;;40.342721;27.861459;08:30-12:30/13:30-17:00;KAPALI;KAPALI;1;2026-09-21 08:29:59
4477;PTT_SUBE;4586;ERDEK MÜDÜRLÜĞÜ;YALI MAHALLESİ HÜKÜMET CADDE No: 12 ERDEK BALIKESİR;02668351000;10;BALIKESİR;;;;40.395928;27.792819;08:30-17:00;KAPALI;KAPALI;1;2026-09-21 08:29:59
4476;PTT_SUBE;5109;GÖKÇEYAZI  ŞUBESİ;GÖKÇEYAZI MAHALLESİ TUNA CADDE No: 3 İVRİNDİ BALIKESİR;02664667747;10;BALIKESİR;;;;39.630360121;27.630432615;08:30-12:30/13:30-17:00;KAPALI;KAPALI;1;2026-09-21 08:29:59
4475;PTT_SUBE;5440;GÖMEÇ MÜDÜRLÜĞÜ;MİTHATPAŞA MAHALLESİ ALİ GAFFAR OKKAN SOKAK No: 2 GÖMEÇ BALIKESİR;02663571919;10;BALIKESİR;;;;39.38843;26.83982;08:30-17:00;KAPALI;KAPALI;1;2026-09-21 08:29:59
4474;PTT_SUBE;322;GÖNEN MÜDÜRLÜĞÜ;AKÇAALİ MAHALLESİ ATATÜRK CADDE No: 26 GÖNEN BALIKESİR;02667621000;10;BALIKESİR;;;;40.10528;27.65215;08:30-17:00;KAPALI;KAPALI;1;2026-09-21 08:29:59
4473;PTT_SUBE;5446;GÜMRÜK  ŞUBESİ;TUZCUMURAT MAHALLESİ 248 SOKAK No: 19 EDREMİT BALIKESİR;02663731099;10;BALIKESİR;;;;39.601608;27.027559;08:30-12:30/13:30-17:00;KAPALI;KAPALI;1;2026-09-21 08:29:59
4472;PTT_SUBE;5453;GÜRE  ŞUBESİ;GÜRE CUMHURİYET MAHALLESİ BARIŞ CADDE No: 30 EDREMİT BALIKESİR;02663853075;10;BALIKESİR;;;;39.585741;26.878482;08:30-12:30/13:30-17:00;KAPALI;KAPALI;1;2026-09-21 08:29:59
4471;PTT_SUBE;5482;HAVRAN MÜDÜRLÜĞÜ;ÇİĞİTZADE MAHALLESİ YILMAZ AKPINAR BULVAR No: 84 HAVRAN BALIKESİR;02664321315;10;BALIKESİR;;;;39.5561;27.09585;08:30-17:00;KAPALI;KAPALI;1;2026-09-21 08:29:59
4469;PTT_SUBE;5652;KAVACIK ACENTELİĞİ;KAVACIK MAHALLESİ KAVACIK B.M SOKAK No: 454 - DURSUNBEY BALIKESİR;02666728035;10;BALIKESİR;;;;39.67768899;28.494126;08:30-17:00/-;KAPALI;KAPALI;1;2026-09-21 08:29:59
4468;PTT_SUBE;5105;KAYAPA  ŞUBESİ;KAYAPA MAHALLESİ ESKİ CAMİ CADDE No: 2 İVRİNDİ BALIKESİR;02664655652;10;BALIKESİR;;;;39.493026;27.446163;08:30-12:30/13:30-17:00;KAPALI;KAPALI;1;2026-09-21 08:29:59
4467;PTT_SUBE;5459;KAZDAĞI  ŞUBESİ;GAZİCELAL MAHALLESİ 453 SOKAK No: 2 EDREMİT BALIKESİR;02663732887;10;BALIKESİR;;;;39.596926377;27.011851534;08:30-12:30/13:30-17:00;KAPALI;KAPALI;1;2026-09-21 08:29:59
4466;PTT_SUBE;6554;KEPSUT MÜDÜRLÜĞÜ;KASAPZADE MAHALLESİ ALPARSLAN TÜRKEŞ BULVAR No: 1 KEPSUT BALIKESİR;02265761419;10;BALIKESİR;;;;39.68355;28.15507;08:30-17:00;KAPALI;KAPALI;1;2026-09-21 08:29:59
4465;PTT_SUBE;5475;KIZILKEÇİLİ ACENTELİĞİ;KIZILKEÇİLİ MAHALLESİ KÖY MEYDAN No: 3 EDREMİT BALIKESİR;02663849569;10;BALIKESİR;;;;39.616006;26.920425;08:30-12:30/13:30-17:00;KAPALI;KAPALI;1;2026-09-21 08:29:59
4464;PTT_SUBE;5490;KOCAAVŞAR ACENTELİĞİ;KOCAAVŞAR MAHALLESİ İSTİKLAL CADDE No: 58 KARESİ BALIKESİR;02662584069;10;BALIKESİR;;;;39.67099002;27.61336116;08:30-12:30/13:30-17:00;KAPALI;KAPALI;1;2026-09-21 08:29:59
4463;PTT_SUBE;5099;KORUCU  ŞUBESİ;KORUCU MAHALLESİ GAZİ MUSTAFA KEMAL MEYDAN No: 2 İVRİNDİ BALIKESİR;02664646200;10;BALIKESİR;;;;39.471436;27.367225;08:30-12:30/13:30-17:00;KAPALI;KAPALI;1;2026-09-21 08:29:59
4462;PTT_SUBE;5397;KURTULUŞ ŞUBESİ;KURTULUŞ MAHALLESİ HÜSEYİN TÜMER CADDE No: 65 GÖNEN BALIKESİR;02667621000;10;BALIKESİR;;;;40.110039;27.652672;08:30-12:30/13:30-17:00;KAPALI;KAPALI;1;2026-09-21 08:29:59
4461;PTT_SUBE;2151;MANYAS MÜDÜRLÜĞÜ;ÇARŞI MAHALLESİ HÜKÜMET CADDE No: 9 B MANYAS BALIKESİR;02668181377;10;BALIKESİR;;;;40.046799;27.968826;08:30-17:00/13:30-17:00;KAPALI;KAPALI;1;2026-09-21 08:29:59
4460;PTT_SUBE;3774;MARMARA  ŞUBESİ;CUMHURİYET MAHALLESİ PTT SOKAK No: 9 MARMARA BALIKESİR;02668855450;10;BALIKESİR;;;;40.58604;27.55494;08:30-12:30/13:30-17:00;KAPALI;KAPALI;1;2026-09-21 08:29:59
4459;PTT_SUBE;5449;NARLI  ŞUBESİ;NARLI MAHALLESİ NARLI SOKAK No: 62 ERDEK BALIKESİR;02668371127;10;BALIKESİR;;;;40.476475;27.69155;08:30-12:30/13:30-17:00;KAPALI;KAPALI;1;2026-09-21 08:29:59
4458;PTT_SUBE;5452;OCAKLAR  ŞUBESİ;OCAKLAR MAHALLESİ GAZİ MUSTAFA KEMAL PAŞA CADDE No: 38 B ERDEK BALIKESİR;02668475400;10;BALIKESİR;;;;40.443376;27.75662;08:30-12:30/13:30-17:00;KAPALI;KAPALI;1;2026-09-21 08:29:59
4456;PTT_SUBE;5481;PAMUKÇU  ŞUBESİ;PAMUKÇU MAHALLESİ CUMHURİYET. MEYDAN No: 17 ALTIEYLÜL BALIKESİR;02662571161;10;BALIKESİR;;;;39.524436;27.892067;08:30-12:30/13:30-17:00;KAPALI;KAPALI;1;2026-09-21 08:29:59
4455;PTT_SUBE;3835;PAŞAALANI  ŞUBESİ;PAŞA ALANI MAHALLESİ DEREBOYU CADDE No: 71 KARESİ BALIKESİR;02662462850;10;BALIKESİR;;;;39.66645;27.90578;08:30-12:30/13:30-17:00;KAPALI;KAPALI;1;2026-09-21 08:29:59
4454;PTT_SUBE;5447;PAŞALİMANI   ŞUBESİ;PAŞALİMANI MAHALLESİ PAŞALİMANI SOKAK No: 36 ERDEK BALIKESİR;02668511161;10;BALIKESİR;;;;40.490681;27.60726;08:30-12:30/13:30-17:00;KAPALI;KAPALI;1;2026-09-21 08:29:59
4453;PTT_SUBE;5451;PLEVNE  ŞUBESİ;PLEVNE MAHALLESİ BEYOĞLU CADDE No: 116 B ALTIEYLÜL BALIKESİR;02662210757;10;BALIKESİR;;;;39.624801;27.89372;08:30-12:30/13:30-17:00;KAPALI;KAPALI;1;2026-09-21 08:29:59
4452;PTT_SUBE;5427;SALIPAZARI  ŞUBESİ;EGE MAHALLESİ KAVALCI SOKAK No: 7 KARESİ BALIKESİR;02662449574;10;BALIKESİR;;;;39.653019;27.886514;08:30-12:30/13:30-17:00;KAPALI;KAPALI;1;2026-09-21 08:29:59
4451;PTT_SUBE;3778;SARAYLAR  ŞUBESİ;SARAYLAR MAHALLESİ 10019 SOKAK No: 5 MARMARA BALIKESİR;02668877301;10;BALIKESİR;;;;40.652974;27.657698;08:30-12:30/13:30-17:00;KAPALI;KAPALI;1;2026-09-21 08:29:59
4450;PTT_SUBE;5469;SARIBEYLER  ŞUBESİ;SARIBEYLER MAHALLESİ SARIBEYLER CUMHURİYET MEYDAN No: 1 - SAVAŞTEPE BALIKESİR;02665626005;10;BALIKESİR;;;;39.37853502;27.64931688;08:30-12:30/13:30-17:00;KAPALI;KAPALI;1;2026-09-21 08:29:59
4449;PTT_SUBE;5396;SARIKÖY ŞUBESİ;SARIKÖY MAHALLESİ ŞEHİT HASAN KILIÇ CADDE No:20 GÖNEN BALIKESİR;02667741413;10;BALIKESİR;;;;40.205472;27.597513;KAPALI;KAPALI;KAPALI;1;2026-09-21 08:29:59
4448;PTT_SUBE;8417;SARIMSAKLI  ŞUBESİ;KÜÇÜKKÖY MAHALLESİ MUSTAFA KEMAL ATATÜRK BULVAR No: 62  /1- AYVALIK BALIKESİR;02663246788;10;BALIKESİR;;;;39.268623371;26.667667298;08:30-12:30/13:30-17:30;KAPALI;KAPALI;1;2026-09-21 08:29:59
4447;PTT_SUBE;5455;SAVAŞTEPE MÜDÜRLÜĞÜ;ZAFER MAHALLESİ ŞEHİD MURAT ÇAKMAK SOKAK No: 5 SAVAŞTEPE BALIKESİR;02665521420;10;BALIKESİR;;;;39.380033;27.656057;08:30-17:00/-;KAPALI;KAPALI;1;2026-09-21 08:29:59
4446;PTT_SUBE;8423;SINDIRGI MÜDÜRLÜĞÜ;CAMİCEDİT MAHALLESİ ATATÜRK CADDE No: 10 A SINDIRGI BALIKESİR;00000000000;10;BALIKESİR;;;;39.239547;28.177773;08:30-17:00;KAPALI;KAPALI;1;2026-09-21 08:29:59
4445;PTT_SUBE;5454;SUSURLUK MÜDÜRLÜĞÜ;HAN MAHALLESİ MİLLİ KUVVETLER CADDE No: 8 A SUSURLUK BALIKESİR;02668651958;10;BALIKESİR;;;;39.91432;28.15689;08:30-17:00/-;KAPALI;KAPALI;1;2026-09-21 08:29:59
4443;PTT_SUBE;5863;TATLISU ACENTELİĞİ;TATLISU MAHALLESİ KÖPRÜ ÜSTÜ SOKAK No: 9 ERDEK BALIKESİR;05324841179;10;BALIKESİR;;;;40.407278;27.917331;08:30-17:00/-;KAPALI;KAPALI;1;2026-09-21 08:29:59
4442;PTT_SUBE;4137;TOYGAR  ŞUBESİ;TOYGAR MAHALLESİ MEHMET AKİF ERSOY CADDE No: 15 B KARESİ BALIKESİR;02662277131;10;BALIKESİR;;;;39.664664;27.893456;08:30-12:30/13:30-17:00;KAPALI;KAPALI;1;2026-09-21 08:29:59
4457;PTT_SUBE;1560;ÖĞRETMEN EVLERİ  ŞUBESİ;ÖĞRETMENLER MAHALLESİ MUAMMER AKSOY CADDE No: 41 BURHANİYE BALIKESİR;02664121272;10;BALIKESİR;;;;39.48749703;26.93406708;08:30-12:30/13:30-17:00;KAPALI;KAPALI;1;2026-09-21 08:29:59
4470;PTT_SUBE;5088;İVRİNDİ MÜDÜRLÜĞÜ;SAKARYA MAHALLESİ EDREMİT CADDE No: 16 -18 İVRİNDİ BALIKESİR;02664562777;10;BALIKESİR;;;;39.58362;27.48437;08:30-17:00;KAPALI;KAPALI;1;2026-09-21 08:29:59
4444;PTT_SUBE;5480;ŞAMLI  ŞUBESİ;ŞAMLI MAHALLESİ ŞAMLI HÜKÜMET CADDE No: 12 KARESİ BALIKESİR;02662875150;10;BALIKESİR;;;;39.81458;27.844158;08:30-12:30/13:30-17:00;KAPALI;KAPALI;1;2026-09-21 08:29:59
4519;PTT_SUBE;6108;ABDİPAŞA  ŞUBESİ;ABDİPAŞA BELDESİ/YEŞİLPAZAR MAHALLESİ VATAN CADDE No: 69 B ULUS BARTIN;03784264141;74;BARTIN;;;;41.517396;32.557281;08:30-12:30/13:30-17:00;KAPALI;KAPALI;1;2026-09-21 08:29:59
4518;PTT_SUBE;3750;AKÇAMESCİT ACENTELİĞİ;AKÇAMESCİT KÖYÜ/TOPAL ALİ MEVKİİ TOPALALİ KÜME EVLER No: 15 A MERKEZ BARTIN;03782436491;74;BARTIN;;;;41.533217;32.345565;09:00-12:30/13:30-17:00;KAPALI;KAPALI;1;2026-09-21 08:29:59
4517;PTT_SUBE;3681;AMASRA MÜDÜRLÜĞÜ;KUM MAHALLESİ CUMHURİYET CADDE No: 40 AMASRA BARTIN;03783151415;74;BARTIN;;;;41.746880655;32.385468822;08:30-12:30;KAPALI;KAPALI;1;2026-09-21 08:29:59
4516;PTT_SUBE;4045;ARIT ACENTELİĞİ;ARIT KÖYÜ/MENTEŞPİRİ MEVKİİ KARAHATİP SOKAK No: 1 B MERKEZ BARTIN;03782341168;74;BARTIN;;;;41.688313;32.620817;09:00-12:30/13:30-17:00;KAPALI;KAPALI;1;2026-09-21 08:29:59
4515;PTT_SUBE;8505;BARTIN DAĞITIM VETOPLAMA MÜDÜRLÜĞÜ;KEMER KÖPRÜ MAHALLESİ 883 SOKAK No: 10 /1 MERKEZ BARTIN;0;74;BARTIN;;;;41.623457;32.32921;08:00-20:00/-;08:00-20:00/-;08:00-20:00/-;1;2026-09-21 08:29:59
4514;PTT_SUBE;3589;BARTIN MÜDÜRLÜĞÜ;KIRTEPE MAHALLESİ 612 SOKAK No: 1 /1 MERKEZ BARTIN;03782271415;74;BARTIN;;;;41.631597;32.33562;08:30-12:30;KAPALI;KAPALI;1;2026-09-21 08:29:59
4511;PTT_SUBE;3734;HASANKADI ŞUBESİ;HASANKADI BELDESİ/MERKEZ MAHALLESİ 10 NOLU SOKAK No: 5 MERKEZ BARTIN;03782331415;74;BARTIN;;;;41.339046;32.392778;08:30-12:30/13:30-17:00;KAPALI;KAPALI;1;2026-09-21 08:29:59
4510;PTT_SUBE;3663;KOZCAĞIZ MÜDÜRLÜĞÜ;KOZCAĞIZ BELDESİ/MERKEZ MAHALLESİ MUSTAFA KEMAL PAŞA CADDE No: 104 MERKEZ BARTIN;03782331415;74;BARTIN;;;;41.48251;32.339265;08:30-12:30;KAPALI;KAPALI;1;2026-09-21 08:29:59
4509;PTT_SUBE;3728;KURUCAŞİLE MÜDÜRLÜĞÜ;LİMAN MAHALLESİ İBRAHİM HOCA SOKAK No: 20 A KURUCAŞİLE BARTIN;03785181415;74;BARTIN;;;;41.84458031;32.722032265;08:30-12:30;KAPALI;KAPALI;1;2026-09-21 08:29:59
4508;PTT_SUBE;3601;ORDUYERİ ŞUBESİ;ORDUYERİ MAHALLESİ KAYNARCA CADDE No: 10 B MERKEZ BARTIN;03782272953;74;BARTIN;;;;41.640941003;32.343180796;08:30-12:30/13:30-17:00;KAPALI;KAPALI;1;2026-09-21 08:29:59
4507;PTT_SUBE;3740;OVATEKKEÖNÜ ACENTELİĞİ;HİSARKÖY KÖYÜ HİSARKÖY KÖY SOKAĞI No: 37 A KURUCAŞİLE BARTIN;05333384319;74;BARTIN;;;;41.828363983;32.672332353;09:00-12:30/13:30-17:00;KAPALI;KAPALI;1;2026-09-21 08:29:59
4506;PTT_SUBE;3599;SANAYİ ÇARŞISI ŞUBESİ;GÖLBUCAĞI MAHALLESİ 569 SOKAK No: 1 MERKEZ BARTIN;03782282373;74;BARTIN;;;;41.639340923;32.32134819;08:30-12:30/13:30-17:00;KAPALI;KAPALI;1;2026-09-21 08:29:59
4505;PTT_SUBE;3729;ULUS MÜDÜRLÜĞÜ;KALDIRIM MAHALLESİ ATATÜRK CADDE No: 1 ULUS BARTIN;03784161415;74;BARTIN;;;;41.583633;32.639373;08:30-12:30;KAPALI;KAPALI;1;2026-09-21 08:29:59
4513;PTT_SUBE;3634;ÇARŞI  ŞUBESİ;ORTA MAHALLESİ KARAKAŞ CADDE No: 8 /1 MERKEZ BARTIN;03782286818;74;BARTIN;;;;41.634068677;32.337426582;08:30-12:30/13:30-17:00;KAPALI;KAPALI;1;2026-09-21 08:29:59
4512;PTT_SUBE;3597;ÇATMACA ŞUBESİ;KEMER KÖPRÜ MAHALLESİ 883 SOKAK No: 10 A MERKEZ BARTIN;03782276831;74;BARTIN;;;;41.623557;32.328852203;08:30-12:30/13:30-17:00;KAPALI;KAPALI;1;2026-09-21 08:29:59
4532;PTT_SUBE;3698;165. YIL   ŞUBESİ;GAP MAHALLESİ LAVANTA SOKAK No: 4 B MERKEZ BATMAN;04882123605;72;BATMAN;;;;37.902858;41.132461;08:30-12:30/13:30-17:00;KAPALI;KAPALI;1;2026-09-21 08:30:00
4531;PTT_SUBE;7894;BATMAN ADLİYE SARAYI  ŞUBESİ;BELDE MAHALLESİ İBRAHİM HAKKI CADDE No: 4 /1 MERKEZ BATMAN;04882211128;72;BATMAN;;;;37.911367;41.134487;08:30-12:30/13:30-17:00;KAPALI;KAPALI;1;2026-09-21 08:30:00
4530;PTT_SUBE;7088;BATMAN DAĞITIM VE TOPLAMA  MÜDÜRLÜĞÜ;ŞAFAK MAHALLESİ BARIŞ BULVAR No: 3 MERKEZ BATMAN;04882122294;72;BATMAN;;;;37.886627;41.137204;08:30-12:30;08:30-12:30;KAPALI;1;2026-09-21 08:30:00
4529;PTT_SUBE;3678;BATMAN MÜDÜRLÜĞÜ;MEYDAN MAHALLESİ DR. YUSUF AZİZOĞLU CADDE No: 34 A MERKEZ BATMAN;04882125707;72;BATMAN;;;;37.880981;41.126382;08:30-12:30/13:30-17:00;KAPALI;KAPALI;1;2026-09-21 08:30:00
4528;PTT_SUBE;3664;BEŞİRİ MÜDÜRLÜĞÜ;MEHMET YATKIN MAHALLESİ NAMIK KEMAL CADDE No: 3 BEŞİRİ BATMAN;04883112005;72;BATMAN;;;;37.918763;41.291671;08:30-12:30/13:30-17:00;KAPALI;KAPALI;1;2026-09-21 08:30:00
4527;PTT_SUBE;3037;GERCÜŞ MÜDÜRLÜĞÜ;BAĞLARBAŞI MAHALLESİ HÜKÜMET CADDE No: 20 GERCÜŞ BATMAN;04883412207;72;BATMAN;;;;37.566018;41.38546;08:30-12:30/13:30-17:00;KAPALI;KAPALI;1;2026-09-21 08:30:00
4526;PTT_SUBE;3070;HASANKEYF MÜDÜRLÜĞÜ;RAMAN MAHALLESİ RECEP TAYYİP ERDOĞAN BULVAR No: 37 HASANKEYF BATMAN;04883812031;72;BATMAN;;;;37.731467965;41.421734133;08:30-12:30/13:30-17:00;KAPALI;KAPALI;1;2026-09-21 08:30:00
4525;PTT_SUBE;7895;KARŞIYAKA  ŞUBESİ;HÜRRİYET MAHALLESİ FELEK CADDE No: 5 MERKEZ BATMAN;04882313784;72;BATMAN;;;;37.875599963;41.116686558;08:30-12:30/13:30-17:00;KAPALI;KAPALI;1;2026-09-21 08:30:00
4524;PTT_SUBE;3669;KOZLUK MÜDÜRLÜĞÜ;SAĞLIK MAHALLESİ 2403 CADDE No: 6 KOZLUK BATMAN;04884112161;72;BATMAN;;;;38.165064512;41.498527765;08:30-12:30/13:30-17:00;KAPALI;KAPALI;1;2026-09-21 08:30:00
4523;PTT_SUBE;3684;MEHTAP  ŞUBESİ;YENİ MAHALLESİ YUNUS EMRE CADDE No: 4 A MERKEZ BATMAN;04882122241;72;BATMAN;;;;37.881527;41.120008;08:30-12:30/13:30-17:00;KAPALI;KAPALI;1;2026-09-21 08:30:00
4522;PTT_SUBE;7179;PETROLKENT MÜDÜRLÜĞÜ;ŞAFAK MAHALLESİ BARIŞ BULVAR No: 1 MERKEZ BATMAN;04882127970;72;BATMAN;;;;37.886526;41.136902;08:30-12:30;KAPALI;KAPALI;1;2026-09-21 08:30:00
4521;PTT_SUBE;4064;PINARBAŞI MAH.  ŞUBESİ;PINARBAŞI MAHALLESİ MAHATMA GANDİ BULVAR No: 37 A MERKEZ BATMAN;04882139982;72;BATMAN;;;;37.89624;41.124321;08:30-12:30/13:30-17:00;KAPALI;KAPALI;1;2026-09-21 08:30:00
4520;PTT_SUBE;3034;SASON MÜDÜRLÜĞÜ;ORTA MAHALLESİ CUMHURİYET CADDE No: 6 SASON BATMAN;04884612098;72;BATMAN;;;;38.333988464;41.420212377;08:30-12:30/13:30-17:00;KAPALI;KAPALI;1;2026-09-21 08:30:00
4537;PTT_SUBE;7190;ARPALI  ACENTELİĞİ;ARPALI BELDESİ/CUMHURİYET MAHALLESİ FATİH SULTAN MEHMET CADDE No: 2 MERKEZ BAYBURT;04582115029;69;BAYBURT;;;;40.360734756;40.100078945;08:30-12:30/13:30-17:00;KAPALI;KAPALI;1;2026-09-21 08:30:00
4536;PTT_SUBE;97;AYDINTEPE  ŞUBESİ;AHMET YESEVİ MAHALLESİ ÇAYKARA CADDE No: 1 AYDINTEPE BAYBURT;04583114300;69;BAYBURT;;;;40.390569624;40.146214572;08:30-12:30/13:30-17:00;KAPALI;KAPALI;1;2026-09-21 08:30:00
4535;PTT_SUBE;31;BAYBURT MÜDÜRLÜĞÜ;ŞEYHHAYRAN MAHALLESİ TURAN CADDE No: 1 MERKEZ BAYBURT;04582115027;69;BAYBURT;;;;40.259431;40.226705;08:30-12:30/13:30-17:00;KAPALI;KAPALI;1;2026-09-21 08:30:00
4534;PTT_SUBE;99;DEMİRÖZÜ  ŞUBESİ;ŞİRİN MAHALLESİ 30 AĞUSTOS SOKAK No: 5 A DEMİRÖZÜ BAYBURT;04584116402;69;BAYBURT;;;;40.164189;39.892457;08:30-12:30/13:30-17:00;KAPALI;KAPALI;1;2026-09-21 08:30:00
4533;PTT_SUBE;101;GÖKÇEDERE  ŞUBESİ;GÖKÇEDERE BELDESİ/YEŞİLYURT MAHALLESİ CUMHURİYET MEYDAN No: 1 F DEMİRÖZÜ BAYBURT;04584222190;69;BAYBURT;;;;40.131487;39.750005;08:30-12:30/13:30-17:00;KAPALI;KAPALI;1;2026-09-21 08:30:00
4588;PTT_SUBE;3814;ADLİYE  ŞUBESİ;AŞAĞISOKU MAHALLESİ YILDIRIM BEYAZIT CADDE No: 2 MERKEZ BOLU;03742156922;14;BOLU;;;;40.737528535;31.620635667;08:30-12:30/13:30-17:00;KAPALI;KAPALI;1;2026-09-21 08:30:02
4587;PTT_SUBE;8508;BOLU DAĞITIM VE TOPLAMA MÜDÜRLÜĞÜ;KÜLTÜR MAHALLESİ NAMIK KEMAL CADDE No: 29 A MERKEZ BOLU;0;14;BOLU;;;;40.74415;31.598919;08:00-20:00/-;08:00-20:00/-;08:00-20:00/-;1;2026-09-21 08:30:02
4586;PTT_SUBE;4601;BOLU MÜDÜRLÜĞÜ;KARAÇAYIR MAHALLESİ P.T.T CADDE No: 4 MERKEZ BOLU;03742151095;14;BOLU;;;;40.73107;31.606515;08:30-12:30/13:30-17:00;KAPALI;KAPALI;1;2026-09-21 08:30:02
4585;PTT_SUBE;7189;DÖRTDİVAN  ŞUBESİ;KADILAR MAHALLESİ VEYSEL TİRYAKİ CADDE No: 9 DÖRTDİVAN BOLU;03743314415;14;BOLU;;;;40.71955;32.06056;08:30-12:30/13:30-17:00;KAPALI;KAPALI;1;2026-09-21 08:30:02
4584;PTT_SUBE;7845;GEREDE MÜDÜRLÜĞÜ;DEMİRCİLER MAHALLESİ OSMANLI CADDE No: 5 /1 GEREDE BOLU;03743116415;14;BOLU;;;;40.795132099;32.202125;08:30-17:00;KAPALI;KAPALI;1;2026-09-21 08:30:02
4583;PTT_SUBE;4603;GÖYNÜK MÜDÜRLÜĞÜ;YENİCE MAHALLESİ ORHAN ÇALIŞ CADDE No: 1 GÖYNÜK BOLU;03744516415;14;BOLU;;;;40.39703;30.78383;08:30-17:00;KAPALI;KAPALI;1;2026-09-21 08:30:02
4582;PTT_SUBE;3821;KIBRISCIK  ŞUBESİ;KARADOĞAN MAHALLESİ ŞEHIT HV. PLT.BNB NIHAT İLGEN CADDE No: 24 KIBRISCIK BOLU;03744412215;14;BOLU;;;;40.407398;31.85123;08:30-12:30/13:30-17:00;KAPALI;KAPALI;1;2026-09-21 08:30:02
4581;PTT_SUBE;3853;KÖROĞLU  ŞUBESİ;KÜLTÜR MAHALLESİ NAMIK KEMAL CADDE No: 29 A MERKEZ BOLU;03742151609;14;BOLU;;;;40.743345812;31.596862174;08:30-12:30/13:30-17:00;KAPALI;KAPALI;1;2026-09-21 08:30:02
4580;PTT_SUBE;8131;MENGEN ŞUBE ŞEFLİĞİ;TÜRKBEYLİ MAHALLESİ HÜKÜMET SOKAK No: 3 MENGEN BOLU;03742151601;14;BOLU;;;;40.938153;32.076171;08:30-12:30/13:30-17:00;KAPALI;KAPALI;1;2026-09-21 08:30:02
4579;PTT_SUBE;4605;MUDURNU MÜDÜRLÜĞÜ;KAYGANA MAHALLESİ BOLU CADDE No: 58 MUDURNU BOLU;03744213401;14;BOLU;;;;40.46863;31.21043;08:30-17:00;KAPALI;KAPALI;1;2026-09-21 08:30:02
4578;PTT_SUBE;3825;SANAYİ ÇARŞISI  ŞUBESİ;AŞAĞISOKU MAHALLESİ SANAYİ SİTESİ SOKAK No: 34 MERKEZ BOLU;03742158982;14;BOLU;;;;40.738231654;31.626961041;08:30-12:30/13:30-17:00;KAPALI;KAPALI;1;2026-09-21 08:30:02
4577;PTT_SUBE;7228;SEBEN  ŞUBESİ;ÇARŞI MAHALLESİ SEYHAN SOKAK No: 3 SEBEN BOLU;03744113415;14;BOLU;;;;40.410474323;31.5728044;08:30-12:30/13:30-17:00;KAPALI;KAPALI;1;2026-09-21 08:30:02
4576;PTT_SUBE;3855;TAŞKESTİ  ŞUBESİ;TAŞKESTİ BELDESİ/MERKEZ MAHALLESİ CUMHURİYET CADDE No: 21 /6 MUDURNU BOLU;03744244001;14;BOLU;;;;40.574161;31.010795;08:30-12:30/13:30-17:00;KAPALI;KAPALI;1;2026-09-21 08:30:02
4575;PTT_SUBE;4611;YENİÇAĞA MÜDÜRLÜĞÜ;ASİL BEY MAHALLESİ YAŞAR ÇELİK CADDE No: 34 YENİÇAĞA BOLU;03743414415;14;BOLU;;;;40.77731;32.05469;08:30-17:00;KAPALI;KAPALI;1;2026-09-21 08:30:02
4608;PTT_SUBE;7628;58.ER EĞİTİM TUGAY KOMT.   ŞUBESİ;KARASENİR MAHALLESİ BÜLENT ECEVİT BULVAR No: 1 MERKEZ BURDUR;02482331135;15;BURDUR;;;;37.713125;30.274366;08:30-12:30/13:30-17:00;KAPALI;KAPALI;1;2026-09-21 08:30:02
4607;PTT_SUBE;110;ADLİYE  ŞUBESİ;EMEK MAHALLESİ BÜLENT ECEVİT BULVAR No: 21 MERKEZ BURDUR;02482342456;15;BURDUR;;;;37.713098;30.246654;08:30-12:30/13:30-17:00;KAPALI;KAPALI;1;2026-09-21 08:30:02
4605;PTT_SUBE;7435;ALTINYAYLA  ŞUBESİ;HEYBELİ MAHALLESİ BELEDİYE CADDE No: 14 B ALTINYAYLA BURDUR;02485212190;15;BURDUR;;;;36.998768;29.545215;08:30-12:30/13:30-17:00;KAPALI;KAPALI;1;2026-09-21 08:30:02
4606;PTT_SUBE;8175;AĞLASUN   ŞUBESİ;ÇINAR MAHALLESİ VEHBİ KOÇ BULVAR No: 22 A AĞLASUN BURDUR;02487312518;15;BURDUR;;;;37.649367;30.534;08:30-12:30/13:30-17:30;KAPALI;KAPALI;1;2026-09-21 08:30:02
4604;PTT_SUBE;182;AŞAĞI PAZAR  ŞUBESİ;KONAK MAHALLESİ PAZAR CAMİ SOKAK No: 7 MERKEZ BURDUR;02482335944;15;BURDUR;;;;37.722034459;30.285217542;08:30-12:30/13:30-17:00;KAPALI;KAPALI;1;2026-09-21 08:30:02
4603;PTT_SUBE;90;BUCAK MÜDÜRLÜĞÜ;KARAYVATLAR MAHALLESİ CUMHURİYET CADDE No: 53 BUCAK BURDUR;02483253232;15;BURDUR;;;;37.45645;30.592519;08:30-17:00;KAPALI;KAPALI;1;2026-09-21 08:30:02
4602;PTT_SUBE;8503;BURDUR DAĞITIM VE TOPLAMA MÜDÜRLÜĞÜ;BURÇ MAHALLESİ ATATÜRK CADDE No: 3 -2 MERKEZ BURDUR;0;15;BURDUR;;;;37.717883;30.280715;08:00-20:00/-;08:00-20:00/-;08:00-20:00/-;1;2026-09-21 08:30:02
4601;PTT_SUBE;87;BURDUR MÜDÜRLÜĞÜ;BURÇ MAHALLESİ ATATÜRK CADDE No: 3 -2 MERKEZ BURDUR;02482335175;15;BURDUR;;;;37.718068;30.280637;08:30-17:00/08:30-17:00;KAPALI;KAPALI;1;2026-09-21 08:30:02
4598;PTT_SUBE;7434;GÖLHİSAR MÜDÜRLÜĞÜ;PAZAR MAHALLESİ CUMHURİYET CADDE No: 77 A GÖLHİSAR BURDUR;02484113300;15;BURDUR;;;;37.144499;29.508684;08:30-12:30/13:30-17:00;KAPALI;KAPALI;1;2026-09-21 08:30:02
4597;PTT_SUBE;342;KARAMANLI  ŞUBESİ;PAZAR MAHALLESİ FATİH CADDE No: 2 A KARAMANLI BURDUR;02485313489;15;BURDUR;;;;37.369906;29.820808;08:30-12:30/13:30-17:00;KAPALI;KAPALI;1;2026-09-21 08:30:02
4596;PTT_SUBE;8178;KEMER  ŞUBESİ;SARAY MAHALLESİ FATİH SULTAN MEHMET CADDE No: 9 A KEMER BURDUR;02485112212;15;BURDUR;;;;37.353011329;30.061415476;08:30-12:30/13:30-17:00;KAPALI;KAPALI;1;2026-09-21 08:30:02
4595;PTT_SUBE;8369;KIZILKAYA ACENTELİĞİ;KIZILKAYA BELDESİ/AVDAN MAHALLESİ İSTİKLAL CADDE No: 83 BUCAK BURDUR;05464321142;15;BURDUR;;;;37.301783;30.446634;08:30-12:30/13:30-17:00;KAPALI;KAPALI;1;2026-09-21 08:30:02
4594;PTT_SUBE;8125;KOCAALİLER ACENTELİĞİ;KOCAALİLER BELDESİ/CAMİİ MAHALLESİ CUMHURİYET MEYDAN No: 28 BUCAK BURDUR;05413130032;15;BURDUR;;;;37.315633;30.737941;KAPALI;KAPALI;KAPALI;1;2026-09-21 08:30:02
4593;PTT_SUBE;8222;SANAYİ SİTESİ ŞUBESİ;AYDINLIKEVLER MAHALLESİ KSS 6. SOKAK No: 59 MERKEZ BURDUR;0;15;BURDUR;;;;37.746528;30.313553;08:30-12:30/13:30-17:00;KAPALI;KAPALI;1;2026-09-21 08:30:02
4592;PTT_SUBE;7501;SÖĞÜT ŞUBESİ;SÖĞÜT BELDESİ/PAZAR MAHALLESİ FEVZİ PAŞA CADDE No: 27 E ÇAVDIR BURDUR;02484878388;15;BURDUR;;;;37.034933;29.821621;08:30-12:30/13:30-17:00;KAPALI;KAPALI;1;2026-09-21 08:30:02
4591;PTT_SUBE;219;TEFENNİ;EŞELER MAHALLESİ CENGİZ TOPEL CADDE No: 12 B TEFENNİ BURDUR;02484913900;15;BURDUR;;;;37.30950396;29.77433712;08:30-17:00;KAPALI;KAPALI;1;2026-09-21 08:30:02
4590;PTT_SUBE;8406;YEŞİLOVA;MERKEZ MAHALLESİ SALİH URHAN CADDE No: 28 A YEŞİLOVA BURDUR;02486181322;15;BURDUR;;;;37.50876999;29.75316408;08:30-12:30/13:30-17:00;KAPALI;KAPALI;1;2026-09-21 08:30:02
4589;PTT_SUBE;8177;YUSUFÇA ACENTELİĞİ;YUSUFÇA BELDESİ/YUKARI MAHALLESİ 1170 SOKAK No: 18 A GÖLHİSAR BURDUR;02484134006;15;BURDUR;;;;37.196882084;29.527827986;08:30-12:30/13:30-16:30;KAPALI;KAPALI;1;2026-09-21 08:30:02
4600;PTT_SUBE;7500;ÇAVDIR  ŞUBESİ;PAZAR MAHALLESİ GÜRPINAR CADDE No: 11 ÇAVDIR BURDUR;02484271034;15;BURDUR;;;;37.155047;29.690017;08:30-12:30/13:30-17:00;KAPALI;KAPALI;1;2026-09-21 08:30:02
4599;PTT_SUBE;190;ÇELTİKÇİ  ŞUBESİ;KONAK MAHALLESİ ADNAN MENDERES BULVAR No: 33 A ÇELTİKÇİ BURDUR;02487112232;15;BURDUR;;;;37.538351551;30.477692815;08:30-12:30/13:30-17:00;KAPALI;KAPALI;1;2026-09-21 08:30:02
4717;PTT_KARGOMAT;164;ATAPARK;KONAK MAHALLESİ İZMİR YOLU CADDE  BURSA;;16;BURSA;;;;40.21126;28.98197;7/24 Açık;7/24 Açık;7/24 Açık;1;2026-09-21 08:30:03
4720;PTT_KARGOMAT;559;BEŞEVLER;BEŞEVLER MAHALLESİ BEŞEVLER CADDE No: 246 NİLÜFER BURSA;;16;BURSA;;;;40.210857;28.955978;7/24 Açık;7/24 Açık;7/24 Açık;1;2026-09-21 08:30:03
4718;PTT_KARGOMAT;622;BURSA FETHİYE;FETHİYE MAHALLESİ ULU CADDE No: 23 NİLÜFER BURSA;;16;BURSA;;;;40.231678;28.972385;7/24 Açık;7/24 Açık;7/24 Açık;1;2026-09-21 08:30:03
4714;PTT_KARGOMAT;304;BURSA MUSTAFA KEMAL PAŞA;ŞEYHMÜFTÜ MAHALLESİ BALIKESİR CADDE No: 63 -73 MUSTAFAKEMALPAŞA BURSA;;16;BURSA;;;;40.033595866;28.407901166;7/24 Açık;7/24 Açık;7/24 Açık;1;2026-09-21 08:30:03
4715;PTT_KARGOMAT;385;ERTUĞRUL METRO ;ERTUĞRUL MAHALLESİ UĞUR MUMCU BULVAR No: 21 C NİLÜFER BURSA;;16;BURSA;;;;40.220023;28.916296;7/24 Açık;7/24 Açık;7/24 Açık;1;2026-09-21 08:30:03
4739;PTT_KARGOMAT;255;ERİKLİ;ERİKLİ MAHALLESİ ELVAN CADDE No: 35 YILDIRIM BURSA;;16;BURSA;;;;40.191215831;29.138946842;7/24 Açık;7/24 Açık;7/24 Açık;1;2026-09-21 08:30:03
4707;PTT_KARGOMAT;423;GEMLİK KUVAYİ MİLLİYE;HAMİDİYE MAHALLESİ SELİM SOKAK No: 21 /29 GEMLİK BURSA;;16;BURSA;;;;40.430264;29.164409;7/24 Açık;7/24 Açık;7/24 Açık;1;2026-09-21 08:30:03
4731;PTT_KARGOMAT;422;GENÇOSMAN SANTRAL GARAJ;SANTRAL GARAJ MAHALLESİ İSTANBUL CADDE No: 13 OSMANGAZİ BURSA;;16;BURSA;;;;40.199322;29.061705;7/24 Açık;7/24 Açık;7/24 Açık;1;2026-09-21 08:30:03
4724;PTT_KARGOMAT;163;GÖRÜKLE ;DUMLUPINAR MAHALLESİ CEVİZLİK CADDE No:2 NİLÜFER BURSA;;16;BURSA;;;;40.22760996;28.84062888;7/24 Açık;7/24 Açık;7/24 Açık;1;2026-09-21 08:30:03
4708;PTT_KARGOMAT;429;GÜRSU ;ZAFER MAHALLESİ HAL CADDE No: 4 GÜRSU BURSA;;16;BURSA;;;;40.217515;29.192037;7/24 Açık;7/24 Açık;7/24 Açık;1;2026-09-21 08:30:03
4730;PTT_KARGOMAT;161;HEYKEL ULUCAMİ  ;NALBANTOĞLU MAHALLESİ ATATÜRK CADDE No: 79 OSMANGAZİ BURSA;;16;BURSA;;;;40.183389;29.061975;7/24 Açık;7/24 Açık;7/24 Açık;1;2026-09-21 08:30:03
4733;PTT_KARGOMAT;558;HÜDAVENDİGAR;SOĞANLI MAHALLESİ 1.NİLÜFER CADDE No: 149 A OSMANGAZİ BURSA;;16;BURSA;;;;40.217659116;29.04249227;7/24 Açık;7/24 Açık;7/24 Açık;1;2026-09-21 08:30:03
4728;PTT_KARGOMAT;417;HÜRRİYET MEYDANI;HÜRRİYET MAHALLESİ 1.HÜRRİYET CADDE No: 55 OSMANGAZİ BURSA;;16;BURSA;;;;40.220331;29.005806;7/24 Açık;7/24 Açık;7/24 Açık;1;2026-09-21 08:30:03
4711;PTT_KARGOMAT;399;KARACABEY;DRAMA MAHALLESİ İ.HAKKI BİLGİN SOKAK  BURSA;;16;BURSA;;;;40.21541419;28.359435515;7/24 Açık;7/24 Açık;7/24 Açık;1;2026-09-21 08:30:03
4712;PTT_KARGOMAT;306;KESTEL KÜLTÜR MERKEZİ;AHMETVEFİKPAŞA MAHALLESİ GAZİ CADDE No: 10 KESTEL BURSA;;16;BURSA;;;;40.19767;29.21137;7/24 Açık;7/24 Açık;7/24 Açık;1;2026-09-21 08:30:03
4738;PTT_KARGOMAT;243;KORUPARK METRO;EMEK ADNAN MENDERES MAHALLESİ TURGUT ÖZAL CADDE  OSMANGAZİ BURSA;;16;BURSA;;;;40.252976995;28.957588581;7/24 Açık;7/24 Açık;7/24 Açık;1;2026-09-21 08:30:03
4713;PTT_KARGOMAT;402;MUDANYA MEYDANI;ÖMERBEY MAHALLESİ İSTASYON CADDE No: 1 -3 MUDANYA BURSA;;16;BURSA;;;;40.372654;28.890996;7/24 Açık;7/24 Açık;7/24 Açık;1;2026-09-21 08:30:03
4741;PTT_KARGOMAT;447;MİLLET;MİLLET MAHALLESİ ŞÜHEDA CADDE No: 33 D YILDIRIM BURSA;;16;BURSA;;;;40.211703;29.097931;7/24 Açık;7/24 Açık;7/24 Açık;1;2026-09-21 08:30:03
4721;PTT_KARGOMAT;166;NECMİ YAZICI PARKI ;GÖRÜKLE MAHALLESİ ÜÇOLUK CADDE No: 4 NİLÜFER BURSA;;16;BURSA;;;;40.22547;28.84856;7/24 Açık;7/24 Açık;7/24 Açık;1;2026-09-21 08:30:03
4726;PTT_KARGOMAT;398;ORHANGAZİ;HÜRRİYET MAHALLESİ TOZKOPARAN CADDE No: 70 ORHANGAZİ BURSA;;16;BURSA;;;;40.485775153;29.30726296;7/24 Açık;7/24 Açık;7/24 Açık;1;2026-09-21 08:30:03
4732;PTT_KARGOMAT;288;OSMANGAZİ METRO;SANTRAL GARAJ MAHALLESİ KIBRIS ŞEHİTLERİ CADDE No: 70 /1A OSMANGAZİ BURSA;;16;BURSA;;;;40.19593;29.059;7/24 Açık;7/24 Açık;7/24 Açık;1;2026-09-21 08:30:03
4729;PTT_KARGOMAT;623;SIRAMEŞELER;KÜKÜRTLÜ MAHALLESİ MUDANYA CADDE No:99 OSMANGAZİ BURSA;;16;BURSA;;;;40.20469398;29.03006412;7/24 Açık;7/24 Açık;7/24 Açık;1;2026-09-21 08:30:03
4734;PTT_KARGOMAT;165;SOĞANLI;SOĞANLI MAHALLESİ 1.NİLÜFER CADDE No: 149 A OSMANGAZİ BURSA;;16;BURSA;;;;40.217659116;29.04249227;7/24 Açık;7/24 Açık;7/24 Açık;1;2026-09-21 08:30:03
4742;PTT_KARGOMAT;386;TELEFERİK;ZÜMRÜTEVLER MAHALLESİ ÇİÇEK CADDE No: 65 YILDIRIM BURSA;;16;BURSA;;;;40.172636;29.089071;7/24 Açık;7/24 Açık;7/24 Açık;1;2026-09-21 08:30:03
4722;PTT_KARGOMAT;162;ULUDAĞ ÜNİVERSİTESİ;GÖRÜKLE MAHALLESİ ÜNİVERSİTE_1 CADDE No: 328 E NİLÜFER BURSA;;16;BURSA;;;;40.224697708;28.870418214;7/24 Açık;7/24 Açık;7/24 Açık;1;2026-09-21 08:30:03
4723;PTT_KARGOMAT;208;ULUDAĞ ÜNİVERSİTESİ KIZ ÖĞRENCİ YURDU ;GÖRÜKLE MAHALLESİ ÜNİVERSİTE_1 CADDE NO: 557 /2 NİLÜFER BURSA;;16;BURSA;;;;40.221993634;28.866700785;7/24 Açık;7/24 Açık;7/24 Açık;1;2026-09-21 08:30:03
4737;PTT_KARGOMAT;438;YASEMİN PARK;DEMİRTAŞ CUMHURİYET MAHALLESİ 3. CADDE No: 3 OSMANGAZİ BURSA;;16;BURSA;;;;40.244592;29.086299;7/24 Açık;7/24 Açık;7/24 Açık;1;2026-09-21 08:30:03
4740;PTT_KARGOMAT;285;YILDIRIM BELEDIYESI;DAVUTDEDE MAHALLESİ KURTULUŞ CADDE  YILDIRIM BURSA;;16;BURSA;;;;40.19031;29.0834;7/24 Açık;7/24 Açık;7/24 Açık;1;2026-09-21 08:30:03
4736;PTT_KARGOMAT;303;YUNUSELİ;YUNUSELİ MAHALLESİ 1.BİLGE KAĞAN CADDE No:4 OSMANGAZİ BURSA;;16;BURSA;;;;40.245596;29.014641;7/24 Açık;7/24 Açık;7/24 Açık;1;2026-09-21 08:30:03
4727;PTT_KARGOMAT;424;YUNUSELİ TOKİ;HAMİTLER MAHALLESİ GÜR CADDE No: 148 OSMANGAZİ BURSA;;16;BURSA;;;;40.246228;28.996654;7/24 Açık;7/24 Açık;7/24 Açık;1;2026-09-21 08:30:03
4725;PTT_KARGOMAT;242;YÜZÜNCÜYIL METRO ;YÜZÜNCÜYIL MAHALLESİ UĞUR MUMCU BULVAR  BURSA;;16;BURSA;;;;40.22013;28.8993;7/24 Açık;7/24 Açık;7/24 Açık;1;2026-09-21 08:30:03
4716;PTT_KARGOMAT;209;ÇAMLICA ;ÇAMLICA MAHALLESİ ARDALI SOKAK No: 2 NİLÜFER BURSA;;16;BURSA;;;;40.19535;28.984423;7/24 Açık;7/24 Açık;7/24 Açık;1;2026-09-21 08:30:03
4719;PTT_KARGOMAT;560;İHSANİYE;İHSANİYE MAHALLESİ DEĞİRMEN(110) SOKAK No: 39 NİLÜFER BURSA;;16;BURSA;;;;40.220152;28.988122;7/24 Açık;7/24 Açık;7/24 Açık;1;2026-09-21 08:30:03
4709;PTT_KARGOMAT;287;İNEGÖL DEVLET HASTANESİ;BURHANİYE MAHALLESİ MİMAR SİNAN CADDE  BURSA;;16;BURSA;;;;40.07934;29.49693;7/24 Açık;7/24 Açık;7/24 Açık;1;2026-09-21 08:30:03
4710;PTT_KARGOMAT;396;İNEGÖL ERTUĞRULGAZİ;ERTUĞRULGAZİ MAHALLESİ DİRİCAN SOKAK No: 1 A İNEGÖL BURSA;;16;BURSA;;;;40.099794;29.522103;7/24 Açık;7/24 Açık;7/24 Açık;1;2026-09-21 08:30:03
4735;PTT_KARGOMAT;289;ŞEHREKÜSTÜ METRO;ŞEHREKÜSTÜ MAHALLESİ AHMET HAMDİ TANPINAR CADDE  BURSA;;16;BURSA;;;;40.18799;29.05859;7/24 Açık;7/24 Açık;7/24 Açık;1;2026-09-21 08:30:03
4706;PTT_SUBE;7888;AKHİSAR ŞUBESİ;AKHİSAR MAHALLESİ 2.FATİH CADDE No: 98 İNEGÖL BURSA;02247142229;16;BURSA;;;;40.11787404;29.46909384;08:30-12:30/13:30-17:00;KAPALI;KAPALI;1;2026-09-21 08:30:03
4705;PTT_SUBE;4215;AKPINAR  ŞUBESİ;AKPINAR MAHALLESİ HANCI CADDE No: 44 F OSMANGAZİ BURSA;02242424747;16;BURSA;;;;40.247889;28.96736;08:30-12:30/13:30-17:00;KAPALI;KAPALI;1;2026-09-21 08:30:03
4704;PTT_SUBE;3912;ALANYURT  ŞUBESİ;YUNUSEMRE MAHALLESİ KOCATEPE SOKAK No: 10 İNEGÖL BURSA;02247194372;16;BURSA;;;;40.109044;29.51846;08:30-12:30/13:30-17:00;KAPALI;KAPALI;1;2026-09-21 08:30:03
4703;PTT_SUBE;645;ARABAYATAĞI  ŞUBESİ;ARABAYATAĞI MAHALLESİ 1.HASTANE CADDE No: 54 YILDIRIM BURSA;02243671810;16;BURSA;;;;40.196392681;29.128066636;08:30-12:30/13:30-17:00;KAPALI;KAPALI;1;2026-09-21 08:30:03
4702;PTT_SUBE;8061;ATAEVLER  ŞUBESİ;ATAEVLER MAHALLESİ YILMAZ AKKILIÇ CADDE No: 19 NİLÜFER BURSA;02244417843;16;BURSA;;;;40.219827;28.959256;08:30-12:30/13:30-17:00;KAPALI;KAPALI;1;2026-09-21 08:30:03
4700;PTT_SUBE;85;BARAKFAKİ ŞUBESİ;BARAKFAKİH MAHALLESİ GENÇ OSMAN CADDE No: 2 KESTEL BURSA;02243845665;16;BURSA;;;;40.236609;29.275822;08:30-12:30/00:00-00:00;KAPALI;KAPALI;1;2026-09-21 08:30:03
4701;PTT_SUBE;4172;BAĞLARBAŞI  ŞUBESİ;BAĞLARBAŞI MAHALLESİ 3.ÇİMEN SOKAK No: 16 OSMANGAZİ BURSA;02242456851;16;BURSA;;;;40.233226;28.988605;08:30-12:30/13:30-17:00;KAPALI;KAPALI;1;2026-09-21 08:30:03
4699;PTT_SUBE;7154;BAŞARAN  ŞUBESİ;BAŞARAN MAHALLESİ 1.HAKAN CADDE No: 96 OSMANGAZİ BURSA;02242531102;16;BURSA;;;;40.21013;29.071159;08:30-12:30/13:30-17:00;KAPALI;KAPALI;1;2026-09-21 08:30:03
4698;PTT_SUBE;8117;BEŞEVLER  ŞUBESİ;BEŞEVLER MAHALLESİ BEŞEVLER CADDE No: 246 NİLÜFER BURSA;02242474280;16;BURSA;;;;40.210857;28.955978;08:30-12:30/13:30-17:00;KAPALI;KAPALI;1;2026-09-21 08:30:03
4697;PTT_SUBE;6796;BURSA BÖLGE ADLİYE MAHKEMESİ MÜDÜRLÜĞÜ;ALTINOVA MAHALLESİ 11 EYLÜL BULVAR No: 9 /1 OSMANGAZİ BURSA;02242710341;16;BURSA;;;;40.224105;29.067473;08:00-12:00;KAPALI;KAPALI;1;2026-09-21 08:30:03
4696;PTT_SUBE;1296;BURSA POSTA İŞLEME  MÜDÜRLÜĞÜ;BEŞEVLER MAHALLESİ YILDIRIM CADDE No: 333 NİLÜFER BURSA;02242508050;16;BURSA;;;;40.211144726;28.956047613;08:30-21:00;08:30-19:00;KAPALI;1;2026-09-21 08:30:03
4695;PTT_SUBE;7153;BUTTİM  ŞUBESİ;ALTINOVA MAHALLESİ İSTANBUL CADDE No: 424  /7- OSMANGAZİ BURSA;02242111099;16;BURSA;;;;40.236204487;29.065510402;08:30-12:30/13:30-17:00;KAPALI;KAPALI;1;2026-09-21 08:30:03
4694;PTT_SUBE;6706;BÜYÜKORHAN  ŞUBESİ;CUMHURİYET MAHALLESİ ATATÜRK_1 CADDE No: 24 A BÜYÜKORHAN BURSA;02248412322;16;BURSA;;;;39.771682;28.886114;08:30-12:30/13:30-17:00;KAPALI;KAPALI;1;2026-09-21 08:30:03
4685;PTT_SUBE;107;DEMETEVLER  ŞUBESİ;DEMETEVLER MAHALLESİ İSMETİYE CADDE No: 62 B YILDIRIM BURSA;02243717711;16;BURSA;;;;40.20349;29.17306;08:30-12:30/13:30-17:00;KAPALI;KAPALI;1;2026-09-21 08:30:03
4684;PTT_SUBE;7149;DEMİRTAŞ  ŞUBESİ;DEMİRTAŞ CUMHURİYET MAHALLESİ DEMİRTAŞ OSMANGAZİ CADDE No: 13 OSMANGAZİ BURSA;02242622251;16;BURSA;;;;40.271672;29.09161;08:30-12:30/13:30-17:00;KAPALI;KAPALI;1;2026-09-21 08:30:03
4683;PTT_SUBE;7150;DEMİRTAŞ ORGANİZE SANAYİ ŞUBESİ;ALAŞARKÖY MAHALLESİ MUSTAFA KARAER CADDE No: 1 - OSMANGAZİ BURSA;02242611969;16;BURSA;;;;40.26737997;29.07695016;08:30-12:30/13:30-17:00;KAPALI;KAPALI;1;2026-09-21 08:30:03
4686;PTT_SUBE;659;DEĞİRMENÖNÜ  ŞUBESİ;DEĞİRMENÖNÜ MAHALLESİ 1.ESİN SOKAK No: 2 YILDIRIM BURSA;02243317838;16;BURSA;;;;40.193931;29.175557;08:30-12:30/13:30-17:00;KAPALI;KAPALI;1;2026-09-21 08:30:03
4682;PTT_SUBE;3918;DUAÇINARI   ŞUBESİ;DUAÇINARI MAHALLESİ KARLIDAĞ CADDE No: 148 A YILDIRIM BURSA;02243648992;16;BURSA;;;;40.193395977;29.099447271;08:30-12:30/13:30-17:00;KAPALI;KAPALI;1;2026-09-21 08:30:03
4681;PTT_SUBE;2363;ELMASBAHÇELER   ŞUBESİ;ZAFER MAHALLESİ NAMIK KEMAL CADDE No: 2 OSMANGAZİ BURSA;02242531487;16;BURSA;;;;40.193298182;29.07736971;08:30-12:30/13:30-17:00;KAPALI;KAPALI;1;2026-09-21 08:30:03
4680;PTT_SUBE;4059;EMEK  ŞUBESİ;EMEK ZEKAİ GÜMÜŞDİŞ MAHALLESİ MAREŞAL FEVZİ ÇAKMAK CADDE No: 5 OSMANGAZİ BURSA;02242417401;16;BURSA;;;;40.256313;28.954188;08:30-12:30/13:30-17:00;KAPALI;KAPALI;1;2026-09-21 08:30:03
4679;PTT_SUBE;103;EMİRSULTAN  ŞUBESİ;YEŞİL MAHALLESİ NARLI SOKAK No: 8 C YILDIRIM BURSA;02243269113;16;BURSA;;;;40.179927;29.076967;08:30-12:30/13:30-17:00;KAPALI;KAPALI;1;2026-09-21 08:30:03
4677;PTT_SUBE;3913;ERTUĞRULGAZİ MÜDÜRLÜĞÜ;152EVLER MAHALLESİ EĞİTİM CADDE No: 27 -29 YILDIRIM BURSA;02243615135;16;BURSA;;;;40.188142;29.10805;08:30-12:30/13:30-17:00;KAPALI;KAPALI;1;2026-09-21 08:30:03
4678;PTT_SUBE;592;ERİKLİ MÜDÜRLÜĞÜ;ERİKLİ MAHALLESİ ELVAN CADDE No: 35 YILDIRIM BURSA;02243416581;16;BURSA;;;;40.191215831;29.138946842;08:30-12:30;KAPALI;KAPALI;1;2026-09-21 08:30:03
4676;PTT_SUBE;2343;FATİH   ŞUBESİ;FATİH MAHALLESİ 2.KARAAĞAÇ SOKAK No: 10 A OSMANGAZİ BURSA;02242505065;16;BURSA;;;;40.213892;29.058167;08:30-12:30/13:30-17:00;KAPALI;KAPALI;1;2026-09-21 08:30:03
4675;PTT_SUBE;8114;FETHİYE  ŞUBESİ;FETHİYE MAHALLESİ ULU CADDE No: 23 NİLÜFER BURSA;02242417400;16;BURSA;;;;40.231678;28.972385;08:30-12:30/13:30-17:00;KAPALI;KAPALI;1;2026-09-21 08:30:03
4674;PTT_SUBE;7156;GAZCILAR  ŞUBESİ;DEMİRTAŞPAŞA MAHALLESİ CELAL BAYAR CADDE No: 6 OSMANGAZİ BURSA;02242517320;16;BURSA;;;;40.189096;29.070115;08:30-12:30/13:30-17:00;KAPALI;KAPALI;1;2026-09-21 08:30:03
4672;PTT_SUBE;4023;GEMLİK MÜDÜRLÜĞÜ;DEMİRSUBAŞI MAHALLESİ İBRAHİM AKIT CADDE No: 2 GEMLİK BURSA;02245132222;16;BURSA;;;;40.431435;29.154936;08:30-12:30/13:30-17:00;KAPALI;KAPALI;1;2026-09-21 08:30:03
4671;PTT_SUBE;2300;GENÇOSMAN MÜDÜRLÜĞÜ;SANTRAL GARAJ MAHALLESİ İSTANBUL CADDE No: 13 OSMANGAZİ BURSA;02242531492;16;BURSA;;;;40.199322;29.061705;08:30-12:30/13:30-17:00;KAPALI;KAPALI;1;2026-09-21 08:30:03
4673;PTT_SUBE;4073;GEÇİT  ŞUBESİ;GEÇİT MAHALLESİ 2.GEÇİT SOKAK No: 4 OSMANGAZİ BURSA;02242449648;16;BURSA;;;;40.273389;28.943598;08:30-12:30/13:30-17:00;KAPALI;KAPALI;1;2026-09-21 08:30:03
4669;PTT_SUBE;3636;GÖRÜKLE ŞUBESİ;DUMLUPINAR MAHALLESİ CEVİZLİK CADDE No: 2 A NİLÜFER BURSA;02244833894;16;BURSA;;;;40.227687;28.84060908;08:30-12:30/13:30-17:00;KAPALI;KAPALI;1;2026-09-21 08:30:03
4670;PTT_SUBE;7763;GÖÇMEN KONUTLARI ŞUBESİ;BALKAN MAHALLESİ MEVLANA(610) SOKAK No: 17 C NİLÜFER BURSA;02244703090;16;BURSA;;;;40.216265;28.815004;08:30-12:30/13:30-17:00;KAPALI;KAPALI;1;2026-09-21 08:30:03
4668;PTT_SUBE;7157;GÜLBAHÇE ATICILAR  ŞUBESİ;GÜLBAHÇE MAHALLESİ ESKİ GEMLİK YOLU CADDE No: 107 B OSMANGAZİ BURSA;02242727796;16;BURSA;;;;40.201766;29.077858;08:30-12:30/13:30-17:00;KAPALI;KAPALI;1;2026-09-21 08:30:03
4667;PTT_SUBE;4354;GÜNEŞTEPE-2  ŞUBESİ;GÜNEŞTEPE MAHALLESİ 1.ŞENTEPE SOKAK No: 4 A OSMANGAZİ BURSA;02242477979;16;BURSA;;;;40.252788;28.996136;08:30-12:30/13:30-17:00;KAPALI;KAPALI;1;2026-09-21 08:30:03
4666;PTT_SUBE;22;GÜRSU MÜDÜRLÜĞÜ;KURTULUŞ MAHALLESİ ECE SOKAK No: 3 A GÜRSU BURSA;02243711322;16;BURSA;;;;40.209912;29.189898;08:30-12:30;KAPALI;KAPALI;1;2026-09-21 08:30:03
4665;PTT_SUBE;3885;GÜZELYALI  ŞUBESİ;GÜZELYALI YALI MAHALLESİ ATATÜRK CADDE No: 31 MUDANYA BURSA;02245548251;16;BURSA;;;;40.35477;28.924126;08:30-12:30/13:30-17:00;KAPALI;KAPALI;1;2026-09-21 08:30:03
4664;PTT_SUBE;6535;HARMANCIK  ŞUBESİ;MERKEZ MAHALLESİ CUMHURİYET MEYDAN No: 1 HARMANCIK BURSA;02248812322;16;BURSA;;;;39.67758;29.15398;08:30-12:30/13:30-17:00;KAPALI;KAPALI;1;2026-09-21 08:30:03
4663;PTT_SUBE;7977;HÜDAVENDİGAR  ŞUBESİ;HÜDAVENDİGAR MAHALLESİ 3.DEMET SOKAK No: 35 A OSMANGAZİ BURSA;02242380577;16;BURSA;;;;40.203033;29.007922;08:30-12:30/13:30-17:00;KAPALI;KAPALI;1;2026-09-21 08:30:03
4662;PTT_SUBE;6274;HÜRRİYET MÜDÜRLÜĞÜ;YENİKARAMAN MAHALLESİ POLAT CADDE No: 96 -98A OSMANGAZİ BURSA;02242477979;16;BURSA;;;;40.222175;28.997079;08:30-12:30/13:30-17:00;KAPALI;KAPALI;1;2026-09-21 08:30:03
4655;PTT_SUBE;227;KARACABEY ADLİYE  ŞUBESİ;EMİRSULTAN MAHALLESİ ADLİYE CADDE No: 79 KARACABEY BURSA;02246622002;16;BURSA;;;;40.21235199;28.36480608;08:00-12:00/13:00-17:00;KAPALI;KAPALI;1;2026-09-21 08:30:03
4654;PTT_SUBE;223;KARACABEY MÜDÜRLÜĞÜ;GARİPÇE MAHALLESİ ATATÜRK BULVAR No: 39 A KARACABEY BURSA;02246769636;16;BURSA;;;;40.218198102;28.359394399;08:30-12:30;KAPALI;KAPALI;1;2026-09-21 08:30:03
4653;PTT_SUBE;7516;KARAPINAR  ŞUBESİ;KARAPINAR MAHALLESİ 163. SOKAK No: 35 C YILDIRIM BURSA;02243416516;16;BURSA;;;;40.19231;29.18263;08:30-12:30/13:30-17:00;KAPALI;KAPALI;1;2026-09-21 08:30:03
4652;PTT_SUBE;6919;KAZIM KARABEKİR  ŞUBESİ;YUNUSEMRE MAHALLESİ KAZIMKARABEKİR CADDE No: 88 YILDIRIM BURSA;02243611187;16;BURSA;;;;40.203157;29.10213;08:30-12:30/13:30-17:00;KAPALI;KAPALI;1;2026-09-21 08:30:03
4651;PTT_SUBE;7507;KELES  ŞUBESİ;CUMA MAHALLESİ ATATÜRK CADDE No: 19 A KELES BURSA;02248612322;16;BURSA;;;;39.913056133;29.231459843;08:30-12:30/13:30-17:00;KAPALI;KAPALI;1;2026-09-21 08:30:03
4650;PTT_SUBE;77;KESTEL MÜDÜRLÜĞÜ;AHMETVEFİKPAŞA MAHALLESİ PTT SOKAK No: 1 KESTEL BURSA;4441788;16;BURSA;;;;40.199634;29.212236;08:30-12:30;KAPALI;KAPALI;1;2026-09-21 08:30:03
4649;PTT_SUBE;7975;KONAK  ŞUBESİ;KONAK MAHALLESİ BEŞEVLER CADDE No: 25 NİLÜFER BURSA;02244526374;16;BURSA;;;;40.206496;28.985647;08:30-12:30/13:30-17:00;KAPALI;KAPALI;1;2026-09-21 08:30:03
4648;PTT_SUBE;8278;KURŞUNLU ACENTELİĞİ;KURŞUNLU MAHALLESİ ESKİ BELEDİYE CADDE No: 3 İNEGÖL BURSA;02247152222;16;BURSA;;;;40.034827;29.662009;08:30-12:30/13:30-17:00;KAPALI;KAPALI;1;2026-09-21 08:30:03
4647;PTT_SUBE;7365;KUVAYİ MİLLİYE  ŞUBESİ;HAMİDİYE MAHALLESİ SELİM SOKAK No: 21 /29 GEMLİK BURSA;02245182818;16;BURSA;;;;40.430264;29.164409;08:30-12:30/13:30-17:00;KAPALI;KAPALI;1;2026-09-21 08:30:03
4644;PTT_SUBE;7976;KÜLTÜR  ŞUBESİ;KÜLTÜR MAHALLESİ CAMİLİ SOKAK No: 3 NİLÜFER BURSA;02244528651;16;BURSA;;;;40.202124;28.963609;08:30-12:30/13:30-17:00;KAPALI;KAPALI;1;2026-09-21 08:30:03
4646;PTT_SUBE;7155;KÜÇÜKBALIKLI  ŞUBESİ;KÜÇÜKBALIKLI MAHALLESİ ALİ GALİP YALDIZ CADDE No: 118 A OSMANGAZİ BURSA;02242150405;16;BURSA;;;;40.21602;29.073222;08:30-12:30/13:30-17:00;KAPALI;KAPALI;1;2026-09-21 08:30:03
4645;PTT_SUBE;4424;KÜÇÜKKUMLA ŞUBESİ;KUMLA MAHALLESİ 1.KUMLA CADDE No: 30 GEMLİK BURSA;02245381014;16;BURSA;;;;40.468057695;29.101958807;08:30-12:30/13:30-17:00;KAPALI;KAPALI;1;2026-09-21 08:30:03
4643;PTT_SUBE;6916;MEVLANA  ŞUBESİ;MEVLANA MAHALLESİ YAVER SOKAK No: 42 A YILDIRIM BURSA;02243674856;16;BURSA;;;;40.202213;29.114068;08:30-12:30/13:30-17:00;KAPALI;KAPALI;1;2026-09-21 08:30:03
4639;PTT_SUBE;104;MOLLAARAP  ŞUBESİ;MOLLAARAP MAHALLESİ EŞREFİLER CADDE No: 65 YILDIRIM BURSA;02243269115;16;BURSA;;;;40.17379156;29.073692626;08:30-12:30/13:30-17:00;KAPALI;KAPALI;1;2026-09-21 08:30:03
4638;PTT_SUBE;3865;MUDANYA MÜDÜRLÜĞÜ;ÖMERBEY MAHALLESİ İPAR CADDE No: 88 -90A MUDANYA BURSA;02245441717;16;BURSA;;;;40.373218;28.887621;08:30-12:30/13:30-17:00;KAPALI;KAPALI;1;2026-09-21 08:30:03
4637;PTT_SUBE;124;MURADİYE  ŞUBESİ;YAHŞİBEY MAHALLESİ KAPLICA CADDE No: 58 OSMANGAZİ BURSA;02242247747;16;BURSA;;;;40.189027;29.046277;08:30-12:30/13:30-17:00;KAPALI;KAPALI;1;2026-09-21 08:30:03
4636;PTT_SUBE;3706;MUSTAFA KEMAL PAŞA MÜDÜRLÜĞÜ;ŞEYHMÜFTÜ MAHALLESİ BALIKESİR CADDE No: 63 -73 MUSTAFAKEMALPAŞA BURSA;02246132222;16;BURSA;;;;40.033595866;28.407901166;08:30-12:30;KAPALI;KAPALI;1;2026-09-21 08:30:03
4642;PTT_SUBE;6912;MİLLET  MÜDÜRLÜĞÜ;MİLLET MAHALLESİ YUNUS EMRE BULVAR No: 15 B YILDIRIM BURSA;02242533133;16;BURSA;;;;40.20693;29.095021;08:30-12:30/13:30-17:00;KAPALI;KAPALI;1;2026-09-21 08:30:03
4641;PTT_SUBE;7934;MİMAR SİNAN  ŞUBESİ;MİMARSİNAN MAHALLESİ MİMARSİNAN CADDE No: 74 YILDIRIM BURSA;02243676711;16;BURSA;;;;40.187482;29.126266;08:30-12:30/13:30-17:00;KAPALI;KAPALI;1;2026-09-21 08:30:03
4640;PTT_SUBE;7247;MİNARELİ ÇAVUŞ  ŞUBESİ;MİNARELİÇAVUŞ MAHALLESİ MERKEZ(290) SOKAK No: 7 A NİLÜFER BURSA;02242425503;16;BURSA;;;;40.244867;28.938314;08:30-12:30/13:30-17:00;KAPALI;KAPALI;1;2026-09-21 08:30:03
4635;PTT_SUBE;7775;NİLÜFER POSTA KARGO DAĞITIM  MÜDÜRLÜĞÜ;BEŞEVLER MAHALLESİ BEŞEVLER CADDE No: 246 NİLÜFER BURSA;02242508050;16;BURSA;;;;40.210857;28.955978;08:30-17:00/-;08:30-17:00/-;KAPALI;1;2026-09-21 08:30:03
4634;PTT_SUBE;8115;ORGANİZE SANAYİ  ŞUBESİ;FETHİYEOSB MAHALLESİ TURKUAZ CADDE No: 4 A NİLÜFER BURSA;02242417408;16;BURSA;;;;40.23733302;28.954791;08:30-12:30/13:30-17:00;KAPALI;KAPALI;1;2026-09-21 08:30:03
4633;PTT_SUBE;1014;ORHANELİ MÜDÜRLÜĞÜ;İSMETPAŞA MAHALLESİ OSMAN UĞUR CADDE No: 5 A ORHANELİ BURSA;02248171322;16;BURSA;;;;39.902581;28.987343;08:30-12:30;KAPALI;KAPALI;1;2026-09-21 08:30:03
4632;PTT_SUBE;20;ORHANGAZİ MÜDÜRLÜĞÜ;HÜRRİYET MAHALLESİ TOZKOPARAN CADDE No: 70 ORHANGAZİ BURSA;02245732222;16;BURSA;;;;40.485775153;29.30726296;08:30-12:30;KAPALI;KAPALI;1;2026-09-21 08:30:03
4631;PTT_SUBE;7774;OSMANGAZİ POSTA KARGO DAĞITIM  MÜDÜRLÜĞÜ;SOĞANLI MAHALLESİ 1.NİLÜFER CADDE No: 149 A OSMANGAZİ BURSA;02242508099;16;BURSA;;;;40.209720111;29.041929006;08:30-17:00;08:30-17:00;KAPALI;1;2026-09-21 08:30:03
4630;PTT_SUBE;7151;OVAAKÇA ŞUBESİ;OVAAKÇA ÇEŞMEBAŞI MAHALLESİ ALPARSLAN CADDE No: 2 OSMANGAZİ BURSA;02242671969;16;BURSA;;;;40.300817;29.059119;08:30-12:30/13:30-17:00;KAPALI;KAPALI;1;2026-09-21 08:30:03
4628;PTT_SUBE;7152;PANAYIR  ŞUBESİ;PANAYIR MAHALLESİ 9.YAVUZ SOKAK No: 43 OSMANGAZİ BURSA;02242117757;16;BURSA;;;;40.245993;29.069514;08:30-12:30/13:30-17:00;KAPALI;KAPALI;1;2026-09-21 08:30:03
4627;PTT_SUBE;116;REYHAN  ŞUBESİ;REYHAN MAHALLESİ HAŞİM İŞCAN CADDE No: 6 B OSMANGAZİ BURSA;02242222136;16;BURSA;;;;40.188552136;29.061787008;08:30-12:30/13:30-17:00;KAPALI;KAPALI;1;2026-09-21 08:30:03
4626;PTT_SUBE;6914;SAMANLI  ŞUBESİ;SAMANLI MAHALLESİ KOCAALİ CADDE No: 97 A YILDIRIM BURSA;02243511515;16;BURSA;;;;40.229481;29.124264;08:30-12:30/13:30-17:00;KAPALI;KAPALI;1;2026-09-21 08:30:03
4625;PTT_SUBE;3958;SELÇUKBEY   ŞUBESİ;SELÇUKBEY MAHALLESİ SELÇUKBEY CADDE No: 53 A YILDIRIM BURSA;02243677753;16;BURSA;;;;40.180346;29.115149;08:30-12:30/13:30-17:00;KAPALI;KAPALI;1;2026-09-21 08:30:03
4624;PTT_SUBE;7785;SOĞANLI  ŞUBESİ;SOĞANLI MAHALLESİ 1.NİLÜFER CADDE No: 149 B OSMANGAZİ BURSA;02242531492;16;BURSA;;;;40.209687337;29.041939735;08:30-12:30/13:30-17:00;KAPALI;KAPALI;1;2026-09-21 08:30:03
4623;PTT_SUBE;7946;TELEFERİK  ŞUBESİ;ZÜMRÜTEVLER MAHALLESİ ÇİÇEK CADDE No: 65 YILDIRIM BURSA;02243269116;16;BURSA;;;;40.172636;29.089071;08:30-12:30/13:30-17:00;KAPALI;KAPALI;1;2026-09-21 08:30:03
4622;PTT_SUBE;4919;TEPECİK ŞUBESİ;TEPECİK MAHALLESİ BELEDİYE CADDE No: 29 MUSTAFAKEMALPAŞA BURSA;02246352264;16;BURSA;;;;40.11834699;28.42822296;08:30-12:30/13:30-17:00;KAPALI;KAPALI;1;2026-09-21 08:30:03
4621;PTT_SUBE;70;ULUCAMİ MÜDÜRLÜĞÜ;NALBANTOĞLU MAHALLESİ ATATÜRK CADDE No: 79 OSMANGAZİ BURSA;02242241717;16;BURSA;;;;40.183389;29.061975;08:30-12:30;KAPALI;KAPALI;1;2026-09-21 08:30:03
4620;PTT_SUBE;3696;ULUDAĞ ÜNİVERSİTESİ ŞUBESİ;GÖRÜKLE MAHALLESİ ÜNİVERSİTE-1 CADDE No: 328 E NİLÜFER BURSA;02244429070;16;BURSA;;;;40.224575;28.870145;08:30-12:30/13:30-17:00;KAPALI;KAPALI;1;2026-09-21 08:30:03
4619;PTT_SUBE;7586;ULUYOL ADLİYE  ŞUBESİ;HACI İLYAS MAHALLESİ KIBRIS ŞEHİTLERİ CADDE No: 21 /1 OSMANGAZİ BURSA;02244433215;16;BURSA;;;;40.193236;29.070046;08:00-12:00/13:00-17:00;KAPALI;KAPALI;1;2026-09-21 08:30:03
4617;PTT_SUBE;6915;YAVUZ SELİM  ŞUBESİ;YAVUZSELIM MAHALLESİ SUDEPOSU CADDE No: 77 YILDIRIM BURSA;02243683646;16;BURSA;;;;40.195996;29.116908;08:30-12:30/13:30-17:00;KAPALI;KAPALI;1;2026-09-21 08:30:03
4616;PTT_SUBE;4213;YENİBAĞLAR  ŞUBESİ;YENİBAĞLAR MAHALLESİ ADİL SOKAK No: 2 OSMANGAZİ BURSA;02242415675;16;BURSA;;;;40.253396;28.97068;00:00-00:00/00:00-00:00;KAPALI;KAPALI;1;2026-09-21 08:30:03
4615;PTT_SUBE;3867;YENİCE ŞUBESİ;YENİCEKÖY MAHALLESİ DEMOKRATLAR MEYDAN No: 1 İNEGÖL BURSA;02247387460;16;BURSA;;;;40.08795102;29.41821216;08:30-12:30/13:30-17:00;KAPALI;KAPALI;1;2026-09-21 08:30:03
4614;PTT_SUBE;24;YENİDOĞAN  ŞUBESİ;YENİDOĞAN MAHALLESİ ULU CADDE No: 3 GÜRSU BURSA;02243714075;16;BURSA;;;;40.199444;29.181646;08:30-12:30/13:30-17:00;KAPALI;KAPALI;1;2026-09-21 08:30:03
4613;PTT_SUBE;81;YENİMAHALLE  ŞUBESİ;YENİ MAHALLESİ KANUNİ SOKAK No: 4 /1 KESTEL BURSA;02243724535;16;BURSA;;;;40.189694;29.208698;08:30-12:30/13:30-17:00;KAPALI;KAPALI;1;2026-09-21 08:30:03
4612;PTT_SUBE;2597;YENİŞEHİR MÜDÜRLÜĞÜ;HIDIRBALİ MAHALLESİ MESCİT SOKAK No: 17 -19A YENİŞEHİR BURSA;02247732222;16;BURSA;;;;40.264285;29.648692;08:30-12:30;KAPALI;KAPALI;1;2026-09-21 08:30:03
4611;PTT_SUBE;3926;YEŞİLYAYLA   ŞUBESİ;YEDİSELVİLER MAHALLESİ TEYYARECİ MEHMET ALİ CADDE No: 56 A YILDIRIM BURSA;02243648994;16;BURSA;;;;40.182775;29.091961;08:30-12:30/13:30-17:00;KAPALI;KAPALI;1;2026-09-21 08:30:03
4610;PTT_SUBE;6345;YILDIRIM POSTA KARGO DAĞITIM  MÜDÜRLÜĞÜ;ESENEVLER MAHALLESİ ERDOĞAN CADDE No: 23 A YILDIRIM BURSA;02243411584;16;BURSA;;;;40.18861;29.144227;08:30-17:30;08:30-17:30;KAPALI;1;2026-09-21 08:30:03
4609;PTT_SUBE;4167;YUNUSELİ  ŞUBESİ;YUNUSELİ MAHALLESİ 1.BİLGE KAĞAN CADDE No: 4 OSMANGAZİ BURSA;02242487606;16;BURSA;;;;40.245517;29.014628;08:30-12:30/13:30-17:00;KAPALI;KAPALI;1;2026-09-21 08:30:03
4693;PTT_SUBE;8116;ÇALI ŞUBESİ;ÇALI MAHALLESİ BURSA(410) CADDE No: 66 B NİLÜFER BURSA;02244823043;16;BURSA;;;;40.17347397;28.92265596;08:30-12:30/13:30-17:00;KAPALI;KAPALI;1;2026-09-21 08:30:03
4692;PTT_SUBE;8315;ÇAMLICA  ŞUBESİ;ÇAMLICA MAHALLESİ ARDALI SOKAK No: 2 NİLÜFER BURSA;02244417843;16;BURSA;;;;40.19535;28.984423;08:30-12:30/13:30-17:00;KAPALI;KAPALI;1;2026-09-21 08:30:03
4691;PTT_SUBE;92;ÇARŞAMBAPAZARI  ŞUBESİ;İNTİZAM MAHALLESİ İLKBAHAR CADDE No: 6 C OSMANGAZİ BURSA;02242722270;16;BURSA;;;;40.194065;29.054497;08:30-12:30/13:30-17:00;KAPALI;KAPALI;1;2026-09-21 08:30:03
4690;PTT_SUBE;28;ÇARŞI  ŞUBESİ;CAMİİKEBİR MAHALLESİ HÜKÜMET CADDE No: 32 ORHANGAZİ BURSA;02245731273;16;BURSA;;;;40.491207;29.307692;08:30-12:30/13:30-17:00;KAPALI;KAPALI;1;2026-09-21 08:30:03
4689;PTT_SUBE;3945;ÇELEBİ MEHMET  ŞUBESİ;YILDIRIM MAHALLESİ KURTULUŞ CADDE No: 139 B YILDIRIM BURSA;02243648944;16;BURSA;;;;40.189698;29.081256;08:30-12:30/13:30-17:00;KAPALI;KAPALI;1;2026-09-21 08:30:03
4688;PTT_SUBE;3963;ÇELTİKÇİ ŞUBESİ;ÇELTİKÇİ MAHALLESİ ÇELTİKÇİ CUMHURİYET MEYDAN No: 4 MUSTAFAKEMALPAŞA BURSA;02467527000;16;BURSA;;;;40.06172196;28.232136;08:30-12:30/13:30-17:00;KAPALI;KAPALI;1;2026-09-21 08:30:03
4687;PTT_SUBE;642;ÇINARÖNÜ  ŞUBESİ;ÇINARÖNÜ MAHALLESİ ÇINARÖNÜ CADDE No: 76 YILDIRIM BURSA;02243692188;16;BURSA;;;;40.197716;29.134797;08:30-12:30/13:30-17:00;KAPALI;KAPALI;1;2026-09-21 08:30:03
4629;PTT_SUBE;3633;ÖZLÜCE  MÜDÜRLÜĞÜ;ALTINŞEHİR MAHALLESİ UĞUR MUMCU BULVAR No: 76 NİLÜFER BURSA;02244131377;16;BURSA;;;;40.220787965;28.91574688;08:30-12:30/13:30-17:00;KAPALI;KAPALI;1;2026-09-21 08:30:03
4618;PTT_SUBE;8113;ÜÇEVLER  ŞUBESİ;ÜÇEVLER MAHALLESİ DOĞRU(220) SOKAK No: 1 NİLÜFER BURSA;02244436136;16;BURSA;;;;40.199048;28.950253;08:30-12:30/13:30-17:00;KAPALI;KAPALI;1;2026-09-21 08:30:03
4661;PTT_SUBE;7972;İHSANİYE MÜDÜRLÜĞÜ;İHSANİYE MAHALLESİ DEĞİRMEN(110) SOKAK No: 39 NİLÜFER BURSA;02244417843;16;BURSA;;;;40.220152;28.988122;08:30-12:30/13:30-17:00;KAPALI;KAPALI;1;2026-09-21 08:30:03
4660;PTT_SUBE;3875;İNEGÖL ADLİYE  ŞUBESİ;KEMALPAŞA MAHALLESİ ADNAN MENDERES BULVAR No: 9 İNEGÖL BURSA;02247120095;16;BURSA;;;;40.07315;29.505158;08:00-12:00/13:00-17:00;KAPALI;KAPALI;1;2026-09-21 08:30:03
4659;PTT_SUBE;3861;İNEGÖL MÜDÜRLÜĞÜ;SİNANBEY MAHALLESİ NURİ DOĞRUL CADDE No: 7 İNEGÖL BURSA;02247152222;16;BURSA;;;;40.079558;29.510833;08:30-12:30;KAPALI;KAPALI;1;2026-09-21 08:30:03
4658;PTT_SUBE;7158;İNEGÖL POSTA KARGO DAĞITIM  MÜDÜRLÜĞÜ;ERTUĞRULGAZİ MAHALLESİ DİRİCAN SOKAK No: 1 A İNEGÖL BURSA;02247191100;16;BURSA;;;;40.099794;29.522103;08:30-17:00;08:30-17:00;KAPALI;1;2026-09-21 08:30:03
4657;PTT_SUBE;4205;İSTİKLAL  ŞUBESİ;HÜRRİYET MAHALLESİ 1.NAMIKKEMAL SOKAK No: 6 OSMANGAZİ BURSA;02242470622;16;BURSA;;;;40.220079;29.005712;08:30-12:30/13:30-17:00;KAPALI;KAPALI;1;2026-09-21 08:30:03
4656;PTT_SUBE;1527;İZNİK MÜDÜRLÜĞÜ;SELÇUK MAHALLESİ KILICASLAN_1 CADDE No: 50 İZNİK BURSA;02247572222;16;BURSA;;;;40.429405;29.71777;08:30-12:30;KAPALI;KAPALI;1;2026-09-21 08:30:03
4551;PTT_SUBE;4444;BAYIRKÖY  ŞUBESİ;BAYIRKÖY BELDESİ/FATİH MAHALLESİ İSTANBUL CADDE No: 49 MERKEZ BİLECİK;02282838123;11;BİLECİK;;;;40.283649;30.019073;08:30-12:30/13:30-17:00;KAPALI;KAPALI;1;2026-09-21 08:30:00
4549;PTT_SUBE;4410;BOZÜYÜK MÜDÜRLÜĞÜ;YENİ MAHALLESİ İSMET İNÖNÜ CADDE No: 49 B BOZÜYÜK BİLECİK;02283141414;11;BİLECİK;;;;39.905875;30.041387;08:30-17:00;KAPALI;KAPALI;1;2026-09-21 08:30:00
4550;PTT_SUBE;4437;BİLECİK MÜDÜRLÜĞÜ;İSTİKLAL MAHALLESİ CUMHURİYET CADDE No: 14 MERKEZ BİLECİK;02282121414;11;BİLECİK;;;;40.1443;29.981244;08:30-12:30/13:30-17:00;10:00-12:30/13:30-16:00;KAPALI;1;2026-09-21 08:30:00
4548;PTT_SUBE;6696;DODURGA  ŞUBESİ;DODURGA BELDESİ/NAMIK KEMAL MAHALLESİ CUMHURİYET MEYDAN No: 26 D BOZÜYÜK BİLECİK;02283212474;11;BİLECİK;;;;39.804227;29.913844;08:30-12:30/13:30-17:00;KAPALI;KAPALI;1;2026-09-21 08:30:00
4547;PTT_SUBE;6238;ERTUĞRULGAZİ  ŞUBESİ;ERTUĞRULGAZİ MAHALLESİ MEVLANA SOKAK No: 12 MERKEZ BİLECİK;02282121130;11;BİLECİK;;;;40.13265;29.98154;08:30-12:30/13:30-17:00;KAPALI;KAPALI;1;2026-09-21 08:30:00
4546;PTT_SUBE;4448;GAR  ŞUBESİ;İSTASYON MAHALLESİ OSMANGAZİ CADDE No: 20 MERKEZ BİLECİK;02282180220;11;BİLECİK;;;;40.115390731;29.999899965;08:30-12:30/13:30-17:00;KAPALI;KAPALI;1;2026-09-21 08:30:00
4545;PTT_SUBE;3336;GÖLPAZARI MÜDÜRLÜĞÜ;ORTA MAHALLESİ VELİPAŞA CADDE No: 59 A GÖLPAZARI BİLECİK;02284112126;11;BİLECİK;;;;40.281305;30.316905;08:30-12:30/13:30-17:00;KAPALI;KAPALI;1;2026-09-21 08:30:00
4543;PTT_SUBE;1174;OSMANELİ MÜDÜRLÜĞÜ;CAMİKEBİR MAHALLESİ PROF. DR. YUNUS SÖYLET CADDE No: 22 A OSMANELİ BİLECİK;02284616344;11;BİLECİK;;;;40.357615335;30.014403503;08:00-17:00;KAPALI;KAPALI;1;2026-09-21 08:30:00
4542;PTT_SUBE;8086;PAZARYERİ  ŞUBESİ;ÇARŞI MAHALLESİ ÇAMAŞIRLIK SOKAK No: 1 PAZARYERİ BİLECİK;02283813080;11;BİLECİK;;;;39.995726;29.90557;08:30-12:30/13:30-17:00;KAPALI;KAPALI;1;2026-09-21 08:30:00
4541;PTT_SUBE;4431;SÖĞÜT MÜDÜRLÜĞÜ;KAYHAN MAHALLESİ ŞEHİT ÜSTEĞMEN ONUR İLKHAN CADDE No: 2 SÖĞÜT BİLECİK;02283613414;11;BİLECİK;;;;40.013936;30.182221;08:30-12:30;KAPALI;KAPALI;1;2026-09-21 08:30:00
4539;PTT_SUBE;3697;VEZİRHAN  ŞUBESİ;VEZİRHAN BELDESİ/İSTASYON MAHALLESİ ATATÜRK BULVAR No: 32 MERKEZ BİLECİK;02282331020;11;BİLECİK;;;;40.24521603;30.02184612;08:30-12:30/13:30-17:00;KAPALI;KAPALI;1;2026-09-21 08:30:00
4538;PTT_SUBE;3347;YENİPAZAR  ŞUBESİ;YENİ MAHALLESİ CUMHURİYET MEYDAN No: 6 A YENİPAZAR BİLECİK;02284312126;11;BİLECİK;;;;40.17633;30.51762;08:30-12:30/13:30-15:00;KAPALI;KAPALI;1;2026-09-21 08:30:00
4544;PTT_SUBE;4426;İNHİSAR  ŞUBESİ;ZAFER MAHALLESİ ATATÜRK CADDE No: 45 İNHİSAR BİLECİK;02283712200;11;BİLECİK;;;;40.049869395;30.386157858;08:30-12:30/13:30-15:00;KAPALI;KAPALI;1;2026-09-21 08:30:00
4540;PTT_SUBE;6239;ŞEYH EDEBALİ  ŞUBESİ;BAHÇELİEVLER MAHALLESİ ABDÜLHAMİT HAN BULVAR No: 15 MERKEZ BİLECİK;02282122188;11;BİLECİK;;;;40.156329;29.977653;08:30-12:30/13:30-17:00;KAPALI;KAPALI;1;2026-09-21 08:30:00
4564;PTT_SUBE;62;ADAKLI  ŞUBESİ;MERKEZ MAHALLESİ CUMHURİYET CADDE No: 44 ADAKLI BİNGÖL;04266112150;12;BİNGÖL;;;;39.231726234;40.475758116;08:30-12:30/13:30-17:00;KAPALI;KAPALI;1;2026-09-21 08:30:01
4563;PTT_SUBE;42;ADLİYE  ŞUBESİ;KARŞIYAKA MAHALLESİ ZEKİ ERGEZEN BULVAR No: 53 MERKEZ BİNGÖL;04262133432;12;BİNGÖL;;;;38.895566743;40.488700715;08:30-12:30/13:30-17:00;KAPALI;KAPALI;1;2026-09-21 08:30:01
4562;PTT_SUBE;8519;BİNGÖL DAĞITIM VE TOPLAMA MÜDÜRLÜĞÜ;İNÖNÜ MAHALLESİ GENÇ CADDE No:20 MERKEZ BİNGÖL;0;12;BİNGÖL;;;;38.883245299748;40.5003038365976;08:00-20:00 / -;KAPALI;KAPALI;1;2026-09-21 08:30:01
4561;PTT_SUBE;7084;BİNGÖL KARGO  ŞUBESİ;İNÖNÜ MAHALLESİ GENÇ CADDE No: 38 B MERKEZ BİNGÖL;04262131515;12;BİNGÖL;;;;38.884786394;40.497840222;08:30-12:30/13:30-17:00;KAPALI;KAPALI;1;2026-09-21 08:30:01
4560;PTT_SUBE;11;BİNGÖL MÜDÜRLÜĞÜ;İNÖNÜ MAHALLESİ GENÇ CADDE No: 20 MERKEZ BİNGÖL;04262141918;12;BİNGÖL;;;;38.883287735;40.500148847;08:30-17:00;KAPALI;KAPALI;1;2026-09-21 08:30:01
4559;PTT_SUBE;5;GENÇ MÜDÜRLÜĞÜ;CUMHURİYET MAHALLESİ CUMHURİYET CADDE No: 94 /1 GENÇ BİNGÖL;04264113501;12;BİNGÖL;;;;38.751113482;40.559419177;08:30-17:00;KAPALI;KAPALI;1;2026-09-21 08:30:01
4558;PTT_SUBE;7;KARLIOVA MÜDÜRLÜĞÜ;KANIREŞ MAHALLESİ CUMHURİYET CADDE No: 85 KARLIOVA BİNGÖL;04265112212;12;BİNGÖL;;;;39.298234755;41.012139262;08:30-17:00;KAPALI;KAPALI;1;2026-09-21 08:30:01
4557;PTT_SUBE;8;KIĞI MÜDÜRLÜĞÜ;YENİŞEHİR MAHALLESİ CUMHURİYET CADDE No: 54 KİĞI BİNGÖL;04263112036;12;BİNGÖL;;;;39.312401135;40.349241449;08:30-17:00;KAPALI;KAPALI;1;2026-09-21 08:30:01
4556;PTT_SUBE;84;SERVİ ACENTELİĞİ;SERVİ KÖYÜ/YENİŞEHİR MEVKİİ ATATÜRK SOKAK No: 7 GENÇ BİNGÖL;04264217175;12;BİNGÖL;;;;38.572095;40.315232;09:00-12:30/13:30-17:00;KAPALI;KAPALI;1;2026-09-21 08:30:01
4555;PTT_SUBE;9;SOLHAN MÜDÜRLÜĞÜ;YENİ MAHALLESİ ŞEHİT MEHMET TÜRKSEVEN BULVARI BULVAR No: 37 E SOLHAN BİNGÖL;04267112016;12;BİNGÖL;;;;38.966546248;41.052789761;08:30-17:00;KAPALI;KAPALI;1;2026-09-21 08:30:01
4553;PTT_SUBE;66;YAYLADERE  ŞUBESİ;MERKEZ MAHALLESİ HAŞİM AKYÜREK CADDE No: 9 YAYLADERE BİNGÖL;04263412135;12;BİNGÖL;;;;39.225543867;40.07149641;08:30-12:30/13:30-17:00;KAPALI;KAPALI;1;2026-09-21 08:30:01
4552;PTT_SUBE;12;YEDİSU MÜDÜRLÜĞÜ;MERKEZ MAHALLESİ ATATÜRK SOKAK No: 3 A YEDİSU BİNGÖL;04263717001;12;BİNGÖL;;;;39.433868877;40.547901668;08:30-17:30;KAPALI;KAPALI;1;2026-09-21 08:30:01
4554;PTT_SUBE;58;ÜNİVERSİTE  ŞUBESİ;SELAHADDİN-İ EYYUBİ MAHALLESİ ÜNİVERSİTE CADDE No: 1 /1 MERKEZ BİNGÖL;04262133431;12;BİNGÖL;;;;38.89795605;40.490911609;KAPALI;KAPALI;KAPALI;1;2026-09-21 08:30:01
4574;PTT_SUBE;5698;ADİLCEVAZ MÜDÜRLÜĞÜ;ORTA MAHALLESİ CUMHURİYET CADDE No: 57 -69 ADİLCEVAZ BİTLİS;04343113001;13;BİTLİS;;;;38.805434608;42.737251349;08:00-17:00;KAPALI;KAPALI;1;2026-09-21 08:30:01
4573;PTT_SUBE;5517;AHLAT MÜDÜRLÜĞÜ;ERKİZAN MAHALLESİ MAZLUM YEGÜL CADDE No: 134 -148A AHLAT BİTLİS;04344124100;13;BİTLİS;;;;38.753713494;42.494394065;08:30-17:00;KAPALI;KAPALI;1;2026-09-21 08:30:01
4572;PTT_SUBE;5328;BİTLİS  MÜDÜRLÜĞÜ;GAZİ BEY MAHALLESİ NURULLAH EREN CADDE No: 2 MERKEZ BİTLİS;432265410;13;BİTLİS;;;;38.40172;42.108388;08:30-17:00;KAPALI;KAPALI;1;2026-09-21 08:30:01
4571;PTT_SUBE;5700;GÜROYMAK MÜDÜRLÜĞÜ;BAĞLAR MAHALLESİ 503/1 SOKAK No: 2 GÜROYMAK BİTLİS;04345112476;13;BİTLİS;;;;38.577743796;42.019340281;08:30-17:00;KAPALI;KAPALI;1;2026-09-21 08:30:01
4569;PTT_SUBE;6497;HÜKÜMET KONAĞI  ŞUBESİ;HÜSREV PAŞA MAHALLESİ AHMET EREN BULVAR No: 25 B/1 MERKEZ BİTLİS;04342265410;13;BİTLİS;;;;38.43296802;42.13529712;08:30-12:30/13:30-17:00;KAPALI;KAPALI;1;2026-09-21 08:30:01
4570;PTT_SUBE;5703;HİZAN MÜDÜRLÜĞÜ;KÜLTÜR MAHALLESİ HÜKÜMET CADDE No: 30 A HİZAN BİTLİS;04346112499;13;BİTLİS;;;;38.225328508;42.42674037;08:30-17:00;KAPALI;KAPALI;1;2026-09-21 08:30:01
4568;PTT_SUBE;8265;KÜLTÜR KURUMSAL ACENTELİĞİ;KÜLTÜR MAHALLESİ ŞEHİT MEHMET IŞIK CADDE No: 23 TATVAN BİTLİS;05325903507;13;BİTLİS;;;;38.506001;42.281015;08:30-12:30/13:30-17:30;KAPALI;KAPALI;1;2026-09-21 08:30:01
4567;PTT_SUBE;5706;MUTKİ MÜDÜRLÜĞÜ;PINARBAŞI MAHALLESİ SEDRETTİN BARLAK CADDE No: 54 /1 MUTKİ BİTLİS;04347112167;13;BİTLİS;;;;38.408109;41.92255;08:30-17:00;KAPALI;KAPALI;1;2026-09-21 08:30:01
4566;PTT_SUBE;5710;TATVAN MÜDÜRLÜĞÜ;SAHİL MAHALLESİ CUMHURİYET BULVAR No: 165  /1- TATVAN BİTLİS;04348276423;13;BİTLİS;;;;38.494576733;42.286873602;08:30-17:00;KAPALI;KAPALI;1;2026-09-21 08:30:01
4565;PTT_SUBE;5775;YOLALAN ACENTELİĞİ;YOLALAN BELDESİ/YOLALAN MAHALLESİ BURHANGAZİ SOKAK No: 4 B MERKEZ BİTLİS;04342412166;13;BİTLİS;;;;38.270506;42.306582;08:30-12:30/13:30-16:00;KAPALI;KAPALI;1;2026-09-21 08:30:01
4884;PTT_SUBE;5653; MERKEZEFENDİ MÜDÜRLÜĞÜ;ADALET MAHALLESİ MEVLANA CADDE No: 1 D MERKEZEFENDİ DENİZLİ;02583611638;20;DENİZLİ;;;;37.779115;29.020757;08:30-12:30/13:30-17:00;KAPALI;KAPALI;1;2026-09-21 08:30:05
4883;PTT_SUBE;5723;ACIPAYAM MÜDÜRLÜĞÜ;AŞAĞI MAHALLESİ ATATÜRK_5 BULVAR No: 7 /2 ACIPAYAM DENİZLİ;02585181213;20;DENİZLİ;;;;37.42791584;29.350463373;08:30-17:00;KAPALI;KAPALI;1;2026-09-21 08:30:05
4882;PTT_SUBE;7652;ADLİYE  ŞUBESİ;ADALET MAHALLESİ 10040 SOKAK No: 5 MERKEZEFENDİ DENİZLİ;02583775010;20;DENİZLİ;;;;37.778147;29.033991;08:00-12:00/13:00-16:30;KAPALI;KAPALI;1;2026-09-21 08:30:05
4881;PTT_SUBE;7437;AKKALE ACENTELİĞİ ;AKHAN MAHALLESİ ATATÜRK.. BULVAR No: 87 PAMUKKALE DENİZLİ;02582746451;20;DENİZLİ;;;;37.813873;29.144062;08:30-12:30/13:30-17:00;KAPALI;KAPALI;1;2026-09-21 08:30:05
4880;PTT_SUBE;5669;AKKENT ACENTELİĞİ;AKKENT MAHALLESİ VATAN_2 CADDE No: 3 ÇAL DENİZLİ;02580000000;20;DENİZLİ;;;;38.152307;29.378998;09:00-12:00/13:00-17:00;KAPALI;KAPALI;1;2026-09-21 08:30:05
4879;PTT_SUBE;8299;AKKÖY ŞUBESİ;AKKÖY MAHALLESİ DENİZLİ.. CADDE No: 75 A PAMUKKALE DENİZLİ;02584612463;20;DENİZLİ;;;;37.95390099;29.078532;08:30-12:30/13:30-17:00;KAPALI;KAPALI;1;2026-09-21 08:30:05
4878;PTT_SUBE;5752;BABADAĞ  ŞUBESİ;GAZİ MAHALLESİ ÇARŞI MEYDAN No: 1 BABADAĞ DENİZLİ;02584812461;20;DENİZLİ;;;;37.81088;28.85869;08:30-12:30/13:30-17:00;KAPALI;KAPALI;1;2026-09-21 08:30:05
4877;PTT_SUBE;5692;BAHARLAR ACENTELİĞİ;BAHARLAR MAHALLESİ ÇOKGEZENLER SOKAK No: 1 /1 TAVAS DENİZLİ;05367998499;20;DENİZLİ;;;;37.452897;28.94020884;08:30-12:30/13:30-16:30;KAPALI;KAPALI;1;2026-09-21 08:30:05
4876;PTT_SUBE;5754;BAKLAN  ŞUBESİ;KİRAZLI MAHALLESİ DENİZLİ CADDE No: 11 BAKLAN DENİZLİ;02587812460;20;DENİZLİ;;;;37.976844;29.605419;08:30-12:00/08:30-12:00;KAPALI;KAPALI;1;2026-09-21 08:30:05
4875;PTT_SUBE;7561;BAYRAMYERİ MÜDÜRLÜĞÜ;SARAYLAR MAHALLESİ DEMİRCİLER CADDE No: 1 MERKEZEFENDİ DENİZLİ;02582631616;20;DENİZLİ;;;;37.785019;29.084765;08:30-12:30/13:30-17:00;KAPALI;KAPALI;1;2026-09-21 08:30:05
4874;PTT_SUBE;5757;BEKİLLİ  ŞUBESİ;YENİ MAHALLESİ ÇARŞI CADDE No: 3 BEKİLLİ DENİZLİ;02587912463;20;DENİZLİ;;;;38.229374;29.41941;08:30-12:30/13:30-17:00;KAPALI;KAPALI;1;2026-09-21 08:30:05
4873;PTT_SUBE;492;BEYAĞAÇ  ŞUBESİ;YENİ MAHALLESİ GÜL SOKAK No: 4 BEYAĞAÇ DENİZLİ;02586916121;20;DENİZLİ;;;;37.235484;28.896554;08:30-12:30/13:30-17:00;KAPALI;KAPALI;1;2026-09-21 08:30:05
4872;PTT_SUBE;8256;BEYLERLI ACENTELIĞI;BEYLERLİ MAHALLESİ PARK SOKAK No: 1 A ÇARDAK DENİZLİ;02588512463;20;DENİZLİ;;;;37.699537;29.643172;08:30-12:30/13:30-17:00;KAPALI;KAPALI;1;2026-09-21 08:30:05
4871;PTT_SUBE;5495;BOZKURT MÜDÜRLÜĞÜ;MEHMETÇİK MAHALLESİ MUZAFFER ARICI CADDE No: 14 BOZKURT DENİZLİ;02588315461;20;DENİZLİ;;;;37.820664;29.609168;08:30-17:00;KAPALI;KAPALI;1;2026-09-21 08:30:05
4870;PTT_SUBE;5635;BULDAN MÜDÜRLÜĞÜ;CUMHURİYET MAHALLESİ ADNAN MENDERES BULVAR No: 3 BULDAN DENİZLİ;02584313212;20;DENİZLİ;;;;38.044582;28.83123;08:30-17:00;KAPALI;KAPALI;1;2026-09-21 08:30:05
4864;PTT_SUBE;5735;DARIVEREN ACENTELİĞİ;DARIVEREN MAHALLESİ ATATÜRK 2 BULVAR No: 11 ACIPAYAM DENİZLİ;02585488366;20;DENİZLİ;;;;37.275225537;29.461480226;08:30-16:30/08:30-16:30;KAPALI;KAPALI;1;2026-09-21 08:30:05
4863;PTT_SUBE;8296;DELİKTAŞ  ŞUBESİ;DELİKTAŞ MAHALLESİ 2018/2 SOKAK No: 10 PAMUKKALE DENİZLİ;02582765121;20;DENİZLİ;;;;37.78048701;29.10448512;08:30-12:30/13:30-17:00;KAPALI;KAPALI;1;2026-09-21 08:30:05
4861;PTT_SUBE;7871;DENİZLİ DEVLET HASTAHANESİ ŞUBESİ;SIRAKAPILAR MAHALLESİ MERKEZ EFENDİ CADDE No: 45 B MERKEZEFENDİ DENİZLİ;02582652956;20;DENİZLİ;;;;37.781574;29.075852;08:30-12:30/13:30-17:00;KAPALI;KAPALI;1;2026-09-21 08:30:05
4860;PTT_SUBE;1719;DENİZLİ POSTA İŞLEME VE DAĞITIM  MÜDÜRLÜĞÜ;YENİŞEHİR MAHALLESİ 28 SOKAK No: 2 /1 MERKEZEFENDİ DENİZLİ;02582410149;20;DENİZLİ;;;;37.758614;29.042406;08:30-12:30/13:30-17:30;08:30-12:30/13:30-17:30;KAPALI;1;2026-09-21 08:30:05
4862;PTT_SUBE;8292;DENİZLİ ÇINAR MERKEZİ;15 MAYIS MAHALLESİ 785 SOKAK No: 3 A PAMUKKALE DENİZLİ;02582419601;20;DENİZLİ;;;;37.775909;29.086819;08:30-12:30/13:30-17:00;KAPALI;KAPALI;1;2026-09-21 08:30:05
4859;PTT_SUBE;3044;DEREÇİFTLİK ACENTELİĞİ;DEREÇİFTLİK MAHALLESİ DEREÇİFTLİK SOKAK No: 352 HONAZ DENİZLİ;02588145055;20;DENİZLİ;;;;37.80425;29.36089;08:30-12:30/13:30-17:00;KAPALI;KAPALI;1;2026-09-21 08:30:05
4858;PTT_SUBE;5728;DODURGALAR ACENTELİĞİ;DODURGA MAHALLESİ CUMHURİYET_10 CADDE No: 5 ACIPAYAM DENİZLİ;02585244422;20;DENİZLİ;;;;37.384048351;29.559204748;08:30-16:30/08:30-16:30;KAPALI;KAPALI;1;2026-09-21 08:30:05
4857;PTT_SUBE;8297;FATİH MAHALLESİ  ŞUBESİ;FATİH MAHALLESİ 1925/7 SOKAK No: 1 C PAMUKKALE DENİZLİ;02582138228;20;DENİZLİ;;;;37.769034;29.101015;08:30-12:30/13:30-17:00;KAPALI;KAPALI;1;2026-09-21 08:30:05
4856;PTT_SUBE;5699;GARİPKÖY ACENTELİĞİ;GARİPKÖY MAHALLESİ BELEDİYE MEYDAN No: 43 A TAVAS DENİZLİ;05356137316;20;DENİZLİ;;;;37.47173;29.00853;08:30-12:30/13:30-16:30;KAPALI;KAPALI;1;2026-09-21 08:30:05
4855;PTT_SUBE;480;GÖLBAŞI ACENTELİĞİ;GÖLBAŞI MAHALLESİ MEHMET AKİF ERSOY CADDE No: 3 KALE DENİZLİ;02586745004;20;DENİZLİ;;;;37.55113;28.70166;09:00-12:30/13:30-17:00;KAPALI;KAPALI;1;2026-09-21 08:30:05
4854;PTT_SUBE;7126;GÖZLER ACENTELİĞİ ;GÖZLER MAHALLESİ ATATÜRK BULVAR No: 2 PAMUKKALE DENİZLİ;02582842169;20;DENİZLİ;;;;38.10148;29.15229;08:30-12:30/13:30-16:30;KAPALI;KAPALI;1;2026-09-21 08:30:05
4853;PTT_SUBE;5673;GÜMÜŞLER   ŞUBESİ;AKÇEŞME MAHALLESİ NEŞET ÇAKIR CADDE No: 4 MERKEZEFENDİ DENİZLİ;02583711121;20;DENİZLİ;;;;37.81068;29.064364;08:30-12:30/13:30-17:00;KAPALI;KAPALI;1;2026-09-21 08:30:05
4852;PTT_SUBE;5636;GÜNEY  ŞUBESİ;TİLKİLİK MAHALLESİ 1 SOKAK No: 17 GÜNEY DENİZLİ;02584512460;20;DENİZLİ;;;;38.15329;29.06588;08:30-12:30/13:30-17:00;KAPALI;KAPALI;1;2026-09-21 08:30:05
4851;PTT_SUBE;1401;GÜRPINAR ŞUBESİ;GÜRPINAR MAHALLESİ CUMHURİYET MEYDAN No: 2 A ÇİVRİL DENİZLİ;02587131212;20;DENİZLİ;;;;38.41375203;29.70182016;08:30-12:30/08:30-12:30;KAPALI;KAPALI;1;2026-09-21 08:30:05
4850;PTT_SUBE;5768;HANÇALAR ACENTELİĞİ;HANÇALAR MAHALLESİ CUMHURİYET_1 CADDE No: 39 ÇAL DENİZLİ;02580000000;20;DENİZLİ;;;;38.123743;29.39353;09:00-12:00/13:00-17:00;KAPALI;KAPALI;1;2026-09-21 08:30:05
4849;PTT_SUBE;2632;HONAZ MÜDÜRLÜĞÜ;YENİ MAHALLESİ ÇARŞI/1 SOKAK No: 8 HONAZ DENİZLİ;02588111191;20;DENİZLİ;;;;37.751932768;29.270877306;08:30-17:00;KAPALI;KAPALI;1;2026-09-21 08:30:05
4848;PTT_SUBE;1324;IRGILLI ACENTELİĞİ;IRGILLI MAHALLESİ ŞEHİT ÖMER HALİSDEMİR CADDE No: 1 D ÇİVRİL DENİZLİ;05468432126;20;DENİZLİ;;;;38.17184;29.91969;09:00-12:30/13:30-16:30;KAPALI;KAPALI;1;2026-09-21 08:30:05
4844;PTT_SUBE;2644;KAKLIK ŞUBESİ;KAKLIK MAHALLESİ MİMAR SİNAN CADDE No: 1 HONAZ DENİZLİ;02588162121;20;DENİZLİ;;;;37.82910897;29.41758504;08:30-12:30/13:30-17:00;KAPALI;KAPALI;1;2026-09-21 08:30:05
4843;PTT_SUBE;497;KALE MÜDÜRLÜĞÜ;CUMHURİYET MAHALLESİ ATATÜRK CADDE No: 18 A KALE DENİZLİ;02586713463;20;DENİZLİ;;;;37.44167;28.845151;08:30-17:00/13:30-17:00;KAPALI;KAPALI;1;2026-09-21 08:30:05
4842;PTT_SUBE;1300;KARABEDİRLER ACENTELİĞİ;KARABEDİRLER MAHALLESİ KARABEDİRLER SOKAK No: 88 ÇİVRİL DENİZLİ;05387411390;20;DENİZLİ;;;;38.32198;29.6551;09:00-12:30/13:30-16:30;KAPALI;KAPALI;1;2026-09-21 08:30:05
4841;PTT_SUBE;8300;KARAHAYIT ŞUBESİ;KARAHAYIT MAHALLESİ ATATÜRK  . CADDE No: 69 PAMUKKALE DENİZLİ;02582714122;20;DENİZLİ;;;;37.966293;29.103263;08:30-12:30/13:30-17:00;KAPALI;KAPALI;1;2026-09-21 08:30:05
4840;PTT_SUBE;5701;KARAHİSAR ŞUBESİ;KARAHİSAR MAHALLESİ SEFERLER CADDE No: 2 TAVAS DENİZLİ;02586275121;20;DENİZLİ;;;;37.61160597;28.95530112;08:30-12:30/13:30-17:00;KAPALI;KAPALI;1;2026-09-21 08:30:05
4839;PTT_SUBE;5687;KARAMAN  ŞUBESİ;AKKONAK MAHALLESİ LOZAN CADDE No: 128 A MERKEZEFENDİ DENİZLİ;02582416390;20;DENİZLİ;;;;37.769915;29.075196;08:30-12:30/13:30-17:00;KAPALI;KAPALI;1;2026-09-21 08:30:05
4838;PTT_SUBE;8294;KINIKLI  ŞUBESİ;KINIKLI MAHALLESİ BURSA CADDE No: 72 PAMUKKALE DENİZLİ;02582111416;20;DENİZLİ;;;;37.748574;29.09884608;08:30-12:30/13:30-17:00;KAPALI;KAPALI;1;2026-09-21 08:30:05
4837;PTT_SUBE;7639;KIRALAN ACENTELİĞİ;KIRALAN MAHALLESİ 412 SOKAK No: 2 ÇİVRİL DENİZLİ;05541116822;20;DENİZLİ;;;;38.122902999;29.639652547;09:00-12:30/13:30-17:00;KAPALI;KAPALI;1;2026-09-21 08:30:05
4836;PTT_SUBE;5707;KIZILCABÖLÜK ŞUBESİ;KIZILCABÖLÜK MAHALLESİ ABİDİN GÜRGÜN CADDE No: 8 A TAVAS DENİZLİ;02586262121;20;DENİZLİ;;;;37.61361504;29.01603384;08:30-12:30/13:30-17:00;KAPALI;KAPALI;1;2026-09-21 08:30:05
4834;PTT_SUBE;2649;KOCABAŞ CEZAEVİ ŞUBESİ;KOCABAŞ MAHALLESİ ANKARA BULVAR No: 144 HONAZ DENİZLİ;02588145034;20;DENİZLİ;;;;37.814674534;29.33351616;08:30-12:30/13:30-17:00;KAPALI;KAPALI;1;2026-09-21 08:30:05
4833;PTT_SUBE;2640;KOCABAŞ ŞUBESİ;KOCABAŞ MAHALLESİ İNÖNÜ_1 CADDE No: 51 HONAZ DENİZLİ;02582419810;20;DENİZLİ;;;;37.811734765;29.327158163;08:30-12:30/13:30-17:00;KAPALI;KAPALI;1;2026-09-21 08:30:05
4832;PTT_SUBE;1330;KOCAYAKA ACENTELİĞİ;KOCAYAKA MAHALLESİ KOCAYAKA SOKAK No: 59 ÇİVRİL DENİZLİ;02587217016;20;DENİZLİ;;;;38.25408798;29.65473;09:00-12:30/13:30-16:30;KAPALI;KAPALI;1;2026-09-21 08:30:05
4831;PTT_SUBE;5733;KUMAFŞARI ACENTELİĞİ;KUMAFŞARI MAHALLESİ İLKOKUL_1 SOKAK No: 2 ACIPAYAM DENİZLİ;02585587277;20;DENİZLİ;;;;37.326586;29.520659;08:30-16:30/08:30-16:30;KAPALI;KAPALI;1;2026-09-21 08:30:05
4835;PTT_SUBE;5734;KİRAZLIYAYLA ACENTELİĞİ;KİRAZLIYAYLA MAHALLESİ KİRAZLIYAYLA SOKAK No: 3 ÇAMELİ DENİZLİ;02585792185;20;DENİZLİ;;;;36.981464035;29.204293933;08:30-16:30/08:30-16:30;KAPALI;KAPALI;1;2026-09-21 08:30:05
4830;PTT_SUBE;5681;MEHMET AKİF ERSOY  ŞUBESİ;MEHMET AKİF ERSOY MAHALLESİ 275 SOKAK No: 1 MERKEZEFENDİ DENİZLİ;02583773561;20;DENİZLİ;;;;37.78997598;29.06541612;08:30-12:30/13:30-17:00;KAPALI;KAPALI;1;2026-09-21 08:30:05
4829;PTT_SUBE;5704;NİKFER  ŞUBESİ;NİKFER MAHALLESİ CUMHURİYET (ÇARŞI) MEYDAN No: 1 D TAVAS DENİZLİ;02586192121;20;DENİZLİ;;;;37.40586;29.13718;08:30-12:30/13:30-17:00;KAPALI;KAPALI;1;2026-09-21 08:30:05
4828;PTT_SUBE;7403;ORGANİZE SANAYİ  ŞUBESİ;DENİZLİ OSB MAHALLESİ M.FERİDUN ALPAT CADDE No: 5 HONAZ DENİZLİ;02582691142;20;DENİZLİ;;;;37.80446;29.24642;08:30-12:30/13:30-17:00;KAPALI;KAPALI;1;2026-09-21 08:30:05
4826;PTT_SUBE;6819;PAMUKKALE POSTA DAĞITIM  MÜDÜRLÜĞÜ;YENİŞEHİR MAHALLESİ 28 SOKAK No: 2 /1 MERKEZEFENDİ DENİZLİ;02582412255;20;DENİZLİ;;;;37.758614;29.042406;08:30-12:30/13:30-17:30;08:30-12:30/13:30-17:30;KAPALI;1;2026-09-21 08:30:05
4825;PTT_SUBE;1320;SARAYKÖY MÜDÜRLÜĞÜ;BALA MAHALLESİ HÜKÜMET CADDE No: 10 SARAYKÖY DENİZLİ;02584151463;20;DENİZLİ;;;;37.923575;28.923209;08:30-12:30;KAPALI;KAPALI;1;2026-09-21 08:30:05
4824;PTT_SUBE;5626;SERİNHİSAR MÜDÜRLÜĞÜ;AŞAĞI MAHALLESİ ŞHT.MUZAFFER KORKUT CADDE No: 11 SERİNHİSAR DENİZLİ;02585913463;20;DENİZLİ;;;;37.578974;29.265737;08:30-17:00;KAPALI;KAPALI;1;2026-09-21 08:30:05
4823;PTT_SUBE;8298;SEVİNDİK  ŞUBESİ;KARŞIYAKA MAHALLESİ ŞEYH BEDRETTİN CADDE No: 5 C PAMUKKALE DENİZLİ;02582682448;20;DENİZLİ;;;;37.801778832;29.106874161;08:30-12:30/13:30-17:00;KAPALI;KAPALI;1;2026-09-21 08:30:05
4822;PTT_SUBE;5766;SÜLLER ACENTELİĞİ;SÜLLER MAHALLESİ CUMHURİYET_3 CADDE No: 1 ÇAL DENİZLİ;02580000000;20;DENİZLİ;;;;38.16222597;29.47424508;09:00-12:00/13:00-17:00;KAPALI;KAPALI;1;2026-09-21 08:30:05
4821;PTT_SUBE;5690;TAVAS MÜDÜRLÜĞÜ;SAMANLIK MAHALLESİ HÜKÜMET CADDE No: 1 A TAVAS DENİZLİ;02586131212;20;DENİZLİ;;;;37.57271;29.071078;08:30-17:00;KAPALI;KAPALI;1;2026-09-21 08:30:05
4820;PTT_SUBE;8301;TRAVERTEN ŞUBESİ;PAMUKKALE MAHALLESİ Y.SULTAN SELİM CADDE No: 4 PAMUKKALE DENİZLİ;02582722971;20;DENİZLİ;;;;37.914963;29.12002;08:30-12:30/13:30-17:00;KAPALI;KAPALI;1;2026-09-21 08:30:05
4819;PTT_SUBE;5693;ULUKENT ACENTELİĞİ;ULUKENT MAHALLESİ ÇARŞI MEYDANI MEYDAN No: 1 TAVAS DENİZLİ;02586411027;20;DENİZLİ;;;;37.45568;28.99116;08:30-12:30/13:30-16:30;KAPALI;KAPALI;1;2026-09-21 08:30:05
4818;PTT_SUBE;5627;YATAĞAN ŞUBESİ;YATAĞAN MAHALLESİ DR. BAHA AKŞİT CADDE No: 46 SERİNHİSAR DENİZLİ;02585936121;20;DENİZLİ;;;;37.566691;29.373338;08:30-12:30/13:30-17:00;KAPALI;KAPALI;1;2026-09-21 08:30:05
4817;PTT_SUBE;5672;YENİŞEHİR  ŞUBESİ;YENİŞEHİR MAHALLESİ ZİYA TIKIROĞLU CADDE No: 1 MERKEZEFENDİ DENİZLİ;02583730792;20;DENİZLİ;;;;37.767116;29.032855;08:30-12:30/13:30-17:00;KAPALI;KAPALI;1;2026-09-21 08:30:05
4816;PTT_SUBE;5725;YEŞİLYUVA ŞUBESİ;YEŞİLYUVA MAHALLESİ ŞEHİT ŞEMSİ YILMAZ (YUKARI)- CADDE No: 2 - ACIPAYAM DENİZLİ;02585141460;20;DENİZLİ;;;;37.576602;29.42780112;08:30-12:30/13:30-17:00;KAPALI;KAPALI;1;2026-09-21 08:30:05
4815;PTT_SUBE;8295;ZEYTİNKÖY  ŞUBESİ;ZEYTİNKÖY MAHALLESİ 5074 SOKAK No: 1 PAMUKKALE DENİZLİ;02582665034;20;DENİZLİ;;;;37.74014496;29.12367708;08:30-12:30/13:30-17:00;KAPALI;KAPALI;1;2026-09-21 08:30:05
4869;PTT_SUBE;5610;ÇAL MÜDÜRLÜĞÜ;İSMAİLLER MAHALLESİ SAĞLIK CADDE No: 14 ÇAL DENİZLİ;02587513212;20;DENİZLİ;;;;38.082441;29.396315;08:30-17:00;KAPALI;KAPALI;1;2026-09-21 08:30:05
4868;PTT_SUBE;5726;ÇAMELİ  ŞUBESİ;YENİ MAHALLESİ ATATÜRK BULVAR No: 5 ÇAMELİ DENİZLİ;02585715121;20;DENİZLİ;;;;37.075383121;29.346894952;08:30-12:30/13:30-17:00;KAPALI;KAPALI;1;2026-09-21 08:30:05
4867;PTT_SUBE;8064;ÇARDAK  ŞUBESİ;HÜRRİYET MAHALLESİ PTT SOKAK No: 3 /1 ÇARDAK DENİZLİ;02588512463;20;DENİZLİ;;;;37.823649599;29.673918964;08:30-12:30/13:30-17:00;KAPALI;KAPALI;1;2026-09-21 08:30:05
4866;PTT_SUBE;1291;ÇITAK ACENTELİĞİ;ÇITAK MAHALLESİ CUMHURİYET MEYDANI MEYDAN No: 3 A ÇİVRİL DENİZLİ;02587225001;20;DENİZLİ;;;;38.13585804;29.64810312;09:00-12:30/13:30-16:30;KAPALI;KAPALI;1;2026-09-21 08:30:05
4865;PTT_SUBE;1402;ÇİVRİL MÜDÜRLÜĞÜ;SARAY MAHALLESİ CUMHURİYET CADDE No: 87 ÇİVRİL DENİZLİ;02587131212;20;DENİZLİ;;;;38.2959;29.738291;08:30-17:00;KAPALI;KAPALI;1;2026-09-21 08:30:05
4827;PTT_SUBE;7007;ÖZDEMİRCİ ACENTELİĞİ;ÖZDEMİRCİ MAHALLESİ KIRALAN- CADDE No: 13 - ÇİVRİL DENİZLİ;05344182981;20;DENİZLİ;;;;38.05217703;29.735991;09:00-12:30/13:30-16:30;KAPALI;KAPALI;1;2026-09-21 08:30:05
4847;PTT_SUBE;5494;İNCELER ACENTELİĞİ;İNCELER MAHALLESİ 4001 SOKAK No: 2 D BOZKURT DENİZLİ;02588417314;20;DENİZLİ;;;;37.71092011;29.577710135;09:00-12:00/13:00-17:00;KAPALI;KAPALI;1;2026-09-21 08:30:05
4846;PTT_SUBE;8293;İNCİLİPINAR  ŞUBESİ;İNCİLİPINAR MAHALLESİ 1197 SOKAK No: 1 PAMUKKALE DENİZLİ;02582118583;20;DENİZLİ;;;;37.76103099;29.099907;08:30-12:30/13:30-17:00;KAPALI;KAPALI;1;2026-09-21 08:30:05
4845;PTT_SUBE;5678;İSABEY ACENTELİĞİ;İSABEY MAHALLESİ NAMIK KEMAL CADDE No: 1 ÇAL DENİZLİ;02580000000;20;DENİZLİ;;;;38.00975;29.43401;09:00-12:00/13:00-17:00;KAPALI;KAPALI;1;2026-09-21 08:30:05
4941;PTT_SUBE;4890;ADLİYE  ŞUBESİ;FEVZİÇAKMAK MAHALLESİ BOLU CADDE No: 242 MERKEZ DÜZCE;03805232484;81;DÜZCE;;;;40.826420622;31.189445148;08:30-12:30/13:30-17:00;KAPALI;KAPALI;1;2026-09-21 08:30:06
4940;PTT_SUBE;4873;AKÇAKOCA MÜDÜRLÜĞÜ;YENİ MAHALLESİ BAHADIR YALÇIN CADDE No: 111 AKÇAKOCA DÜZCE;03806114515;81;DÜZCE;;;;41.080899;31.126107;08:30-17:00;KAPALI;KAPALI;1;2026-09-21 08:30:06
4939;PTT_SUBE;2388;AYDINPINAR ACENTELİĞİ;AYDINPINAR KÖYÜ/MERKEZ MEVKİİ MERKEZ KÜME EVLER No: 122 MERKEZ DÜZCE;03805313195;81;DÜZCE;;;;40.757767;31.109754;09:00-12:30/13:30-17:00;KAPALI;KAPALI;1;2026-09-21 08:30:06
4938;PTT_SUBE;4893;BEYKÖY ŞUBESİ;BEYKÖY BELDESİ/KÜLTÜR MAHALLESİ 2. CADDE No: 2 MERKEZ DÜZCE;03805525250;81;DÜZCE;;;;40.777342;31.173451;08:30-12:30/13:30-17:00;KAPALI;KAPALI;1;2026-09-21 08:30:06
4937;PTT_SUBE;2471;BOĞAZİÇİ ACENTELİĞİ;BOĞAZİÇİ BELDESİ/YAZLIK MAHALLESİ 101 CADDE No: 171 MERKEZ DÜZCE;03805434004;81;DÜZCE;;;;40.946026;31.166615;09:00-12:30/13:30-17:00;KAPALI;KAPALI;1;2026-09-21 08:30:06
4936;PTT_SUBE;4874;CUMAYERİ MÜDÜRLÜĞÜ;ÇEVRİK MAHALLESİ ŞEHİR MEYDAN No: 2 CUMAYERİ DÜZCE;03807353205;81;DÜZCE;;;;40.873532197;30.951265719;08:30-12:30/13:30-17:00;KAPALI;KAPALI;1;2026-09-21 08:30:06
4934;PTT_SUBE;8156;DÜZCE DAĞITIM VE TOPLAMA MÜDÜRLÜĞÜ;SANCAKLAR MAHALLESİ AKÇAKOCA KARAYOLU CADDE No: 119 MERKEZ DÜZCE;03805236099;81;DÜZCE;;;;40.860085;31.166332;08:30-12:30;08:30-13:00;KAPALI;1;2026-09-21 08:30:06
4933;PTT_SUBE;4877;DÜZCE MÜDÜRLÜĞÜ;ŞEREFİYE MAHALLESİ İSTANBUL CADDE No: 88 MERKEZ DÜZCE;03805141415;81;DÜZCE;;;;40.839304415;31.159514915;08:30-17:30;KAPALI;KAPALI;1;2026-09-21 08:30:06
4932;PTT_SUBE;6567;GÖLORMANI ACENTELİĞİ;GÖLORMANI KÖYÜ/DEPO MEVKİİ DEPO KÜME EVLER No: 5 MERKEZ DÜZCE;05462524104;81;DÜZCE;;;;40.748027;31.057273;09:00-12:30/13:30-17:00;KAPALI;KAPALI;1;2026-09-21 08:30:06
4931;PTT_SUBE;4878;GÖLYAKA MÜDÜRLÜĞÜ;KÜLTÜR MAHALLESİ CUMHURİYET CADDE No: 65 A GÖLYAKA DÜZCE;03807114313;81;DÜZCE;;;;40.779133;30.995256;08:30-12:30;KAPALI;KAPALI;1;2026-09-21 08:30:06
4930;PTT_SUBE;4879;GÜMÜŞOVA MÜDÜRLÜĞÜ;YENİ MAHALLESİ CUMHURİYET CADDE No: 11 /1 GÜMÜŞOVA DÜZCE;03807312415;81;DÜZCE;;;;40.847415;30.936545;08:30-12:30/13:30-17:00;KAPALI;KAPALI;1;2026-09-21 08:30:06
4929;PTT_SUBE;2376;HACIYAKUP ACENTELİĞİ;HACIYAKUP KÖYÜ HACIYAKUP KÜME EVLER No: 16 GÖLYAKA DÜZCE;05332143471;81;DÜZCE;;;;40.760066;31.011657;08:30-12:30/13:30-16:30;KAPALI;KAPALI;1;2026-09-21 08:30:06
4928;PTT_SUBE;4880;KAYNAŞLI MÜDÜRLÜĞÜ;MERKEZ MAHALLESİ SAĞLIK SOKAK No: 3 B KAYNAŞLI DÜZCE;03805442426;81;DÜZCE;;;;40.773387;31.315631;08:30-17:00;KAPALI;KAPALI;1;2026-09-21 08:30:06
4927;PTT_SUBE;6190;KERVAN  ŞUBESİ;CEDİDİYE MAHALLESİ HACI HAYDAR GÖRDEBİL BULVAR No: 4 A MERKEZ DÜZCE;03805123905;81;DÜZCE;;;;40.834392884;31.169741651;08:30-12:30/13:30-17:00;KAPALI;KAPALI;1;2026-09-21 08:30:06
4926;PTT_SUBE;6191;KÜLTÜR  ŞUBESİ;UZUNMUSTAFA MAHALLESİ UZUNMUSTAFA CADDE No: 38 A MERKEZ DÜZCE;03805123905;81;DÜZCE;;;;40.844811;31.14891;08:30-12:30/13:30-17:00;KAPALI;KAPALI;1;2026-09-21 08:30:06
4925;PTT_SUBE;8587;SANCAKLAR;SANCAKLAR MAHALLESİ AKÇAKOCA KARAYOLU CADDE No:119 MERKEZ DÜZCE;03805262193;81;DÜZCE;;;;40.859796;31.166603;08:30-12:30 / 13:30-16:30;KAPALI;KAPALI;1;2026-09-21 08:30:06
4923;PTT_SUBE;4903;YENİKENT  ŞUBESİ;GÜZELBAHÇE MAHALLESİ 4.GÜZELBAHÇE CADDE No: 7 MERKEZ DÜZCE;03804113785;81;DÜZCE;;;;40.860077783;31.229157952;08:30-12:30/13:30-17:00;KAPALI;KAPALI;1;2026-09-21 08:30:06
4922;PTT_SUBE;6566;YENİTAŞKÖPRÜ ACENTELİĞİ;YENİ TAŞKÖPRÜ KÖYÜ/MERKEZ MEVKİİ 18062 SOKAK No: 10 /1 MERKEZ DÜZCE;03805353075;81;DÜZCE;;;;40.832849;31.098598;09:00-12:30/13:30-17:00;KAPALI;KAPALI;1;2026-09-21 08:30:06
4921;PTT_SUBE;4881;YIĞILCA MÜDÜRLÜĞÜ;ATATÜRK MAHALLESİ MİLLİ EGEMENLİK CADDE No: 18 A YIĞILCA DÜZCE;03806514452;81;DÜZCE;;;;40.959653921;31.445239832;08:30-12:30/13:30-17:00;KAPALI;KAPALI;1;2026-09-21 08:30:06
4935;PTT_SUBE;4875;ÇİLİMLİ MÜDÜRLÜĞÜ;ULUCAMİ MAHALLESİ KONURALP SOKAK No: 6 A ÇİLİMLİ DÜZCE;03806815415;81;DÜZCE;;;;40.892499;31.04847;08:30-12:30/13:30-17:00;KAPALI;KAPALI;1;2026-09-21 08:30:06
4924;PTT_SUBE;2587;ÜÇYOL ACENTELİĞİ;ÜÇYOL KÖYÜ/MERKEZ MEVKİİ MERKEZ KÜME EVLER No: 5 MERKEZ DÜZCE;03805364679;81;DÜZCE;;;;40.765738;31.110982;09:00-12:30/13:30-17:00;KAPALI;KAPALI;1;2026-09-21 08:30:06
4920;PTT_SUBE;8082;ADLİYE SARAYI  ŞUBESİ;YENİŞEHİR MAHALLESİ ELAZIĞ BULVAR No: 14 YENİŞEHİR DİYARBAKIR;04122121212;21;DİYARBAKIR;;;;37.92022;40.231023;08:30-12:30/13:30-17:00;KAPALI;KAPALI;1;2026-09-21 08:30:05
4919;PTT_SUBE;2454;ASKERİ HAVAALANI  ŞUBESİ;KÖRHAT MAHALLESİ KARACADAĞ BULVAR No: 1 BAĞLAR DİYARBAKIR;04122348357;21;DİYARBAKIR;;;;37.910255268;40.209386642;08:30-12:30/13:30-17:30;KAPALI;KAPALI;1;2026-09-21 08:30:05
4915;PTT_SUBE;8145;BALIKÇILARBAŞI  ŞUBESİ;SAVAŞ MAHALLESİ YENİ KAPI SOKAK No: 4 SUR DİYARBAKIR;04122121212;21;DİYARBAKIR;;;;37.910722;40.237192;08:30-12:30/13:30-17:00;KAPALI;KAPALI;1;2026-09-21 08:30:05
4918;PTT_SUBE;1814;BAĞIVAR ŞUBESİ;BAĞIVAR MAHALLESİ SEYFÜLMÜLÜK CADDE No: 87 SUR DİYARBAKIR;04123192463;21;DİYARBAKIR;;;;37.86924204;40.24564092;08:30-12:30/13:30-17:00;KAPALI;KAPALI;1;2026-09-21 08:30:05
4917;PTT_SUBE;6285;BAĞLAR MÜDÜRLÜĞÜ;5 NİSAN MAHALLESİ NÜKHET COŞKUN CADDE No: 95 BAĞLAR DİYARBAKIR;04122342181;21;DİYARBAKIR;;;;37.91851097;40.208384101;08:30-12:30/13:30-17:30;KAPALI;KAPALI;1;2026-09-21 08:30:05
4916;PTT_SUBE;8001;BAĞLAR POSTA KARGO DAĞITIM  MÜDÜRLÜĞÜ;ŞEYH ŞAMİL MAHALLESİ 506. SOKAK No: 3 BA BAĞLAR DİYARBAKIR;04122287422;21;DİYARBAKIR;;;;37.927478;40.189113;08:30-12:30/13:30-17:30;08:30-12:30/13:30-17:30;KAPALI;1;2026-09-21 08:30:05
4914;PTT_SUBE;6284;BİSMİL MÜDÜRLÜĞÜ;ALTIOK MAHALLESİ ÖZGÜRLÜK BULVAR No: 78 BİSMİL DİYARBAKIR;04124153047;21;DİYARBAKIR;;;;37.849948;40.663782;08:30-12:30/13:30-17:30;KAPALI;KAPALI;1;2026-09-21 08:30:05
4910;PTT_SUBE;2398;DİCLE MÜDÜRLÜĞÜ;15 TEMMUZ MAHALLESİ HÜKÜMET 10. CADDE No: 21 DİCLE DİYARBAKIR;04125612014;21;DİYARBAKIR;;;;38.37165;40.071657;08:00-17:00;KAPALI;KAPALI;1;2026-09-21 08:30:05
4909;PTT_SUBE;2249;DİCLEKENT  ŞUBESİ;PEYAS MAHALLESİ DİCLEKENT BULVAR No: 29 D KAYAPINAR DİYARBAKIR;04122370280;21;DİYARBAKIR;;;;37.940058;40.188318;08:30-12:30/13:30-17:30;KAPALI;KAPALI;1;2026-09-21 08:30:05
4908;PTT_SUBE;8285;DİYARBAKIR CEZAEVİ  ŞUBESİ;TALAYTEPE MAHALLESİ 4020/1. SOKAK No: 1 A KAYAPINAR DİYARBAKIR;00111111111;21;DİYARBAKIR;;;;37.962644;40.11394;08:30-12:30/13:30-17:00;KAPALI;KAPALI;1;2026-09-21 08:30:05
4907;PTT_SUBE;536;DİYARBAKIR POSTA KARGO İŞLEME MÜDÜRLÜĞÜ;TOPRAKTAŞ MAHALLESİ URFA BULVAR No: 341 A BAĞLAR DİYARBAKIR;0;21;DİYARBAKIR;;;;37.88808903;39.99342816;00:01-23:59/-;00:01-23:59/-;00:01-23:59/-;1;2026-09-21 08:30:05
4905;PTT_SUBE;2413;ERGANİ MÜDÜRLÜĞÜ;SANAYİ MAHALLESİ DİYARBAKIR ELAZIĞ CADDE No: 40 CA ERGANİ DİYARBAKIR;04126115041;21;DİYARBAKIR;;;;38.248707;39.778584;08:30-12:30;KAPALI;KAPALI;1;2026-09-21 08:30:05
4906;PTT_SUBE;8143;EĞİL  ŞUBESİ;YENİŞEHİR MAHALLESİ SUNAY CADDE No: 46 A EĞİL DİYARBAKIR;04122121212;21;DİYARBAKIR;;;;38.257466;40.082416;08:30-12:30/13:30-17:30;KAPALI;KAPALI;1;2026-09-21 08:30:05
4904;PTT_SUBE;8571;GAZİLER ŞUBESİ;PEYAS MAHALLESİ FIRAT BULVAR No: 60 BC KAYAPINAR DİYARBAKIR;0;21;DİYARBAKIR;;;;37.93403724;40.17345733;08:30-12:30/13:30-17:00;KAPALI;KAPALI;1;2026-09-21 08:30:05
4903;PTT_SUBE;8572;GÖKKUŞAĞI ŞUBESİ;BAĞCILAR MAHALLESİ EVRİM ALATAŞ CADDE No: 6 EB BAĞLAR DİYARBAKIR;0;21;DİYARBAKIR;;;;37.915697669;40.139636332;08:30-12:30/13:30-17:00;KAPALI;KAPALI;1;2026-09-21 08:30:05
4902;PTT_SUBE;2061;HANİ MÜDÜRLÜĞÜ;MERKEZ MAHALLESİ SALİHBEG CADDE No: 8 HANİ DİYARBAKIR;04126512389;21;DİYARBAKIR;;;;38.410637;40.396354;08:30-12:30;KAPALI;KAPALI;1;2026-09-21 08:30:05
4901;PTT_SUBE;7961;HAZRO  ŞUBESİ;CAMİ MAHALLESİ ŞEHİTLİK CADDE No: 21 A HAZRO DİYARBAKIR;04126712001;21;DİYARBAKIR;;;;38.251995;40.781024;08:30-12:30/13:30-17:30;KAPALI;KAPALI;1;2026-09-21 08:30:05
4900;PTT_SUBE;7983;HUZUREVLERİ  ŞUBESİ;HUZUREVLERİ MAHALLESİ URFA BULVAR No: 22 B KAYAPINAR DİYARBAKIR;04121111111;21;DİYARBAKIR;;;;37.935184;40.200528;08:30-12:30/13:30-17:30;KAPALI;KAPALI;1;2026-09-21 08:30:05
4899;PTT_SUBE;2533;KALE  ŞUBESİ;CAMİİ MAHALLESİ DİYARBAKIR CADDE No: 23 C SİLVAN DİYARBAKIR;04127112869;21;DİYARBAKIR;;;;38.144509;41.009347;08:30-12:30/13:30-17:30;KAPALI;KAPALI;1;2026-09-21 08:30:05
4898;PTT_SUBE;2239;KARACADAĞ  MÜDÜRLÜĞÜ;MEDYA MAHALLESİ MAHABAD BULVAR No: 12 BB KAYAPINAR DİYARBAKIR;04122488500;21;DİYARBAKIR;;;;37.956234899;40.170415816;08:30-12:30/13:30-17:30;KAPALI;KAPALI;1;2026-09-21 08:30:05
4897;PTT_SUBE;1819;KARAÇALI ŞUBESİ;KARAÇALI MAHALLESİ KARAÇALI KÜME EVLER No: 95 SUR DİYARBAKIR;04123261161;21;DİYARBAKIR;;;;37.95345;40.31861;08:30-12:30/13:30-17:00;KAPALI;KAPALI;1;2026-09-21 08:30:05
4896;PTT_SUBE;7872;KAYAPINAR POSTA KARGO DAĞITIM  MÜDÜRLÜĞÜ;MEZOPOTAMYA MAHALLESİ 601. SOKAK No: 1 KAYAPINAR DİYARBAKIR;04126712210;21;DİYARBAKIR;;;;37.939393;40.139805;08:30-12:30/13:30-17:30;08:30-12:30/13:30-17:30;KAPALI;1;2026-09-21 08:30:05
4895;PTT_SUBE;2055;KOCAKÖY  ŞUBESİ;KAYA MAHALLESİ ŞEHİT UZMAN ÇAVUŞ HATİP ÇAĞLAR CADDE No: 9 A KOCAKÖY DİYARBAKIR;04128112500;21;DİYARBAKIR;;;;38.292135;40.50464;08:30-12:30/13:30-17:30;KAPALI;KAPALI;1;2026-09-21 08:30:05
4894;PTT_SUBE;2414;KULP MÜDÜRLÜĞÜ;MERKEZ YENİ MAHALLESİ 246 SOKAK No: 5 A KULP DİYARBAKIR;04128312016;21;DİYARBAKIR;;;;38.499642;41.014115;08:30-12:30/13:30-17:30;KAPALI;KAPALI;1;2026-09-21 08:30:05
4893;PTT_SUBE;8076;LİCE ŞUBESİ;KELVAN MAHALLESİ MÜMİN AĞA CADDE No: 98 LİCE DİYARBAKIR;04122121212;21;DİYARBAKIR;;;;38.461443;40.647814;08:30-12:30/13:30-17:00;KAPALI;KAPALI;1;2026-09-21 08:30:05
4892;PTT_SUBE;2534;POLİS OKULU  ŞUBESİ;ŞEYH ŞAMİL MAHALLESİ MEDİNE BULVAR No: 49 BAĞLAR DİYARBAKIR;04122349382;21;DİYARBAKIR;;;;37.925235;40.201949;08:30-12:30/13:30-17:00;KAPALI;KAPALI;1;2026-09-21 08:30:05
4890;PTT_SUBE;2400;SURİÇİ MÜDÜRLÜĞÜ;İSKENDERPAŞA MAHALLESİ İNÖNÜ CADDE No: 65 SUR DİYARBAKIR;04122230625;21;DİYARBAKIR;;;;37.913852;40.23008;08:30-12:30/13:30-17:30;KAPALI;KAPALI;1;2026-09-21 08:30:05
4891;PTT_SUBE;2408;SİLVAN MÜDÜRLÜĞÜ;CAMİİ MAHALLESİ GAZİ CADDE No: 41 SİLVAN DİYARBAKIR;04127112100;21;DİYARBAKIR;;;;38.142087;41.006942;08:30-12:30/13:30-17:30;KAPALI;KAPALI;1;2026-09-21 08:30:05
4889;PTT_SUBE;1569;TEPE ACENTELİĞİ;TEPE MAHALLESİ MERKEZ CADDE No: 11 BİSMİL DİYARBAKIR;04124262296;21;DİYARBAKIR;;;;37.79294103;40.77768996;08:30-12:30/13:30-17:30;KAPALI;KAPALI;1;2026-09-21 08:30:05
4888;PTT_SUBE;2541;TOPTANCILAR  ŞUBESİ;BAĞCILAR MAHALLESİ YENİHAL CADDE No: 2 NE BAĞLAR DİYARBAKIR;04122510570;21;DİYARBAKIR;;;;37.927038132;40.184862056;08:30-12:30/13:30-17:30;KAPALI;KAPALI;1;2026-09-21 08:30:05
4886;PTT_SUBE;8144;YENİŞEHİR  ŞUBESİ;KOOPERATİFLER MAHALLESİ RIZVAN AĞA CADDE No: 43 /1A YENİŞEHİR DİYARBAKIR;04122121212;21;DİYARBAKIR;;;;37.920571523;40.22380216;08:30-12:30/13:30-17:30;KAPALI;KAPALI;1;2026-09-21 08:30:05
4885;PTT_SUBE;8203;YENİŞEHİR POSTA KARGO DAĞITIM MÜDÜRLÜĞÜ;MEZOPOTAMYA MAHALLESİ 601. SOKAK No: 1 KAYAPINAR DİYARBAKIR;04122121212;21;DİYARBAKIR;;;;37.939393;40.139805;08:30-12:30;KAPALI;KAPALI;1;2026-09-21 08:30:05
4913;PTT_SUBE;2068;ÇERMİK MÜDÜRLÜĞÜ;ÇUKUR MAHALLESİ KATİP MEHMET CADDE No: 16 ÇERMİK DİYARBAKIR;04124612325;21;DİYARBAKIR;;;;38.135675;39.451124;08:30-12:30;KAPALI;KAPALI;1;2026-09-21 08:30:05
4912;PTT_SUBE;2086;ÇINAR MÜDÜRLÜĞÜ;GAZİ MAHALLESİ HÜKÜMET CADDE No: 4 ÇINAR DİYARBAKIR;04125112001;21;DİYARBAKIR;;;;37.725725;40.414508;08:30-12:30/13:30-17:30;KAPALI;KAPALI;1;2026-09-21 08:30:05
4911;PTT_SUBE;2087;ÇÜNGÜŞ  ŞUBESİ;CAMİİSUK MAHALLESİ CUMHURİYET MEYDAN No: 19 ÇÜNGÜŞ DİYARBAKIR;04125412050;21;DİYARBAKIR;;;;38.211536;39.288314;08:30-12:30/13:30-17:30;KAPALI;KAPALI;1;2026-09-21 08:30:05
4887;PTT_SUBE;1570;ÜÇTEPE ACENTELİĞİ;ÜÇTEPE MAHALLESİ ÜÇTEPE KÜME EVLER No: 190 /1 BİSMİL DİYARBAKIR;05303630286;21;DİYARBAKIR;;;;37.8255;40.5459;08:30-12:30/13:30-17:30;KAPALI;KAPALI;1;2026-09-21 08:30:05
4964;PTT_SUBE;7984;ADALET SARAYI  ŞUBESİ;İSTASYON MAHALLESİ EBE NAZİRE KANAL SOKAK No: 8 MERKEZ EDİRNE;02842251171;22;EDİRNE;;;;41.662522008;26.572261219;08:30-12:30/13:30-17:00;KAPALI;KAPALI;1;2026-09-21 08:30:06
4963;PTT_SUBE;6553;AYŞEKADIN  ŞUBESİ;ABDURRAHMAN MAHALLESİ TARLA KAPI CADDE No: 16 MERKEZ EDİRNE;02842146559;22;EDİRNE;;;;41.667211;26.565155;08:30-12:30/13:30-17:00;KAPALI;KAPALI;1;2026-09-21 08:30:06
4962;PTT_SUBE;3909;CUMHURİYET  ŞUBE ŞEFLİĞİ;YUKARI ZAFERİYE MAHALLESİ RASİM ERGENE CADDE No: 54 KEŞAN EDİRNE;02847151252;22;EDİRNE;;;;40.852462;26.638752;08:30-12:30/13:30-17:00;KAPALI;KAPALI;1;2026-09-21 08:30:06
4960;PTT_SUBE;6558;EDİRNE MÜDÜRLÜĞÜ;SABUNİ MAHALLESİ SARAÇLAR CADDE No: 17 MERKEZ EDİRNE;02842129261;22;EDİRNE;;;;41.675624;26.553153;08:30-12:30/13:30-17:00;KAPALI;KAPALI;1;2026-09-21 08:30:06
4959;PTT_SUBE;238;ENEZ MÜDÜRLÜĞÜ;GAZİÖMERBEY MAHALLESİ MİLLİ EGEMENLİK CADDE No: 52 ENEZ EDİRNE;02848116493;22;EDİRNE;;;;40.723757;26.090308;08:30-12:30;KAPALI;KAPALI;1;2026-09-21 08:30:06
4958;PTT_SUBE;7982;ESENTEPE  ŞUBESİ;FATİH MAHALLESİ ÜMRAN AKKAN CADDE No: 20 E MERKEZ EDİRNE;02842357350;22;EDİRNE;;;;41.660718557;26.596599583;08:30-12:30/13:30-17:00;KAPALI;KAPALI;1;2026-09-21 08:30:06
4957;PTT_SUBE;5260;HARMANLI ACENTELİĞİ;HARMANLI KÖYÜ HARMANLI KÜME EVLER No: 220 UZUNKÖPRÜ EDİRNE;02845131871;22;EDİRNE;;;;41.107674;26.74766;08:30-12:30/13:30-16:00;KAPALI;KAPALI;1;2026-09-21 08:30:06
4956;PTT_SUBE;1342;HAVSA MÜDÜRLÜĞÜ;VAROŞ MAHALLESİ FATİH CADDE No: 127 A HAVSA EDİRNE;02843361400;22;EDİRNE;;;;41.548529;26.823585;08:30-17:00/-;KAPALI;KAPALI;1;2026-09-21 08:30:06
4953;PTT_SUBE;7936;KAPIKULE ŞUBESİ;KEMALKÖY KÖYÜ KAPIKULEYOLU SOKAK No: 6 MERKEZ EDİRNE;02842126201;22;EDİRNE;;;;41.634280504;26.61437266;08:30-12:30/13:30-17:00;KAPALI;KAPALI;1;2026-09-21 08:30:06
4952;PTT_SUBE;3932;KEŞAN MÜDÜRLÜĞÜ;BÜYÜK CAMİ MAHALLESİ NAMAZGAH SOKAK No: 7 KEŞAN EDİRNE;02847141969;22;EDİRNE;;;;40.853455;26.631907;08:30-17:00;KAPALI;KAPALI;1;2026-09-21 08:30:06
4951;PTT_SUBE;8250;KIRCASALİH ACENTELİĞİ;KIRCASALİH BELDESİ/OKULLAR MAHALLESİ BAHRİ ÖZCAN CADDE No: 8 UZUNKÖPRÜ EDİRNE;02845131871;22;EDİRNE;;;;41.393998;26.800776;08:30-12:30/13:30-17:00;KAPALI;KAPALI;1;2026-09-21 08:30:06
4950;PTT_SUBE;1662;LALAPAŞA MÜDÜRLÜĞÜ;MERKEZ MAHALLESİ HÜKÜMET SOKAK No: 2 LALAPAŞA EDİRNE;02843214230;22;EDİRNE;;;;41.838631438;26.734455438;08:30-12:30/13:30-17:00;KAPALI;KAPALI;1;2026-09-21 08:30:06
4949;PTT_SUBE;1103;MERİÇ MÜDÜRLÜĞÜ;B.DOĞANCA MAHALLESİ P.T.T SOKAK No: 13 MERİÇ EDİRNE;02844151493;22;EDİRNE;;;;41.190326;26.419861;08:30-17:00;KAPALI;KAPALI;1;2026-09-21 08:30:06
4948;PTT_SUBE;5572;SANAYİ  ŞUBESİ;BÜYÜK CAMİ MAHALLESİ BERGÜZAR SOKAK No: 2 KEŞAN EDİRNE;02847154370;22;EDİRNE;;;;40.85962;26.61675;08:30-12:30/13:30-17:00;KAPALI;KAPALI;1;2026-09-21 08:30:06
4947;PTT_SUBE;7935;SELİMİYE DAĞITIM VE TOPLAMA  MÜDÜRLÜĞÜ;ATATÜRK MAHALLESİ 20015 SOKAK No: 2 A MERKEZ EDİRNE;02842363380;22;EDİRNE;;;;41.67574;26.5804;08:30-17:00;KAPALI;KAPALI;1;2026-09-21 08:30:06
4946;PTT_SUBE;8253;SUBAŞI ACENTELİĞİ ;SUBAŞI BELDESİ/İZZET PAŞA MAHALLESİ CUMHURİYET MEYDAN No: 6 MERİÇ EDİRNE;02844151493;22;EDİRNE;;;;41.142915;26.375509;08:30-12:30/13:30-17:00;KAPALI;KAPALI;1;2026-09-21 08:30:06
4945;PTT_SUBE;5458;SÜLOĞLU MÜDÜRLÜĞÜ;MERKEZ MAHALLESİ KEMAL BALIKESİR CADDE No: 41 SÜLOĞLU EDİRNE;02843113493;22;EDİRNE;;;;41.766793515;26.90827002;08:30-17:00;KAPALI;KAPALI;1;2026-09-21 08:30:06
4944;PTT_SUBE;1366;UZUNKÖPRÜ MÜDÜRLÜĞÜ;HALİSE HATUN MAHALLESİ 19 MAYIS CADDE No: 4 UZUNKÖPRÜ EDİRNE;02845131871;22;EDİRNE;;;;41.26668201;26.68783896;08:30-12:30;KAPALI;KAPALI;1;2026-09-21 08:30:06
4943;PTT_SUBE;5265;YENİKÖY ACENTELİĞİ;YENİKÖY MAHALLESİ CEMAL ÇELEN SOKAK No: 2 UZUNKÖPRÜ EDİRNE;02845131871;22;EDİRNE;;;;41.346125031;26.76768928;08:30-12:30/13:30-16:00;KAPALI;KAPALI;1;2026-09-21 08:30:06
4942;PTT_SUBE;5574;YENİMUHACİR ACENTELİĞİ;YENİMUHACİR BELDESİ/İNÖNÜ MAHALLESİ ALİ KALE CADDE No: 13 KEŞAN EDİRNE;05511545574;22;EDİRNE;;;;40.857508;26.69524;08:30-12:30/13:30-17:00;KAPALI;KAPALI;1;2026-09-21 08:30:06
4961;PTT_SUBE;6514;ÇÖPKÖY ACENTELİĞİ;ÇÖPKÖY MAHALLESİ İSTİKLAL CADDE No: 72 UZUNKÖPRÜ EDİRNE;02845131871;22;EDİRNE;;;;41.219253;26.822895;09:00-12:00/13:00-17:00;KAPALI;KAPALI;1;2026-09-21 08:30:06
4955;PTT_SUBE;6481;İLK TELGRAF  ŞUBESİ;İSTASYON MAHALLESİ İSTASYON 1 CADDE No: 1 A MERKEZ EDİRNE;02842129261;22;EDİRNE;;;;41.65765803;26.58354804;08:30-12:30/13:30-17:00;KAPALI;KAPALI;1;2026-09-21 08:30:06
4954;PTT_SUBE;1363;İPSALA MÜDÜRLÜĞÜ;SARAÇ İLYAS MAHALLESİ ÖZDEMİR SOKAK No: 12 A İPSALA EDİRNE;02846161495;22;EDİRNE;;;;40.922922;26.385081;08:30-17:00/-;KAPALI;KAPALI;1;2026-09-21 08:30:06
4999;PTT_SUBE;3904;ADLİYE  ŞUBESİ;ÇAYDAÇIRA MAHALLESİ EMSAL SOKAK No: 8 MERKEZ ELAZIĞ;04242482842;23;ELAZIĞ;;;;38.674466;39.178223;08:00-12:00/13:00-17:00;KAPALI;KAPALI;1;2026-09-21 08:30:06
4996;PTT_SUBE;4583;AKPINAR  ŞUBESİ;AKPINAR MAHALLESİ GNR.ABDULLAH ALPDOĞAN CADDE No: 65 MERKEZ ELAZIĞ;04242187988;23;ELAZIĞ;;;;38.669134;39.219251;08:30-12:30/13:30-17:00;KAPALI;KAPALI;1;2026-09-21 08:30:06
4995;PTT_SUBE;7070;AKSARAY  ŞUBESİ;AKSARAY MAHALLESİ ŞHT. ALBAY RUŞEN SAĞMANLI CADDE No: 53 MERKEZ ELAZIĞ;04242371678;23;ELAZIĞ;;;;38.660475;39.228696;08:30-12:30/13:30-17:00;KAPALI;KAPALI;1;2026-09-21 08:30:06
4997;PTT_SUBE;4762;AKÇAKİRAZ ACENTELİĞİ;AKÇAKİRAZ BELDESİ/YEŞİLYURT MAHALLESİ BELEDIYE CADDE No: 2 MERKEZ ELAZIĞ;04240000000;23;ELAZIĞ;;;;38.61667098;39.26478888;09:00-12:30/13:30-17:00;KAPALI;KAPALI;1;2026-09-21 08:30:06
4994;PTT_SUBE;7882;ALACAKAYA  ŞUBESİ;ALTINÇANAK MAHALLESİ ETİ KROM CADDE No: 14 ALACAKAYA ELAZIĞ;04244816202;23;ELAZIĞ;;;;38.462354;39.862657;08:30-12:30/13:30-17:00;KAPALI;KAPALI;1;2026-09-21 08:30:06
4993;PTT_SUBE;6461;ALTINÇEVRE ACENTELİĞİ;AKÇAKİRAZ BELDESİ/HÜRRİYET MAHALLESİ 807 SOKAK No: 109 MERKEZ ELAZIĞ;04240000000;23;ELAZIĞ;;;;38.603455;39.230832;08:30-12:00/13:00-17:00;KAPALI;KAPALI;1;2026-09-21 08:30:06
4992;PTT_SUBE;3230;ARICAK  ŞUBESİ;HALİL YAVUZ MAHALLESİ MENDÜŞ KÜME EVLER No: 35 ARICAK ELAZIĞ;04247712139;23;ELAZIĞ;;;;38.5572;40.140423;08:30-12:30/13:30-17:00;KAPALI;KAPALI;1;2026-09-21 08:30:06
4991;PTT_SUBE;3204;ATAŞEHİR MÜDÜRLÜĞÜ;CUMHURİYET MAHALLESİ MALATYA CADDE No: 24 A MERKEZ ELAZIĞ;04242470126;23;ELAZIĞ;;;;38.669046095;39.183565306;08:30-12:30;KAPALI;KAPALI;1;2026-09-21 08:30:06
4998;PTT_SUBE;3675;AĞIN  ŞUBESİ;MERKEZ MAHALLESİ APUŞMA KÜME EVLER No: 17 AĞIN ELAZIĞ;04245512029;23;ELAZIĞ;;;;38.933173;38.690038;08:30-12:30/13:30-17:00;KAPALI;KAPALI;1;2026-09-21 08:30:06
4990;PTT_SUBE;7945;BAHÇEKAPI ACENTELİĞİ;AKÇAKİRAZ BELDESİ/BAHÇEKAPI MAHALLESİ BAHÇEKAPI KÜME EVLER No: 241 MERKEZ ELAZIĞ;04240000000;23;ELAZIĞ;;;;38.56561101;39.26838384;09:00-12:30/13:30-17:00;KAPALI;KAPALI;1;2026-09-21 08:30:06
4989;PTT_SUBE;3373;BASKİL MÜDÜRLÜĞÜ;CUMHURİYET MAHALLESİ OSMAN BENZEŞ CADDE No: 10 BASKİL ELAZIĞ;04245112169;23;ELAZIĞ;;;;38.566065;38.823829;08:30-12:30/13:30-17:30;KAPALI;KAPALI;1;2026-09-21 08:30:06
4988;PTT_SUBE;4677;BEYHAN ACENTELİĞİ;BEYHAN BELDESİ/İSTASYON MAHALLESİ BAHÇECİLER CADDE No: 8 PALU ELAZIĞ;00000000000;23;ELAZIĞ;;;;38.729404;40.115403;08:30-12:30/13:30-17:00;KAPALI;KAPALI;1;2026-09-21 08:30:06
4987;PTT_SUBE;8433;BÜKARDI ACENTELİĞİ;BÜKARDI BELDESİ/BÖLÜKBAŞI MAHALLESİ 108 SOKAK No: 3 ARICAK ELAZIĞ;000000000;23;ELAZIĞ;;;;38.466437901;40.169603845;08:30-12:30/13:30-17:00;KAPALI;KAPALI;1;2026-09-21 08:30:06
4986;PTT_SUBE;3257;CEZAEVİ  ŞUBESİ;ATAŞEHİR MAHALLESİ ÇAYIRLI SOKAK No: 190 MERKEZ ELAZIĞ;04242475836;23;ELAZIĞ;;;;38.643216;39.142504;08:30-12:30/13:00-16:30;KAPALI;KAPALI;1;2026-09-21 08:30:06
4985;PTT_SUBE;4742;DOĞUKENT  ŞUBESİ;DOĞU KENT MAHALLESİ SEYDA MOLLA BAHRİ BULVAR No: 84 A MERKEZ ELAZIĞ;04242255295;23;ELAZIĞ;;;;38.679489;39.254758;08:30-12:30/13:30-17:00;KAPALI;KAPALI;1;2026-09-21 08:30:06
4984;PTT_SUBE;3210;DÖRTYOL  ŞUBESİ;OLGUNLAR MAHALLESİ KUTU SOKAK No: 2 MERKEZ ELAZIĞ;04242475648;23;ELAZIĞ;;;;38.668501173;39.205272838;08:30-12:30/13:30-17:00;KAPALI;KAPALI;1;2026-09-21 08:30:06
4983;PTT_SUBE;3267;ELAZIĞ DAĞITIM VE TOPLAMA  MÜDÜRLÜĞÜ;AKPINAR MAHALLESİ GEN. ABDULLAH ALPDOĞAN CADDE No: 49 MERKEZ ELAZIĞ;04242188600;23;ELAZIĞ;;;;38.66959;39.218954;08:30-17:30;10:00-16:00;KAPALI;1;2026-09-21 08:30:06
4982;PTT_SUBE;6366;ELAZIĞ MÜDÜRLÜĞÜ;KÜLTÜR MAHALLESİ VALİ FAHRİBEY CADDE No: 53 A MERKEZ ELAZIĞ;04242373680;23;ELAZIĞ;;;;38.674598;39.213483;08:30-12:30;KAPALI;KAPALI;1;2026-09-21 08:30:06
4981;PTT_SUBE;4680;GEZİN ACENTELİĞİ;GEZİN KÖYÜ/GÖL ÖNÜ MEVKİİ DİYARBAKIR SOKAK No: 1 MADEN ELAZIĞ;04240000000;23;ELAZIĞ;;;;38.51692902;39.518451;09:00-12:30/13:30-17:00;KAPALI;KAPALI;1;2026-09-21 08:30:06
4980;PTT_SUBE;1086;HÜKÜMET KONAĞI  ŞUBESİ;KÜLTÜR MAHALLESİ ZÜBEYDE HANIM CADDE No: 1 MERKEZ ELAZIĞ;04242185744;23;ELAZIĞ;;;;38.675295;39.211334;08:00-12:00/13:00-16:30;KAPALI;KAPALI;1;2026-09-21 08:30:06
4977;PTT_SUBE;3213;KARAKOÇAN MÜDÜRLÜĞÜ;KIRKPINAR MAHALLESİ MERKEZ SOKAK No: 4 KARAKOÇAN ELAZIĞ;04247113752;23;ELAZIĞ;;;;38.954271015;40.0378185;08:30-12:30/13:30-17:30;KAPALI;KAPALI;1;2026-09-21 08:30:06
4976;PTT_SUBE;3216;KEBAN MÜDÜRLÜĞÜ;KALLAR MAHALLESİ YUSUF ZİYA PAŞA CADDE No: 34 KEBAN ELAZIĞ;04245712003;23;ELAZIĞ;;;;38.794514;38.739334;08:30-12:30/13:30-17:30;KAPALI;KAPALI;1;2026-09-21 08:30:06
4975;PTT_SUBE;4456;KOLORDU  ŞUBESİ;YILDIZ BAĞLARI MAHALLESİ AHMET KABAKLI BULVAR No: 1 MERKEZ ELAZIĞ;04242336815;23;ELAZIĞ;;;;38.682613;39.232421;08:00-12:00/13:00-16:30;KAPALI;KAPALI;1;2026-09-21 08:30:06
4974;PTT_SUBE;3209;KOVANCILAR MÜDÜRLÜĞÜ;ÇARŞI BAŞI MAHALLESİ İLHAMİ ERTEM CADDE No: 33 KOVANCILAR ELAZIĞ;04240000000;23;ELAZIĞ;;;;38.719068;39.865109;08:30-12:30/13:30-17:30;KAPALI;KAPALI;1;2026-09-21 08:30:06
4973;PTT_SUBE;4695;MADEN MÜDÜRLÜĞÜ;CAMİİ KEBİR MAHALLESİ MUSTAFA KESER CADDE No: 5 MADEN ELAZIĞ;04244412115;23;ELAZIĞ;;;;38.391719818;39.667743682;08:30-12:30/13:30-17:30;KAPALI;KAPALI;1;2026-09-21 08:30:06
4972;PTT_SUBE;4482;MOLLAKENDİ ŞUBESİ;MOLLAKENDİ BELDESİ/MOLLAKENDİ MAHALLESİ 4.MURAT CADDE No: 35 MERKEZ ELAZIĞ;04242532275;23;ELAZIĞ;;;;38.58257304;39.33829296;08:30-12:30/13:30-17:00;KAPALI;KAPALI;1;2026-09-21 08:30:06
4971;PTT_SUBE;3225;PALU MÜDÜRLÜĞÜ;KÜLTÜR MAHALLESİ ALİ RIZA SEPTİOĞLU BULVAR No: 27 PALU ELAZIĞ;04246512417;23;ELAZIĞ;;;;38.692963;39.930465;08:30-12:30/13:30-17:30;KAPALI;KAPALI;1;2026-09-21 08:30:06
4970;PTT_SUBE;7943;RÜSTEMPAŞA ŞUBESİ;RÜSTEM PAŞA MAHALLESİ KAZIM KARABEKİR CADDE No: 20 I MERKEZ ELAZIĞ;04240000000;23;ELAZIĞ;;;;38.670729442;39.230980351;08:30-12:30/13:30-17:00;KAPALI;KAPALI;1;2026-09-21 08:30:06
4969;PTT_SUBE;7942;SANAYİ  ŞUBESİ;SANAYİ MAHALLESİ 15010 SOKAK No: 11 MERKEZ ELAZIĞ;04240000000;23;ELAZIĞ;;;;38.667419433;39.238700866;08:30-12:30/13:30-17:00;KAPALI;KAPALI;1;2026-09-21 08:30:06
4968;PTT_SUBE;3212;SİVRİCE MÜDÜRLÜĞÜ;GÖLBAŞI MAHALLESİ AHMET KABAKLI CADDE No: 2 SİVRİCE ELAZIĞ;04244112001;23;ELAZIĞ;;;;38.448305;39.308686;08:30-12:30/13:30-17:30;KAPALI;KAPALI;1;2026-09-21 08:30:06
4966;PTT_SUBE;4766;YAZIKONAK ACENTELİĞİ;YAZIKONAK BELDESİ/MERKEZ MAHALLESİ RECEP TAYYİP ERDOĞAN BULVAR No: 38 MERKEZ ELAZIĞ;04240000000;23;ELAZIĞ;;;;38.613319331;39.300196204;09:00-12:30/13:30-17:00;KAPALI;KAPALI;1;2026-09-21 08:30:06
4965;PTT_SUBE;8132;YURTBAŞI ŞUBESİ;YURTBAŞI BELDESİ/BAĞLAR MAHALLESİ CUMHURIYET CADDE No: 26 A MERKEZ ELAZIĞ;00000000000;23;ELAZIĞ;;;;38.63854753;39.34401444;08:30-12:30/13:30-17:00;KAPALI;KAPALI;1;2026-09-21 08:30:06
4967;PTT_SUBE;3240;ÜÇOCAK ACENTELİĞİ;ÜÇOCAK BELDESİ/ZİYARET MAHALLESİ ZİYARET CADDE No: 43 ARICAK ELAZIĞ;05359479275;23;ELAZIĞ;;;;38.477199;40.248433;08:30-12:30/13:30-17:00;KAPALI;KAPALI;1;2026-09-21 08:30:06
4979;PTT_SUBE;7944;İMAMEFENDİ  ŞUBESİ;ABDULLAH PAŞA MAHALLESİ 250 SOKAK No: 27 MERKEZ ELAZIĞ;04240000000;23;ELAZIĞ;;;;38.656759;39.15351;08:30-12:30/13:30-17:00;KAPALI;KAPALI;1;2026-09-21 08:30:06
4978;PTT_SUBE;7348;İZZETPAŞA  ŞUBESİ;İZZET PAŞA MAHALLESİ KIBRIS ŞHT.MEHMET GÜÇLÜ CADDE No: 15 A MERKEZ ELAZIĞ;04245020412;23;ELAZIĞ;;;;38.679121383;39.22229686;08:30-12:30/13:30-17:00;KAPALI;KAPALI;1;2026-09-21 08:30:06
5063;PTT_SUBE;1305;ADLİYE  ŞUBESİ;MURATPAŞA MAHALLESİ ERZİNCAN KAPI CADDE No: 80 A YAKUTİYE ERZURUM;04422335551;25;ERZURUM;;;;39.90539;41.271019;08:30-12:30/13:30-17:00;KAPALI;KAPALI;1;2026-09-21 08:30:07
5062;PTT_SUBE;8155;AKŞAR ŞUBESİ;AKŞAR MAHALLESİ A KÜME EVLER KÜME EVLER No: 104 /1 ŞENKAYA ERZURUM;04428161736;25;ERZURUM;;;;40.64856102;42.35411088;08:30-12:30/13:30-17:00;KAPALI;KAPALI;1;2026-09-21 08:30:07
5060;PTT_SUBE;7881;ATATÜRK ÜNİVERSİTESİ  ŞUBESİ;ÜNİVERSİTE MAHALLESİ 3. ÜNİVERSİTE LOJMANLARI SOKAK No: 9 YAKUTİYE ERZURUM;04422335551;25;ERZURUM;;;;39.902802;41.252566;08:30-12:30/13:30-17:00;KAPALI;KAPALI;1;2026-09-21 08:30:07
5059;PTT_SUBE;7692;AZİZİYE  ŞUBESİ;ILICA MAHALLESİ 2. OSMAN GAZİ CADDE No: 6 N AZİZİYE ERZURUM;04422335551;25;ERZURUM;;;;39.94738091;41.108993385;08:30-12:30/13:30-17:00;KAPALI;KAPALI;1;2026-09-21 08:30:07
5061;PTT_SUBE;230;AŞKALE MÜDÜRLÜĞÜ;YENİ MAHALLESİ POSTAHANE CADDE No: 4 AŞKALE ERZURUM;04424151033;25;ERZURUM;;;;39.921799;40.691265;08:30-12:30;KAPALI;KAPALI;1;2026-09-21 08:30:07
5058;PTT_SUBE;1438;BAĞBAŞI ACENTELİĞİ;BAĞBAŞI MAHALLESİ ŞEHİT MURAT TELCİ CADDE No: 96 TORTUM ERZURUM;04427612144;25;ERZURUM;;;;40.50860904;41.46226416;08:30-12:30/13:30-17:30;KAPALI;KAPALI;1;2026-09-21 08:30:07
5056;PTT_SUBE;7489;DADAŞKENT  ŞUBESİ;SELÇUKLU MAHALLESİ AYDEMİR CADDE No: 4 B AZİZİYE ERZURUM;04422335551;25;ERZURUM;;;;39.908277386;41.199044243;08:30-12:30/13:30-17:00;KAPALI;KAPALI;1;2026-09-21 08:30:07
5054;PTT_SUBE;1454;ERZURUM MÜDÜRLÜĞÜ;MURATPAŞA MAHALLESİ İSMET PAŞA CADDE No: 2 A YAKUTİYE ERZURUM;04422331044;25;ERZURUM;;;;39.905137;41.267534;08:30-12:30/13:30-17:00;10:00-16:00/-;KAPALI;1;2026-09-21 08:30:07
5053;PTT_SUBE;1170;ERZURUM POSTA İŞLEME VE DAĞITIM  MÜDÜRLÜĞÜ;ŞÜKRÜPAŞA MAHALLESİ TOPRAK OFİSİ LOJMANLARI SOKAK No: 8 YAKUTİYE ERZURUM;04422401004;25;ERZURUM;;;;39.921156;41.27842188;08:30-17:30;08:30-17:30;KAPALI;1;2026-09-21 08:30:07
5055;PTT_SUBE;7564;ERZURUM İSTİNAF MAHKEMESİ  ŞUBESİ;SELÇUKLU MAHALLESİ HİLAL SOKAK No: 1 AZİZİYE ERZURUM;04422335551;25;ERZURUM;;;;39.918607677;41.201574978;08:30-12:30/13:30-17:00;KAPALI;KAPALI;1;2026-09-21 08:30:07
5052;PTT_SUBE;1072;HINIS MÜDÜRLÜĞÜ;YUKARIKAYABAŞI MAHALLESİ CUMHURİYET CADDE No: 80 A HINIS ERZURUM;04425113313;25;ERZURUM;;;;39.359443;41.698114;08:30-12:30/13:30-17:00;KAPALI;KAPALI;1;2026-09-21 08:30:07
5051;PTT_SUBE;1333;HORASAN MÜDÜRLÜĞÜ;KAZIM KARABEKİR MAHALLESİ ŞEHİT GAFFAR OKKAN CADDE No: 11 A HORASAN ERZURUM;04427113005;25;ERZURUM;;;;40.043132;42.167476;08:30-12:30;KAPALI;KAPALI;1;2026-09-21 08:30:07
5048;PTT_SUBE;7559;KARAYAZI  ŞUBESİ;BAYRAKTAR MAHALLESİ YÜCELİK YOLU CADDE No: 4 A KARAYAZI ERZURUM;04425412230;25;ERZURUM;;;;39.70276;42.145555;08:30-12:30/13:30-17:00;KAPALI;KAPALI;1;2026-09-21 08:30:07
5049;PTT_SUBE;7557;KARAÇOBAN  ŞUBESİ;KAVAKLI MAHALLESİ HASTAHANE CADDE No: 42 KARAÇOBAN ERZURUM;04425912144;25;ERZURUM;;;;39.348457;42.09861;08:30-12:30/13:30-17:00;KAPALI;KAPALI;1;2026-09-21 08:30:07
5047;PTT_SUBE;1514;KÖPRÜKÖY  ŞUBESİ;ŞEHİTLER MAHALLESİ BAHATTİN KARASU CADDE No: 23 A KÖPRÜKÖY ERZURUM;04426912396;25;ERZURUM;;;;39.96981;41.870814;08:30-12:30/13:30-17:00;KAPALI;KAPALI;1;2026-09-21 08:30:07
5046;PTT_SUBE;7700;MAHALLEBAŞI  ŞUBESİ;KAZIM KARABEKİR PAŞA MAHALLESİ 2. KARS KAPI CADDE No: 9 F YAKUTİYE ERZURUM;0;25;ERZURUM;;;;39.909455;41.284457;08:30-12:30/13:30-17:00;KAPALI;KAPALI;1;2026-09-21 08:30:07
5045;PTT_SUBE;7543;NARMAN  ŞUBESİ;CAMİİSAĞIR MAHALLESİ ATATÜRK CADDE No: 6 NARMAN ERZURUM;04427412001;25;ERZURUM;;;;40.344923;41.871282;08:30-12:30/13:30-17:00;KAPALI;KAPALI;1;2026-09-21 08:30:07
5044;PTT_SUBE;213;OLTU MÜDÜRLÜĞÜ;KARABEKİR MAHALLESİ CUMHURİYET BULVAR No: 60 OLTU ERZURUM;04428161736;25;ERZURUM;;;;40.546824;41.997992;08:30-12:30;KAPALI;KAPALI;1;2026-09-21 08:30:07
5043;PTT_SUBE;214;OLUR  ŞUBESİ;MERKEZ MAHALLESİ CUMHURİYET CADDE No: 21 A OLUR ERZURUM;04428412201;25;ERZURUM;;;;40.826467;42.133828;08:30-12:30/13:30-17:00;KAPALI;KAPALI;1;2026-09-21 08:30:07
5042;PTT_SUBE;1497;PASİNLER MÜDÜRLÜĞÜ;REŞADİYE MAHALLESİ PROF.DR.SERDAR SEVİMLİ CADDE No: 11 A PASİNLER ERZURUM;04426613568;25;ERZURUM;;;;39.977676;41.674767;08:30-12:30;KAPALI;KAPALI;1;2026-09-21 08:30:07
5041;PTT_SUBE;6767;PAZARYOLU  ŞUBESİ;21 HAZİRAN MAHALLESİ PTT CADDE No: 4 PAZARYOLU ERZURUM;04424812806;25;ERZURUM;;;;40.412661;40.77132;08:30-12:30/13:30-17:00;KAPALI;KAPALI;1;2026-09-21 08:30:07
5040;PTT_SUBE;8150;SANAYİ  ŞUBESİ;KURTULUŞ MAHALLESİ 11. SANAYİ SOKAK No: 4 L YAKUTİYE ERZURUM;04422356236;25;ERZURUM;;;;39.929568;41.283399;08:30-12:30/13:30-17:00;KAPALI;KAPALI;1;2026-09-21 08:30:07
5037;PTT_SUBE;7948;TEKMAN  ŞUBESİ;VATAN MAHALLESİ ATATÜRK CADDE No: 7 -9 TEKMAN ERZURUM;04425612221;25;ERZURUM;;;;39.646096;41.506234;08:30-12:30/13:30-17:00;KAPALI;KAPALI;1;2026-09-21 08:30:07
5036;PTT_SUBE;332;TORTUM MÜDÜRLÜĞÜ;ALPARSLAN MAHALLESİ ERZURUM CADDE No: 84 TORTUM ERZURUM;04427612221;25;ERZURUM;;;;40.296383223;41.550439467;08:30-12:30/13:30-17:00;KAPALI;KAPALI;1;2026-09-21 08:30:07
5035;PTT_SUBE;6768;UZUNDERE  ŞUBESİ;MERKEZ MAHALLESİ ŞEHİT ADNAN TAŞÇI CADDE No: 4 UZUNDERE ERZURUM;04427912214;25;ERZURUM;;;;40.530091655;41.548125505;08:30-12:30/13:30-17:00;KAPALI;KAPALI;1;2026-09-21 08:30:07
5034;PTT_SUBE;6805;YAKUTİYE MÜDÜRLÜĞÜ;LALAPAŞA MAHALLESİ AKİF HOCA SOKAK No: 1 A YAKUTİYE ERZURUM;04422356236;25;ERZURUM;;;;39.91136551;41.27183937;08:30-12:30;KAPALI;KAPALI;1;2026-09-21 08:30:07
5033;PTT_SUBE;1295;YILDIZKENT   ŞUBESİ;HÜSEYİN AVNİ ULAŞ MAHALLESİ 212. SOKAK No: 3 PALANDÖKEN ERZURUM;04422335551;25;ERZURUM;;;;39.878545;41.239731;08:30-12:30/13:30-17:00;KAPALI;KAPALI;1;2026-09-21 08:30:07
5032;PTT_SUBE;1289;YUNUS EMRE  ŞUBESİ;YUNUSEMRE MAHALLESİ 1. KOCASİNAN SOKAK No: 1 A PALANDÖKEN ERZURUM;04422335551;25;ERZURUM;;;;39.889405;41.278071;08:30-12:30/13:30-17:00;KAPALI;KAPALI;1;2026-09-21 08:30:07
5057;PTT_SUBE;7563;ÇAT  ŞUBESİ;OYUKLU MAHALLESİ HASTANE CADDE No: 10 ÇAT ERZURUM;04422335551;25;ERZURUM;;;;39.612613;40.977819;08:30-12:30/13:30-17:00;KAPALI;KAPALI;1;2026-09-21 08:30:07
5050;PTT_SUBE;455;İSPİR MÜDÜRLÜĞÜ;KARŞIYAKA MAHALLESİ 25 ŞUBAT CADDE No: 22 İSPİR ERZURUM;04424513149;25;ERZURUM;;;;40.484056;41.002419;08:30-12:30/13:30-17:00;KAPALI;KAPALI;1;2026-09-21 08:30:07
5039;PTT_SUBE;7546;ŞENKAYA  ŞUBESİ;AŞAĞI MAHALLESİ KURTULUŞ CADDE No: 1 ŞENKAYA ERZURUM;04428612078;25;ERZURUM;;;;40.559505;42.343222;08:30-12:30/13:30-17:00;KAPALI;KAPALI;1;2026-09-21 08:30:07
5038;PTT_SUBE;1431;ŞENYURT ACENTELİĞİ;ŞENYURT MAHALLESİ ŞEYH EFENDİ SOKAK No: 58 - TORTUM ERZURUM;04427742500;25;ERZURUM;;;;40.431172;41.429928;08:30-12:30/13:30-17:30;KAPALI;KAPALI;1;2026-09-21 08:30:07
5031;PTT_SUBE;6572;59.ER EĞT.TUĞAY  ŞUBESİ;MENDERES MAHALLESİ 157_2 SOKAK No: 2 - MERKEZ ERZİNCAN;04462232262;24;ERZİNCAN;;;;39.766858873;39.484248963;08:30-12:30/13:30-17:00;KAPALI;KAPALI;1;2026-09-21 08:30:07
5030;PTT_SUBE;8050;ADLİYE  ŞUBESİ;ATATÜRK MAHALLESİ FEVZİ PAŞA CADDE No: 51 B MERKEZ ERZİNCAN;04462141721;24;ERZİNCAN;;;;39.74653575246637;39.500155297108286;08:30-12:30/13:30-17:00;KAPALI;KAPALI;1;2026-09-21 08:30:07
5029;PTT_SUBE;6711;ADLİYE SARAYI  ŞUBESİ;KARAAĞAÇ MAHALLESİ FEVZİ PAŞA CADDE No: 66 MERKEZ ERZİNCAN;04462142224;24;ERZİNCAN;;;;39.745682694;39.499210595;08:30-12:30/13:30-17:00;KAPALI;KAPALI;1;2026-09-21 08:30:07
5028;PTT_SUBE;7335;AKYAZI ACENTELİĞİ;AKTOPRAK MAHALLESİ 8/1 SOKAK No: 1 MERKEZ ERZİNCAN;04462314854;24;ERZİNCAN;;;;39.72833;39.563882;08:30-12:30/13:30-17:00;KAPALI;KAPALI;1;2026-09-21 08:30:07
5026;PTT_SUBE;5147;BAYIRBAĞ ŞUBESİ;BAYIRBAĞ KÖYÜ/AKBULUT MEVKİİ 44.- SOKAK No: 1 - ÜZÜMLÜ ERZİNCAN;04464146162;24;ERZİNCAN;;;;39.680857;39.70478;08:30-12:30/13:30-17:00;KAPALI;KAPALI;1;2026-09-21 08:30:07
5027;PTT_SUBE;5151;BAŞPINAR ŞUBESİ;BAŞPINAR KÖYÜ/MERKEZ MEVKİİ MERKEZ KÜME EVLER No: 20 KEMALİYE ERZİNCAN;04467536253;24;ERZİNCAN;;;;39.19065;38.689306;08:30-12:30/13:30-17:00;KAPALI;KAPALI;1;2026-09-21 08:30:07
5021;PTT_SUBE;8051;DEMİRKENT  ŞUBESİ;MENDERES MAHALLESİ TURAN ENGİN CADDE No: 18 - MERKEZ ERZİNCAN;04462282040;24;ERZİNCAN;;;;39.761495997;39.468591921;08:30-12:30/13:30-17:00;KAPALI;KAPALI;1;2026-09-21 08:30:07
5020;PTT_SUBE;5153;DUTLUCA ŞUBESİ;DUTLUCA KÖYÜ/YENİ MEVKİİ 1. KÜME EVLER No: 6 /1 KEMALİYE ERZİNCAN;04467544254;24;ERZİNCAN;;;;39.137619;38.614125;08:30-12:30/13:30-17:00;KAPALI;KAPALI;1;2026-09-21 08:30:07
5019;PTT_SUBE;8199;ERZİNCAN DAĞITIM VE TOPLAMA MÜDÜRLÜĞÜ;HOCABEY MAHALLESİ 13 ŞUBAT CADDE No: 30 MERKEZ ERZİNCAN;04462263835;24;ERZİNCAN;;;;39.741576;39.489964;08:30-17:00;KAPALI;KAPALI;1;2026-09-21 08:30:07
5018;PTT_SUBE;803;ERZİNCAN MÜDÜRLÜĞÜ;İNÖNÜ MAHALLESİ ORDU CADDE No: 31 MERKEZ ERZİNCAN;04462148743;24;ERZİNCAN;;;;39.750148;39.491203;08:30-18:30;KAPALI;KAPALI;1;2026-09-21 08:30:07
5017;PTT_SUBE;1123;GEÇİT  ŞUBESİ;GAZİ MAHALLESİ ATATÜRK CADDE No: 5 MERKEZ ERZİNCAN;04462266361;24;ERZİNCAN;;;;39.753673;39.523479;08:30-12:30/13:30-17:00;KAPALI;KAPALI;1;2026-09-21 08:30:07
5016;PTT_SUBE;8054;HOCABEY ŞUBE ŞEFLİĞİ;HOCABEY MAHALLESİ 13 ŞUBAT CADDESİ NO:32/1 MERKEZ ERZİNCAN;04462244285;24;ERZİNCAN;;;;39.741534817395944;39.490128168272776;08:30-12:30/13:30-17:00;KAPALI;KAPALI;1;2026-09-21 08:30:07
5014;PTT_SUBE;5149;KARAKAYA ŞUBESİ;KARAKAYA KÖYÜ/ERGENEKON MEVKİİ ANAYOL KÜME EVLER No: 92 ÜZÜMLÜ ERZİNCAN;04464162256;24;ERZİNCAN;;;;39.662912;39.727239;08:30-12:30/13:30-17:00;KAPALI;KAPALI;1;2026-09-21 08:30:07
5013;PTT_SUBE;7844;KARGIN ŞUBESİ;KARGIN BELDESİ/ŞEHİT AHMET AYTEKİN MAHALLESİ ATATÜRK CADDE No: 79 TERCAN ERZİNCAN;04464456123;24;ERZİNCAN;;;;39.656859;40.18775;08:30-12:30/13:30-17:00;KAPALI;KAPALI;1;2026-09-21 08:30:07
5012;PTT_SUBE;7841;KEMAH  ŞUBESİ;ÇARŞI MAHALLESİ TUGAY HATUN2 SOKAK No: 11 KEMAH ERZİNCAN;04465112002;24;ERZİNCAN;;;;39.601381442;39.034792631;08:30-12:30/13:30-17:00;KAPALI;KAPALI;1;2026-09-21 08:30:07
5011;PTT_SUBE;5165;KEMALİYE MÜDÜRLÜĞÜ;DÖRTYOLAĞZI MAHALLESİ HACI ALİ AKIN CADDE No: 3 A KEMALİYE ERZİNCAN;04467512133;24;ERZİNCAN;;;;39.262432;38.495995;08:30-12:30;KAPALI;KAPALI;1;2026-09-21 08:30:07
5010;PTT_SUBE;7842;MERCAN ŞUBESİ;MERCAN BELDESİ/ATATÜRK MAHALLESİ ZÜBEYDE HANIM CADDE No: 80 TERCAN ERZİNCAN;04464432011;24;ERZİNCAN;;;;39.747574;40.259528;08:30-12:30/13:30-17:00;KAPALI;KAPALI;1;2026-09-21 08:30:07
5009;PTT_SUBE;6463;MOLLAKÖY ŞUBESİ;MOLLAKÖY BELDESİ/CUMHURİYET MAHALLESİ PİR SULTAN ABDAL CADDE No: 1 B MERKEZ ERZİNCAN;04462451088;24;ERZİNCAN;;;;39.641822;39.576857;08:30-12:30/13:30-17:00;KAPALI;KAPALI;1;2026-09-21 08:30:07
5008;PTT_SUBE;6795;OTLUKBELİ  ŞUBESİ;ŞEHİTLER MAHALLESİ HÜKÜMET CADDE No: 18 - OTLUKBELİ ERZİNCAN;04463612250;24;ERZİNCAN;;;;39.970639553;40.020666304;08:30-12:30/13:30-17:00;KAPALI;KAPALI;1;2026-09-21 08:30:07
5007;PTT_SUBE;5177;REFAHİYE MÜDÜRLÜĞÜ;HÖKÜMET MAHALLESİ ŞEHİT METE SERTBAŞ CADDE No: 6 REFAHİYE ERZİNCAN;04466112001;24;ERZİNCAN;;;;39.899912516;38.768919186;08:30-17:00;KAPALI;KAPALI;1;2026-09-21 08:30:07
5006;PTT_SUBE;5180;TERCAN MÜDÜRLÜĞÜ;MAMAHATUN MAHALLESİ RABİA FİRİK SOKAK No: 3 TERCAN ERZİNCAN;04464413050;24;ERZİNCAN;;;;39.776824;40.383593;08:30-12:30/13:30-17:00;KAPALI;KAPALI;1;2026-09-21 08:30:07
5005;PTT_SUBE;1705;ULALAR  ŞUBESİ;MUSTAFA KEMAL PAŞA MAHALLESİ SAĞLIK EVİ CADDE No: 1 F MERKEZ ERZİNCAN;04462280076;24;ERZİNCAN;;;;39.748289;39.457465;08:30-12:30/13:30-17:00;KAPALI;KAPALI;1;2026-09-21 08:30:07
5002;PTT_SUBE;4308;YAYLABAŞI ACENTELİĞİ;YAYLABAŞI BELDESİ/SELÇUKLU MAHALLESİ HACI MEHMET HAFIZ CADDE No: 4 MERKEZ ERZİNCAN;04462424225;24;ERZİNCAN;;;;39.641133;39.524637;08:30-12:30/13:30-17:00;KAPALI;KAPALI;1;2026-09-21 08:30:07
5001;PTT_SUBE;8052;YENİ SANAYİ ŞUBESİ;MENGÜCELİ MAHALLESİ BİNALİ YILDIRIM MENGÜCELİ BULVAR No: 2 MERKEZ ERZİNCAN;04462261684;24;ERZİNCAN;;;;39.735422447;39.532683827;08:30-12:30/13:30-17:00;KAPALI;KAPALI;1;2026-09-21 08:30:07
5000;PTT_SUBE;8053;YUNUS EMRE ŞUBESİ;YUNUS EMRE MAHALLESİ YUNUSEMRE CADDE No: 21 MERKEZ ERZİNCAN;04462142224;24;ERZİNCAN;;;;39.7537724261138;39.51549763535172;08:30-12:30/13:30-17:00;KAPALI;KAPALI;1;2026-09-21 08:30:07
5025;PTT_SUBE;7843;ÇADIRKAYA ŞUBESİ;ÇADIRKAYA BELDESİ/CAMİİ KEBİR MAHALLESİ ZÜBEYDE HANIM CADDE No: 36 TERCAN ERZİNCAN;04464465254;24;ERZİNCAN;;;;39.84399099;40.212342;08:30-12:30/13:30-17:00;KAPALI;KAPALI;1;2026-09-21 08:30:07
5023;PTT_SUBE;5157;ÇAYIRLI MÜDÜRLÜĞÜ;FATİH MAHALLESİ KAZİM KARABEKİR CADDE No: 69 ÇAYIRLI ERZİNCAN;04463112001;24;ERZİNCAN;;;;39.810761;40.033353;08:30-12:30;KAPALI;KAPALI;1;2026-09-21 08:30:07
5024;PTT_SUBE;1112;ÇAĞLAYAN ŞUBESİ;ÇAĞLAYAN BELDESİ/CUMHURİYET MAHALLESİ ŞELALE CADDE No: 97 MERKEZ ERZİNCAN;04462352240;24;ERZİNCAN;;;;39.59156097;39.69695484;08:30-12:30/13:30-17:00;KAPALI;KAPALI;1;2026-09-21 08:30:07
5022;PTT_SUBE;1116;ÇUKURKUYU  ŞUBESİ;ÇUKURKUYU MAHALLESİ TERZİ BABA CADDE No: 90 MERKEZ ERZİNCAN;04462384140;24;ERZİNCAN;;;;39.780264475;39.432324671;08:30-12:30/13:30-17:00;KAPALI;KAPALI;1;2026-09-21 08:30:07
5004;PTT_SUBE;1245;ÜNİVERSİTE  ŞUBESİ;YALNIZBAĞ MAHALLESİ REKTÖRLÜK CADDE No: 6 MERKEZ ERZİNCAN;04462200010;24;ERZİNCAN;;;;39.806104677;39.378749728;08:30-12:30/13:30-17:00;KAPALI;KAPALI;1;2026-09-21 08:30:07
5003;PTT_SUBE;5183;ÜZÜMLÜ MÜDÜRLÜĞÜ;ÇAY MAHALLESİ ÇAY CADDE No: 21 ÜZÜMLÜ ERZİNCAN;04464112249;24;ERZİNCAN;;;;39.71337;39.70864;08:30-12:30/13:30-17:00;KAPALI;KAPALI;1;2026-09-21 08:30:07
5015;PTT_SUBE;5160;İLİÇ MÜDÜRLÜĞÜ;ABDULLAH PAŞA MAHALLESİ HÜKÜMET CADDE No: 12 İLİÇ ERZİNCAN;04467112001;24;ERZİNCAN;;;;39.453589894;38.562179357;08:30-12:30/13:30-17:00;KAPALI;KAPALI;1;2026-09-21 08:30:07
5117;PTT_KARGOMAT;456;2 EYLÜL PTT MERKEZ MÜDÜRLÜĞÜ;ARİFİYE MAHALLESİ İKİ EYLÜL CADDE No: 9 ODUNPAZARI ESKİŞEHİR;;26;ESKİŞEHİR;;;;39.775447;30.518145;7/24 Açık;7/24 Açık;7/24 Açık;1;2026-09-21 08:30:08
5115;PTT_KARGOMAT;460;EMKO SANAYİ;75.YIL (SULTANDERE) MAHALLESİ GAZİANTEP SOKAK No: 20 ODUNPAZARI ESKİŞEHİR;;26;ESKİŞEHİR;;;;39.740466497;30.617601813;7/24 Açık;7/24 Açık;7/24 Açık;1;2026-09-21 08:30:08
5122;PTT_KARGOMAT;457;GAR MERKEZİ;HOŞNUDİYE MAHALLESİ İSTASYON CADDE No: 4 TEPEBAŞI ESKİŞEHİR;;26;ESKİŞEHİR;;;;39.780252826;30.510296;7/24 Açık;7/24 Açık;7/24 Açık;1;2026-09-21 08:30:08
5119;PTT_KARGOMAT;462;ODUNPAZARI;GÜNDOĞDU MAHALLESİ MAN SOKAK No: 3 ODUNPAZARI ESKİŞEHİR;;26;ESKİŞEHİR;;;;39.765342643;30.557776457;7/24 Açık;7/24 Açık;7/24 Açık;1;2026-09-21 08:30:08
5118;PTT_KARGOMAT;564;OSMANGAZİ ÜNİVERSİTESİ;BÜYÜKDERE MAHALLESİ ATATÜRK BULVAR  ODUNPAZARI ESKİŞEHİR;;26;ESKİŞEHİR;;;;39.765778;30.523858;7/24 Açık;7/24 Açık;7/24 Açık;1;2026-09-21 08:30:08
5116;PTT_KARGOMAT;463;SULTANDERE;75.YIL (SULTANDERE) MAHALLESİ VATANDAŞ SOKAK  ODUNPAZARI ESKİŞEHİR;;26;ESKİŞEHİR;;;;39.765598298;30.557712084;7/24 Açık;7/24 Açık;7/24 Açık;1;2026-09-21 08:30:08
5123;PTT_KARGOMAT;458;TEPEBAŞI MERKEZ;ULUÖNDER MAHALLESİ RAUF ORBAY CADDE No: 10 TEPEBAŞI ESKİŞEHİR;;26;ESKİŞEHİR;;;;39.788110525;30.491494084;7/24 Açık;7/24 Açık;7/24 Açık;1;2026-09-21 08:30:08
5121;PTT_KARGOMAT;455;ÇAMLICA;ÇAMLICA MAHALLESİ ÇOBANLAR SOKAK No: 49 TEPEBAŞI ESKİŞEHİR;;26;ESKİŞEHİR;;;;39.784966561;30.458767;7/24 Açık;7/24 Açık;7/24 Açık;1;2026-09-21 08:30:08
5120;PTT_KARGOMAT;459;ÇARŞI BATIKENT;BATIKENT MAHALLESİ DÖNMEZ SOKAK No: 1 TEPEBAŞI ESKİŞEHİR;;26;ESKİŞEHİR;;;;39.790275;30.449718;7/24 Açık;7/24 Açık;7/24 Açık;1;2026-09-21 08:30:08
5114;PTT_SUBE;7360;178. YIL  ŞUBESİ;ÇAMLICA MAHALLESİ ÇOBANLAR SOKAK No: 31 TEPEBAŞI ESKİŞEHİR;02223405714;26;ESKİŞEHİR;;;;39.781244;30.459231;08:30-12:30/13:30-17:00;KAPALI;KAPALI;1;2026-09-21 08:30:08
5113;PTT_SUBE;3273;2 EYLÜL MÜDÜRLÜĞÜ;ARİFİYE MAHALLESİ İKİ EYLÜL CADDE No: 59 ODUNPAZARI ESKİŞEHİR;02222301414;26;ESKİŞEHİR;;;;39.770717;30.52001;08:30-12:30;KAPALI;KAPALI;1;2026-09-21 08:30:08
5112;PTT_SUBE;3275;ADLİYE  ŞUBESİ;KURTULUŞ MAHALLESİ YARGI SOKAK No: 2 ODUNPAZARI ESKİŞEHİR;02222403884;26;ESKİŞEHİR;;;;39.767865;30.53505;08:00-12:00/13:00-16:30;KAPALI;KAPALI;1;2026-09-21 08:30:08
5111;PTT_SUBE;7593;ALPAGUT  ACENTELİĞİ;ALPAGUT MAHALLESİ ERTUĞRULGAZİ CADDE No: 56 MİHALGAZİ ESKİŞEHİR;02226212031;26;ESKİŞEHİR;;;;40.01488704;30.50290404;08:30-12:30/13:30-17:00;KAPALI;KAPALI;1;2026-09-21 08:30:08
5110;PTT_SUBE;7719;ALPU  ŞUBESİ;FEVZİ PAŞA MAHALLESİ TARIM SOKAK No: 1 ALPU ESKİŞEHİR;00000000000;26;ESKİŞEHİR;;;;39.76781663;30.957907082;08:30-12:30/13:30-17:00;KAPALI;KAPALI;1;2026-09-21 08:30:08
5109;PTT_SUBE;7358;BATIKENT ŞB. ŞUBESİ;BATIKENT MAHALLESİ KASIMPATI SOKAK No: 2 B TEPEBAŞI ESKİŞEHİR;02223250112;26;ESKİŞEHİR;;;;39.790151;30.469878;08:30-12:30/13:30-17:00;KAPALI;KAPALI;1;2026-09-21 08:30:08
5108;PTT_SUBE;7538;BEYLİKOVA  ŞUBESİ;YENİ MAHALLESİ İNÖNÜ CADDE No: 92 BEYLİKOVA ESKİŞEHİR;02225313414;26;ESKİŞEHİR;;;;39.691612;31.205284;08:30-12:30/13:30-17:00;KAPALI;KAPALI;1;2026-09-21 08:30:08
5103;PTT_SUBE;2101;DÜMREK ACENTELİĞİ;DÜMREK MAHALLESİ VATAN CADDE No: 50 SİVRİHİSAR ESKİŞEHİR;02227232282;26;ESKİŞEHİR;;;;39.582939;31.554765;08:30-12:30/13:30-17:00;KAPALI;KAPALI;1;2026-09-21 08:30:08
5102;PTT_SUBE;818;EMEK MAHALLESİ MÜDÜRLÜĞÜ;EMEK MAHALLESİ ERTAŞ CADDE No: 45 A ODUNPAZARI ESKİŞEHİR;02222508883;26;ESKİŞEHİR;;;;39.75619;30.560656;08:30-12:30/13:30-17:00;KAPALI;KAPALI;1;2026-09-21 08:30:08
5101;PTT_SUBE;777;ERENKÖY  ŞUBESİ;ERENKÖY MAHALLESİ SEVİNÇ CADDE No: 31 ODUNPAZARI ESKİŞEHİR;02222171447;26;ESKİŞEHİR;;;;39.760864;30.550254;08:30-12:30/13:30-17:00;KAPALI;KAPALI;1;2026-09-21 08:30:08
5100;PTT_SUBE;929;ESENTEPE  ŞUBESİ;SÜTLÜCE MAHALLESİ EĞİTİMCİLER CADDE No: 89 A TEPEBAŞI ESKİŞEHİR;02223222906;26;ESKİŞEHİR;;;;39.799020988;30.510321898;08:30-12:30/13:30-17:00;KAPALI;KAPALI;1;2026-09-21 08:30:08
5099;PTT_SUBE;7588;ESKİŞEHİR POSTA KARGO İŞLEME  MÜDÜRLÜĞÜ;GÜNDOĞDU MAHALLESİ MAN SOKAK No: 3 ODUNPAZARI ESKİŞEHİR;02222178241;26;ESKİŞEHİR;;;;39.765054;30.557755;08:30-12:30/13:30-17:00;08:30-12:30/13:30-17:00;08:30-12:30/13:30-17:00;1;2026-09-21 08:30:08
5098;PTT_SUBE;952;FEVZİÇAKMAK  ŞUBESİ;FEVZİÇAKMAK MAHALLESİ KENAN SOKAK No: 66 TEPEBAŞI ESKİŞEHİR;02223222820;26;ESKİŞEHİR;;;;39.793194719;30.547318169;08:30-12:30/13:30-17:00;KAPALI;KAPALI;1;2026-09-21 08:30:08
5097;PTT_SUBE;7550;GAR  ŞUBESİ;HOŞNUDİYE MAHALLESİ İSTASYON CADDE No: 4 TEPEBAŞI ESKİŞEHİR;02222257722;26;ESKİŞEHİR;;;;39.779956;30.510296;08:30-12:30/13:30-17:00;KAPALI;KAPALI;1;2026-09-21 08:30:08
5096;PTT_SUBE;7654;GÖKMEYDANI  ŞUBESİ;GÖKMEYDAN MAHALLESİ ULUS CADDE No: 59 A ODUNPAZARI ESKİŞEHİR;02222508883;26;ESKİŞEHİR;;;;39.770085537;30.542082746;08:30-12:30/13:30-17:00;KAPALI;KAPALI;1;2026-09-21 08:30:08
5095;PTT_SUBE;7549;GÜNDOĞDU  ŞUBESİ;GÜNDOĞDU MAHALLESİ KARAKOÇLAR SOKAK No: 14 A ODUNPAZARI ESKİŞEHİR;02222171833;26;ESKİŞEHİR;;;;39.76448586;30.568852846;08:30-12:30/13:30-17:00;KAPALI;KAPALI;1;2026-09-21 08:30:08
5094;PTT_SUBE;7827;GÜNYÜZÜ  ŞUBESİ;SÜMER MAHALLESİ CUMHURİYET MEYDAN No: 27 GÜNYÜZÜ ESKİŞEHİR;02225617778;26;ESKİŞEHİR;;;;39.383972737;31.809248587;08:30-12:30/13:30-17:00;KAPALI;KAPALI;1;2026-09-21 08:30:08
5093;PTT_SUBE;7656;HACI BEKTAŞ VELİ  ŞUBESİ;GÜLTEPE MAHALLESİ AKBAYIR SOKAK No: 3 ODUNPAZARI ESKİŞEHİR;02222313565;26;ESKİŞEHİR;;;;39.752698193;30.508002364;08:30-12:30/13:30-17:00;KAPALI;KAPALI;1;2026-09-21 08:30:08
5092;PTT_SUBE;4705;HAN  ŞUBESİ;HÜSREVPAŞA MAHALLESİ ATATÜRK CADDE No: 71 HAN ESKİŞEHİR;02225816264;26;ESKİŞEHİR;;;;39.158264844;30.862145595;08:30-12:30/13:30-17:00;KAPALI;KAPALI;1;2026-09-21 08:30:08
5089;PTT_SUBE;8455;KAYAKENT ACENTELİĞİ;KAYAKENT MAHALLESİ ATATÜRK CADDE No: 5 GÜNYÜZÜ ESKİŞEHİR;00000000000;26;ESKİŞEHİR;;;;39.30397902;31.80440196;09:00-12:30/13:30-16:30;KAPALI;KAPALI;1;2026-09-21 08:30:08
5088;PTT_SUBE;4827;KIRKA ŞUBESİ;KIRKA MAHALLESİ MUSTAFA KEMAL CADDE No: 63 SEYİTGAZİ ESKİŞEHİR;02226812420;26;ESKİŞEHİR;;;;39.284136;30.52815516;09:00-00:00/00:00-16:30;KAPALI;KAPALI;1;2026-09-21 08:30:08
5087;PTT_SUBE;889;KÖPRÜBAŞI MÜDÜRLÜĞÜ;HACI ALİ BEY MAHALLESİ SAKARYA-1 CADDE No: 58 A TEPEBAŞI ESKİŞEHİR;02222313565;26;ESKİŞEHİR;;;;39.77927604;30.51963504;08:30-17:00;KAPALI;KAPALI;1;2026-09-21 08:30:08
5086;PTT_SUBE;7312;MAHMUDİYE  ŞUBESİ;IŞIKLAR MAHALLESİ ESKİŞEHİR CADDE No: 75 A MAHMUDİYE ESKİŞEHİR;02226113414;26;ESKİŞEHİR;;;;39.495300304;30.985813093;08:30-12:30/13:30-17:00;KAPALI;KAPALI;1;2026-09-21 08:30:08
5083;PTT_SUBE;7548;MUTTALİP ŞUBESİ;MUTTALİP ORTA MAHALLESİ KANAL SOKAK SOKAK No: 6 TEPEBAŞI ESKİŞEHİR;02223380001;26;ESKİŞEHİR;;;;39.83982804;30.54646296;08:30-12:30/13:30-17:00;KAPALI;KAPALI;1;2026-09-21 08:30:08
5085;PTT_SUBE;7721;MİHALGAZİ  ŞUBESİ;CUMHURİYET MAHALLESİ ATATÜRK CADDE No: 10 MİHALGAZİ ESKİŞEHİR;02226212414;26;ESKİŞEHİR;;;;40.026491;30.576008;08:30-12:30/13:30-17:00;KAPALI;KAPALI;1;2026-09-21 08:30:08
5084;PTT_SUBE;7541;MİHALLIÇÇIK  ŞUBESİ;CAMİKEBİR MAHALLESİ ORTAYOL SOKAK No: 1 MİHALIÇÇIK ESKİŞEHİR;02226312414;26;ESKİŞEHİR;;;;39.864692241;31.496026369;08:30-12:30/13:30-17:00;KAPALI;KAPALI;1;2026-09-21 08:30:08
5082;PTT_SUBE;2531;ODUNPAZARI POSTA DAĞITIM  MÜDÜRLÜĞÜ;GÜNDOĞDU MAHALLESİ MAN SOKAK No: 3 ODUNPAZARI ESKİŞEHİR;02222178230;26;ESKİŞEHİR;;;;39.765054;30.557755;08:00-12:30/13:30-17:00;08:00-13:00/-;KAPALI;1;2026-09-21 08:30:08
5081;PTT_SUBE;7653;ORGANİZE SANAYİ ŞUBESİ;75.YIL (SULTANDERE) MAHALLESİ GAZİANTEP SOKAK No: 23 ODUNPAZARI ESKİŞEHİR;02222508883;26;ESKİŞEHİR;;;;39.73899475;30.6178564;08:30-12:30/13:30-17:00;KAPALI;KAPALI;1;2026-09-21 08:30:08
5080;PTT_SUBE;7464;ORHANGAZİ  ŞUBESİ;ORHANGAZİ MAHALLESİ KÜTAHYA YOLU BULVAR No: 49 C ODUNPAZARI ESKİŞEHİR;02223351414;26;ESKİŞEHİR;;;;39.748705626;30.460916314;08:30-12:30/13:30-17:00;KAPALI;KAPALI;1;2026-09-21 08:30:08
5079;PTT_SUBE;7551;OSMANGAZİ MAHALLESİ  ŞUBESİ;OSMANGAZİ MAHALLESİ BEHİÇ BEYLER SOKAK No: 10 - ODUNPAZARI ESKİŞEHİR;02222257689;26;ESKİŞEHİR;;;;39.772081;30.493259;08:30-12:30/13:30-17:00;KAPALI;KAPALI;1;2026-09-21 08:30:08
5078;PTT_SUBE;958;SAKARYA  ŞUBESİ;FATİH MAHALLESİ DERMAN CADDE No: 93 C TEPEBAŞI ESKİŞEHİR;02223222820;26;ESKİŞEHİR;;;;39.790784732;30.52310044;08:30-12:30/13:30-17:00;KAPALI;KAPALI;1;2026-09-21 08:30:08
5077;PTT_SUBE;1007;SARHÖYÜK  ŞUBESİ;ŞARHÖYÜK MAHALLESİ BADEMLİBAHÇE ÇIKMAZI KÜME EVLER No: 13 TEPEBAŞI ESKİŞEHİR;02223222933;26;ESKİŞEHİR;;;;39.789220984;30.535091982;08:30-12:30/13:30-17:00;KAPALI;KAPALI;1;2026-09-21 08:30:08
5076;PTT_SUBE;7540;SARICAKAYA  ŞUBESİ;YENİ MAHALLESİ HÜRRİYET_2 CADDE No: 98 SARICAKAYA ESKİŞEHİR;02226612414;26;ESKİŞEHİR;;;;40.037180816;30.622392403;08:30-12:30/13:30-17:00;KAPALI;KAPALI;1;2026-09-21 08:30:08
5075;PTT_SUBE;1327;SEYİTGAZİ MÜDÜRLÜĞÜ;YUNUS MAHALLESİ AFYON CADDE No: 6 SEYİTGAZİ ESKİŞEHİR;02226713414;26;ESKİŞEHİR;;;;39.44616;30.697055;08:30-17:00;KAPALI;KAPALI;1;2026-09-21 08:30:08
5074;PTT_SUBE;983;SIHHIYE  ŞUBESİ;FATİH MAHALLESİ PROF.DR. ORHAN OĞUZ CADDE No: 12 A TEPEBAŞI ESKİŞEHİR;02223214057;26;ESKİŞEHİR;;;;39.791254583;30.515759476;08:30-12:30/13:30-17:00;KAPALI;KAPALI;1;2026-09-21 08:30:08
5072;PTT_SUBE;805;SULTANDERE ŞUBESİ;75.YIL (SULTANDERE) MAHALLESİ SELAMİ VARDAR BULVAR No: 99 ODUNPAZARI ESKİŞEHİR;02222182823;26;ESKİŞEHİR;;;;39.71002104;30.616956;08:30-12:30/13:30-17:00;KAPALI;KAPALI;1;2026-09-21 08:30:08
5073;PTT_SUBE;4810;SİVRİHİSAR MÜDÜRLÜĞÜ;CAMİKEBİR MAHALLESİ HIZIRBEY CADDE No: 1 SİVRİHİSAR ESKİŞEHİR;02227114414;26;ESKİŞEHİR;;;;39.450264682;31.538583188;08:30-17:00;KAPALI;KAPALI;1;2026-09-21 08:30:08
5070;PTT_SUBE;7354;TEPEBAŞI  MÜDÜRLÜĞÜ;ULUÖNDER MAHALLESİ RAUF ORBAY CADDE No: 10 TEPEBAŞI ESKİŞEHİR;02223351414;26;ESKİŞEHİR;;;;39.78778896;30.49153704;08:30-17:00;KAPALI;KAPALI;1;2026-09-21 08:30:08
5069;PTT_SUBE;7582;TEPEBAŞI POSTA KARGO DAĞITIM  MÜDÜRLÜĞÜ;ÇAMLICA MAHALLESİ ÇOBANLAR SOKAK No: 49 TEPEBAŞI ESKİŞEHİR;02223403236;26;ESKİŞEHİR;;;;39.784950072;30.458750906;08:30-17:00;KAPALI;KAPALI;1;2026-09-21 08:30:08
5068;PTT_SUBE;7554;VİŞNELİK  ŞUBESİ;VİŞNELİK MAHALLESİ ÖĞRETMENLER CADDE No: 67 ODUNPAZARI ESKİŞEHİR;02222250232;26;ESKİŞEHİR;;;;39.767339;30.505943;08:30-12:30/13:30-17:00;KAPALI;KAPALI;1;2026-09-21 08:30:08
5067;PTT_SUBE;7655;YENİKENT  ŞUBESİ;YENİKENT MAHALLESİ ŞEHİT YZB.T.GÜNGÖR CADDE No: 47 /1 ODUNPAZARI ESKİŞEHİR;02222313565;26;ESKİŞEHİR;;;;39.748053077;30.51446301;08:30-12:30/13:30-17:00;KAPALI;KAPALI;1;2026-09-21 08:30:08
5065;PTT_SUBE;800;YETMİŞBİREVLER  ŞUBESİ;71 EVLER MAHALLESİ KAFKAS CADDE No: 24 C ODUNPAZARI ESKİŞEHİR;02222172349;26;ESKİŞEHİR;;;;39.746399;30.583596;08:30-12:30/13:30-17:00;KAPALI;KAPALI;1;2026-09-21 08:30:08
5066;PTT_SUBE;7723;YEŞİLTEPE  ŞUBESİ;YEŞİLTEPE MAHALLESİ BİLGEÇ CADDE No: 34 C TEPEBAŞI ESKİŞEHİR;02223359588;26;ESKİŞEHİR;;;;39.797379018;30.500570012;08:30-12:30/13:30-17:00;KAPALI;KAPALI;1;2026-09-21 08:30:08
5064;PTT_SUBE;7545;YUNUS EMRE ŞUBESİ;YUNUSEMRE MAHALLESİ ATATÜRK_1 CADDE No: 4 - MİHALIÇÇIK ESKİŞEHİR;02226475505;26;ESKİŞEHİR;;;;39.70460997;31.48208388;08:30-12:30/13:30-17:00;KAPALI;KAPALI;1;2026-09-21 08:30:08
5107;PTT_SUBE;7463;ÇAMLICA  ŞUBESİ;ÇAMLICA MAHALLESİ ULUSAL EGEMENLİK BULVAR No: 230 TEPEBAŞI ESKİŞEHİR;02223351414;26;ESKİŞEHİR;;;;39.779066794;30.465211364;08:30-12:30/13:30-17:00;KAPALI;KAPALI;1;2026-09-21 08:30:08
5106;PTT_SUBE;7741;ÇARŞI BATIKENT  ŞUBESİ;BATIKENT MAHALLESİ DÖNMEZ SOKAK No: 1 C TEPEBAŞI ESKİŞEHİR;02223151544;26;ESKİŞEHİR;;;;39.790293;30.449718;08:30-12:30/13:30-17:00;KAPALI;KAPALI;1;2026-09-21 08:30:08
5104;PTT_SUBE;7359;ÇUKURHİSAR ŞUBESİ;ÇUKURHİSAR YENİ MAHALLESİ ATATÜRK CADDESİ CADDE No: 33 TEPEBAŞI ESKİŞEHİR;02224112125;26;ESKİŞEHİR;;;;39.82991697;30.32454096;08:30-12:30/13:30-17:00;KAPALI;KAPALI;1;2026-09-21 08:30:08
5105;PTT_SUBE;4706;ÇİFTELER MÜDÜRLÜĞÜ;SAKARYA MAHALLESİ GİRNE CADDE No: 6 A ÇİFTELER ESKİŞEHİR;02225414414;26;ESKİŞEHİR;;;;39.37545;31.03764;08:30-17:00;KAPALI;KAPALI;1;2026-09-21 08:30:08
5091;PTT_SUBE;7362;İNÖNÜ  ŞUBESİ;ÇARŞI MAHALLESİ HAMAMÖNÜ SOKAK No: 5 C İNÖNÜ ESKİŞEHİR;02225912414;26;ESKİŞEHİR;;;;39.816677133;30.142778567;08:30-12:30/13:30-17:00;KAPALI;KAPALI;1;2026-09-21 08:30:08
5090;PTT_SUBE;7658;İSTİKLAL KARGO  ŞUBESİ;İSTİKLAL MAHALLESİ DEMİRCİLER SOKAK No: 57 B ODUNPAZARI ESKİŞEHİR;02222313565;26;ESKİŞEHİR;;;;39.774778208;30.516064178;08:30-12:30/13:30-17:00;KAPALI;KAPALI;1;2026-09-21 08:30:08
5071;PTT_SUBE;7465;ŞİRİNTEPE  ŞUBESİ;ŞİRİNTEPE MAHALLESİ ÖRME SOKAK No: 78 TEPEBAŞI ESKİŞEHİR;02223351414;26;ESKİŞEHİR;;;;39.79812305;30.482464413;08:30-12:30/13:30-17:00;KAPALI;KAPALI;1;2026-09-21 08:30:08
5172;PTT_SUBE;7717;15 TEMMUZ KARGO  ŞUBESİ;MÜCAHİTLER MAHALLESİ MARAŞAL FEVZİ ÇAKMAK BULVAR No: 106 ŞEHİTKAMİL GAZİANTEP;03423214411;27;GAZİANTEP;;;;37.081232;37.352751;08:30-12:30/13:30-17:00;08:30-12:30/13:30-15:00;KAPALI;1;2026-09-21 08:30:08
1493;PTT_SUBE;8533;29 EKİM ŞUBESİ;29 EKİM MAHALLESİ MAAŞKUYU CADDE No: 160 ŞEHİTKAMİL GAZİANTEP;0;27;GAZİANTEP;;;;37.06540101;37.40749704;08:30-12:30/13:30-17:00;KAPALI;KAPALI;1;2026-09-14 08:28:22
5171;PTT_SUBE;8533;29 EKİM ŞUBESİ;ÇIKSORUT MAHALLESİ MAAŞKUYU CADDE No:161 ŞEHİTKAMİL GAZİANTEP;0;27;GAZİANTEP;;;;37.06527897;37.40019516;08:30-12:30 / 13:30-17:00;KAPALI;KAPALI;1;2026-09-21 08:30:08
5170;PTT_SUBE;8374;5. ZIRHLI TUGAY ŞUBESİ;KAYAÖNÜ MAHALLESİ SANİ KONUKOĞLU BULVAR No:1 ŞEHİTKAMİL GAZİANTEP;03423210490;27;GAZİANTEP;;;;37.09269999;37.34757216;08:30-12:30 / 00:00-00:00;KAPALI;KAPALI;1;2026-09-21 08:30:08
1492;PTT_SUBE;8374;5.ZIRHLI TUGAY  ŞUBESİ;BEYLERBEYİ MAHALLESİ TURGUT ÖZAL. BULVAR No: 187 A ŞEHİTKAMİL GAZİANTEP;03423210490;27;GAZİANTEP;;;;37.1234497;37.38972588;08:30-12:30/00:00-00:00;KAPALI;KAPALI;1;2026-09-14 08:28:22
5169;PTT_SUBE;6360;8 ŞUBAT  ŞUBESİ;PİRSULTAN MAHALLESİ 59079 CADDE No: 61 ŞEHİTKAMİL GAZİANTEP;03420000000;27;GAZİANTEP;;;;37.09183;37.370706;08:30-12:30/13:30-17:30;KAPALI;KAPALI;1;2026-09-21 08:30:08
1490;PTT_SUBE;1369;ADLİYE  ŞUBE ŞEFLİĞİ;KAYAÖNÜ MAHALLESİ TURGUT ÖZAL.... BULVAR No: 1 ŞEHİTKAMİL GAZİANTEP;03423214771;27;GAZİANTEP;;;;37.089845;37.354641;08:00-12:00/13:00-17:00;KAPALI;KAPALI;1;2026-09-14 08:28:22
1489;PTT_SUBE;1859;ADLİYE SARAYI  ŞUBESİ;YUNUS EMRE MAHALLESİ ALAATTİN SOKAK No: 1 NİZİP GAZİANTEP;03425199982;27;GAZİANTEP;;;;36.99612;37.794;08:00-12:00/13:00-17:00;KAPALI;KAPALI;1;2026-09-14 08:28:22
5168;PTT_SUBE;8592;ADLİYE SARAYI ŞUBESİ;YUNUS EMRE MAHALLESİ ALAATTİN SOKAK No:1 NİZİP GAZİANTEP;03425199982;27;GAZİANTEP;;;;36.99612;37.79399988;08:30-12:30 / 13:30-17:00;KAPALI;KAPALI;1;2026-09-21 08:30:08
5167;PTT_SUBE;1369;ADLİYE ŞUBE ŞEFLİĞİ;KAYAÖNÜ MAHALLESİ TURGUT ÖZAL.... BULVAR No:1 ŞEHİTKAMİL GAZİANTEP;03423214771;27;GAZİANTEP;;;;37.089922;37.352555;08:00-12:00 / 13:00-17:00;KAPALI;KAPALI;1;2026-09-21 08:30:08
5166;PTT_SUBE;7497;AKKENT  ŞUBESİ;AKKENT MAHALLESİ 400 NOLU CADDE No: 47 AB ŞAHİNBEY GAZİANTEP;03425021185;27;GAZİANTEP;;;;37.01554704;37.362114;08:30-12:30/13:30-17:30;KAPALI;KAPALI;1;2026-09-21 08:30:08
5165;PTT_SUBE;7931;AKTOPRAK ŞUBESİ;AKTOPRAK MAHALLESİ ATATÜRK CADDE No: 4 ŞEHİTKAMİL GAZİANTEP;03423210937;27;GAZİANTEP;;;;37.18557099;37.28537496;08:30-12:30/13:30-17:00;KAPALI;KAPALI;1;2026-09-21 08:30:08
1486;PTT_SUBE;1502;ARABAN MÜDÜRLÜĞÜ;TURGUT ÖZAL MAHALLESİ BABUŞOĞLU BULVAR No: 40 ARABAN GAZİANTEP;03426112001;27;GAZİANTEP;;;;37.420849397;37.680683098;08:30-12:30/13:30-17:00;KAPALI;KAPALI;1;2026-09-14 08:28:22
5164;PTT_SUBE;1502;ARABAN PTT MÜDÜRLÜĞÜ;TURGUT ÖZAL MAHALLESİ BABUŞOĞLU BULVAR No:40 ARABAN GAZİANTEP;03426112001;27;GAZİANTEP;;;;37.419921;37.680394;08:30-12:30 / 13:30-17:00;KAPALI;KAPALI;1;2026-09-21 08:30:08
5163;PTT_SUBE;8320;BEKİRBEY  ŞUBESİ;TÜRKTEPE MAHALLESİ HAMDİ KUTLAR CADDE No: 23 B ŞAHİNBEY GAZİANTEP;03422203274;27;GAZİANTEP;;;;37.062563;37.3868;08:30-12:30/13:30-17:30;KAPALI;KAPALI;1;2026-09-21 08:30:08
5162;PTT_SUBE;2705;BEYKENT ŞUBESİ;BEYKENT MAHALLESİ 85003 CADDE No: 29 B ŞEHİTKAMİL GAZİANTEP;03422470154;27;GAZİANTEP;;;;37.12523904;37.409085;08:30-12:30/13:30-17:00;KAPALI;KAPALI;1;2026-09-21 08:30:08
5160;PTT_SUBE;1383;BÖLGE ADLİYE  ŞUBESİ;KAYAÖNÜ MAHALLESİ TURGUT ÖZAL.... BULVAR No: 5 ŞEHİTKAMİL GAZİANTEP;03425020401;27;GAZİANTEP;;;;37.089845;37.354641;08:00-12:00/13:00-17:00;KAPALI;KAPALI;1;2026-09-21 08:30:08
5161;PTT_SUBE;1195;BİNEVLER  ŞUBESİ;BİNEVLER MAHALLESİ ÜNİVERSİTE BULVAR No: 204 ŞAHİNBEY GAZİANTEP;03423392744;27;GAZİANTEP;;;;37.048028;37.330165;08:30-12:30/13:30-17:00;KAPALI;KAPALI;1;2026-09-21 08:30:08
5159;PTT_SUBE;1203;CUMHURİYET  ŞUBESİ;KOLEJTEPE MAHALLESİ SAMLI HACI ÖKKEŞ CADDE No: 18 ŞAHİNBEY GAZİANTEP;03423393009;27;GAZİANTEP;;;;37.054552;37.359943;08:30-12:30/13:30-17:00;KAPALI;KAPALI;1;2026-09-21 08:30:08
5157;PTT_SUBE;7592;ELİF ŞUBESİ;ELİF MAHALLESİ CUMHURİYET-2 CADDE No: 12 ARABAN GAZİANTEP;03421111111;27;GAZİANTEP;;;;37.37717199;37.88131608;08:30-12:30/13:30-17:00;KAPALI;KAPALI;1;2026-09-21 08:30:08
5156;PTT_SUBE;8322;ESENTEPE  ŞUBESİ;NURİPAZARBAŞI MAHALLESİ ÖZDEMİRBEY CADDE No: 12 D/A ŞAHİNBEY GAZİANTEP;03422504070;27;GAZİANTEP;;;;37.049078815;37.380532338;08:30-12:30/13:30-17:00;KAPALI;KAPALI;1;2026-09-21 08:30:08
5155;PTT_SUBE;2749;EYÜP SULTAN  ŞUBESİ;EYÜPSULTAN MAHALLESİ ŞEHİT ADEM SERİN SOKAK No: 103 A ŞEHİTKAMİL GAZİANTEP;03423292022;27;GAZİANTEP;;;;37.084663;37.392052;08:30-12:30/13:30-17:00;KAPALI;KAPALI;1;2026-09-21 08:30:08
5154;PTT_SUBE;2747;FEVZİ ÇAKMAK MÜDÜRLÜĞÜ;MÜCAHİTLER MAHALLESİ MARAŞAL FEVZİ ÇAKMAK. BULVAR No: 106 ŞEHİTKAMİL GAZİANTEP;03423210937;27;GAZİANTEP;;;;37.08123201;37.35275112;08:30-12:30/13:30-17:30;KAPALI;KAPALI;1;2026-09-21 08:30:08
5153;PTT_SUBE;8594;FEVZİÇAKMAK MOBİL ŞUBESİ;MÜCAHİTLER MAHALLESİ MARAŞAL FEVZİ ÇAKMAK. BULVAR No:106 ŞEHİTKAMİL GAZİANTEP;03423220845;27;GAZİANTEP;;;;37.08123201;37.35275112;08:30-12:30 / 13:30-17:00;KAPALI;KAPALI;1;2026-09-21 08:30:08
5152;PTT_SUBE;8165;GAZİANTEP KARGO DAĞITIM  MÜDÜRLÜĞÜ;MÜCAHİTLER MAHALLESİ MARAŞAL FEVZİ ÇAKMAK BULVAR No: 106 ŞEHİTKAMİL GAZİANTEP;03423216725;27;GAZİANTEP;;;;37.081232;37.352751;08:30-17:30;08:30-17:30;KAPALI;1;2026-09-21 08:30:08
5151;PTT_SUBE;7141;GAZİANTEP POSTA İŞLEME  MÜDÜRLÜĞÜ;MÜCAHİTLER MAHALLESİ MARAŞAL FEVZİ ÇAKMAK BULVAR No: 106 ŞEHİTKAMİL GAZİANTEP;03423216725;27;GAZİANTEP;;;;37.081232;37.352751;08:30-17:00/-;08:30-15:00/-;KAPALI;1;2026-09-21 08:30:08
5150;PTT_SUBE;8537;GAZİKENT ŞUBESİ;GAZİKENT MAHALLESİ 27016 CADDE No: 14 ŞEHİTKAMİL GAZİANTEP;0;27;GAZİANTEP;;;;37.08756297;37.42411896;08:30-12:30/13:30-17:00;KAPALI;KAPALI;1;2026-09-21 08:30:08
5149;PTT_SUBE;1581;GAZİMUHTARPAŞA MÜDÜRLÜĞÜ;DEĞİRMİÇEM MAHALLESİ ŞEHİT MEHMET SAİT ELÇİ SOKAK No: 4 C ŞEHİTKAMİL GAZİANTEP;03422154456;27;GAZİANTEP;;;;37.06941096;37.36853316;08:30-12:30;KAPALI;KAPALI;1;2026-09-21 08:30:08
5148;PTT_SUBE;8538;GÖLLÜCE ŞUBESİ;GÖLLÜCE MAHALLESİ 25095 NOLU SOKAK No: 2 M ŞEHİTKAMİL GAZİANTEP;0;27;GAZİANTEP;;;;37.07375499;37.41050988;08:30-12:30/13:30-17:00;KAPALI;KAPALI;1;2026-09-21 08:30:08
5147;PTT_SUBE;7498;GÜNEYKENT  ŞUBESİ;YEDİTEPE MAHALLESİ ADNAN MENDERES BULVAR No: 25 C ŞAHİNBEY GAZİANTEP;03423609373;27;GAZİANTEP;;;;37.032212;37.323162;08:30-12:30/13:30-17:30;KAPALI;KAPALI;1;2026-09-21 08:30:08
1468;PTT_SUBE;1810;HÜKÜMET KONAĞI  ŞUBESİ;MİMAR SİNAN MAHALLESİ MUSTAFA KÖKMEN BULVAR No: 1 NİZİP GAZİANTEP;03425172303;27;GAZİANTEP;;;;37.010476;37.797341;08:30-12:30/13:30-17:00;KAPALI;KAPALI;1;2026-09-14 08:28:22
5145;PTT_SUBE;1859;HÜKÜMET KONAĞI ŞUBESİ;MİMAR SİNAN MAHALLESİ MUSTAFA KÖKMEN BULVAR No:3 A NİZİP GAZİANTEP;03425172303;27;GAZİANTEP;;;;37.010361;37.79752;08:00-12:00 / 13:00-17:00;KAPALI;KAPALI;1;2026-09-21 08:30:08
5146;PTT_SUBE;8593;HÜKÜMET KONAĞI ŞUBESİ;MİMAR SİNAN MAHALLESİ MUSTAFA KÖKMEN BULVAR No:1 A NİZİP GAZİANTEP;03425199982;27;GAZİANTEP;;;;37.010474;37.797394;08:30-12:30 / 13:30-17:00;KAPALI;KAPALI;1;2026-09-21 08:30:08
5143;PTT_SUBE;1796;KARKAMIŞ  ŞUBESİ;ÇARŞI MAHALLESİ ETİLER CADDE No: 73 KARKAMIŞ GAZİANTEP;03425612019;27;GAZİANTEP;;;;36.83224701;37.99702296;08:30-12:30/13:30-17:00;KAPALI;KAPALI;1;2026-09-21 08:30:08
5142;PTT_SUBE;1954;KAYAÖNÜ  ŞUBESİ;KAYAÖNÜ MAHALLESİ ÇETİN EMEÇ CADDE No: 65 A ŞEHİTKAMİL GAZİANTEP;03423241428;27;GAZİANTEP;;;;37.087728;37.363472;08:30-12:30/13:30-17:00;KAPALI;KAPALI;1;2026-09-21 08:30:08
5141;PTT_SUBE;8323;KUZEYŞEHİR  ŞUBESİ;KARACAÖREN MAHALLESİ 118016 NOLU CADDE No: 66 ŞEHİTKAMİL GAZİANTEP;00000000000;27;GAZİANTEP;;;;37.221355;37.364391;08:30-12:30/13:30-17:00;KAPALI;KAPALI;1;2026-09-21 08:30:08
5140;PTT_SUBE;2150;KÜSGET ŞUBESİ;SANAYİ MAHALLESİ ANAFARTALAR BULVAR No: 10 ŞEHİTKAMİL GAZİANTEP;03422351892;27;GAZİANTEP;;;;37.08128403;37.42661484;08:30-12:30/13:30-17:00;KAPALI;KAPALI;1;2026-09-21 08:30:08
5139;PTT_SUBE;1934;MERVEŞEHİR  ŞUBESİ;MERVEŞEHİR MAHALLESİ 49001NOLU CADDE No: 2 ŞEHİTKAMİL GAZİANTEP;03423291484;27;GAZİANTEP;;;;37.088619;37.391636;08:30-12:30/13:30-17:00;KAPALI;KAPALI;1;2026-09-21 08:30:08
5137;PTT_SUBE;7985;NURDAĞI  ŞUBE ŞEFLİĞİ;FATİH MAHALLESİ RECEP TAYYİP ERDOGAN BULVAR No: 3 NURDAĞI GAZİANTEP;03426713400;27;GAZİANTEP;;;;37.175793614;36.728683208;08:30-12:30/13:30-17:00;KAPALI;KAPALI;1;2026-09-21 08:30:08
5138;PTT_SUBE;2714;NİZİP MÜDÜRLÜĞÜ;SULTAN ABDÜLHAMİT MAHALLESİ LEYLAK SOKAK No: 3 A NİZİP GAZİANTEP;03425171100;27;GAZİANTEP;;;;37.010497;37.81301;08:30-12:30;KAPALI;KAPALI;1;2026-09-21 08:30:08
5135;PTT_SUBE;6582;ORGANİZE SANAYİ BÖLGESİ ŞUBESİ;BAŞPINAR(ORGANİZE)OSB MAHALLESİ O.S.B. 1.BÖLGE 83120 NOLU CADDE No: 5 ŞEHİTKAMİL GAZİANTEP;03423371405;27;GAZİANTEP;;;;37.14891201;37.29522492;08:30-12:30/13:30-17:00;KAPALI;KAPALI;1;2026-09-21 08:30:08
5136;PTT_SUBE;8555;OĞUZELİ ŞUBE ŞEFLİĞİ;OĞUZLAR MAHALLESİ KARPUZATAN CADDE No: 4 A OĞUZELİ GAZİANTEP;0;27;GAZİANTEP;;;;36.964644;37.508102;08:30-12:30/13:30-17:00;KAPALI;KAPALI;1;2026-09-21 08:30:08
5134;PTT_SUBE;1608;SANKOPARK ŞUBESİ;SARIGÜLLÜK MAHALLESİ MARAŞAL FEVZİ ÇAKMAK BULVAR No: 23 ŞEHİTKAMİL GAZİANTEP;03423364298;27;GAZİANTEP;;;;37.06302;37.363015;10:00-18:00/00:00-00:00;KAPALI;KAPALI;1;2026-09-21 08:30:08
5133;PTT_SUBE;8534;SEYRANTEPE  ŞUBESİ;SEYRANTEPE MAHALLESİ 65002 CADDE No: 1 D ŞEHİTKAMİL GAZİANTEP;0;27;GAZİANTEP;;;;37.074303;37.41665904;08:30-12:30/13:30-17:00;KAPALI;KAPALI;1;2026-09-21 08:30:08
5125;PTT_SUBE;1587;VİLAYET  ŞUBESİ;DEĞİRMİÇEM MAHALLESİ PRF. MUAMMER AKSOY BULVAR No: 8 ŞEHİTKAMİL GAZİANTEP;03422302924;27;GAZİANTEP;;;;37.066632;37.375993;08:30-12:30/13:30-17:00;KAPALI;KAPALI;1;2026-09-21 08:30:08
5124;PTT_SUBE;1704;YAVUZELİ  ŞUBESİ;HÜRRİYET MAHALLESİ GAZİANTEP CADDE No: 25 YAVUZELİ GAZİANTEP;03426412001;27;GAZİANTEP;;;;37.313907;37.565338;08:30-12:30/13:30-17:00;KAPALI;KAPALI;1;2026-09-21 08:30:08
1480;PTT_SUBE;1207;ÇAĞDAŞ ŞUBESİ;ÇAĞDAŞ MAHALLESİ M.OĞUZ GÖĞÜŞ CADDE No:179 ŞAHİNBEY GAZİANTEP;03423360306;27;GAZİANTEP;;;;37.04323569;37.339183694;08:30-12:30 / 13:30-17:00;KAPALI;KAPALI;1;2026-09-14 08:28:22
5158;PTT_SUBE;6098;ÇIKSORUT POSTA DAĞITIM  MÜDÜRLÜĞÜ;GÖLLÜCE MAHALLESİ 25095 NOLU SOKAK No: 2 M ŞEHİTKAMİL GAZİANTEP;03425032701;27;GAZİANTEP;;;;37.07544;37.41123;08:30-17:30;08:30-17:30;KAPALI;1;2026-09-21 08:30:08
5126;PTT_SUBE;8548;ÜÇÜKLAR KURUMSAL ACENTELİĞİ;ÜÇOKLAR MAHALLESİ HASİP DÜRRİ CADDE No: 251 ŞAHİNBEY GAZİANTEP;0;27;GAZİANTEP;;;;37.047734377;37.407774482;08:30-12:30/13:30-17:00;10:00-16:00/-;KAPALI;1;2026-09-21 08:30:08
5144;PTT_SUBE;1477;İSLAHİYE MÜDÜRLÜĞÜ;ÇAMLICA MAHALLESİ HAKKI DEMİREL CADDE No: 9 İSLAHİYE GAZİANTEP;00000000000;27;GAZİANTEP;;;;37.02691602;36.63251208;08:30-12:30;KAPALI;KAPALI;1;2026-09-21 08:30:08
5132;PTT_SUBE;1187;ŞAHİNBEY MÜDÜRLÜĞÜ;ŞAHİNTEPE MAHALLESİ 133398 NOLU CADDE No: 13 C ŞAHİNBEY GAZİANTEP;03423383525;27;GAZİANTEP;;;;37.01729997;37.33848792;08:30-17:30/-;KAPALI;KAPALI;1;2026-09-21 08:30:08
5131;PTT_SUBE;7499;ŞAHİNBEY OTO SANAYİ SİTESİ  ŞUBESİ;MAVİKENT MAHALLESİ 135022 NOLU CADDE No: 62 A ŞAHİNBEY GAZİANTEP;03422323666;27;GAZİANTEP;;;;36.99520596;37.38514896;08:30-12:30/13:30-17:00;KAPALI;KAPALI;1;2026-09-21 08:30:08
5130;PTT_SUBE;7828;ŞAHİNBEY POSTA KARGO DAĞITIM  MÜDÜRLÜĞÜ;BÜLBÜLZADE MAHALLESİ ŞEHİT OĞUZHAN TEKEREK CADDE No: 62 ŞAHİNBEY GAZİANTEP;03425030893;27;GAZİANTEP;;;;37.022718;37.348448;08:30-12:30;08:30-12:30;KAPALI;1;2026-09-21 08:30:08
5129;PTT_SUBE;2743;ŞEHİTKAMİL MÜDÜRLÜĞÜ;EYDİBABA MAHALLESİ KORUTÜRK CADDE No: 127 A ŞEHİTKAMİL GAZİANTEP;03423241012;27;GAZİANTEP;;;;37.078174;37.376241;08:30-12:30;KAPALI;KAPALI;1;2026-09-21 08:30:08
1451;PTT_SUBE;6834;ŞEHİTKAMİL POSTA DAĞITIM  MÜDÜRLÜĞÜ;MÜCAHİTLER MAHALLESİ MARAŞAL FEVZİ ÇAKMAK BULVAR No: 106 ŞEHİTKAMİL GAZİANTEP;03423200362;27;GAZİANTEP;;;;37.081232;37.352751;08:30-12:30;08:30-12:30;KAPALI;1;2026-09-14 08:28:22
5128;PTT_SUBE;6834;ŞEHİTKAMİL POSTA KARGO DAĞITIM MÜDÜRLÜĞÜ;MÜCAHİTLER MAHALLESİ MARAŞAL FEVZİ ÇAKMAK. BULVAR No:106 ŞEHİTKAMİL GAZİANTEP;03423200362;27;GAZİANTEP;;;;37.08123201;37.35275112;08:30-12:30 / 13:30-17:00;08:30-12:30 / 13:30-17:00;KAPALI;1;2026-09-21 08:30:08
5127;PTT_SUBE;8535;ŞİREHAN ŞUBESİ;ALAYBEY MAHALLESİ İNÖNÜ CADDE No: 217 ŞAHİNBEY GAZİANTEP;0;27;GAZİANTEP;;;;37.05824502;37.38592188;08:30-12:30/13:30-17:00;KAPALI;KAPALI;1;2026-09-21 08:30:08
5218;PTT_SUBE;8161;BAHÇELİ ACENTELİĞİ;BAHÇELİ BELDESİ/SOBRAN MAHALLESİ ŞEHİT ABDULVAHİD TANIŞ CADDE No: 2 B MERKEZ GÜMÜŞHANE;04562131001;29;GÜMÜŞHANE;;;;40.41854;39.662851;09:00-12:00/13:00-17:00;KAPALI;KAPALI;1;2026-09-21 08:30:09
5217;PTT_SUBE;5967;DEREDOLU ACENTELİĞİ;DEREDOLU BELDESİ/CUMHURİYET MAHALLESİ YONCA SOKAK No: 4 A KELKİT GÜMÜŞHANE;04563261212;29;GÜMÜŞHANE;;;;40.039285;39.509699;09:00-12:00/13:00-17:00;KAPALI;KAPALI;1;2026-09-21 08:30:09
5216;PTT_SUBE;2138;GÜMÜŞHANE MÜDÜRLÜĞÜ;KARAER MAHALLESİ ATATÜRK CADDE No: 48 B MERKEZ GÜMÜŞHANE;04562131001;29;GÜMÜŞHANE;;;;40.458757;39.481942;08:30-12:30/13:30-17:00;KAPALI;KAPALI;1;2026-09-21 08:30:09
5215;PTT_SUBE;2085;HARŞİT (ÖZKÜRTÜN) ŞUBESİ;ÖZKÜRTÜN BELDESİ/CAYRA MAHALLESİ ŞEHİT YUSUF YAKIŞIR CADDE No: 22 KÜRTÜN GÜMÜŞHANE;04567215090;29;GÜMÜŞHANE;;;;40.66967;39.138802;08:30-12:30/13:00-17:30;KAPALI;KAPALI;1;2026-09-21 08:30:09
5214;PTT_SUBE;2142;KELKİT MÜDÜRLÜĞÜ;BAHÇELİEVLER MAHALLESİ BAHÇELİ SOKAK No: 11 KELKİT GÜMÜŞHANE;04563171001;29;GÜMÜŞHANE;;;;40.126143;39.434183;08:30-12:30/13:30-17:30;KAPALI;KAPALI;1;2026-09-21 08:30:09
5212;PTT_SUBE;2166;KUŞAKKAYA  ŞUBESİ;HASANBEY MAHALLESİ CUMHURİYET CADDE No: 18 A MERKEZ GÜMÜŞHANE;04562131629;29;GÜMÜŞHANE;;;;40.459663;39.477123;08:30-12:30/13:30-17:30;KAPALI;KAPALI;1;2026-09-21 08:30:09
5213;PTT_SUBE;2226;KÖSE  ŞUBESİ;FATİH MAHALLESİ MAHMUT OLTAN SUNGURLU CADDE No: 84 B KÖSE GÜMÜŞHANE;04564115190;29;GÜMÜŞHANE;;;;40.210875;39.653081;08:30-12:30/13:30-17:30;KAPALI;KAPALI;1;2026-09-21 08:30:09
5211;PTT_SUBE;2233;KÜRTÜN  ŞUBESİ;AŞAĞI ULUKÖY MAHALLESİ TRANSİT CADDE No: 125 A KÜRTÜN GÜMÜŞHANE;04564566001;29;GÜMÜŞHANE;;;;40.701676179;39.085773267;08:30-12:30/13:30-17:30;KAPALI;KAPALI;1;2026-09-21 08:30:09
5210;PTT_SUBE;2275;SÖĞÜTLÜ ACENTELİĞİ;SÖĞÜTLÜ BELDESİ/MERKEZ MAHALLESİ ŞEHİT TAHSİN CADDE No: 44 KELKİT GÜMÜŞHANE;05074565215;29;GÜMÜŞHANE;;;;40.084203;39.254535;09:00-12:30/13:30-17:00;KAPALI;KAPALI;1;2026-09-21 08:30:09
5208;PTT_SUBE;2157;TORUL MÜDÜRLÜĞÜ;KALEDİBİ MAHALLESİ ATATÜRK CADDE No: 48 TORUL GÜMÜŞHANE;04566112471;29;GÜMÜŞHANE;;;;40.55658;39.292743;08:30-12:30/13:30-17:30;KAPALI;KAPALI;1;2026-09-21 08:30:09
5207;PTT_SUBE;2267;YEŞİLBÜK ACENTELİĞİ;YEŞİLBÜK BELDESİ/YEŞİLKENT MAHALLESİ ZÜBEYDE HANIM CADDE No: 2 ŞİRAN GÜMÜŞHANE;04565117001;29;GÜMÜŞHANE;;;;40.217386;38.985751;08:30-12:30/13:30-17:00;08:30-12:30/13:30-17:00;KAPALI;1;2026-09-21 08:30:09
5209;PTT_SUBE;2154;ŞİRAN MÜDÜRLÜĞÜ;TEKKE MAHALLESİ 15 TEMMUZ CUMHURİYET VE MİLLİ İRADE MEYDAN No: 4 /1 ŞİRAN GÜMÜŞHANE;04565117001;29;GÜMÜŞHANE;;;;40.189802746;39.125623595;08:30-12:30/13:30-17:30;KAPALI;KAPALI;1;2026-09-21 08:30:09
5206;PTT_SUBE;7714;AKSU  ŞUBESİ;AKSU MAHALLESİ AKSU CADDE No: 14 B MERKEZ GİRESUN;0;28;GİRESUN;;;;40.90781;38.439755;08:30-12:30/13:30-17:00;KAPALI;KAPALI;1;2026-09-21 08:30:09
5205;PTT_SUBE;3446;ALUCRA MÜDÜRLÜĞÜ;VEYSEL KARANİ MAHALLESİ HÜRRİYET CADDE No: 39 D ALUCRA GİRESUN;04547513122;28;GİRESUN;;;;40.322599;38.761691;08:30-17:00/-;KAPALI;KAPALI;1;2026-09-21 08:30:09
5204;PTT_SUBE;3490;AYDINDERE ACENTELİĞİ;AYDINDERE BELDESİ/MERKEZ MAHALLESİ İSTİKLAL CADDE No: 17 BULANCAK GİRESUN;04543262311;28;GİRESUN;;;;40.662907;38.069588;08:30-12:30/13:30-17:00;KAPALI;KAPALI;1;2026-09-21 08:30:09
5203;PTT_SUBE;3497;BAŞMÜDÜRLÜK  ŞUBESİ;HACISİYAM MAHALLESİ ATATÜRK BULVAR No: 83 B MERKEZ GİRESUN;04542121016;28;GİRESUN;;;;40.913080729;38.376202702;08:30-12:30/13:30-17:00;KAPALI;KAPALI;1;2026-09-21 08:30:09
5202;PTT_SUBE;3493;BOZAT ACENTELİĞİ;BOZAT KÖYÜ/BOZAT MEVKİİ DEĞİRMENYANI KÜME EVLER No: 6 PİRAZİZ GİRESUN;04543645337;28;GİRESUN;;;;40.863546;38.079022;08:30-12:30/13:30-17:00;KAPALI;KAPALI;1;2026-09-21 08:30:09
5201;PTT_SUBE;3449;BULANCAK MÜDÜRLÜĞÜ;BULANCAK MAHALLESİ ŞHT.OĞUZ TÜRÜDÜ CADDE No: 7 BULANCAK GİRESUN;04543182500;28;GİRESUN;;;;40.938786;38.233885;08:30-17:00;KAPALI;KAPALI;1;2026-09-21 08:30:09
5196;PTT_SUBE;3455;DERELİ MÜDÜRLÜĞÜ;SÜTLÜCE MAHALLESİ OSMAN ÇİFTÇİ SOKAK No: 2 A DERELİ GİRESUN;04543813122;28;GİRESUN;;;;40.736181177;38.451303044;08:30-17:00;KAPALI;KAPALI;1;2026-09-21 08:30:09
5195;PTT_SUBE;3510;DOĞANKENT  ŞUBESİ;MERKEZ MAHALLESİ HARŞİT CADDE No: 44 A DOĞANKENT GİRESUN;04544716155;28;GİRESUN;;;;40.808212;38.917168;08:30-12:30/13:30-17:00;KAPALI;KAPALI;1;2026-09-21 08:30:09
5194;PTT_SUBE;3500;DUROĞLU ACENTELİĞİ;DUROĞLU BELDESİ/HOMURLU MAHALLESİ SÜTLAÇOĞLU CADDE No: 31 MERKEZ GİRESUN;04542537416;28;GİRESUN;;;;40.83880599;38.47017492;08:30-12:30/13:30-17:00;KAPALI;KAPALI;1;2026-09-21 08:30:09
5193;PTT_SUBE;3458;ESPİYE MÜDÜRLÜĞÜ;MERKEZ MAHALLESİ ADNAN MENDERES BULVAR No: 118 ESPİYE GİRESUN;04546114122;28;GİRESUN;;;;40.948767;38.704527;08:30-17:00;KAPALI;KAPALI;1;2026-09-21 08:30:09
5192;PTT_SUBE;3466;EYNESİL MÜDÜRLÜĞÜ;GÜMÜŞÇAY MAHALLESİ MEHMET SOMUNCUOĞLU CADDE No: 88 EYNESİL GİRESUN;04545813031;28;GİRESUN;;;;41.063048;39.141031;08:30-17:00/-;KAPALI;KAPALI;1;2026-09-21 08:30:09
5189;PTT_SUBE;3471;GÖRELE MÜDÜRLÜĞÜ;KUMYALI MAHALLESİ SALİH SİNİRLİOĞLU CADDE No: 9 GÖRELE GİRESUN;04545131122;28;GİRESUN;;;;41.032411304;39.002932202;08:30-17:00;KAPALI;KAPALI;1;2026-09-21 08:30:09
5188;PTT_SUBE;3452;GÜCE  ŞUBESİ;GÜCE MAHALLESİ Ş.MUAMMER DUR SOKAK No: 12 A GÜCE GİRESUN;04544516121;28;GİRESUN;;;;40.893998;38.808064;08:30-12:30/13:30-17:00;KAPALI;KAPALI;1;2026-09-21 08:30:09
5191;PTT_SUBE;8486;GİRESUN DAĞITIM VE TOPLAMA MÜDÜRLÜĞÜ;HACISİYAM MAHALLESİ ATATÜRK BULVAR No:83 A MERKEZ GİRESUN;04542126285;28;GİRESUN;;;;40.912906;38.376144;08:30-17:30 / -;KAPALI;KAPALI;1;2026-09-21 08:30:09
5190;PTT_SUBE;3476;GİRESUN MÜDÜRLÜĞÜ;KAPU MAHALLESİ GAZİ CADDE No: 105 MERKEZ GİRESUN;04542161122;28;GİRESUN;;;;40.916611;38.389055;08:30-17:00;KAPALI;KAPALI;1;2026-09-21 08:30:09
5187;PTT_SUBE;3533;HÜKÜMET KONAĞI  ŞUBESİ;ÇITLAKKALE MAHALLESİ ATATÜRK BULVAR No: 115 MERKEZ GİRESUN;04542154477;28;GİRESUN;;;;40.907730187;38.367259841;08:00-12:00/13:00-16:30;KAPALI;KAPALI;1;2026-09-21 08:30:09
5184;PTT_SUBE;3513;KARABÖRK ACENTELİĞİ;KARABÖRK KÖYÜ/MERKEZ MEVKİİ ATATÜRK KÜME EVLER No: 24 A ÇANAKÇI GİRESUN;04545942338;28;GİRESUN;;;;40.8756;39.036253;08:30-12:30/13:30-17:00;KAPALI;KAPALI;1;2026-09-21 08:30:09
5183;PTT_SUBE;8413;KEŞAP MÜDÜRLÜĞÜ;BOZKURT MAHALLESİ ATATÜRK CADDE No: 19 KEŞAP GİRESUN;04546414450;28;GİRESUN;;;;40.91621567;38.51040209;08:30-17:00;KAPALI;KAPALI;1;2026-09-21 08:30:09
5182;PTT_SUBE;3519;KOVANLIK ACENTELİĞİ;KOVANLIK BELDESİ/MERKEZ MAHALLESİ FATİH CADDE No: 29 C BULANCAK GİRESUN;04543534150;28;GİRESUN;;;;40.74627897;38.12781708;08:30-12:30/13:30-17:00;KAPALI;KAPALI;1;2026-09-21 08:30:09
5180;PTT_SUBE;3485;PİRAZİZ MÜDÜRLÜĞÜ;YENİ MAHALLESİ BAHTİYAR AYDIN PAŞA BULVAR No: 5 A PİRAZİZ GİRESUN;04543613122;28;GİRESUN;;;;40.953302889;38.123272695;08:30-17:00;KAPALI;KAPALI;1;2026-09-21 08:30:09
5179;PTT_SUBE;3522;SOĞUKPINAR ACENTELİĞİ;SOĞUKPINAR BELDESİ/MERKEZ MAHALLESİ BELEN/1 SOKAK No: 1 ESPİYE GİRESUN;05339341270;28;GİRESUN;;;;40.818972;38.736924;08:30-12:30/13:30-17:00;KAPALI;KAPALI;1;2026-09-21 08:30:09
5177;PTT_SUBE;3477;TEYYAREDÜZÜ  ŞUBESİ;TEYYAREDÜZÜ MAHALLESİ BOZTEKKE CADDE No: 17 B MERKEZ GİRESUN;04542153454;28;GİRESUN;;;;40.91404203;38.335446;08:30-12:30/13:30-17:00;KAPALI;KAPALI;1;2026-09-21 08:30:09
5176;PTT_SUBE;3491;TİREBOLU MÜDÜRLÜĞÜ;ÇARŞI MAHALLESİ BELEDİYE CADDE No: 46 TİREBOLU GİRESUN;04544114122;28;GİRESUN;;;;41.00684;38.814898;08:30-17:00/-;KAPALI;KAPALI;1;2026-09-21 08:30:09
5173;PTT_SUBE;3529;YAVUZ KEMAL ACENTELİĞİ;YAVUZKEMAL BELDESİ/ŞIHLAR MAHALLESİ ŞEHİT EMRAH EKER MEVKİİ KÜME EVLER No: 11 DERELİ GİRESUN;05327376159;28;GİRESUN;;;;40.631448;38.321955;08:30-12:30/13:30-17:00;KAPALI;KAPALI;1;2026-09-21 08:30:09
5174;PTT_SUBE;3480;YAĞLIDERE  ŞUBESİ;MERKEZ MAHALLESİ SELÇUK KAYAALP CADDE No: 21 A YAĞLIDERE GİRESUN;04546712273;28;GİRESUN;;;;40.85973603;38.62562004;08:30-12:30/13:30-17:00;KAPALI;KAPALI;1;2026-09-21 08:30:09
5200;PTT_SUBE;3496;ÇALDAĞ ACENTELİĞİ;OSMANİYE KÖYÜ/OSMANİYE MEVKİİ AŞIKLAR KÜME EVLER No: 13 - MERKEZ GİRESUN;04542812002;28;GİRESUN;;;;40.771402;38.325033;08:30-12:30/13:30-17:00;KAPALI;KAPALI;1;2026-09-21 08:30:09
5199;PTT_SUBE;3464;ÇAMOLUK MÜDÜRLÜĞÜ;KURTULUŞ MAHALLESİ ŞEHİT ÜSTEĞMEN ŞERİF ARACI CADDE No: 3 D ÇAMOLUK GİRESUN;04547815121;28;GİRESUN;;;;40.134839;38.735912;08:30-17:00;KAPALI;KAPALI;1;2026-09-21 08:30:09
5198;PTT_SUBE;3502;ÇANAKÇI ŞUBESİ;MERKEZ MAHALLESİ ATATÜRK CADDE No:16 A ÇANAKÇI GİRESUN;04545912422;28;GİRESUN;;;;40.917243;39.009598;08:30-12:30 / 13:30-17:00;KAPALI;KAPALI;1;2026-09-21 08:30:09
5197;PTT_SUBE;3505;ÇAVUŞLU ŞUBESİ;ÇAVUŞLU BELDESİ/MERKEZ MAHALLESİ SAHİL CADDE No: 57 A GÖRELE GİRESUN;04545230122;28;GİRESUN;;;;41.040356;39.066296;08:30-12:30/13:30-17:00;KAPALI;KAPALI;1;2026-09-21 08:30:09
5181;PTT_SUBE;3521;ÖREN ACENTELİĞİ;ÖREN BELDESİ/CAMİDÜZÜ MAHALLESİ CAMİDÜZÜ KÜME EVLER No: 80 A EYNESİL GİRESUN;04545865527;28;GİRESUN;;;;41.033678;39.148352;08:30-12:30/13:30-17:00;KAPALI;KAPALI;1;2026-09-21 08:30:09
5175;PTT_SUBE;3525;ÜÇTEPE ACENTELİĞİ;ÜÇTEPE BELDESİ/KOZBÜKÜ MAHALLESİ YAĞLIDERE CADDE No: 2 A YAĞLIDERE GİRESUN;05324816452;28;GİRESUN;;;;40.726238;38.62743;08:30-12:30/13:30-17:00;KAPALI;KAPALI;1;2026-09-21 08:30:09
5186;PTT_SUBE;3461;İHSANİYE  ŞUBESİ;İHSANİYE MAHALLESİ UZUN SOKAK No: 4 -6A BULANCAK GİRESUN;04543182088;28;GİRESUN;;;;40.93729618;38.22299273;08:30-12:30/13:30-17:00;KAPALI;KAPALI;1;2026-09-21 08:30:09
5185;PTT_SUBE;3509;İNİŞDİBİ ACENTELİĞİ;İNİŞDİBİ KÖYÜ/MERKEZ MEVKİİ BATLAMA KÜME EVLER No: 33 A MERKEZ GİRESUN;04542862012;28;GİRESUN;;;;40.724475;38.295437;08:30-12:30/13:30-17:00;KAPALI;KAPALI;1;2026-09-21 08:30:09
5178;PTT_SUBE;3489;ŞEBİNKARAHİSAR MÜDÜRLÜĞÜ;BÜLBÜL MAHALLESİ KAZIM KARABEKİR CADDE No: 2 ŞEBİNKARAHİSAR GİRESUN;04547114122;28;GİRESUN;;;;40.28888;38.42319;08:30-17:00;KAPALI;KAPALI;1;2026-09-21 08:30:09
5228;PTT_SUBE;4604;3.TAKTİK TÜMEN  ŞUBESİ;İPEK MAHALLESİ 117 SOKAK No: 15 YÜKSEKOVA HAKKARİ;04383514077;30;HAKKARİ;;;;37.577554174;44.284034019;08:30-12:30/13:30-17:00;KAPALI;KAPALI;1;2026-09-21 08:30:10
5224;PTT_SUBE;5419;DERECİK  ŞUBESİ;MERKEZ MAHALLESİ VATAN CADDE No: 6 DERECİK HAKKARİ;04384613224;30;HAKKARİ;;;;37.081427;44.311168;08:30-12:30/13:30-17:00;KAPALI;KAPALI;1;2026-09-21 08:30:10
5223;PTT_SUBE;4193;HAKKARİ MÜDÜRLÜĞÜ;BULAK MAHALLESİ CUMHURIYET CADDE No: 7 A MERKEZ HAKKARİ;04382116040;30;HAKKARİ;;;;37.57726382;43.736539968;08:00-17:00/-;KAPALI;KAPALI;1;2026-09-21 08:30:10
5222;PTT_SUBE;4490;OTLUCA (DAĞ KOM.TUG.KOMT.) ŞUBESİ;OTLUCA KÖYÜ/DAĞ KOMANDO TUGAYI MEVKİİ DAG KOMKANDO TUGAYI KÜME EVLER No: 128 MERKEZ HAKKARİ;04382631044;30;HAKKARİ;;;;37.616584;43.688244;08:00-12:00/13:00-17:00;KAPALI;KAPALI;1;2026-09-21 08:30:10
5220;PTT_SUBE;4048;TUGAY KOMUTANLIĞI  ŞUBESİ;YEŞİL ÇEŞME MAHALLESİ HAKKARI CADDE No: 21 ÇUKURCA HAKKARİ;04385112520;30;HAKKARİ;;;;37.24929;43.61095;08:00-12:00/13:00-17:00;KAPALI;KAPALI;1;2026-09-21 08:30:10
5219;PTT_SUBE;4461;YÜKSEKOVA MÜDÜRLÜĞÜ;YENİ MAHALLESİ IPEK YOLU CADDE No: 181 YÜKSEKOVA HAKKARİ;04383512578;30;HAKKARİ;;;;37.572047372;44.280114186;08:00-17:00/-;KAPALI;KAPALI;1;2026-09-21 08:30:10
5227;PTT_SUBE;4483;ÇARŞI  ŞUBESİ;DAĞGÖL MAHALLESİ HASTANE CADDE No: 14 MERKEZ HAKKARİ;04382114382;30;HAKKARİ;;;;37.57195572;43.733516179;08:30-12:30/13:30-17:00;08:30-12:30/13:30-16:00;KAPALI;1;2026-09-21 08:30:10
5226;PTT_SUBE;8223;ÇARŞI ŞUBESİ;YENİ MAHALLESİ MILLI EGEMENLIK CADDE No: 34/17 YÜKSEKOVA HAKKARİ;0;30;HAKKARİ;;;;37.57039;44.278226;08:30-12:30/13:30-17:00;KAPALI;KAPALI;1;2026-09-21 08:30:10
5225;PTT_SUBE;6556;ÇUKURCA MÜDÜRLÜĞÜ;CUMHURİYET MAHALLESİ CUMHURIYET CADDE No: 87 /1 ÇUKURCA HAKKARİ;04385112050;30;HAKKARİ;;;;37.250448;43.615379;08:00-17:00;KAPALI;KAPALI;1;2026-09-21 08:30:10
5221;PTT_SUBE;4464;ŞEMDİNLİ MÜDÜRLÜĞÜ;YENİ MAHALLESİ CUMHURIYET CADDE No: 2 ŞEMDİNLİ HAKKARİ;04384113400;30;HAKKARİ;;;;37.307699824;44.571734746;08:00-17:00;KAPALI;KAPALI;1;2026-09-21 08:30:10
5275;PTT_SUBE;8460;ADLİYE  ŞUBESİ;NUMUNE MAHALLESİ DR. SADIK AHMET CADDE No: 121 /11 İSKENDERUN HATAY;00000000000;31;HATAY;;;;36.564728;36.158738;08:30-12:30/13:30-17:00;KAPALI;KAPALI;1;2026-09-21 08:30:10
5274;PTT_SUBE;8541;ADLİYE ŞUBESİ;AKASYA MAHALLESİ ÇEVRE YOLU CADDE No: 302 ANTAKYA HATAY;0;31;HATAY;;;;36.22248702;36.12684204;08:30-12:30/13:30-17:00;KAPALI;KAPALI;1;2026-09-21 08:30:10
5273;PTT_SUBE;8091;AKBEZ  ŞUBESİ;AKBEZ MAHALLESİ HASSA (YENİ)- CADDE No: 134  D- HASSA HATAY;03267875001;31;HATAY;;;;36.849013;36.549471;08:30-12:30/13:30-17:00;KAPALI;KAPALI;1;2026-09-21 08:30:10
5271;PTT_SUBE;364;AKTEPE  ŞUBESİ;AKTEPE MAHALLESİ ATATÜRK 1 CADDE No: 74 HASSA HATAY;03267835005;31;HATAY;;;;36.70077204;36.48521592;08:30-12:30/13:30-17:00;KAPALI;KAPALI;1;2026-09-21 08:30:10
5272;PTT_SUBE;8427;AKÇALI ACENTELİĞİ;AKÇALI MAHALLESİ İSMET İNÖNÜ (YENİŞEHİR) CADDE No: 7 /2 ARSUZ HATAY;0;31;HATAY;;;;36.40985703;35.949951;08:30-12:30/13:30-17:00;KAPALI;KAPALI;1;2026-09-21 08:30:10
5270;PTT_SUBE;2320;ALTINKAYA ACENTELİĞİ;ALTINKAYA MAHALLESİ CENGİZHAN CADDE No: 1 ALTINÖZÜ HATAY;03263232370;31;HATAY;;;;36.15601;36.257244;09:00-12:30/13:30-17:00;KAPALI;KAPALI;1;2026-09-21 08:30:10
5269;PTT_SUBE;8447;ALTINÖZÜ  MÜDÜRLÜĞÜ;YENİŞEHİR MAHALLESİ ATATÜRK CADDE No: 6 kardeşlik çarşısı prefabrik no: 30/31 ALTINÖZÜ HATAY;03263112311;31;HATAY;;;;36.11545299;36.24656688;08:30-17:00;KAPALI;KAPALI;1;2026-09-21 08:30:10
5268;PTT_SUBE;8476;ANTAKYA  MÜDÜRLÜĞÜ;CEBRAİL MAHALLESİ CUMHURİYET ALANI MEYDAN No: 1 ANTAKYA HATAY;03262142417;31;HATAY;;;;36.202799;36.159711;KAPALI;KAPALI;KAPALI;1;2026-09-21 08:30:10
5267;PTT_SUBE;1486;ARDIÇLI ACENTELİĞİ;ARDIÇLI MAHALLESİ MEHMET AKİF 1 CADDE No: 51 -55A HASSA HATAY;05353192343;31;HATAY;;;;36.729983;36.522514;09:00-12:30/13:30-17:00;KAPALI;KAPALI;1;2026-09-21 08:30:10
5266;PTT_SUBE;598;ARSUZ MÜDÜRLÜĞÜ;GÖZCÜLER MAHALLESİ 34. SOKAK No: 7 A ARSUZ HATAY;03266612354;31;HATAY;;;;36.414231;35.895557;08:30-12:30;KAPALI;KAPALI;1;2026-09-21 08:30:10
5265;PTT_SUBE;7511;BELEN MÜDÜRLÜĞÜ;CUMHURİYET MAHALLESİ ADNAN MENDERES1. CADDE No: 1 BELEN HATAY;03264413819;31;HATAY;;;;36.489851;36.198205;08:30-12:30;KAPALI;KAPALI;1;2026-09-21 08:30:10
5264;PTT_SUBE;1607;BEZGE ACENTELİĞİ;BEZGE MAHALLESİ NAMIK KEMAL CADDE No: 12 YAYLADAĞI HATAY;05314581000;31;HATAY;;;;35.968175;36.01405;08:30-17:00/-;KAPALI;KAPALI;1;2026-09-21 08:30:10
5260;PTT_SUBE;8550;DEMİRKÖPRÜ ACENTELİĞİ;DEMİRKÖPRÜ MAHALLESİ YURTSEVER CADDE No: 12 ANTAKYA HATAY;0;31;HATAY;;;;36.24880302;36.35310816;08:30-12:30/13:30-17:00;10:00-16:00/-;KAPALI;1;2026-09-21 08:30:10
5259;PTT_SUBE;7620;DENİZCİLER  ŞUBESİ;DENİZCİLER MAHALLESİ 114.- SOKAK No: 21 - İSKENDERUN HATAY;03266453412;31;HATAY;;;;36.64237302;36.21553416;08:30-12:30/13:30-17:00;KAPALI;KAPALI;1;2026-09-21 08:30:10
5261;PTT_SUBE;8211;DEĞİRMENBAŞI ACENTELİĞİ;DEĞİRMENBAŞI MAHALLESİ VATAN 2 CADDE No: 202 SAMANDAĞ HATAY;05312588958;31;HATAY;;;;36.12669003;36.05308416;09:00-12:30/13:30-17:00;KAPALI;KAPALI;1;2026-09-21 08:30:10
5258;PTT_SUBE;748;DÖRTYOL ADLİYE ŞUBESİ;NUMUNE EVLER MAHALLESİ ABDİ İPEKÇİ CADDE No: 8 DÖRTYOL HATAY;03267121944;31;HATAY;;;;36.834224211;36.222040421;08:30-12:30/13:30-17:00;KAPALI;KAPALI;1;2026-09-21 08:30:10
5257;PTT_SUBE;293;DÖRTYOL MÜDÜRLÜĞÜ;NUMUNE EVLER MAHALLESİ İNÖNÜ CADDE No: 1 A DÖRTYOL HATAY;03267121844;31;HATAY;;;;36.83527;36.22695;08:30-17:30;KAPALI;KAPALI;1;2026-09-21 08:30:10
5256;PTT_SUBE;1809;ERZİN MÜDÜRLÜĞÜ;İSTİKLAL MAHALLESİ DEMOKRASİ CADDE No: 26 A ERZİN HATAY;03266815001;31;HATAY;;;;36.956382;36.198109;08:30-17:00;KAPALI;KAPALI;1;2026-09-21 08:30:10
5255;PTT_SUBE;8492;HARBİYE ESENBULAK ŞUBESİ;HARBİYE MAHALLESİ ATATÜRK BULVAR No: 40 DEFNE HATAY;03262000000;31;HATAY;;;;36.15914;36.141424;08:30-12:30/13:30-17:00;KAPALI;KAPALI;1;2026-09-21 08:30:10
5254;PTT_SUBE;327;HASSA MÜDÜRLÜĞÜ;DERVİŞPAŞA MAHALLESİ YARBAŞI CADDE No: 16 A HASSA HATAY;03267715001;31;HATAY;;;;36.803765;36.522307;08:30-12:30;KAPALI;KAPALI;1;2026-09-21 08:30:10
5253;PTT_SUBE;279;HATAY DAĞITIM VE TOPLAMA  MERKEZİ;MAŞUKLU MAHALLESİ ATATÜRK (İSTİKLAL) CADDE No: 99 ANTAKYA HATAY;03260000000;31;HATAY;;;;36.230938;36.194021;08:30-12:30/13:30-17:30;08:30-12:30/-;KAPALI;1;2026-09-21 08:30:10
5249;PTT_SUBE;7603;KARAAĞAÇ ŞUBESİ;KARAAĞAÇ ÖVÜNDÜK MAHALLESİ ATATÜRK (KONARLI) CADDE No: 242 - ARSUZ HATAY;03266413132;31;HATAY;;;;36.55824;36.125263;08:30-12:30/13:30-17:00;KAPALI;KAPALI;1;2026-09-21 08:30:10
5248;PTT_SUBE;7964;KARAKÖSE ACENTELİĞİ;KARAKÖSE MAHALLESİ BELEDİYE MEYDAN No: 13 YAYLADAĞI HATAY;05346125947;31;HATAY;;;;36.026001;36.022383;08:30-12:30/13:30-17:00;KAPALI;KAPALI;1;2026-09-21 08:30:10
5247;PTT_SUBE;8424;KESKİNCİK ACENTESİ;KESKİNCİK MAHALLESİ KESKİNCİK 100 SOKAK No: 5 A ALTINÖZÜ HATAY;05388809266;31;HATAY;;;;36.106917;36.32813;08:30-12:30/01:30-17:30;KAPALI;KAPALI;1;2026-09-21 08:30:10
5246;PTT_SUBE;7967;KIRIKHAN ADLİYE ŞUBESİ;CUMHURİYET MAHALLESİ 353 SOKAK No: 7 KIRIKHAN HATAY;03263444125;31;HATAY;;;;36.49637;36.361236;08:30-12:30/13:30-17:00;KAPALI;KAPALI;1;2026-09-21 08:30:10
5245;PTT_SUBE;1409;KIRIKHAN MÜDÜRLÜĞÜ;KARATAŞ MAHALLESİ ŞEHİT BAŞKOMİSER MİKTAD ATAŞ BULVAR No: 10 KIRIKHAN HATAY;03263441001;31;HATAY;;;;36.480224;36.333062;08:00-17:00;KAPALI;KAPALI;1;2026-09-21 08:30:10
5244;PTT_SUBE;516;KUMLU  ŞUBESİ;FEVZİ ÇAKMAK MAHALLESİ ATATÜRK CADDE No: 5 KUMLU HATAY;03264612001;31;HATAY;;;;36.364634;36.456081;08:30-12:30/13:30-17:00;KAPALI;KAPALI;1;2026-09-21 08:30:10
5243;PTT_SUBE;458;MEYDAN ACENTELİĞİ;MEYDAN MAHALLESİ CUMHURİYET 3 CADDE No: 64 SAMANDAĞ HATAY;03265651078;31;HATAY;;;;36.03189996;35.97375708;09:00-12:30/13:30-17:00;KAPALI;KAPALI;1;2026-09-21 08:30:10
5242;PTT_SUBE;8493;MUSTAFA KEMAL ÜNİVERSİTESİ ŞUBESİ;ALAHAN MAHALLESİ ALAHAN TAYFUR SÖKMEN KAMPÜSÜ SOKAK No: 2 /1 ANTAKYA HATAY;0;31;HATAY;;;;36.33166899;36.18403488;08:30-12:30/13:30-17:00;KAPALI;KAPALI;1;2026-09-21 08:30:10
5241;PTT_SUBE;172;PAYAS MÜDÜRLÜĞÜ;KARACAMİ MAHALLESİ SANTRAL SOKAK No: 3 PAYAS HATAY;03267551576;31;HATAY;;;;36.756540314;36.214576375;08:30-12:30/13:30-17:00;KAPALI;KAPALI;1;2026-09-21 08:30:10
5240;PTT_SUBE;504;REYHANLI MÜDÜRLÜĞÜ;YENİ MAHALLESİ ATATÜRK CADDE No: 6 A REYHANLI HATAY;03264138485;31;HATAY;;;;36.26801496;36.56707308;08:30-17:30;KAPALI;KAPALI;1;2026-09-21 08:30:10
5239;PTT_SUBE;242;SAMANDAĞ MÜDÜRLÜĞÜ;CEMAL GÜRSEL MAHALLESİ KUMSAL SOKAK No: 45 SAMANDAĞ HATAY;03265121818;31;HATAY;;;;36.089888;35.97846;08:30-17:00;KAPALI;KAPALI;1;2026-09-21 08:30:10
5238;PTT_SUBE;8551;SARAYCIK ACENTELİĞİ;SARAYCIK MAHALLESİ SARAYCIK SOKAK No: 5 A ANTAKYA HATAY;0;31;HATAY;;;;36.233484;36.131029;08:30-12:30/13:30-17:00;KAPALI;KAPALI;1;2026-09-21 08:30:10
5237;PTT_SUBE;8543;SARAYKENT  ŞUBESİ;SARAYKENT MAHALLESİ ÇEVRE YOLU CADDE No: 239 ANTAKYA HATAY;0;31;HATAY;;;;36.23205;36.138506;08:30-12:30/13:30-17:00;KAPALI;KAPALI;1;2026-09-21 08:30:10
5236;PTT_SUBE;2335;SOFULAR ACENTELİĞİ;SOFULAR MAHALLESİ ESENLER SOKAK No: 87 ALTINÖZÜ HATAY;03262361136;31;HATAY;;;;36.110103;36.173417;09:00-12:30/13:30-17:00;KAPALI;KAPALI;1;2026-09-21 08:30:10
5235;PTT_SUBE;8041;TAYVAN KÜLTÜR MERKEZİ  ŞUBESİ;YENİ MAHALLESİ 114. SOKAK No: 1 REYHANLI HATAY;05392248868;31;HATAY;;;;36.260403036;36.566881889;08:30-12:30/13:30-17:00;KAPALI;KAPALI;1;2026-09-21 08:30:10
5234;PTT_SUBE;7965;TEKEBAŞI ACENTELİĞİ;TEKEBAŞI MAHALLESİ SAHİL 2 CADDE No: 126 SAMANDAĞ HATAY;03265121818;31;HATAY;;;;36.06369696;35.98985412;09:00-12:30/13:30-17:00;KAPALI;KAPALI;1;2026-09-21 08:30:10
5233;PTT_SUBE;305;TOMRUKSUYU ACENTELİĞİ;TOMRUKSUYU MAHALLESİ UĞUR MUMCU CADDE No: 24 B SAMANDAĞ HATAY;03265848480;31;HATAY;;;;36.15356799;36.038124;09:00-12:30/13:30-17:00;KAPALI;KAPALI;1;2026-09-21 08:30:10
5231;PTT_SUBE;1564;YAYLADAĞI MÜDÜRLÜĞÜ;ÇAMALTI MAHALLESİ ATATÜRK 13 CADDE No: 73 YAYLADAĞI HATAY;03264713001;31;HATAY;;;;35.902029015;36.063673375;08:30-17:00;KAPALI;KAPALI;1;2026-09-21 08:30:10
5230;PTT_SUBE;8552;YENİÇAĞ ACENTELİĞİ;YENİÇAĞ MAHALLESİ YARIMTEPE CADDE No: 17 DEFNE HATAY;0;31;HATAY;;;;36.131472;36.09285984;08:30-12:30/13:30-17:00;KAPALI;KAPALI;1;2026-09-21 08:30:10
5229;PTT_SUBE;1583;YUKARIOKÇULAR ACENTELİĞİ;YUKARIOKÇULAR MAHALLESİ YUKARIOKÇULAR SOKAK No: 143 - YAYLADAĞI HATAY;05389401067;31;HATAY;;;;36.088333;36.143749;08:30-17:00/-;KAPALI;KAPALI;1;2026-09-21 08:30:10
5263;PTT_SUBE;8549;ÇEKMECE ACENTELİĞİ;ÇEKMECE MAHALLESİ ÇEVRE YOLU CADDE No: 63 /1 DEFNE HATAY;05369764808;31;HATAY;;;;36.194444;36.120452;08:30-12:30/13:30-17:00;10:00-16:00/-;KAPALI;1;2026-09-21 08:30:10
5262;PTT_SUBE;252;ÇÖĞÜRLÜ ACENTELİĞİ;ÇÖĞÜRLÜ MAHALLESİ CEMAL GÜRSEL CADDE No: 10 SAMANDAĞ HATAY;05307491876;31;HATAY;;;;36.07513002;36.00775584;09:30-12:30/13:30-17:00;KAPALI;KAPALI;1;2026-09-21 08:30:10
5232;PTT_SUBE;1080;ÜÇGÜLLÜK ACENTELİĞİ;ÜÇGÜLLÜK MAHALLESİ 3314. SOKAK No: 4 ARSUZ HATAY;03266511200;31;HATAY;;;;36.436657;35.984142;09:38-12:30/13:30-17:00;KAPALI;KAPALI;1;2026-09-21 08:30:10
5252;PTT_SUBE;8542;İDARE MAHKEMESİ  ŞUBESİ;SARAYKENT MAHALLESİ 3039. SOKAK No: 3 ANTAKYA HATAY;0;31;HATAY;;;;36.22043;36.148489;08:30-12:30/13:30-17:00;KAPALI;KAPALI;1;2026-09-21 08:30:10
5250;PTT_SUBE;1867;İSKENDERUN MÜDÜRLÜĞÜ;BARBAROS MAHALLESİ İBRAHİM KARAOĞLANOĞLU CADDE No: 32 İSKENDERUN HATAY;03266144099;31;HATAY;;;;36.581146;36.164847;08:30-12:30/13:30-17:00;10:00-12:30/13:30-16:00;KAPALI;1;2026-09-21 08:30:10
5251;PTT_SUBE;1905;İSKENDERUN ÇARŞI MÜDÜRLÜĞÜ;KURTULUŞ MAHALLESİ NAMIK KEMAL CADDE No: 49 İSKENDERUN HATAY;03266138380;31;HATAY;;;;36.587033;36.169417;08:30-17:00;KAPALI;KAPALI;1;2026-09-21 08:30:10
5322;PTT_SUBE;8527;ADLİYE SARAYI ŞUBESİ;FATİH MAHALLESİ 201 CADDE No: 1 MERKEZ ISPARTA;0;32;ISPARTA;;;;37.782408;30.542634;08:30-12:30/13:30-17:00;KAPALI;KAPALI;1;2026-09-21 08:30:11
5321;PTT_SUBE;8191;AKSU ŞUBESİ;İSTİKLAL MAHALLESİ KOCABAŞLAR SOKAK No: 3 AKSU ISPARTA;02463412230;32;ISPARTA;;;;37.798848;31.072142;08:30-12:30/13:30-17:00;KAPALI;KAPALI;1;2026-09-21 08:30:11
5320;PTT_SUBE;4341;ATABEY MÜDÜRLÜĞÜ;PAZAR MAHALLESİ TAYFUN SOKAK No: 4 A ATABEY ISPARTA;02462712444;32;ISPARTA;;;;37.95027399;30.64100688;08:30-12:30/13:30-17:00;KAPALI;KAPALI;1;2026-09-21 08:30:11
5318;PTT_SUBE;8526;BAHÇELİEVLER ŞUBE ŞEFLİĞİ;BAHÇELİEVLER MAHALLESİ 102 SÜLEYMAN DEMİREL BULVAR No: 79 MERKEZ ISPARTA;0;32;ISPARTA;;;;37.779754;30.546768;08:30-12:30/13:30-17:00;KAPALI;KAPALI;1;2026-09-21 08:30:11
5317;PTT_SUBE;6059;BARLA ACENTELİĞİ;BARLA KÖYÜ/YOKUŞBAŞI MEVKİİ 13. SOKAK No: 51 EĞİRDİR ISPARTA;02463114004;32;ISPARTA;;;;38.009331;30.791814;08:30-12:30/13:30-17:00;KAPALI;KAPALI;1;2026-09-21 08:30:11
5319;PTT_SUBE;7033;BAĞKONAK ACENTELİĞİ;BAĞKONAK KÖYÜ/YENİ MEVKİİ MUSTAFA GÜLTEKİN SOKAK No: 38 YALVAÇ ISPARTA;02464415616;32;ISPARTA;;;;38.21175099;31.26636;08:30-12:30/13:30-17:00;KAPALI;KAPALI;1;2026-09-21 08:30:11
5316;PTT_SUBE;7389;BÜYÜKKABACA  ACENTELİĞİ  ;BÜYÜKKABACA BELDESİ/SULTAN SÜLEYMAN MAHALLESİ SÜLEYMAN DEMİREL BULVARI 1NOLU SOKAK No: 1 SENİRKENT ISPARTA;02465114001;32;ISPARTA;;;;38.16625203;30.64668516;08:30-12:30/13:30-17:00;KAPALI;KAPALI;1;2026-09-21 08:30:11
5310;PTT_SUBE;4789;DAVRAS  ŞUBESİ;KARAAĞAÇ MAHALLESİ 105 DOĞAN KIMILLI CADDE No: 152 MERKEZ ISPARTA;02462325235;32;ISPARTA;;;;37.76605;30.569926;08:30-12:30/13:30-17:00;KAPALI;KAPALI;1;2026-09-21 08:30:11
5309;PTT_SUBE;4382;EĞİRDİR MÜDÜRLÜĞÜ;CAMİİ MAHALLESİ 3. CADDE No: 21 EĞİRDİR ISPARTA;02463114004;32;ISPARTA;;;;37.875128315;30.850488424;08:30-12:30/13:30-17:00;KAPALI;KAPALI;1;2026-09-21 08:30:11
5308;PTT_SUBE;4355;GELENDOST MÜDÜRLÜĞÜ;HAYDARPAŞA MAHALLESİ FEVZİPAŞA CADDE No: 34 GELENDOST ISPARTA;02463813414;32;ISPARTA;;;;38.119158;31.016558;08:30-12:30;KAPALI;KAPALI;1;2026-09-21 08:30:11
5307;PTT_SUBE;4402;GÖNEN  MÜDÜRLÜĞÜ;ALACA MESCİT MAHALLESİ CUMHURİYET CADDE No: 1 GÖNEN ISPARTA;02462812880;32;ISPARTA;;;;37.95624999;30.51128592;08:30-12:30;KAPALI;KAPALI;1;2026-09-21 08:30:11
5306;PTT_SUBE;1019;GÜLİSTAN  ŞUBESİ;GÜLİSTAN MAHALLESİ 2829 SOKAK No: 4 MERKEZ ISPARTA;02462276332;32;ISPARTA;;;;37.766767;30.539115;08:30-12:30/13:30-17:00;KAPALI;KAPALI;1;2026-09-21 08:30:11
5305;PTT_SUBE;8496;GÜNEYKENT ŞUBESİ;GÜNEYKENT BELDESİ/ORTA MAHALLESİ CUMHURİYET CADDE No: 2 B GÖNEN ISPARTA;0;32;ISPARTA;;;;37.971766;30.396957;08:30-12:30/13:30-17:00;KAPALI;KAPALI;1;2026-09-21 08:30:11
5304;PTT_SUBE;1003;HANİFE SULTAN  ŞUBESİ;HALİFE SULTAN MAHALLESİ 124 CADDE No: 20 MERKEZ ISPARTA;02462426839;32;ISPARTA;;;;37.758295;30.569284;08:30-12:30/13:30-17:00;KAPALI;KAPALI;1;2026-09-21 08:30:11
5303;PTT_SUBE;4644;HÜYÜKLÜ ACENTELİĞİ;HÜYÜKLÜ BELDESİ/YENİ MAHALLESİ YALVAÇ CADDE No: 5 YALVAÇ ISPARTA;02464415616;32;ISPARTA;;;;38.249683;31.142655;08:30-12:30/13:30-17:00;KAPALI;KAPALI;1;2026-09-21 08:30:11
5302;PTT_SUBE;8504;ISPARTA DAĞITIM VE TOPLAMA MÜDÜRLÜĞÜ;BAHÇELİEVLER MAHALLESİ 102 SÜLEYMAN DEMİREL BULVAR No: 79 MERKEZ ISPARTA;0;32;ISPARTA;;;;37.779754;30.546768;08:00-20:00/-;08:00-20:00/-;08:00-20:00/-;1;2026-09-21 08:30:11
5301;PTT_SUBE;4422;ISPARTA GÜLKENT MÜDÜRLÜĞÜ;KUTLUBEY MAHALLESİ 114 CADDE No: 29 MERKEZ ISPARTA;02462323737;32;ISPARTA;;;;37.76482404;30.55631004;08:30-12:30;KAPALI;KAPALI;1;2026-09-21 08:30:11
5299;PTT_SUBE;4645;KASIMLAR ACENTELİĞİ;KASIMLAR KÖYÜ/CAMİİ MEVKİİ CAMİ KÜME EVLER No: 1 SÜTÇÜLER ISPARTA;02463512088;32;ISPARTA;;;;37.52795;31.189928;08:30-12:30/13:30-17:00;KAPALI;KAPALI;1;2026-09-21 08:30:11
5297;PTT_SUBE;4646;KESME ACENTELİĞİ;KESME KÖYÜ/KIZILBELEN MEVKİİ BAYAM SOKAK No: 3 A SÜTÇÜLER ISPARTA;02463512088;32;ISPARTA;;;;37.469754;31.229258;08:30-12:30/13:30-17:00;KAPALI;KAPALI;1;2026-09-21 08:30:11
5298;PTT_SUBE;4360;KEÇİBORLU MÜDÜRLÜĞÜ;ORTA MAHALLESİ ATATÜRK CADDE No: 77 KEÇİBORLU ISPARTA;02465414515;32;ISPARTA;;;;37.946089394;30.303521127;08:30-12:30/13:30-17:00;KAPALI;KAPALI;1;2026-09-21 08:30:11
5296;PTT_SUBE;4649;KÖRKÜLER ACENTELİĞİ;KÖRKÜLER KÖYÜ/PAZAR MEVKİİ MODERNEVLER SOKAK No: 11 YALVAÇ ISPARTA;02464415616;32;ISPARTA;;;;38.39370696;31.05018;08:30-12:30/13:30-17:00;KAPALI;KAPALI;1;2026-09-21 08:30:11
5295;PTT_SUBE;8531;PİYADE ER EĞİTİM ŞUBESİ;DAVRAZ MAHALLESİ 104    ATATÜRK BULVAR No: 44 MERKEZ ISPARTA;0;32;ISPARTA;;;;37.775535;30.561678;08:30-12:30/13:30-17:00;KAPALI;KAPALI;1;2026-09-21 08:30:11
5294;PTT_SUBE;4631;SARIİDRİS ACENTELİĞİ;SARIİDRİS BELDESİ/HÜRRİYET MAHALLESİ VATAN CADDE No: 47 /22 EĞİRDİR ISPARTA;02463114004;32;ISPARTA;;;;37.94500404;31.00657788;08:30-12:30/13:30-17:00;KAPALI;KAPALI;1;2026-09-21 08:30:11
5293;PTT_SUBE;4670;SAV ACENTELİĞİ;SAV BELDESİ/AŞAĞI MAHALLESİ GÜLLÜK1 SOKAK No: 2 MERKEZ ISPARTA;02462323737;32;ISPARTA;;;;37.764696;30.643405;08:30-12:30/13:30-17:00;KAPALI;KAPALI;1;2026-09-21 08:30:11
5292;PTT_SUBE;4671;SENİR ACENTELİĞİ;SENİR BELDESİ/ORTA MAHALLESİ CUMHURİYET CADDE No: 47 A KEÇİBORLU ISPARTA;02465414515;32;ISPARTA;;;;37.817319375;30.299692234;08:30-12:30/13:30-17:00;KAPALI;KAPALI;1;2026-09-21 08:30:11
5291;PTT_SUBE;4361;SENİRKENT MÜDÜRLÜĞÜ;KIBRIS MAHALLESİ ÇALDIRAN CADDE No: 1 SENİRKENT ISPARTA;02465114001;32;ISPARTA;;;;38.108644901;30.550859559;08:30-12:30;KAPALI;KAPALI;1;2026-09-21 08:30:11
5290;PTT_SUBE;8529;SÜLEYMAN DEMİREL ÜNİVERSİTESİ ŞUBESİ;ÇÜNÜR MAHALLESİ 102 SÜLEYMAN DEMİREL BULVAR No: 250 MERKEZ ISPARTA;0;32;ISPARTA;;;;37.826216;30.535862;08:30-12:30/13:30-17:00;KAPALI;KAPALI;1;2026-09-21 08:30:11
5289;PTT_SUBE;4366;SÜTÇÜLER MÜDÜRLÜĞÜ;CAMİ MAHALLESİ ATATÜRK CADDE No: 8 SÜTÇÜLER ISPARTA;02463512088;32;ISPARTA;;;;37.495288;30.981715;08:30-12:30;KAPALI;KAPALI;1;2026-09-21 08:30:11
5287;PTT_SUBE;4673;TOKMACIK ACENTELİĞİ;TOKMACIK KÖYÜ/YENİ MEVKİİ FATİH MEYDANI 1 SOKAK No: 1 YALVAÇ ISPARTA;02464415616;32;ISPARTA;;;;38.225580841;31.000691849;08:30-12:30/13:30-17:00;KAPALI;KAPALI;1;2026-09-21 08:30:11
5286;PTT_SUBE;4371;ULUBORLU MÜDÜRLÜĞÜ;PAZAR MAHALLESİ GAZİ MUSTAFA KEMAL ATATÜRK BULVAR No: 35 ULUBORLU ISPARTA;02465313414;32;ISPARTA;;;;38.07901197;30.44763792;08:30-12:30/13:30-17:00;KAPALI;KAPALI;1;2026-09-21 08:30:11
5285;PTT_SUBE;4406;YALVAÇ MÜDÜRLÜĞÜ;PAZAR YUKARI MAHALLESİ YEŞİLÇINAR BULVAR No: 21 YALVAÇ ISPARTA;02464415616;32;ISPARTA;;;;38.29698198;31.17998088;08:30-12:30;KAPALI;KAPALI;1;2026-09-21 08:30:11
5284;PTT_SUBE;8530;YENİ SANAYİ ŞUBESİ;SANAYİ MAHALLESİ 3255 SOKAK No: 1 MERKEZ ISPARTA;0;32;ISPARTA;;;;37.777604;30.552705;08:30-12:30/13:30-17:00;KAPALI;KAPALI;1;2026-09-21 08:30:11
5283;PTT_SUBE;4394;YENİŞARBADEMLİ  ŞUBESİ;GÜNDOĞDU MAHALLESİ CUMHURİYET CADDE No: 43 A YENİŞARBADEMLİ ISPARTA;02464314245;32;ISPARTA;;;;37.708676;31.389214;08:30-12:30/13:30-17:00;KAPALI;KAPALI;1;2026-09-21 08:30:11
5282;PTT_SUBE;4696;YUKARIKAŞIKARA ACENTELİĞİ;YUKARIKAŞIKARA KÖYÜ/FATİH MEVKİİ AKASYA SOKAK No: 1 YALVAÇ ISPARTA;02464415616;32;ISPARTA;;;;38.33389296;30.86927604;08:30-12:30/13:30-17:00;KAPALI;KAPALI;1;2026-09-21 08:30:11
5315;PTT_SUBE;4638;ÇANDIR ACENTELİĞİ;ÇANDIR KÖYÜ ÇANDIR KÜME EVLER No: 1 SÜTÇÜLER ISPARTA;02463512088;32;ISPARTA;;;;37.45484712;30.889083871;08:30-12:30/13:30-17:00;KAPALI;KAPALI;1;2026-09-21 08:30:11
5314;PTT_SUBE;4317;ÇARIKSARAYLAR ACENTELİĞİ;ÇARIKSARAYLAR BELDESİ/ULU MAHALLESİ ŞHT.TĞM. KENAN ÇAYLI CADDE No: 2 ŞARKİKARAAĞAÇ ISPARTA;02464186007;32;ISPARTA;;;;38.11665699;31.41423288;08:30-17:00/08:30-17:30;KAPALI;KAPALI;1;2026-09-21 08:30:11
5313;PTT_SUBE;4641;ÇETİNCE ACENTELİĞİ;ÇETİNCE KÖYÜ/AŞAĞI MEVKİİ HİLAL 1. SOKAK No: 3 YALVAÇ ISPARTA;02464415616;32;ISPARTA;;;;38.182834;31.214872;08:30-12:30/13:30-17:00;KAPALI;KAPALI;1;2026-09-21 08:30:11
5311;PTT_SUBE;8528;ÇÜNÜR ŞUBESİ;ÇÜNÜR MAHALLESİ 5430 SOKAK No: 1 MERKEZ ISPARTA;0;32;ISPARTA;;;;37.819004;30.534647;08:30-12:30/13:30-17:00;KAPALI;KAPALI;1;2026-09-21 08:30:11
5312;PTT_SUBE;4324;ÇİÇEKPINAR ACENTELİĞİ;ÇİÇEKPINAR BELDESİ/ORTA MAHALLESİ ALPARSLAN TÜRKEŞ CADDE No: 28 ŞARKİKARAAĞAÇ ISPARTA;05433492919;32;ISPARTA;;;;38.06652501;31.32089892;08:30-17:00/08:30-17:00;KAPALI;KAPALI;1;2026-09-21 08:30:11
5300;PTT_SUBE;6062;İSLAMKÖY ACENTELİĞİ;İSLAMKÖY KÖYÜ/YENİ MEVKİİ YENİ SOKAK No: 15 ATABEY ISPARTA;02462712444;32;ISPARTA;;;;37.95271497;30.63551796;08:30-12:30/13:30-17:00;KAPALI;KAPALI;1;2026-09-21 08:30:11
5288;PTT_SUBE;4335;ŞARKİKARAAĞAÇ MÜDÜRLÜĞÜ;ORTA MAHALLESİ 144.CUMHURİYET CADDE No: 26 ŞARKİKARAAĞAÇ ISPARTA;02464114980;32;ISPARTA;;;;38.07784;31.36748;08:30-12:30/13:30-17:00;KAPALI;KAPALI;1;2026-09-21 08:30:11
5281;PTT_SUBE;8411;ARALIK MÜDÜRLÜĞÜ;KARŞIYAKA MAHALLESİ MAREŞAL FEVZİ ÇAKMAK CADDE No: 1 ARALIK IĞDIR;04764112001;76;IĞDIR;;;;39.875858;44.512444;08:30-17:00;KAPALI;KAPALI;1;2026-09-21 08:30:11
5280;PTT_SUBE;8414;DÖRTYOL ŞUBESİ;EMEK MAHALLESİ SULTAN ALPASLAN BULVAR No: 27 MERKEZ IĞDIR;0;76;IĞDIR;;;;39.920623;44.038719;08:30-12:30/13:30-17:00;KAPALI;KAPALI;1;2026-09-21 08:30:11
5279;PTT_SUBE;8502;IĞDIR DAĞITIM VE TOPLAMA MÜDÜRLÜĞÜ;14 KASIM MAHALLESİ İRFAN CADDE No: 85 A MERKEZ IĞDIR;0;76;IĞDIR;;;;39.93027;44.048908;08:00-19:30/-;08:00-19:30/-;08:00-19:30/-;1;2026-09-21 08:30:11
5278;PTT_SUBE;2520;IĞDIR MÜDÜRLÜĞÜ;SÖĞÜTLÜ MAHALLESİ KURTULUŞ CADDE No: 2 MERKEZ IĞDIR;04762273949;76;IĞDIR;;;;39.925928;44.046297;08:30-17:00;KAPALI;KAPALI;1;2026-09-21 08:30:11
5277;PTT_SUBE;8181;KARAKOYUNLU MÜDÜRLÜĞÜ;ERGENEKON MAHALLESİ NURİ ALAGÖZ CADDE No: 4 KARAKOYUNLU IĞDIR;04765187266;76;IĞDIR;;;;39.97023;44.179505;08:30-12:30;KAPALI;KAPALI;1;2026-09-21 08:30:11
5276;PTT_SUBE;2439;TUZLUCA MÜDÜRLÜĞÜ;CUMHURİYET MAHALLESİ KARS CADDE No: 6 TUZLUCA IĞDIR;04763112001;76;IĞDIR;;;;40.044075;43.662048;08:30-17:00;KAPALI;KAPALI;1;2026-09-21 08:30:11
6076;PTT_SUBE;6680;ADLİYE  ŞUBESİ;CUMHURİYET MAHALLESİ PROF.DR.NECMEDDİN ERBAKAN BULVAR No: 66 ONİKİŞUBAT KAHRAMANMARAŞ;03442111452;46;KAHRAMANMARAŞ;;;;37.595263;36.853759;08:00-12:00/13:00-17:00;KAPALI;KAPALI;1;2026-09-21 08:30:13
6075;PTT_SUBE;1906;AFŞİN MÜDÜRLÜĞÜ;DEDEBABA MAHALLESİ HANİFİ HACIÖMEROĞLU CADDE No: 15 B AFŞİN KAHRAMANMARAŞ;03445114001;46;KAHRAMANMARAŞ;;;;38.248218667;36.916508436;08:30-17:00;KAPALI;KAPALI;1;2026-09-21 08:30:13
6074;PTT_SUBE;1911;ANDIRIN MÜDÜRLÜĞÜ;TUFAN PAŞA MAHALLESİ PROF. DR. AHMET YAYCIOĞLU BULVAR No: 19 B ANDIRIN KAHRAMANMARAŞ;03445612001;46;KAHRAMANMARAŞ;;;;37.570885856;36.355031376;08:30-12:30;KAPALI;KAPALI;1;2026-09-21 08:30:13
6072;PTT_SUBE;2137;DOLUCA ACENTELİĞİ;DOLUCA MAHALLESİ DOLUCA KÜME EVLER No: 269 TÜRKOĞLU KAHRAMANMARAŞ;05365669527;46;KAHRAMANMARAŞ;;;;37.38837137;36.692936179;09:00-12:30/13:30-17:00;KAPALI;KAPALI;1;2026-09-21 08:30:13
6071;PTT_SUBE;7919;DÜZBAĞ ACENTELİĞİ;HELETE KARADAĞ MAHALLESİ GÖKSU CADDE No: 51 -53A ÇAĞLAYANCERİT KAHRAMANMARAŞ;05335612876;46;KAHRAMANMARAŞ;;;;37.793122076;37.470683497;09:00-12:30/13:30-17:00;KAPALI;KAPALI;1;2026-09-21 08:30:13
6070;PTT_SUBE;181;EKİNÖZÜ  ŞUBESİ;MAARİF MAHALLESİ ÜLKÜ CADDE No: 4 EKİNÖZÜ KAHRAMANMARAŞ;03444812101;46;KAHRAMANMARAŞ;;;;38.058143;37.188697;08:30-12:30/13:30-17:00;KAPALI;KAPALI;1;2026-09-21 08:30:13
6069;PTT_SUBE;7349;ELBİSTAN ADLİYE  ŞUBESİ;YUNUS EMRE MAHALLESİ DR. DEVLET BAHÇELİ BULVAR No: 77 ELBİSTAN KAHRAMANMARAŞ;03444136110;46;KAHRAMANMARAŞ;;;;38.193549;37.222127;08:00-12:00/13:00-17:00;KAPALI;KAPALI;1;2026-09-21 08:30:13
6068;PTT_SUBE;1892;ELBİSTAN MÜDÜRLÜĞÜ;KIZILCAOBA MAHALLESİ PINARBAŞI CADDE No: 3 ELBİSTAN KAHRAMANMARAŞ;03444154020;46;KAHRAMANMARAŞ;;;;38.195903;37.191449;08:30-17:00;KAPALI;KAPALI;1;2026-09-21 08:30:13
6067;PTT_SUBE;1899;GÖKSUN MÜDÜRLÜĞÜ;KAYABAŞI MAHALLESİ MEHMETÇİK1 SOKAK No: 10 GÖKSUN KAHRAMANMARAŞ;03447141001;46;KAHRAMANMARAŞ;;;;38.023211245;36.501705095;08:30-17:00;KAPALI;KAPALI;1;2026-09-21 08:30:13
6066;PTT_SUBE;2075;ILICA ACENTELİĞİ;ILICA MAHALLESİ 010 SOKAK No: 2 C ONİKİŞUBAT KAHRAMANMARAŞ;03442234555;46;KAHRAMANMARAŞ;;;;37.848064;36.873216;09:00-12:30/13:30-17:00;KAPALI;KAPALI;1;2026-09-21 08:30:13
2393;PTT_SUBE;585;KAHRAMANMARAŞ DAĞITIM TOPLAMA  MÜDÜRLÜĞÜ;ÜNGÜT MAHALLESİ PROF.DR.NECMEDDİN ERBAKAN BULVAR No: 149 A ONİKİŞUBAT KAHRAMANMARAŞ;03442234515;46;KAHRAMANMARAŞ;;;;37.59951;36.832311;08:30-17:30;08:30-12:30;KAPALI;1;2026-09-14 08:28:27
6065;PTT_SUBE;585;KAHRAMANMARAŞ DAĞITIM VE TOPLAMA MÜDÜRLÜĞÜ;ÜNGÜT MAHALLESİ PROF.DR.NECMEDDİN ERBAKAN BULVAR No:149 A ONİKİŞUBAT KAHRAMANMARAŞ;03442234515;46;KAHRAMANMARAŞ;;;;37.59950997;36.832311;08:30-17:30 / 13:30-17:00;08:30-12:30 / -;KAPALI;1;2026-09-21 08:30:13
6064;PTT_SUBE;1886;KAHRAMANMARAŞ MÜDÜRLÜĞÜ;AKİF İNAN MAHALLESİ İSMET KARAOKUR BULVAR No: 22 A ONİKİŞUBAT KAHRAMANMARAŞ;03442234555;46;KAHRAMANMARAŞ;;;;37.584488;36.892778;08:30-12:30/13:30-17:00;KAPALI;KAPALI;1;2026-09-21 08:30:13
6063;PTT_SUBE;8391;MENDERES ŞUBESİ;ŞAZİ BEY MAHALLESİ HAYDAR ALİYEV BULVAR No: 5 Konteyner No.214 ONİKİŞUBAT KAHRAMANMARAŞ;0;46;KAHRAMANMARAŞ;;;;37.570902;36.92089;08:30-12:30/13:30-17:00;KAPALI;KAPALI;1;2026-09-21 08:30:13
6062;PTT_SUBE;8446;NAMIK KEMAL ŞUBESİ;YAVUZ SELİM MAHALLESİ HACI MURAT CADDE No: 54 /1B GENÇLİK MERKEZİ YANI DULKADİROĞLU KAHRAMANMARAŞ;03445020250;46;KAHRAMANMARAŞ;;;;37.571134;36.950131;08:30-12:30/13:30-17:00;KAPALI;KAPALI;1;2026-09-21 08:30:13
6061;PTT_SUBE;2212;NARLI ŞUBESİ;NARLI BAHÇELİEVLER MAHALLESİ GAZİANTEP CADDE No: 29 /1 PAZARCIK KAHRAMANMARAŞ;0;46;KAHRAMANMARAŞ;;;;37.390373;37.137057;08:30-12:30/13:30-17:00;KAPALI;KAPALI;1;2026-09-21 08:30:13
6060;PTT_SUBE;179;NURHAK  ŞUBESİ;SEYİTALİLER MAHALLESİ EDİSON CADDE No: 5 NURHAK KAHRAMANMARAŞ;03444713158;46;KAHRAMANMARAŞ;;;;37.965359;37.442873;08:30-12:30/13:30-17:00;KAPALI;KAPALI;1;2026-09-21 08:30:13
6059;PTT_SUBE;1337;ONİKİŞUBAT MÜDÜRLÜĞÜ;ÜNGÜT MAHALLESİ PROF.DR.NECMEDDİN ERBAKAN BULVAR No: 149 A ONİKİŞUBAT KAHRAMANMARAŞ;03445020250;46;KAHRAMANMARAŞ;;;;37.59951;36.832311;08:30-17:00;KAPALI;KAPALI;1;2026-09-21 08:30:13
6058;PTT_SUBE;2153;PAZARCIK MÜDÜRLÜĞÜ;MENDERES MAHALLESİ KARTALKAYA BULVAR No: 55 PAZARCIK KAHRAMANMARAŞ;03443114001;46;KAHRAMANMARAŞ;;;;37.48764699;37.28951208;08:30-17:00;KAPALI;KAPALI;1;2026-09-21 08:30:13
6055;PTT_SUBE;51;TÜRKOĞLU MÜDÜRLÜĞÜ;İSTASYON MAHALLESİ ATATÜRK CADDE No: 6 A TÜRKOĞLU KAHRAMANMARAŞ;03446181001;46;KAHRAMANMARAŞ;;;;37.3837;36.847124;08:30-17:00;KAPALI;KAPALI;1;2026-09-21 08:30:13
6054;PTT_SUBE;7916;YENİ SANAYİ  ŞUBESİ;YAVUZ SELİM MAHALLESİ KÜÇÜK SANAYİ SİTESİ PROFİL DOĞRAMACILAR CADDE No: 1 DULKADİROĞLU KAHRAMANMARAŞ;03442133313;46;KAHRAMANMARAŞ;;;;37.563381;36.958189;08:30-12:30/13:30-17:00;KAPALI;KAPALI;1;2026-09-21 08:30:13
6053;PTT_SUBE;2109;YEŞİLYÖRE ACENTELİĞİ;YEŞİLYÖRE MAHALLESİ FATİH SULTAN MEHMET (YEŞİLYÖRE) CADDE No: 28 A TÜRKOĞLU KAHRAMANMARAŞ;05466057464;46;KAHRAMANMARAŞ;;;;37.41409;36.7587;09:00-12:30/13:30-17:00;KAPALI;KAPALI;1;2026-09-21 08:30:13
6052;PTT_SUBE;7051;YUKARI PAZARCIK ACENTELİĞİ;MEHMET EMİN ARIKOĞLU MAHALLESİ 9068. SOKAK No: 17 PAZARCIK KAHRAMANMARAŞ;05415732843;46;KAHRAMANMARAŞ;;;;37.510648;37.31495;09:00-12:30/13:30-17:00;KAPALI;KAPALI;1;2026-09-21 08:30:13
6051;PTT_SUBE;2402;YUMAKLICERİT ACENTELİĞİ;YUMAKLICERİT CUMHURİYET MAHALLESİ ATATÜRK.. CADDE No: 13 PAZARCIK KAHRAMANMARAŞ;03443114001;46;KAHRAMANMARAŞ;;;;37.57728;37.53778;09:00-12:30/13:30-17:00;KAPALI;KAPALI;1;2026-09-21 08:30:13
6073;PTT_SUBE;1462;ÇAĞLAYANCERİT  ŞUBESİ;FATİH MAHALLESİ ATATÜRK CADDE No: 48 A ÇAĞLAYANCERİT KAHRAMANMARAŞ;03443512001;46;KAHRAMANMARAŞ;;;;37.750204;37.289796;08:30-12:30/13:30-17:00;KAPALI;KAPALI;1;2026-09-21 08:30:13
6057;PTT_SUBE;2121;ŞAHİNKAYASI ACENTELİĞİ;ŞAHİNKAYASI MAHALLESİ BEŞPINAR CADDE No: 1 ONİKİŞUBAT KAHRAMANMARAŞ;03442234555;46;KAHRAMANMARAŞ;;;;37.841961;36.685863;09:00-12:30/13:30-17:00;KAPALI;KAPALI;1;2026-09-21 08:30:13
6056;PTT_SUBE;7160;ŞEKEROBA ACENTELİĞİ;ŞEKEROBA MAHALLESİ AKÇAKOYUNLU CADDE No: 5 E TÜRKOĞLU KAHRAMANMARAŞ;05073491860;46;KAHRAMANMARAŞ;;;;37.259451101;36.765323367;09:00-12:30/13:30-17:00;KAPALI;KAPALI;1;2026-09-21 08:30:13
6093;PTT_SUBE;4120;100.YIL  ŞUBESİ;100.YIL MAHALLESİ 1006. CADDE No: 2 -6 MERKEZ KARABÜK;03704338668;78;KARABÜK;;;;41.218747923;32.667274915;08:30-12:30/13:30-17:00;KAPALI;KAPALI;1;2026-09-21 08:30:13
6091;PTT_SUBE;4170;ADLİYE SARAYI  ŞUBESİ;BARIŞ MAHALLESİ ARAPHACI CADDE No: 50 SAFRANBOLU KARABÜK;03707126730;78;KARABÜK;;;;41.24389;32.68017;08:30-12:30/13:30-17:00;KAPALI;KAPALI;1;2026-09-21 08:30:13
6092;PTT_SUBE;4088;ADLİYE SARAYI  ŞUBESİ;ERGENEKON MAHALLESİ MİMARSİNAN CADDE No: 9 MERKEZ KARABÜK;03704241721;78;KARABÜK;;;;41.19619721;32.621757673;08:30-12:30/13:30-17:00;KAPALI;KAPALI;1;2026-09-21 08:30:13
6090;PTT_SUBE;6458;AYDINLIKEVLER  ŞUBESİ;KARABÜK MAHALLESİ YEŞİLYURT CADDE No: 1 A MERKEZ KARABÜK;03705021601;78;KARABÜK;;;;41.178045021;32.616844694;08:30-12:30/13:30-17:00;KAPALI;KAPALI;1;2026-09-21 08:30:13
6089;PTT_SUBE;4134;BEŞBİN EVLER  ŞUBESİ;5000 EVLER 75.YIL MAHALLESİ 30. CADDE No: 1 MERKEZ KARABÜK;03704338667;78;KARABÜK;;;;41.227628;32.66068;08:30-12:30/13:30-17:00;KAPALI;KAPALI;1;2026-09-21 08:30:13
6088;PTT_SUBE;4095;EFLANİ MÜDÜRLÜĞÜ;CANDAROĞULLARI MAHALLESİ YALACIK CADDE No: 1 EFLANİ KARABÜK;03704612415;78;KARABÜK;;;;41.422802;32.956332;08:30-12:30/13:30-17:00;KAPALI;KAPALI;1;2026-09-21 08:30:13
6086;PTT_SUBE;1169;ESKİPAZAR MÜDÜRLÜĞÜ;YAMANLAR MAHALLESİ İNÖNÜ CADDE No: 26 ESKİPAZAR KARABÜK;03708181415;78;KARABÜK;;;;40.946365;32.532787;08:30-12:30;KAPALI;KAPALI;1;2026-09-21 08:30:13
6087;PTT_SUBE;4176;ESKİÇARŞI  ŞUBESİ;ÇEŞME MAHALLESİ AKIN SOKAK No: 2 SAFRANBOLU KARABÜK;03707124336;78;KARABÜK;;;;41.245125;32.692903;08:30-12:30/13:30-17:00;KAPALI;KAPALI;1;2026-09-21 08:30:13
6085;PTT_SUBE;4066;KARABÜK MÜDÜRLÜĞÜ;YENİŞEHİR MAHALLESİ ÖMER LÜTFÜ ÖZAYTAÇ CADDE No: 1 MERKEZ KARABÜK;03704132856;78;KARABÜK;;;;41.197124;32.617975;08:30-12:30;10:00-16:00;KAPALI;1;2026-09-21 08:30:13
6084;PTT_SUBE;6416;KIRANKÖY  ŞUBESİ;YENİMAHALLE MAHALLESİ AVUKAT HULUSİ YAZICIOĞLU CADDE No: 6 C SAFRANBOLU KARABÜK;03707124667;78;KARABÜK;;;;41.250199;32.681273;08:30-12:30/13:30-17:00;KAPALI;KAPALI;1;2026-09-21 08:30:13
6083;PTT_SUBE;4152;OVACIK  ŞUBESİ;MERKEZ MAHALLESİ ATATÜRK CADDE No: 7 OVACIK KARABÜK;03708771415;78;KARABÜK;;;;41.07418;32.91909;08:30-12:30/13:30-17:00;KAPALI;KAPALI;1;2026-09-21 08:30:13
6082;PTT_SUBE;4179;OVACUMA ACENTELİĞİ;OVACUMA KÖYÜ/DÜZ MEVKİİ BELEDİYE SOKAK No: 7 SAFRANBOLU KARABÜK;03707332244;78;KARABÜK;;;;41.448669;32.751728;09:00-12:30/13:30-15:30;KAPALI;KAPALI;1;2026-09-21 08:30:13
6081;PTT_SUBE;4168;SAFRANBOLU MÜDÜRLÜĞÜ;YENİMAHALLE MAHALLESİ SADRİ ARTUÇ CADDE No: 82 SAFRANBOLU KARABÜK;03707126734;78;KARABÜK;;;;41.25509;32.676581;08:30-12:30;KAPALI;KAPALI;1;2026-09-21 08:30:13
6079;PTT_SUBE;7336;VALİLİK  ŞUBESİ;YEŞİL MAHALLESİ ATATÜRK BULVAR No: 92 A MERKEZ KARABÜK;03704123718;78;KARABÜK;;;;41.205528;32.634325;08:30-12:30/13:30-17:00;KAPALI;KAPALI;1;2026-09-21 08:30:13
6078;PTT_SUBE;4186;YENİCE MÜDÜRLÜĞÜ;MERKEZ MAHALLESİ HOCA AHMET YESEVİ CADDE No: 4 A YENİCE KARABÜK;03707661415;78;KARABÜK;;;;41.201181;32.327036;08:30-12:30/13:30-17:00;KAPALI;KAPALI;1;2026-09-21 08:30:13
6077;PTT_SUBE;4140;YEŞİLMAHALLE  ŞUBESİ;YEŞİL MAHALLESİ CAMİİ ALTI SOKAK No: 7 MERKEZ KARABÜK;03704150699;78;KARABÜK;;;;41.206493286;32.627172499;KAPALI;KAPALI;KAPALI;1;2026-09-21 08:30:13
6080;PTT_SUBE;4169;ÜNİVERSİTE   ŞUBESİ;KILAVUZLAR MAHALLESİ 414. SOKAK No: 20 MERKEZ KARABÜK;03704334863;78;KARABÜK;;;;41.213034147;32.654054825;08:30-12:30/13:30-17:00;KAPALI;KAPALI;1;2026-09-21 08:30:13
6112;PTT_SUBE;6468;ADLİYE  ŞUBESİ;HAMİDİYE MAHALLESİ 1856. SOKAK No: 31 MERKEZ KARAMAN;03382134343;70;KARAMAN;;;;37.18566;33.23417;08:30-12:30/13:30-17:00;KAPALI;KAPALI;1;2026-09-21 08:30:13
6111;PTT_SUBE;5134;AKÇAŞEHİR  ŞUBESİ;AKÇAŞEHİR BELDESİ/ATATÜRK MAHALLESİ İSTİKLAL CADDE No: 1 A MERKEZ KARAMAN;03382312378;70;KARAMAN;;;;37.45016298;33.49566288;08:30-12:30/13:30-17:00;KAPALI;KAPALI;1;2026-09-21 08:30:13
6110;PTT_SUBE;5137;AYRANCI  ŞUBESİ;DEDE MAHALLESİ İSTASYON CADDE No: 2 AYRANCI KARAMAN;03384112400;70;KARAMAN;;;;37.36385199;33.68444742;08:30-12:30/13:30-17:00;KAPALI;KAPALI;1;2026-09-21 08:30:13
6109;PTT_SUBE;176;BAŞYAYLA  ŞUBESİ;ŞİRİNDERE MAHALLESİ BARBAROS CADDE No: 2 A BAŞYAYLA KARAMAN;03383516500;70;KARAMAN;;;;36.75300251;32.683990062;08:30-12:30/13:30-17:00;KAPALI;KAPALI;1;2026-09-21 08:30:13
6107;PTT_SUBE;8009;DUMLUGÖZE ACENTELİĞİ;DUMLUGÖZE KÖYÜ DUMLUGÖZE KÜME EVLER No: 4 SARIVELİLER KARAMAN;05379308332;70;KARAMAN;;;;36.55467603;32.55192;08:30-12:30/13:30-17:30;KAPALI;KAPALI;1;2026-09-21 08:30:13
6106;PTT_SUBE;174;ERMENEK MÜDÜRLÜĞÜ;ORTA MAHALLESİ CUMHURİYET CADDE No: 116 A ERMENEK KARAMAN;03387162222;70;KARAMAN;;;;36.639729;32.890144;08:30-17:00;KAPALI;KAPALI;1;2026-09-21 08:30:13
6105;PTT_SUBE;2660;GÖKTEPE  ŞUBESİ;GÖKTEPE BELDESİ/GÜLPAZAR MAHALLESİ ASAR SOKAK No: 2 SARIVELİLER KARAMAN;03384463355;70;KARAMAN;;;;36.62882604;32.625234;08:30-12:30/13:30-17:00;KAPALI;KAPALI;1;2026-09-21 08:30:13
6104;PTT_SUBE;7401;GÜNEYYURT ŞUBESİ;GÜNEYYURT BELDESİ/CAMİ MAHALLESİ KARAMANOĞLU MEHMET BEY CADDE No: 8 ERMENEK KARAMAN;03387368422;70;KARAMAN;;;;36.680134;32.809058;08:30-12:30/13:30-17:30;KAPALI;KAPALI;1;2026-09-21 08:30:13
6103;PTT_SUBE;1224;HASTANE  ŞUBESİ;ÜNİVERSİTE MAHALLESİ ŞHT. ÖMER HALİS DEMİR CADDE No: 61 MERKEZ KARAMAN;03382176339;70;KARAMAN;;;;37.157384;33.2595;08:30-12:30/13:30-17:00;KAPALI;KAPALI;1;2026-09-21 08:30:13
6102;PTT_SUBE;6476;HÜKÜMET KONAĞI  ŞUBESİ;SAKABAŞI MAHALLESİ ZEYTİN DALI BULVAR No: 144 B MERKEZ KARAMAN;03382134343;70;KARAMAN;;;;37.17097;33.22127;08:30-12:30/13:30-17:00;KAPALI;KAPALI;1;2026-09-21 08:30:13
6101;PTT_SUBE;5139;K.KARABEKİR  ŞUBESİ;PAZAR MAHALLESİ CUMHURİYET MEYDAN No: 1 B KAZIMKARABEKİR KARAMAN;03383112400;70;KARAMAN;;;;37.22684;32.95945;08:30-12:30/13:30-17:00;KAPALI;KAPALI;1;2026-09-21 08:30:13
6100;PTT_SUBE;5133;K.SANAYİ   ŞUBESİ;HAMİDİYE MAHALLESİ AHİ EVRAN BULVAR No: 4 MERKEZ KARAMAN;03382130739;70;KARAMAN;;;;37.180999;33.242551;08:30-12:30/13:30-17:00;KAPALI;KAPALI;1;2026-09-21 08:30:13
6099;PTT_SUBE;8507;KARAMAN DAĞITIM VE TOPLAMA MÜDÜRLÜĞÜ;AHİOSMAN MAHALLESİ MOLLA FENARİ CADDE No: 3 MERKEZ KARAMAN;0;70;KARAMAN;;;;37.183173;33.21807;08:00-20:00/-;08:00-20:00/-;08:00-20:00/-;1;2026-09-21 08:30:13
6098;PTT_SUBE;5123;KARAMAN MÜDÜRLÜĞÜ;AHİOSMAN MAHALLESİ MOLLA FENARİ CADDE No: 3 MERKEZ KARAMAN;03382134343;70;KARAMAN;;;;37.18318;33.218188;08:30-12:30/13:30-17:00;KAPALI;KAPALI;1;2026-09-21 08:30:13
6097;PTT_SUBE;5198;KILBASAN ACENTELİĞİ;KILBASAN KÖYÜ/ÇARŞI MEVKİİ BİNBİRKİLİSE SOKAK No: 2 MERKEZ KARAMAN;05325048477;70;KARAMAN;;;;37.320342;33.188683;09:00-12:30/13:30-17:00;KAPALI;KAPALI;1;2026-09-21 08:30:13
6096;PTT_SUBE;5199;KİSECİK ACENTELİĞİ;KİSECİK KÖYÜ/ATATÜRK MEVKİİ KARAMAN SOKAK No: 1 MERKEZ KARAMAN;03382397071;70;KARAMAN;;;;37.383224;33.010404;09:00-12:30/13:30-17:00;KAPALI;KAPALI;1;2026-09-21 08:30:13
6095;PTT_SUBE;2659;SARIVELİLER MÜDÜRLÜĞÜ;MERKEZ MAHALLESİ CUMHURİYET CADDE No: 96 A SARIVELİLER KARAMAN;03384412222;70;KARAMAN;;;;36.697336;32.616124;08:30-17:00;KAPALI;KAPALI;1;2026-09-21 08:30:13
6094;PTT_SUBE;5179;SUDURAĞI  ŞUBESİ;SUDURAĞI BELDESİ/KETENCİ MAHALLESİ İSTASYON CADDE No: 38 MERKEZ KARAMAN;03382332326;70;KARAMAN;;;;37.288501;33.366216;08:30-12:30/13:30-17:00;KAPALI;KAPALI;1;2026-09-21 08:30:13
6108;PTT_SUBE;5193;ÇAKIRBAĞ ACENTELİĞİ;ÇAKIRBAĞ KÖYÜ ÇAKIRBAĞ KÜME EVLER No: 1 /1 MERKEZ KARAMAN;05457742271;70;KARAMAN;;;;37.194557;33.140208;09:00-12:30/13:30-17:00;KAPALI;KAPALI;1;2026-09-21 08:30:13
6123;PTT_SUBE;3596;ADLİYE SARAYI  ŞUBESİ;YENİŞEHİR MAHALLESİ ALİ GAFFAR OKKAN BULVAR No: 8 - MERKEZ KARS;04742231217;36;KARS;;;;40.577938109;43.110819384;08:00-12:00/13:00-17:00;KAPALI;KAPALI;1;2026-09-21 08:30:14
6122;PTT_SUBE;354;AKYAKA  MÜDÜRLÜĞÜ;İSTASYON MAHALLESİ MEDET ALİBEYOĞLU CADDE No: 11 B AKYAKA KARS;04742612038;36;KARS;;;;40.740844522;43.622548892;08:30-17:00;KAPALI;KAPALI;1;2026-09-21 08:30:14
6121;PTT_SUBE;1491;ARPAÇAY MÜDÜRLÜĞÜ;ORTA MAHALLESİ LATİF AKÜZÜM SOKAK No: 2 ARPAÇAY KARS;04742812014;36;KARS;;;;40.845571648;43.329288804;08:00-17:00;KAPALI;KAPALI;1;2026-09-21 08:30:14
6119;PTT_SUBE;1233;DİGOR MÜDÜRLÜĞÜ;MERKEZ MAHALLESİ AV. ORHAN DOĞAN CADDE No: 2 DİGOR KARS;04743112331;36;KARS;;;;40.375177;43.41207;08:30-17:00;KAPALI;KAPALI;1;2026-09-21 08:30:14
6117;PTT_SUBE;8565;KARS DAĞITIM VE TOPLAMA MÜDÜRLÜĞÜ;CUMHURİYET MAHALLESİ TURAN ÇELEBİ CADDE No: 10 A MERKEZ KARS;0;36;KARS;;;;40.598924;43.096024;08:30-19:30/-;08:30-19:30/-;08:30-19:30/-;1;2026-09-21 08:30:14
6116;PTT_SUBE;2008;KARS MÜDÜRLÜĞÜ;ORTAKAPI MAHALLESİ HAYDAR ALİYEV CADDE No: 49 MERKEZ KARS;04742231004;36;KARS;;;;40.604901574;43.09344732;08:30-17:00/-;KAPALI;KAPALI;1;2026-09-21 08:30:14
6118;PTT_SUBE;489;KAĞIZMAN MÜDÜRLÜĞÜ;ŞAHİNDERE MAHALLESİ İSTİKLAL CADDE No: 8 KAĞIZMAN KARS;04743516044;36;KARS;;;;40.140956;43.118279;08:30-17:00;KAPALI;KAPALI;1;2026-09-21 08:30:14
6115;PTT_SUBE;2017;SARIKAMIŞ MÜDÜRLÜĞÜ;İNÖNÜ MAHALLESİ İNÖNÜ CADDE No: 28 SARIKAMIŞ KARS;04744134356;36;KARS;;;;40.331017696;42.591552213;08:30-17:00;KAPALI;KAPALI;1;2026-09-21 08:30:14
6114;PTT_SUBE;1877;SELİM MÜDÜRLÜĞÜ;ÇARŞI MAHALLESİ KAZIM PAŞA CADDE No: 188 SELİM KARS;04744612035;36;KARS;;;;40.464200873;42.791773399;08:30-17:00;KAPALI;KAPALI;1;2026-09-21 08:30:14
6113;PTT_SUBE;330;SUSUZ MÜDÜRLÜĞÜ;KAZIM KARABEKİR MAHALLESİ AHMET ARSLAN CADDE No: 30 SUSUZ KARS;04745115043;36;KARS;;;;40.779887437;43.127953757;08:30-17:00;KAPALI;KAPALI;1;2026-09-21 08:30:14
6120;PTT_SUBE;302;ÇARŞI MÜDÜRLÜĞÜ;ORTAKAPI MAHALLESİ KAZIM PAŞA CADDE No: 49 MERKEZ KARS;04742232001;36;KARS;;;;40.606571043;43.097005545;08:30-17:00;KAPALI;KAPALI;1;2026-09-21 08:30:14
6151;PTT_SUBE;2593;ABANA MÜDÜRLÜĞÜ;MERKEZ MAHALLESİ POSTACI MAHİR SOKAK No: 1 ABANA KASTAMONU;03665641415;37;KASTAMONU;;;;41.978328;34.008822;08:30-12:30;KAPALI;KAPALI;1;2026-09-21 08:30:14
6150;PTT_SUBE;1565;ADLİYE  ŞUBESİ;KUZEYKENT MAHALLESİ MİRALAY HALİT BEY CADDE No: 28 MERKEZ KASTAMONU;03662155335;37;KASTAMONU;;;;41.417778224;33.780525761;08:30-12:30/13:30-17:30;KAPALI;KAPALI;1;2026-09-21 08:30:14
6148;PTT_SUBE;7474;ALATARLA ŞUBESİ;ALATARLA KÖYÜ/MERKEZ MEVKİİ GERMEÇ SOKAK No: 2 TAŞKÖPRÜ KASTAMONU;03664425536;37;KASTAMONU;;;;41.488184;34.02548;08:30-12:30/13:30-17:00;KAPALI;KAPALI;1;2026-09-21 08:30:14
6147;PTT_SUBE;5878;ARAÇ MÜDÜRLÜĞÜ;ÇAY MAHALLESİ KASTAMONU CADDE No: 123 A ARAÇ KASTAMONU;03663621422;37;KASTAMONU;;;;41.24114;33.3239;08:30-12:30/13:30-17:30;KAPALI;KAPALI;1;2026-09-21 08:30:14
6146;PTT_SUBE;5877;AZDAVAY MÜDÜRLÜĞÜ;KARŞIYAKA MAHALLESİ BAŞESKİOĞLU CADDE No: 3 AZDAVAY KASTAMONU;03667171415;37;KASTAMONU;;;;41.64170904;33.30663516;08:30-12:30/13:30-17:30;KAPALI;KAPALI;1;2026-09-21 08:30:14
6149;PTT_SUBE;5918;AĞLI MÜDÜRLÜĞÜ;MERKEZ MAHALLESİ Y.İ.B.O CADDE No: 3 AĞLI KASTAMONU;03667371415;37;KASTAMONU;;;;41.68581;33.55543;08:30-12:30/13:30-17:30;KAPALI;KAPALI;1;2026-09-21 08:30:14
6145;PTT_SUBE;1098;BOZKURT MÜDÜRLÜĞÜ;MERKEZ MAHALLESİ ERSİN ATEŞ CADDE No: 3 BOZKURT KASTAMONU;03665751415;37;KASTAMONU;;;;41.957887;34.010358;08:30-12:30;KAPALI;KAPALI;1;2026-09-21 08:30:14
6144;PTT_SUBE;5891;CİDE MÜDÜRLÜĞÜ;KASABA MAHALLESİ ATATÜRK CADDE No: 14 CİDE KASTAMONU;03668661415;37;KASTAMONU;;;;41.893629;32.996459;08:30-12:30/13:30-17:30;KAPALI;KAPALI;1;2026-09-21 08:30:14
6142;PTT_SUBE;5866;DADAY  MÜDÜRLÜĞÜ ;MERKEZ MAHALLESİ CUMHURİYET CADDE No: 14 DADAY KASTAMONU;03666161415;37;KASTAMONU;;;;41.47691049;33.46481394;08:30-12:30/13:30-17:30;KAPALI;KAPALI;1;2026-09-21 08:30:14
6141;PTT_SUBE;1033;DEVREKANİ MÜDÜRLÜĞÜ;KURTŞEYH MAHALLESİ MEYDAN CADDE No: 2 DEVREKANİ KASTAMONU;03666381415;37;KASTAMONU;;;;41.60197274;33.839663785;08:30-12:30/13:30-17:30;KAPALI;KAPALI;1;2026-09-21 08:30:14
6140;PTT_SUBE;5893;DOĞANYURT MÜDÜRLÜĞÜ;MERKEZ MAHALLESİ ATATÜRK CADDE No: 18 DOĞANYURT KASTAMONU;03668431215;37;KASTAMONU;;;;42.005169;33.460842;08:30-12:30/13:30-17:30;KAPALI;KAPALI;1;2026-09-21 08:30:14
6139;PTT_SUBE;2539;HANÖNÜ MÜDÜRLÜĞÜ;HANÖNÜ MAHALLESİ BOYABAT CADDE No: 4 HANÖNÜ KASTAMONU;03664975215;37;KASTAMONU;;;;41.625968;34.461758;08:30-12:30/13:30-17:30;KAPALI;KAPALI;1;2026-09-21 08:30:14
6134;PTT_SUBE;8510;KASTAMONU DAĞITIM VE TOPLAMA MÜDÜRLÜĞÜ;CEBRAİL MAHALLESİ ALBAY OĞUZ YALÇINKAYA CADDE No: 5 MERKEZ KASTAMONU;0;37;KASTAMONU;;;;41.376947;33.777481;08:00-20:00/-;08:00-20:00/-;08:00-20:00/-;1;2026-09-21 08:30:14
6133;PTT_SUBE;1650;KASTAMONU MÜDÜRLÜĞÜ;CEBRAİL MAHALLESİ ALBAY OĞUZ YALÇINKAYA CADDE No: 3 /1 MERKEZ KASTAMONU;03662141334;37;KASTAMONU;;;;41.377063;33.777114;08:30-12:30/13:30-17:30;KAPALI;KAPALI;1;2026-09-21 08:30:14
6132;PTT_SUBE;1597;KUZEYKENT  ŞUBESİ;KUZEYKENT MAHALLESİ KAZIM KARABEKİR CADDE No: 22 AB MERKEZ KASTAMONU;03662150210;37;KASTAMONU;;;;41.428;33.77918;08:30-12:30/13:30-17:30;KAPALI;KAPALI;1;2026-09-21 08:30:14
6131;PTT_SUBE;5886;KÜRE MÜDÜRLÜĞÜ;SAMAN MAHALLESİ ATATÜRK CADDE No: 20 KÜRE KASTAMONU;03667512415;37;KASTAMONU;;;;41.807297;33.711744;08:30-12:30/13:30-17:30;KAPALI;KAPALI;1;2026-09-21 08:30:14
6130;PTT_SUBE;5916;PINARBAŞI MÜDÜRLÜĞÜ;CUMHURİYET MAHALLESİ KURTULUŞ CADDE No: 12 PINARBAŞI KASTAMONU;03667712415;37;KASTAMONU;;;;41.604442;33.110349;08:30-12:30;KAPALI;KAPALI;1;2026-09-21 08:30:14
6129;PTT_SUBE;5882;SAMATLAR  ŞUBESİ;İĞDİR KÖYÜ/MERKEZ MEVKİİ PTT SOKAK No: 1 ARAÇ KASTAMONU;03663727400;37;KASTAMONU;;;;41.227469;33.136798;08:30-12:30/13:30-17:00;KAPALI;KAPALI;1;2026-09-21 08:30:14
6128;PTT_SUBE;1021;SEYDİLER MÜDÜRLÜĞÜ;MERKEZ MAHALLESİ ŞEHİT ŞERİFE BACI CADDE No: 52 SEYDİLER KASTAMONU;03666684215;37;KASTAMONU;;;;41.612693747;33.718568976;08:30-12:30/13:30-17:30;KAPALI;KAPALI;1;2026-09-21 08:30:14
6127;PTT_SUBE;5907;SOĞUKSU PAZARI ŞUBESİ;TOYGARLI KÖYÜ/MERKEZ MEVKİİ MERKEZ KÜME EVLER No: 1 CİDE KASTAMONU;03668766001;37;KASTAMONU;;;;41.95242099;33.17471784;08:30-12:30/13:30-16:30;KAPALI;KAPALI;1;2026-09-21 08:30:14
6125;PTT_SUBE;5939;TAŞKÖPRÜ MÜDÜRLÜĞÜ;TABAKHANE MAHALLESİ TAŞ CAMİİ SOKAK No: 4 TAŞKÖPRÜ KASTAMONU;03664171415;37;KASTAMONU;;;;41.510643;34.214155;08:30-12:30/13:30-17:30;KAPALI;KAPALI;1;2026-09-21 08:30:14
6124;PTT_SUBE;392;TOSYA MÜDÜRLÜĞÜ;CUMHURİYET MAHALLESİ 100.YIL CADDE No: 4 TOSYA KASTAMONU;03663131415;37;KASTAMONU;;;;41.016037;34.038647;08:30-12:30/13:30-17:00;KAPALI;KAPALI;1;2026-09-21 08:30:14
6143;PTT_SUBE;2596;ÇATALZEYTİN MÜDÜRLÜĞÜ;MERKEZ MAHALLESİ GİNOLU CADDE No: 25 /1 ÇATALZEYTİN KASTAMONU;03665161415;37;KASTAMONU;;;;41.95384;34.21393;08:30-12:30/13:30-17:30;KAPALI;KAPALI;1;2026-09-21 08:30:14
6138;PTT_SUBE;5870;İHSANGAZİ MÜDÜRLÜĞÜ;YENİ MAHALLESİ DEMİREL CADDE No: 3 İHSANGAZİ KASTAMONU;03663921415;37;KASTAMONU;;;;41.203072;33.554494;08:30-12:30;KAPALI;KAPALI;1;2026-09-21 08:30:14
6137;PTT_SUBE;5897;İLYASBEY  ŞUBESİ;İLYASBEY KÖYÜ/ARILI MEVKİİ ARILI KÜME EVLER No: 1 CİDE KASTAMONU;03668867101;37;KASTAMONU;;;;42.013867;33.366771;08:30-08:30/08:30-16:30;KAPALI;KAPALI;1;2026-09-21 08:30:14
6136;PTT_SUBE;5552;İNEBOLU MÜDÜRLÜĞÜ;AŞAĞIHATİPBAĞI MAHALLESİ ZAFERYOLU CADDE No: 4 A İNEBOLU KASTAMONU;03668114415;37;KASTAMONU;;;;41.979076834;33.759367315;08:30-12:30/13:30-17:30;KAPALI;KAPALI;1;2026-09-21 08:30:14
6135;PTT_SUBE;1602;İNÖNÜ MAHALLESİ  ŞUBESİ;İNÖNÜ MAHALLESİ RAUF DENKTAŞ CADDE No: 31 MERKEZ KASTAMONU;03662128368;37;KASTAMONU;;;;41.395628596;33.784803542;08:30-12:30/13:30-17:30;KAPALI;KAPALI;1;2026-09-21 08:30:14
6126;PTT_SUBE;5332;ŞENPAZAR MÜDÜRLÜĞÜ;MERKEZ MAHALLESİ HASAN SARI CADDE No: 21 ŞENPAZAR KASTAMONU;03667881415;37;KASTAMONU;;;;41.810291;33.234713;08:30-12:30;KAPALI;KAPALI;1;2026-09-21 08:30:14
6209;PTT_SUBE;3141;ADLİYE SARAYI  ŞUBE ŞEFLİĞİ;MEVLANA MAHALLESİ ERKİLET BULVAR No: 6 KOCASİNAN KAYSERİ;03523383060;38;KAYSERİ;;;;38.734413;35.481461;08:30-12:30/13:30-17:00;KAPALI;KAPALI;1;2026-09-21 08:30:15
6206;PTT_SUBE;4686;AKKIŞLA  ŞUBESİ;YEŞİL MAHALLESİ ŞHT.FİKRET TUNÇ CADDE No: 3 AKKIŞLA KAYSERİ;03525913220;38;KAYSERİ;;;;39.00155;36.16956;08:30-12:30/13:30-17:00;KAPALI;KAPALI;1;2026-09-21 08:30:15
6205;PTT_SUBE;6064;AKMESCİT ACENTELİĞİ;AKMESCİT MAHALLESİ MELİKGAZİ CADDE No: 3 BÜNYAN KAYSERİ;05364530637;38;KAYSERİ;;;;38.619541;35.876887;09:00-12:30/13:30-17:00;KAPALI;KAPALI;1;2026-09-21 08:30:15
6204;PTT_SUBE;3089;ALPASLAN  MÜDÜRLÜĞÜ;ALPASLAN MAHALLESİ EMRAH CADDE No: 8 B MELİKGAZİ KAYSERİ;03522358007;38;KAYSERİ;;;;38.725258;35.510578;08:30-12:30/13:30-17:00;KAPALI;KAPALI;1;2026-09-21 08:30:15
6203;PTT_SUBE;3190;ANAYURT  ŞUBESİ;MEVLANA MAHALLESİ CEMİL BABA CADDE No: 11 /6 TALAS KAYSERİ;03524315286;38;KAYSERİ;;;;38.704263954;35.562991928;08:30-12:30/13:30-17:00;KAPALI;KAPALI;1;2026-09-21 08:30:15
6202;PTT_SUBE;3163;AYDINLIKEVLER  ŞUBESİ;AYDINLIKEVLER MAHALLESİ KASIMPATI SOKAK No: 21 A MELİKGAZİ KAYSERİ;03523365229;38;KAYSERİ;;;;38.721795;35.472504;08:30-12:30/13:30-17:00;KAPALI;KAPALI;1;2026-09-21 08:30:15
6208;PTT_SUBE;3189;AĞIR SANAYİ  ŞUBESİ;ŞEKER MAHALLESİ 6105. CADDE No: 63 C KOCASİNAN KAYSERİ;03523312263;38;KAYSERİ;;;;38.734695;35.442806;08:30-12:30/13:30-17:00;KAPALI;KAPALI;1;2026-09-21 08:30:15
6207;PTT_SUBE;3239;AĞIRNAS ACENTELİĞİ;AĞIRNAS MAHALLESİ MUSTAFA GÖKŞEN YÜCEL SOKAK No: 17 MELİKGAZİ KAYSERİ;05546260873;38;KAYSERİ;;;;38.81485503;35.71800516;09:00-12:30/13:30-17:00;KAPALI;KAPALI;1;2026-09-21 08:30:15
6201;PTT_SUBE;5411;BELSİN  ŞUBESİ;ANAFARTALAR MAHALLESİ ŞHT. BÜYÜKELÇİ İSMAİL EREZ BULVAR No: 67 A MELİKGAZİ KAYSERİ;03523269733;38;KAYSERİ;;;;38.7439;35.39265;08:30-12:30/13:30-17:00;KAPALI;KAPALI;1;2026-09-21 08:30:15
6200;PTT_SUBE;6815;BÖLGE ADLİYE MAHKEMESİ  ŞUBESİ;MEVLANA MAHALLESİ ERKİLET BULVAR No: 8 KOCASİNAN KAYSERİ;03522228797;38;KAYSERİ;;;;38.736023097;35.480028098;08:30-12:30/13:30-17:30;KAPALI;KAPALI;1;2026-09-21 08:30:15
6199;PTT_SUBE;3125;BÜNYAN CEZAEVİ ŞUBESİ;YAKUTİYE MAHALLESİ 1238. SOKAK No: 9 BÜNYAN KAYSERİ;03527121242;38;KAYSERİ;;;;38.825151;35.861979;08:00-12:00/13:00-17:00;KAPALI;KAPALI;1;2026-09-21 08:30:15
6198;PTT_SUBE;3122;BÜNYAN MÜDÜRLÜĞÜ;CUMHURİYET MAHALLESİ 294. SOKAK No: 15 D BÜNYAN KAYSERİ;03527121555;38;KAYSERİ;;;;38.852874755;35.851673126;08:30-12:30/13:30-17:00;KAPALI;KAPALI;1;2026-09-21 08:30:15
6197;PTT_SUBE;7184;BÜYÜKTUZHİSAR ACENTELİĞİ;BÜYÜKTUZHİSAR MAHALLESİ İSTİKLAL 1. CADDE No: 43 - BÜNYAN KAYSERİ;03527121445;38;KAYSERİ;;;;38.949525;35.844724;08:30-12:30/13:30-16:30;KAPALI;KAPALI;1;2026-09-21 08:30:15
6195;PTT_SUBE;7876;DADALOĞLU ACENTELİĞİ;DADALOĞLU MAHALLESİ ŞEHİT ALİ CADDE No: 60 TOMARZA KAYSERİ;03526615555;38;KAYSERİ;;;;38.500736;36.137142;08:30-12:30/13:30-17:00;KAPALI;KAPALI;1;2026-09-21 08:30:15
6194;PTT_SUBE;3126;DEVELİ MÜDÜRLÜĞÜ;İBRAHİMAĞA MAHALLESİ MUSTAFA DANDİK CADDE No: 4 B DEVELİ KAYSERİ;03526216555;38;KAYSERİ;;;;38.389982416;35.485076333;08:30-12:30/13:30-17:00;KAPALI;KAPALI;1;2026-09-21 08:30:15
6193;PTT_SUBE;3246;EMİRUŞAĞI ACENTELİĞİ;EMİRUŞAĞI MAHALLESİ 1507. SOKAK No: 1 TOMARZA KAYSERİ;03526615555;38;KAYSERİ;;;;38.458675;36.07927;09:00-12:30/13:30-17:00;KAPALI;KAPALI;1;2026-09-21 08:30:15
6192;PTT_SUBE;8544;ERCİYES ÜNİVERSİTESİ ŞUBESİ;KÖŞK MAHALLESİ PROF. DR. TURHAN FEYZİOĞLU CADDE No: 27 MELİKGAZİ KAYSERİ;0;38;KAYSERİ;;;;38.70347;35.521979;08:30-12:30/13:30-17:00;KAPALI;KAPALI;1;2026-09-21 08:30:15
6191;PTT_SUBE;3139;ERKİLET  ŞUBESİ;GENERAL EMİR MAHALLESİ YILDIRIM 1. CADDE No: 46 KOCASİNAN KAYSERİ;03523440420;38;KAYSERİ;;;;38.803688;35.449506;08:30-12:30/13:30-17:00;KAPALI;KAPALI;1;2026-09-21 08:30:15
6190;PTT_SUBE;3157;ESKİŞEHİR BAĞLARI  ŞUBESİ;OSMANLI MAHALLESİ DÜZTEPE SOKAK No: 4 MELİKGAZİ KAYSERİ;03523472888;38;KAYSERİ;;;;38.690398;35.475314;08:30-12:30/13:30-17:00;KAPALI;KAPALI;1;2026-09-21 08:30:15
6189;PTT_SUBE;3134;FELAHİYE MÜDÜRLÜĞÜ;KALE MAHALLESİ BÜLENT ECEVİT CADDE No: 4 A FELAHİYE KAYSERİ;03527912755;38;KAYSERİ;;;;39.088817894;35.569857863;08:30-12:30/13:30-17:00;KAPALI;KAPALI;1;2026-09-21 08:30:15
6188;PTT_SUBE;3113;FEVZİÇAKMAK  ŞUBESİ;FEVZİ ÇAKMAK MAHALLESİ FUZULİ CADDE No: 57 KOCASİNAN KAYSERİ;03522358008;38;KAYSERİ;;;;38.732737;35.504938;08:30-12:30/13:30-17:00;KAPALI;KAPALI;1;2026-09-21 08:30:15
6187;PTT_SUBE;3135;GAR MÜDÜRLÜĞÜ;BARBAROS MAHALLESİ DEPO CADDE No: 12 KOCASİNAN KAYSERİ;03522228797;38;KAYSERİ;;;;38.730006;35.477216;08:30-12:30/13:30-17:00;KAPALI;KAPALI;1;2026-09-21 08:30:15
6186;PTT_SUBE;3247;GAZİ ACENTELİĞİ;GAZİ MAHALLESİ CUMHURİYET 1. MEYDAN No: 13 DEVELİ KAYSERİ;03526216555;38;KAYSERİ;;;;38.245553;35.426064;09:00-12:30/13:30-17:00;KAPALI;KAPALI;1;2026-09-21 08:30:15
6185;PTT_SUBE;6797;GESİ FATİH  ŞUBESİ;GESİ FATİH MAHALLESİ UYGAR SOKAK No: 29 F MELİKGAZİ KAYSERİ;03525024012;38;KAYSERİ;;;;38.78308;35.607;08:30-12:30/13:30-17:00;KAPALI;KAPALI;1;2026-09-21 08:30:15
6184;PTT_SUBE;6066;GÖMÜRGEN ACENTELİĞİ;GÖMÜRGEN YENİ MAHALLESİ ŞHT.MAHMUT AYDENİZ CADDE No: 36 - AKKIŞLA KAYSERİ;05393774786;38;KAYSERİ;;;;39.03635898;36.23086188;09:00-12:30/13:30-17:00;KAPALI;KAPALI;1;2026-09-21 08:30:15
6183;PTT_SUBE;3251;GÜLLÜCE ACENTELİĞİ;GÜLLÜCE MAHALLESİ EMRE CADDE No: 17 BÜNYAN KAYSERİ;03527121555;38;KAYSERİ;;;;38.715362;35.841029;09:00-12:30/13:30-17:00;KAPALI;KAPALI;1;2026-09-21 08:30:15
6182;PTT_SUBE;3150;HACILAR MÜDÜRLÜĞÜ;YENİ MAHALLESİ KAYSERİ CADDE No: 46 A HACILAR KAYSERİ;03524421420;38;KAYSERİ;;;;38.646614;35.452478;08:30-12:30/13:30-17:00;KAPALI;KAPALI;1;2026-09-21 08:30:15
6180;PTT_SUBE;3166;HÜRRİYET  ŞUBESİ;HÜRRİYET MAHALLESİ CENGİZ TOPEL CADDE No: 67 B MELİKGAZİ KAYSERİ;03523202434;38;KAYSERİ;;;;38.716831;35.464796;08:30-12:30/13:30-17:00;KAPALI;KAPALI;1;2026-09-21 08:30:15
6181;PTT_SUBE;7712;HİSARCIK ŞUBESİ;HİSARCIK MAHALLESİ OĞUZ SOKAK No: 4 A MELİKGAZİ KAYSERİ;0;38;KAYSERİ;;;;38.63392002;35.51672304;08:30-12:30/13:30-17:00;KAPALI;KAPALI;1;2026-09-21 08:30:15
6176;PTT_SUBE;3154;KAYSERİ MÜDÜRLÜĞÜ;HUNAT MAHALLESİ POSTALAR GEÇİDİ SOKAK No: 7 MELİKGAZİ KAYSERİ;03522212791;38;KAYSERİ;;;;38.722079;35.491198;08:30-12:30;KAPALI;KAPALI;1;2026-09-21 08:30:15
6175;PTT_SUBE;7376;KAYSERİ POSTA KARGO DAĞITIM  MÜDÜRLÜĞÜ;ALPASLAN MAHALLESİ EMRAH CADDE No: 8 A MELİKGAZİ KAYSERİ;03522341963;38;KAYSERİ;;;;38.725307;35.510547;08:30-12:30;08:30-12:30;KAPALI;1;2026-09-21 08:30:15
6174;PTT_SUBE;7377;KAYSERİ POSTA KARGO İŞLEME  MÜDÜRLÜĞÜ;ALPASLAN MAHALLESİ EMRAH CADDE No: 8 MELİKGAZİ KAYSERİ;03522358009;38;KAYSERİ;;;;38.725354;35.510506;00:00-12:00;00:00-12:00;00:00-12:00;1;2026-09-21 08:30:15
6173;PTT_SUBE;5412;KEYKUBAT  ŞUBESİ;KEYKUBAT MAHALLESİ AKINCILAR CADDE No: 123 B MELİKGAZİ KAYSERİ;03525024014;38;KAYSERİ;;;;38.741942559;35.409415875;08:30-12:30/13:30-17:00;KAPALI;KAPALI;1;2026-09-21 08:30:15
6172;PTT_SUBE;3224;MİMAR SİNAN  ŞUBESİ;MİMARSİNAN MAHALLESİ HOCA AHMET YESEVİ 1. CADDE No: 2 MELİKGAZİ KAYSERİ;03522942420;38;KAYSERİ;;;;38.730978;35.595965;08:30-12:30/13:30-17:00;KAPALI;KAPALI;1;2026-09-21 08:30:15
6171;PTT_SUBE;3169;ORGANİZE SANAYİ MÜDÜRLÜĞÜ;KAYSERİOSB MAHALLESİ 11 CADDE No: 9 MELİKGAZİ KAYSERİ;03253214448;38;KAYSERİ;;;;38.735375534;35.367189162;08:30-12:30/13:30-17:00;KAPALI;KAPALI;1;2026-09-21 08:30:15
6169;PTT_SUBE;6304;PALAS  ŞUBESİ;PALAS MAHALLESİ ATATÜRK 1. CADDE No: 1 C SARIOĞLAN KAYSERİ;03528112555;38;KAYSERİ;;;;39.02420403;35.86930704;08:30-12:30/13:30-17:00;KAPALI;KAPALI;1;2026-09-21 08:30:15
6168;PTT_SUBE;3254;PAZARÖREN ACENTELİĞİ;PAZARÖREN MAHALLESİ BARBAROS CADDE No: 3 PINARBAŞI KAYSERİ;03525121555;38;KAYSERİ;;;;38.67273396;36.16465212;09:00-12:30/13:30-17:00;KAPALI;KAPALI;1;2026-09-21 08:30:15
6167;PTT_SUBE;3171;PINARBAŞI MÜDÜRLÜĞÜ;YENİCAMİ MAHALLESİ ŞHT. MURAT EKİNCİ SOKAK No: 2 A PINARBAŞI KAYSERİ;03525121555;38;KAYSERİ;;;;38.72134;36.39381;08:30-12:30/13:30-17:00;KAPALI;KAPALI;1;2026-09-21 08:30:15
6166;PTT_SUBE;3172;SARIOĞLAN MÜDÜRLÜĞÜ;ŞENYURT MAHALLESİ MEHMET ÖZHASEKİ CADDE No: 4 A SARIOĞLAN KAYSERİ;03528112555;38;KAYSERİ;;;;39.077141;35.967944;08:30-12:30/13:30-17:00;KAPALI;KAPALI;1;2026-09-21 08:30:15
6165;PTT_SUBE;7901;SARIZ  ŞUBESİ;BAHÇELİ MAHALLESİ 17. SOKAK No: 21 A SARIZ KAYSERİ;03525612444;38;KAYSERİ;;;;38.478497;36.495279;08:30-12:30/13:30-17:00;KAPALI;KAPALI;1;2026-09-21 08:30:15
6164;PTT_SUBE;3255;SİNDELHÖYÜK ACENTELİĞİ;SİNDELHÖYÜK CAMİKEBİR MAHALLESİ İSTİKLAL_1 CADDE No: 91 - DEVELİ KAYSERİ;03526216555;38;KAYSERİ;;;;38.344529;35.380263;09:00-12:30/13:30-17:00;KAPALI;KAPALI;1;2026-09-21 08:30:15
6162;PTT_SUBE;7274;TACETTİN VELİ  ŞUBESİ;TACETTİNVELİ MAHALLESİ ŞHT. MİRALAY NAZIM BEY BULVAR No: 15 A MELİKGAZİ KAYSERİ;03522212791;38;KAYSERİ;;;;38.71685;35.485315;08:30-12:30/13:30-17:00;KAPALI;KAPALI;1;2026-09-21 08:30:15
6161;PTT_SUBE;3174;TALAS MÜDÜRLÜĞÜ;KİÇİKÖY MAHALLESİ ATATÜRK BULVAR No: 57 TALAS KAYSERİ;03524375555;38;KAYSERİ;;;;38.692384;35.551201;08:30-12:30/13:30-17:30;KAPALI;KAPALI;1;2026-09-21 08:30:15
6160;PTT_SUBE;3227;TOKİ DEMOKRASİ  ŞUBESİ;DEMOKRASİ MAHALLESİ ŞHT. HİKMET GÜLNAR SOKAK No: 3 /1 MELİKGAZİ KAYSERİ;03522480786;38;KAYSERİ;;;;38.766254;35.597743;08:30-12:30/13:30-17:00;KAPALI;KAPALI;1;2026-09-21 08:30:15
6159;PTT_SUBE;3175;TOMARZA MÜDÜRLÜĞÜ;CUMHURİYET MAHALLESİ UZUN ÇARŞI SOKAK No: 1 A TOMARZA KAYSERİ;03526615555;38;KAYSERİ;;;;38.44825;35.80122;08:30-12:30/13:30-17:00;KAPALI;KAPALI;1;2026-09-21 08:30:15
6158;PTT_SUBE;3176;YAHYALI MÜDÜRLÜĞÜ;GAZİBEYLİ MAHALLESİ HAMZA SOLAK CADDE No: 8 YAHYALI KAYSERİ;03526113555;38;KAYSERİ;;;;38.09641;35.35989;08:30-12:30/13:30-17:00;KAPALI;KAPALI;1;2026-09-21 08:30:15
6157;PTT_SUBE;3136;YENİMAHALLE  ŞUBESİ;BARBAROS MAHALLESİ ERKİLET BULVAR No: 41 A KOCASİNAN KAYSERİ;03523394238;38;KAYSERİ;;;;38.742483;35.474971;08:30-12:30/13:30-17:00;KAPALI;KAPALI;1;2026-09-21 08:30:15
6156;PTT_SUBE;3148;YEŞİL MAHALLE  ŞUBESİ;YEŞİL MAHALLESİ YÜKSEL SOKAK No: 32 KOCASİNAN KAYSERİ;03525038354;38;KAYSERİ;;;;38.757666;35.46895;08:30-12:30/13:30-17:00;KAPALI;KAPALI;1;2026-09-21 08:30:15
6155;PTT_SUBE;3177;YEŞİLHİSAR MÜDÜRLÜĞÜ;İDRİS MAHALLESİ İSMET İNÖNÜ CADDE No: 2 YEŞİLHİSAR KAYSERİ;03526513555;38;KAYSERİ;;;;38.351904;35.088793;08:30-12:30/13:30-17:00;KAPALI;KAPALI;1;2026-09-21 08:30:15
6152;PTT_SUBE;7938;ZÜMRÜT 100.YIL  ŞUBESİ;ZÜMRÜT MAHALLESİ BEKİR YILDIZ BULVAR No: 60 C KOCASİNAN KAYSERİ;03523373033;38;KAYSERİ;;;;38.747941;35.506504;08:30-12:30/13:30-17:00;KAPALI;KAPALI;1;2026-09-21 08:30:15
6154;PTT_SUBE;3237;ZİNCİRDERE  ŞUBESİ;ZİNCİDERE MAHALLESİ ŞEHİT KOMANDOLAR CADDE No: 452 E TALAS KAYSERİ;03524242521;38;KAYSERİ;;;;38.63959;35.587235;08:30-12:30/13:30-17:00;KAPALI;KAPALI;1;2026-09-21 08:30:15
6153;PTT_SUBE;3144;ZİYA GÖKALP  ŞUBESİ;ZİYAGÖKALP MAHALLESİ GÜVERCİN SOKAK No: 15 D KOCASİNAN KAYSERİ;03523327537;38;KAYSERİ;;;;38.741925;35.440658;08:30-12:30/13:30-17:00;KAPALI;KAPALI;1;2026-09-21 08:30:15
6196;PTT_SUBE;3192;ÇİFTLİK  ŞUBESİ;HÜRRİYET MAHALLESİ CUMHURİYET MEYDAN No: 22 A SARIOĞLAN KAYSERİ;03528185221;38;KAYSERİ;;;;39.036804;36.040556;08:30-12:30/13:30-17:00;KAPALI;KAPALI;1;2026-09-21 08:30:15
6170;PTT_SUBE;3170;ÖZVATAN MÜDÜRLÜĞÜ;KALE MAHALLESİ CUMHURİYET MEYDAN No: 7 A ÖZVATAN KAYSERİ;03527812426;38;KAYSERİ;;;;39.105707;35.699546;08:30-12:30/13:30-17:00;KAPALI;KAPALI;1;2026-09-21 08:30:15
6179;PTT_SUBE;7711;İLDEM  ŞUBESİ;İLDEM CUMHURİYET MAHALLESİ GÜL 2. SOKAK No: 4 A MELİKGAZİ KAYSERİ;0;38;KAYSERİ;;;;38.788463;35.617793;08:30-12:30/13:30-17:00;KAPALI;KAPALI;1;2026-09-21 08:30:15
6178;PTT_SUBE;3153;İNCESU MÜDÜRLÜĞÜ;KARAMUSTAFAPAŞA MAHALLESİ İSTİKLAL CADDE No: 6 İNCESU KAYSERİ;03526913425;38;KAYSERİ;;;;38.624828;35.180221;08:30-12:30/13:30-17:00;KAPALI;KAPALI;1;2026-09-21 08:30:15
6177;PTT_SUBE;3164;İSTASYON CADDESİ  ŞUBESİ;GEVHER NESİBE MAHALLESİ İSTASYON CADDE No: 77 A KOCASİNAN KAYSERİ;03522210677;38;KAYSERİ;;;;38.72959101;35.48323512;08:30-12:30/13:30-17:00;KAPALI;KAPALI;1;2026-09-21 08:30:15
6163;PTT_SUBE;3226;ŞİRİNTEPE  ŞUBESİ;ŞİRİNTEPE MAHALLESİ MALAZGİRT BULVAR No: 19 MELİKGAZİ KAYSERİ;03522711040;38;KAYSERİ;;;;38.737232;35.576027;08:30-12:30/13:30-17:00;KAPALI;KAPALI;1;2026-09-21 08:30:15
6229;PTT_SUBE;5966;ADLİYE SARAYI  ŞUBESİ;FABRİKALAR MAHALLESİ AĞABEY PEHLİVANLI BULVAR No: 1 /1 MERKEZ KIRIKKALE;03182243305;71;KIRIKKALE;;;;39.840076808;33.499609242;08:30-12:30/13:30-17:00;KAPALI;KAPALI;1;2026-09-21 08:30:15
6228;PTT_SUBE;7409;AŞAĞI MAHMUTLAR ACENTELİĞİ;AŞAĞIMAHMUTLAR MAHALLESİ MENEKŞE CADDE No: 2 MERKEZ KIRIKKALE;05323412645;71;KIRIKKALE;;;;39.853281254;33.620590809;08:30-12:30/13:30-17:00;KAPALI;KAPALI;1;2026-09-21 08:30:15
6227;PTT_SUBE;5957;BAHŞILI  ŞUBESİ;HÜSEYİN ONBAŞI MAHALLESİ FATİH SULTAN MEHMET CADDE No: 25 BAHŞILI KIRIKKALE;03183661100;71;KIRIKKALE;;;;39.813252;33.471804;08:30-12:30/13:30-17:00;KAPALI;KAPALI;1;2026-09-21 08:30:15
6226;PTT_SUBE;4516;BALIŞEYH  ŞUBESİ;YENİ MAHALLESİ SAMSUN CADDE No: 17 A BALIŞEYH KIRIKKALE;03187137100;71;KIRIKKALE;;;;39.909775;33.718227;08:30-12:30/13:30-17:00;KAPALI;KAPALI;1;2026-09-21 08:30:15
6221;PTT_SUBE;3600;DELİCE MÜDÜRLÜĞÜ;MİMAR SİNAN MAHALLESİ ATATÜRK BULVAR No: 33 DELİCE KIRIKKALE;03186185100;71;KIRIKKALE;;;;39.944155545;34.032115354;08:30-12:30;KAPALI;KAPALI;1;2026-09-21 08:30:15
6220;PTT_SUBE;7407;HACILAR ACENTELİĞİ;HACILAR BELDESİ/HACIBEY MAHALLESİ 109 SOKAK No: 1 MERKEZ KIRIKKALE;03182974448;71;KIRIKKALE;;;;39.727832;33.425939;08:30-12:30/13:30-17:00;KAPALI;KAPALI;1;2026-09-21 08:30:15
6219;PTT_SUBE;5955;KALETEPE  MÜDÜRLÜĞÜ;GÜRLER MAHALLESİ ALPARSLAN TÜRKEŞ/GÜRLER  BULVAR No: 160 A MERKEZ KIRIKKALE;03185020701;71;KIRIKKALE;;;;39.847761;33.511253;08:30-12:30;KAPALI;KAPALI;1;2026-09-21 08:30:15
6218;PTT_SUBE;7940;KARAKEÇİLİ  ŞUBESİ;ZAFER MAHALLESİ ŞEHİT ALPASLAN YAZICI CADDE No: 9 A KARAKEÇİLİ KIRIKKALE;03184743104;71;KIRIKKALE;;;;39.59310699;33.38029116;08:30-12:30/13:30-17:00;KAPALI;KAPALI;1;2026-09-21 08:30:15
6217;PTT_SUBE;3685;KESKİN MÜDÜRLÜĞÜ;ALTUNTAŞ MAHALLESİ ATATÜRK BULVAR No: 27 KESKİN KIRIKKALE;03185153320;71;KIRIKKALE;;;;39.677154;33.601374;08:30-12:30;KAPALI;KAPALI;1;2026-09-21 08:30:15
6216;PTT_SUBE;8511;KIRIKKALE DAĞITIM VE TOPLAMA MÜDÜRLÜĞÜ;FABRİKALAR MAHALLESİ MİLLET BULVAR No: 113 MERKEZ KIRIKKALE;0;71;KIRIKKALE;;;;39.839073;33.505085;08:00-20:00/-;08:00-20:00/-;08:00-20:00/-;1;2026-09-21 08:30:15
6215;PTT_SUBE;4488;KIRIKKALE MÜDÜRLÜĞÜ;FABRİKALAR MAHALLESİ MİLLET BULVAR No: 113/ BMERKEZ KIRIKKALE;03182244431;71;KIRIKKALE;;;;39.839144;33.505088;08:30-12:30;KAPALI;KAPALI;1;2026-09-21 08:30:15
6214;PTT_SUBE;6050;KÖPRÜKÖY ACENTELİĞİ;KÖPRÜKÖY KÖYÜ/YENİ MEVKİİ 1 SOKAK No: 2 KESKİN KIRIKKALE;03185758131;71;KIRIKKALE;;;;39.574121;33.437805;08:30-12:30/13:30-17:00;KAPALI;KAPALI;1;2026-09-21 08:30:15
6213;PTT_SUBE;5963;SANAYİ ŞUBESİ;SANAYİ MAHALLESİ SANAYİ ÇARŞISI DUMLUPINAR CADDE No: 3 C MERKEZ KIRIKKALE;03182452727;71;KIRIKKALE;;;;39.847789466;33.524085499;08:30-12:30/13:30-17:00;KAPALI;KAPALI;1;2026-09-21 08:30:15
6212;PTT_SUBE;4510;SULAKYURT  ŞUBESİ;YÜKSELEN MAHALLESİ BELEDİYE HİZMET BİNASI FATİH CADDE No: 2 A SULAKYURT KIRIKKALE;03188127100;71;KIRIKKALE;;;;40.156526686;33.713080148;08:30-12:30/13:30-17:00;KAPALI;KAPALI;1;2026-09-21 08:30:15
6211;PTT_SUBE;8123;YAHŞİHAN MEYDAN  ŞUBESİ;KADIOĞLU MAHALLESİ CUMHURİYET CADDE No: 177 A YAHŞİHAN KIRIKKALE;03183573509;71;KIRIKKALE;;;;39.84857703;33.452217;08:30-12:30/13:30-17:00;KAPALI;KAPALI;1;2026-09-21 08:30:15
6210;PTT_SUBE;3523;YAHŞİHAN MÜDÜRLÜĞÜ;YENİŞEHİR MAHALLESİ ÖZBEK SARAN SOKAK No: 3 B YAHŞİHAN KIRIKKALE;03183572526;71;KIRIKKALE;;;;39.867830388;33.45475116;08:30-12:30;KAPALI;KAPALI;1;2026-09-21 08:30:15
6225;PTT_SUBE;4520;ÇALILIÖZ  ŞUBESİ;ÇALILIÖZ MAHALLESİ ATATURK BULVARI BİÇER APT.ALTI No: 109 A MERKEZ KIRIKKALE;03182241110;71;KIRIKKALE;;;;39.849532013;33.497564865;08:30-12:30/13:30-17:00;KAPALI;KAPALI;1;2026-09-21 08:30:15
6224;PTT_SUBE;4523;ÇARŞI  ŞUBESİ;YENİDOĞAN MAHALLESİ BELEDİYE SOKAK No: 7 A MERKEZ KIRIKKALE;03182243332;71;KIRIKKALE;;;;39.844306606;33.506012449;08:30-12:30/13:30-17:00;KAPALI;KAPALI;1;2026-09-21 08:30:15
6223;PTT_SUBE;3705;ÇELEBİ  ŞUBESİ;FATİH MAHALLESİ CUMHURİYET CADDE No: 1 ÇELEBİ KIRIKKALE;03184145525;71;KIRIKKALE;;;;39.464562465;33.525686924;08:30-12:30/13:30-17:00;KAPALI;KAPALI;1;2026-09-21 08:30:15
6222;PTT_SUBE;4506;ÇERİKLİ  ŞUBESİ;ÇERİKLİ BELDESİ/SAKARYA MAHALLESİ ANKARA CADDE No: 111 G DELİCE KIRIKKALE;03186361656;71;KIRIKKALE;;;;39.894256;33.998333;08:30-12:30/13:30-17:00;KAPALI;KAPALI;1;2026-09-21 08:30:15
6252;PTT_SUBE;1613;ADLİYE  ŞUBESİ;GENÇLİK MAHALLESİ GÜNEŞ SOKAK No: 1 LÜLEBURGAZ KIRKLARELİ;02884153452;39;KIRKLARELİ;;;;41.39687;27.35044;08:30-12:30/13:30-17:00;KAPALI;KAPALI;1;2026-09-21 08:30:16
6253;PTT_SUBE;7324;ADLİYE  ŞUBESİ;BADEMLİK MAHALLESİ MAHMUT ESAT BOZKURT CADDE No: 66 MERKEZ KIRKLARELİ;02885020155;39;KIRKLARELİ;;;;41.737941;27.205476;08:30-12:30/13:30-17:00;KAPALI;KAPALI;1;2026-09-21 08:30:16
6251;PTT_SUBE;1591;AHMETBEY ŞUBESİ;AHMETBEY BELDESİ/DERE MAHALLESİ FATİH CADDE No: 1 B LÜLEBURGAZ KIRKLARELİ;02884232390;39;KIRKLARELİ;;;;41.440638;27.585348;08:30-12:30/13:30-17:00;KAPALI;KAPALI;1;2026-09-21 08:30:16
6250;PTT_SUBE;3979;ALPULLU  ŞUBESİ;ALPULLU BELDESİ/ŞEKER MAHALLESİ ALİ RIZA EFENDİ CADDE No: 11 G BABAESKİ KIRKLARELİ;02885231495;39;KIRKLARELİ;;;;41.369023;27.142322;KAPALI;KAPALI;KAPALI;1;2026-09-21 08:30:16
6249;PTT_SUBE;6557;BABAESKİ MÜDÜRLÜĞÜ;GAZİKEMAL MAHALLESİ GAZİ MUSTAFA KEMAL BULVAR No: 3 A BABAESKİ KIRKLARELİ;02885121725;39;KIRKLARELİ;;;;41.429679;27.09187;08:30-17:30;KAPALI;KAPALI;1;2026-09-21 08:30:16
6248;PTT_SUBE;1595;BÜYÜKKARIŞTIRAN ŞUBESİ;BÜYÜKKARIŞTIRAN BELDESİ/YENİ MAHALLESİ HORHOR SOKAK No: 4 LÜLEBURGAZ KIRKLARELİ;02884362237;39;KIRKLARELİ;;;;41.298445;27.545077;08:30-12:30/13:30-17:00;KAPALI;KAPALI;1;2026-09-21 08:30:16
6247;PTT_SUBE;1712;DEMİRKÖY MÜDÜRLÜĞÜ;HAMDİBEY MAHALLESİ CUMHURİYET MEYDAN No: 1 DEMİRKÖY KIRKLARELİ;02886815493;39;KIRKLARELİ;;;;41.825178058;27.76636601;08:30-17:00;KAPALI;KAPALI;1;2026-09-21 08:30:16
6246;PTT_SUBE;5874;DEREKÖY ACENTELİĞİ;DEREKÖY KÖYÜ DEREKÖY KÜME EVLER No: 2 MERKEZ KIRKLARELİ;05425053177;39;KIRKLARELİ;;;;41.92761;27.378644;08:30-12:30/13:30-17:00;KAPALI;KAPALI;1;2026-09-21 08:30:16
6245;PTT_SUBE;7109;DEREKÖY HUDUT KAPISI ACENTELİĞİ;DEREKÖY KÖYÜ DEREKÖY KÜME EVLER No: 256 MERKEZ KIRKLARELİ;02882444018;39;KIRKLARELİ;;;;41.923755;27.367466;08:30-12:30/13:30-17:00;KAPALI;KAPALI;1;2026-09-21 08:30:16
6244;PTT_SUBE;1599;EVRENSEKİZ ŞUBESİ;EVRENSEKİZ BELDESİ/GÜNDOĞU MAHALLESİ CUMHURİYET CADDE No: 33 A LÜLEBURGAZ KIRKLARELİ;02884439254;39;KIRKLARELİ;;;;41.374267;27.494583;08:30-12:30/13:30-17:00;KAPALI;KAPALI;1;2026-09-21 08:30:16
6243;PTT_SUBE;1618;GÜNDOĞU  ŞUBESİ;GÜNDOĞU MAHALLESİ FATİH CADDE No: 93 B LÜLEBURGAZ KIRKLARELİ;02884170618;39;KIRKLARELİ;;;;41.40476;27.361519;08:30-12:30/13:30-17:00;KAPALI;KAPALI;1;2026-09-21 08:30:16
6242;PTT_SUBE;1609;IŞIKLAR  ŞUBESİ;SEVGİ MAHALLESİ İSTASYON CADDE No: 102 /1 LÜLEBURGAZ KIRKLARELİ;02884173132;39;KIRKLARELİ;;;;41.392957;27.350584;08:30-12:30/13:30-17:00;KAPALI;KAPALI;1;2026-09-21 08:30:16
6240;PTT_SUBE;1804;KARACAİBRAHİM  ŞUBESİ;KARACAİBRAHİM MAHALLESİ NÜZHET SOMAY CADDE No: 33 MERKEZ KIRKLARELİ;02882143032;39;KIRKLARELİ;;;;41.731566;27.226989;08:30-12:30/13:30-17:00;KAPALI;KAPALI;1;2026-09-21 08:30:16
6239;PTT_SUBE;1771;KAVAKLI ŞUBESİ;KAVAKLI BELDESİ/ÇARŞI MAHALLESİ CUMHURİYET MEYDAN No: 1 MERKEZ KIRKLARELİ;02882461253;39;KIRKLARELİ;;;;41.655595;27.172045;08:30-12:30/13:30-17:00;KAPALI;KAPALI;1;2026-09-21 08:30:16
6238;PTT_SUBE;674;KAYNARCA ŞUBESİ;KAYNARCA BELDESİ/AKARLAR MAHALLESİ ÇARŞI CADDE No: 60 A PINARHİSAR KIRKLARELİ;02886457099;39;KIRKLARELİ;;;;41.658441;27.470795;08:30-12:30/13:30-17:00;KAPALI;KAPALI;1;2026-09-21 08:30:16
6237;PTT_SUBE;1765;KIRKLARELİ MÜDÜRLÜĞÜ;KARAKAŞ MAHALLESİ FEVZİ ÇAKMAK BULVAR No: 20 MERKEZ KIRKLARELİ;02882141974;39;KIRKLARELİ;;;;41.733945;27.221765;08:30-12:30/13:30-17:00;KAPALI;KAPALI;1;2026-09-21 08:30:16
6236;PTT_SUBE;6478;KIYIKÖY ŞUBESİ;KIYIKÖY BELDESİ/CUMHURİYET MAHALLESİ CUMHURİYET CADDE No: 31 E VİZE KIRKLARELİ;02883886888;39;KIRKLARELİ;;;;41.633914;28.095323;08:30-12:30/13:30-17:30;KAPALI;KAPALI;1;2026-09-21 08:30:16
6235;PTT_SUBE;2167;KOFÇAZ  ŞUBESİ;YENİ MAHALLESİ CUMHURİYET CADDE No: 15 KOFÇAZ KIRKLARELİ;02887622230;39;KIRKLARELİ;;;;41.944319095;27.157514094;08:30-12:30/13:30-17:00;KAPALI;KAPALI;1;2026-09-21 08:30:16
6234;PTT_SUBE;1586;LÜLEBURGAZ MÜDÜRLÜĞÜ;YILMAZ MAHALLESİ EDİRNE CADDE No: 38 LÜLEBURGAZ KIRKLARELİ;02884171817;39;KIRKLARELİ;;;;41.40897;27.35073;08:30-12:30/13:30-17:00;KAPALI;KAPALI;1;2026-09-21 08:30:16
6233;PTT_SUBE;1838;LÜLEBURGAZ POSTA KARGO İŞLEME VE DAĞITIM MÜDÜRLÜĞÜ ;SEVGİ MAHALLESİ İSTASYON CADDE No: 102 /1 LÜLEBURGAZ KIRKLARELİ;02884153931;39;KIRKLARELİ;;;;41.393335021;27.350643355;08:30-12:30;09:00-12:30;KAPALI;1;2026-09-21 08:30:16
6232;PTT_SUBE;4029;PEHLİVANKÖY  ŞUBESİ;KAZIMDİRİK MAHALLESİ ZÜBEYDE HANIM MEYDAN No: 2 PEHLİVANKÖY KIRKLARELİ;02887141493;39;KIRKLARELİ;;;;41.3492;26.91768;08:30-12:30/13:30-17:00;KAPALI;KAPALI;1;2026-09-21 08:30:16
6231;PTT_SUBE;670;PINARHİSAR MÜDÜRLÜĞÜ;DERE MAHALLESİ TÜRKOCAĞI CADDE No: 10 PINARHİSAR KIRKLARELİ;02886151333;39;KIRKLARELİ;;;;41.625004;27.513836;08:30-12:30/13:30-17:00;KAPALI;KAPALI;1;2026-09-21 08:30:16
6230;PTT_SUBE;675;VİZE MÜDÜRLÜĞÜ;KALE MAHALLESİ KALE CADDE No: 17 VİZE KIRKLARELİ;02883181493;39;KIRKLARELİ;;;;41.574186;27.766416;08:30-17:00;KAPALI;KAPALI;1;2026-09-21 08:30:16
6241;PTT_SUBE;1715;İĞNEADA ŞUBESİ;İĞNEADA BELDESİ/YENİ MAHALLESİ DEMİRKÖY CADDE No: 20 DEMİRKÖY KIRKLARELİ;02886922380;39;KIRKLARELİ;;;;41.876739;27.984618;08:30-12:30/13:30-17:00;KAPALI;KAPALI;1;2026-09-21 08:30:16
6271;PTT_SUBE;2308;ADALET SARAYI  ŞUBESİ;AŞIKPAŞA MAHALLESİ AHMET YESEVİ BULVAR No: 1 MERKEZ KIRŞEHİR;03862123507;40;KIRŞEHİR;;;;39.147087397;34.164687152;08:30-12:30/13:30-17:00;KAPALI;KAPALI;1;2026-09-21 08:30:16
6269;PTT_SUBE;2286;AKPINAR  ŞUBESİ;YENİDOĞAN MAHALLESİ SAĞLIK CADDE No: 18 AKPINAR KIRŞEHİR;03864122200;40;KIRŞEHİR;;;;39.451007549;33.963106072;08:30-12:30/13:30-17:00;KAPALI;KAPALI;1;2026-09-21 08:30:16
6270;PTT_SUBE;2218;AKÇAKENT ŞUBESİ;ŞEHRİCEDİD MAHALLESİ ATATÜRK CADDE No: 59 AKÇAKENT KIRŞEHİR;03863127100;40;KIRŞEHİR;;;;39.63294;34.09686;08:30-12:30/13:30-17:00;KAPALI;KAPALI;1;2026-09-21 08:30:16
6268;PTT_SUBE;2283;BOZTEPE  ŞUBESİ;BAĞBAŞI MAHALLESİ BELEDİYE CADDE No: 30 BOZTEPE KIRŞEHİR;03865123496;40;KIRŞEHİR;;;;39.26706498;34.26174792;08:30-12:30/13:30-17:00;KAPALI;KAPALI;1;2026-09-21 08:30:16
6266;PTT_SUBE;3961;DEMİRLİ ACENTELİĞİ;DEMİRLİ KÖYÜ/YUNUS EMRE MEVKİİ TÜRK SOKAK No: 2 KAMAN KIRŞEHİR;05422688092;40;KIRŞEHİR;;;;39.300842;33.941363;08:30-12:30/13:30-17:00;KAPALI;KAPALI;1;2026-09-21 08:30:16
6265;PTT_SUBE;3896;HAMİT ACENTELİĞİ;HAMİT KÖYÜ/CUMHURİYET MEVKİİ KAMAN SOKAK No: 11 KAMAN KIRŞEHİR;05426921602;40;KIRŞEHİR;;;;39.46583799;33.82457796;08:30-12:30/13:30-17:00;KAPALI;KAPALI;1;2026-09-21 08:30:16
6264;PTT_SUBE;2507;KAMAN MÜDÜRLÜĞÜ;GAFFAR MAHALLESİ LOKMAN AVŞAR SOKAK No: 4 KAMAN KIRŞEHİR;03867126515;40;KIRŞEHİR;;;;39.358657818;33.72095465;08:30-12:30/13:30-17:00;KAPALI;KAPALI;1;2026-09-21 08:30:16
6263;PTT_SUBE;3905;KARAHIDIR ACENTELİĞİ;KARAHIDIR KÖYÜ/ÇAMLIBEL MEVKİİ 211 SOKAK No: 7 MERKEZ KIRŞEHİR;03862295190;40;KIRŞEHİR;;;;39.364458;34.079198;08:30-12:30/13:30-17:00;KAPALI;KAPALI;1;2026-09-21 08:30:16
6262;PTT_SUBE;8513;KIRŞEHİR DAĞITIM VE TOPLAMA MÜDÜRLÜĞÜ;NASUHDEDE MAHALLESİ 409. SOKAK No: 3 MERKEZ KIRŞEHİR;0;40;KIRŞEHİR;;;;39.154009;34.149612;08:00-20:00/-;08:00-20:00/-;08:00-20:00/-;1;2026-09-21 08:30:16
6261;PTT_SUBE;2600;KIRŞEHİR MÜDÜRLÜĞÜ;AHİEVRAN MAHALLESİ MEHMET ALİ YAPICI BULVAR No: 1 MERKEZ KIRŞEHİR;03862123578;40;KIRŞEHİR;;;;39.146845;34.160174;08:30-12:30/13:30-17:00;KAPALI;KAPALI;1;2026-09-21 08:30:16
6259;PTT_SUBE;3876;KURANCILI ACENTELİĞİ;KURANCILI BELDESİ/CUMHURİYET MAHALLESİ ÇANKAYA CADDE No: 2 KAMAN KIRŞEHİR;05448236747;40;KIRŞEHİR;;;;39.331887;33.898909;08:30-12:30/13:30-17:00;KAPALI;KAPALI;1;2026-09-21 08:30:16
6260;PTT_SUBE;2503;KÖSELİ ACENTELİĞİ;KÖSELİ BELDESİ/ÇİFTLİK MAHALLESİ DİKİLİ SOKAK No: 1 ÇİÇEKDAĞI KIRŞEHİR;03545161230;40;KIRŞEHİR;;;;39.650416;34.458656;08:30-12:30/13:30-17:00;KAPALI;KAPALI;1;2026-09-21 08:30:16
6258;PTT_SUBE;2580;MUCUR MÜDÜRLÜĞÜ;YENİCE MAHALLESİ MİLLİ EGEMENLİK CADDE No: 10 MUCUR KIRŞEHİR;03868124676;40;KIRŞEHİR;;;;39.063858;34.373913;08:30-12:30;KAPALI;KAPALI;1;2026-09-21 08:30:16
6257;PTT_SUBE;2384;NASUHDEDE  ŞUBESİ;NASUHDEDE MAHALLESİ 409. SOKAK No: 1 MERKEZ KIRŞEHİR;03862123554;40;KIRŞEHİR;;;;39.153748974;34.149561661;08:30-12:30/13:30-17:00;KAPALI;KAPALI;1;2026-09-21 08:30:16
6254;PTT_SUBE;3936;YELEK ACENTELİĞİ;YELEK KÖYÜ/CUMHURİYET MEVKİİ SAĞLIK SOKAK No: 3 - KAMAN KIRŞEHİR;05442066443;40;KIRŞEHİR;;;;39.282182;33.700795;08:30-12:30/13:30-17:00;KAPALI;KAPALI;1;2026-09-21 08:30:16
6267;PTT_SUBE;2576;ÇİÇEKDAĞI   MÜDÜRLÜĞÜ;YENİŞEHİR MAHALLESİ ATATÜRK CADDE No: 14 ÇİÇEKDAĞI KIRŞEHİR;03866122418;40;KIRŞEHİR;;;;39.60448398;34.41867012;08:30-12:30;KAPALI;KAPALI;1;2026-09-21 08:30:16
6256;PTT_SUBE;3948;ÖMERHACILI ACENTELİĞİ;ÖMERHACILI KÖYÜ/ORTA MEVKİİ TURGUT ASLAN SOKAK No: 1 KAMAN KIRŞEHİR;05462167967;40;KIRŞEHİR;;;;39.29458;33.820713;08:30-12:30/13:30-17:00;KAPALI;KAPALI;1;2026-09-21 08:30:16
6255;PTT_SUBE;2269;ÖZBAĞ ŞUBESİ;ÖZBAĞ BELDESİ/ÖRCÜN MAHALLESİ ANKARA CADDE No: 75 MERKEZ KIRŞEHİR;03862348898;40;KIRŞEHİR;;;;39.215348;34.142424;08:30-12:30/13:30-17:00;KAPALI;KAPALI;1;2026-09-21 08:30:16
6343;PTT_KARGOMAT;362;BAŞİSKELE KARGOMAT;BARBAROS MAHALLESİ PINAR CADDE No: 47 BAŞİSKELE KOCAELİ;;41;KOCAELİ;;;;40.710906;29.931841;7/24 Açık;7/24 Açık;7/24 Açık;1;2026-09-21 08:30:17
6351;PTT_KARGOMAT;351;BİLİŞİM VADİSİ KARGOMAT;MUALLİMKÖY MAHALLESİ DENİZ CADDE No: 143 /5 GEBZE KOCAELİ;;41;KOCAELİ;;;;40.792625;29.5106;7/24 Açık;7/24 Açık;7/24 Açık;1;2026-09-21 08:30:17
6348;PTT_KARGOMAT;501;GEBZE CUMHURİYET MEYDANI KARGOMAT;HACIHALİL MAHALLESİ 1219. SOKAK No: 6 GEBZE KOCAELİ;;41;KOCAELİ;;;;40.79772;29.432708;7/24 Açık;7/24 Açık;7/24 Açık;1;2026-09-21 08:30:17
6350;PTT_KARGOMAT;413;GEBZE ISSIKGÖL KARGOMAT;MEVLANA MAHALLESİ ISSIKGÖL CADDE No: 21 A GEBZE KOCAELİ;;41;KOCAELİ;;;;40.80857;29.42922;7/24 Açık;7/24 Açık;7/24 Açık;1;2026-09-21 08:30:17
6349;PTT_KARGOMAT;349;GEBZE OSMAN YILMAZ KARGOMAT;OSMAN YILMAZ MAHALLESİ 646. SOKAK No: 10 GEBZE KOCAELİ;;41;KOCAELİ;;;;40.790684;29.427028;7/24 Açık;7/24 Açık;7/24 Açık;1;2026-09-21 08:30:17
6352;PTT_KARGOMAT;549;GEBZE ÖĞRENCİ YURDU KARGOMAT;MUALLİMKÖY MAHALLESİ 4125. SOKAK No: 2 A GEBZE KOCAELİ;;41;KOCAELİ;;;;40.790014486;29.489533381;7/24 Açık;7/24 Açık;7/24 Açık;1;2026-09-21 08:30:17
6353;PTT_KARGOMAT;361;GÖLCÜK KARGOMAT;DUMLUPINAR MAHALLESİ 19 MAYIS CADDE No: 123 GÖLCÜK KOCAELİ;;41;KOCAELİ;;;;40.71763;29.828634;7/24 Açık;7/24 Açık;7/24 Açık;1;2026-09-21 08:30:17
6361;PTT_KARGOMAT;381;KARTEPE ATAEVLER KARGOMAT;ATAEVLER MAHALLESİ İSMETPAŞA CADDE No: 29 KARTEPE KOCAELİ;;41;KOCAELİ;;;;40.74114;30.047257;7/24 Açık;7/24 Açık;7/24 Açık;1;2026-09-21 08:30:17
6360;PTT_KARGOMAT;465;KARTEPE KARGOMAT;FATİH SULTAN MEHMET MAHALLESİ KESER CADDE No: 71 KARTEPE KOCAELİ;;41;KOCAELİ;;;;40.733968;30.034529;7/24 Açık;7/24 Açık;7/24 Açık;1;2026-09-21 08:30:17
6359;PTT_KARGOMAT;410;KURUÇEŞME KARGOMAT;DOĞAN MAHALLESİ ERYILMAZ SOKAK No: 1 A İZMİT KOCAELİ;;41;KOCAELİ;;;;40.76468;29.876821;7/24 Açık;7/24 Açık;7/24 Açık;1;2026-09-21 08:30:17
6362;PTT_KARGOMAT;416;KÖRFEZ KARGOMAT;KUZEY MAHALLESİ DALYAN SOKAK No: 23 A KÖRFEZ KOCAELİ;;41;KOCAELİ;;;;40.764288;29.789059;7/24 Açık;7/24 Açık;7/24 Açık;1;2026-09-21 08:30:17
6354;PTT_KARGOMAT;360;MEHMET ALİ PAŞA KARGOMAT;M.ALİPAŞA MAHALLESİ MIZRAK SOKAK No: 7 İZMİT KOCAELİ;;41;KOCAELİ;;;;40.764321;29.958511;7/24 Açık;7/24 Açık;7/24 Açık;1;2026-09-21 08:30:17
6347;PTT_KARGOMAT;548;TÜBİTAK GEBZE KARGOMAT;BARIŞ MAHALLESİ DR.ZEKİ ACAR CADDE No: 1 GEBZE KOCAELİ;;41;KOCAELİ;;;;40.783543;29.433607;7/24 Açık;7/24 Açık;7/24 Açık;1;2026-09-21 08:30:17
6355;PTT_KARGOMAT;350;YAHYAKAPTAN GROSS MARKET;YAHYAKAPTAN MAHALLESİ AKKAVAKLAR CADDE No: 9 Z İZMİT KOCAELİ;;41;KOCAELİ;;;;40.763525;29.97189;7/24 Açık;7/24 Açık;7/24 Açık;1;2026-09-21 08:30:17
6345;PTT_KARGOMAT;562;ÇAYIROVA KARGOMAT;ÇAYIROVA MAHALLESİ FATİH CADDE No: 58 ÇAYIROVA KOCAELİ;;41;KOCAELİ;;;;40.816315;29.368661;7/24 Açık;7/24 Açık;7/24 Açık;1;2026-09-21 08:30:17
6346;PTT_KARGOMAT;514;İSTASYON KARGOMAT;ABDİ İPEKÇİ MAHALLESİ İSTASYON CADDE No: 556 DARICA KOCAELİ;;41;KOCAELİ;;;;40.782186;29.411915;7/24 Açık;7/24 Açık;7/24 Açık;1;2026-09-21 08:30:17
6356;PTT_KARGOMAT;411;İZMİT BEKİRPAŞA KARGOMAT;YENİŞEHİR MAHALLESİ TÜRKSOY SOKAK No: 1 İZMİT KOCAELİ;;41;KOCAELİ;;;;40.772034;29.954559;7/24 Açık;7/24 Açık;7/24 Açık;1;2026-09-21 08:30:17
6357;PTT_KARGOMAT;383;İZMİT YEŞİLOVA KARGOMAT;YEŞİLOVA MAHALLESİ GÜNDOĞDU CADDE No: 25 A İZMİT KOCAELİ;;41;KOCAELİ;;;;40.78796;29.969368;7/24 Açık;7/24 Açık;7/24 Açık;1;2026-09-21 08:30:17
6358;PTT_KARGOMAT;382;İZMİT İSTİKLAL KARGOMAT;ÖMERAĞA MAHALLESİ İSTİKLAL CADDE No: 101 İZMİT KOCAELİ;;41;KOCAELİ;;;;40.764226;29.927736;7/24 Açık;7/24 Açık;7/24 Açık;1;2026-09-21 08:30:17
6342;PTT_SUBE;6252;15 TEMMUZ ŞEHİTLERİ  MÜDÜRLÜĞÜ;MEVLANA MAHALLESİ ISSIKGÖL CADDE No: 21 A GEBZE KOCAELİ;02626441023;41;KOCAELİ;;;;40.80857;29.42922;08:30-12:30/13:30-17:00;KAPALI;KAPALI;1;2026-09-21 08:30:17
6341;PTT_SUBE;990;ACISU ŞUBESİ;ACISU MAHALLESİ SAPANCA YOLU CADDE No: 440 KARTEPE KOCAELİ;02623534947;41;KOCAELİ;;;;40.7174;30.1145;08:30-12:30/13:30-17:00;KAPALI;KAPALI;1;2026-09-21 08:30:17
6339;PTT_SUBE;828;ADLİYE SARAYI  ŞUBESİ;KÖRFEZ MAHALLESİ HAFIZ BİNBAŞI CADDE No: 5 İZMİT KOCAELİ;02623210804;41;KOCAELİ;;;;40.763516;29.939136;08:30-12:30/13:30-17:00;KAPALI;KAPALI;1;2026-09-21 08:30:17
6340;PTT_SUBE;6450;ADLİYE SARAYI  ŞUBESİ;MEVLANA MAHALLESİ SOMA MADEN ŞEHİTLERİ BULVAR No: 8 GEBZE KOCAELİ;02626447084;41;KOCAELİ;;;;40.8097;29.4193;08:30-12:30/13:30-17:00;KAPALI;KAPALI;1;2026-09-21 08:30:17
6338;PTT_SUBE;4001;ALİ KAHYALAR  ŞUBESİ;ALİKAHYA ATATÜRK MAHALLESİ TURGUT REIS CADDE No: 2 A İZMİT KOCAELİ;02623651494;41;KOCAELİ;;;;40.771065;30.005779;08:30-12:30/13:30-17:00;KAPALI;KAPALI;1;2026-09-21 08:30:17
6337;PTT_SUBE;835;ANITPARK  ŞUBESİ;KADIKÖY MAHALLESİ BAĞDAT CADDE No: 59 İZMİT KOCAELİ;02623253407;41;KOCAELİ;;;;40.768627;29.94397;08:30-12:30/13:30-17:00;KAPALI;KAPALI;1;2026-09-21 08:30:17
6336;PTT_SUBE;7223;ATATÜRK KARGO  ŞUBESİ;ATATÜRK MAHALLESİ 370/2. SOKAK No: 3 ÇAYIROVA KOCAELİ;02627444150;41;KOCAELİ;;;;40.837227;29.388435;KAPALI;KAPALI;KAPALI;1;2026-09-21 08:30:17
6335;PTT_SUBE;4376;BAHÇECİK ŞUBESİ;BAHÇECİK ŞEHİTEKREM MAHALLESİ HÜRRİYET CADDE No: 388 BAŞİSKELE KOCAELİ;02623422494;41;KOCAELİ;;;;40.668603856;29.916624722;08:30-12:30/13:30-17:00;KAPALI;KAPALI;1;2026-09-21 08:30:17
6334;PTT_SUBE;3931;BAŞİSKELE MÜDÜRLÜĞÜ;BARBAROS MAHALLESİ PINAR CADDE No: 47 BAŞİSKELE KOCAELİ;02623432259;41;KOCAELİ;;;;40.710906;29.931841;08:30-12:30;KAPALI;KAPALI;1;2026-09-21 08:30:17
6333;PTT_SUBE;427;BEKİRPAŞA  MÜDÜRLÜĞÜ;YENİŞEHİR MAHALLESİ TÜRKSOY SOKAK No: 1 İZMİT KOCAELİ;02623232313;41;KOCAELİ;;;;40.772034;29.954559;08:30-12:30/13:30-17:00;KAPALI;KAPALI;1;2026-09-21 08:30:17
6332;PTT_SUBE;6824;BEYLİKBAĞI  ŞUBESİ;ULUS MAHALLESİ ANKARA CADDE No: 98 GEBZE KOCAELİ;02627439596;41;KOCAELİ;;;;40.809797;29.38929;08:30-12:30/13:30-17:00;KAPALI;KAPALI;1;2026-09-21 08:30:17
6331;PTT_SUBE;8378;CEZAEVİ  ŞUBESİ;KOCAKAYMAS MAHALLESİ ESKİ KANDIRA CADDE No: 1 KANDIRA KOCAELİ;02625815105;41;KOCAELİ;;;;40.920334;30.075654;08:30-12:30/13:30-17:00;KAPALI;KAPALI;1;2026-09-21 08:30:17
6330;PTT_SUBE;6460;CUMHURİYET KARGO ŞUBESİ;CUMHURİYET MAHALLESİ DERELİ SOKAK No: 1 ÇAYIROVA KOCAELİ;02626584220;41;KOCAELİ;;;;40.870957;29.391221;08:30-12:30/13:30-17:00;KAPALI;KAPALI;1;2026-09-21 08:30:17
6326;PTT_SUBE;1437;DARICA MÜDÜRLÜĞÜ;BAĞLARBAŞI MAHALLESİ GÖKÇAY SOKAK No: 2 DARICA KOCAELİ;02627451150;41;KOCAELİ;;;;40.760144;29.384004;08:30-12:30;KAPALI;KAPALI;1;2026-09-21 08:30:17
6324;PTT_SUBE;6167;DEMOKRASİ  ŞUBESİ;YAHYAKAPTAN MAHALLESİ SALKIM SÖĞÜT CADDE No: 8 /1 İZMİT KOCAELİ;02623232690;41;KOCAELİ;;;;40.76961;29.972639;08:30-12:30/13:30-17:00;KAPALI;KAPALI;1;2026-09-21 08:30:17
6323;PTT_SUBE;2168;DERİNCE MÜDÜRLÜĞÜ;DENİZ MAHALLESİ POSTANE SOKAK No: 9 DERİNCE KOCAELİ;02622291919;41;KOCAELİ;;;;40.75364403;29.83096512;08:30-12:30;KAPALI;KAPALI;1;2026-09-21 08:30:17
6325;PTT_SUBE;753;DEĞİRMENDERE MÜDÜRLÜĞÜ;DEĞİRMENDERE MERKEZ MAHALLESİ AHMET AKYÜZ CADDE No: 2 GÖLCÜK KOCAELİ;02624260000;41;KOCAELİ;;;;40.720859;29.783342;08:30-12:30;KAPALI;KAPALI;1;2026-09-21 08:30:17
6321;PTT_SUBE;1393;DİLOVASI MÜDÜRLÜĞÜ;CUMHURİYET MAHALLESİ YAVUZ SULTAN SELİM CADDE No: 55 DİLOVASI KOCAELİ;02627546354;41;KOCAELİ;;;;40.784484;29.537227;08:30-12:30/13:30-17:00;KAPALI;KAPALI;1;2026-09-21 08:30:17
6322;PTT_SUBE;1388;DİLİSKELESİ  ŞUBESİ;DİLİSKELESİ MAHALLESİ CUMHURİYET CADDE No: 42 DİLOVASI KOCAELİ;02627548502;41;KOCAELİ;;;;40.77674;29.52656;08:30-12:30/13:30-17:00;KAPALI;KAPALI;1;2026-09-21 08:30:17
6320;PTT_SUBE;1452;GEBZE MÜDÜRLÜĞÜ;HACIHALİL MAHALLESİ 1219. SOKAK No: 6 GEBZE KOCAELİ;02626411840;41;KOCAELİ;;;;40.79772;29.432708;08:30-12:30/13:30-17:00;KAPALI;KAPALI;1;2026-09-21 08:30:17
6319;PTT_SUBE;7878;GEBZE ORGANİZE SANAYİ BÖLGESİ  ŞUBESİ;GEBZE OSB MAHALLESİ SAHABETTIN BILGISU CADDE No: 605 GEBZE KOCAELİ;02625024503;41;KOCAELİ;;;;40.849633766;29.426044132;08:30-12:30/13:30-17:00;KAPALI;KAPALI;1;2026-09-21 08:30:17
6318;PTT_SUBE;3938;GEBZE POSTA DAĞITIM  MÜDÜRLÜĞÜ;OSMAN YILMAZ MAHALLESİ 646. SOKAK No: 10 GEBZE KOCAELİ;02626448264;41;KOCAELİ;;;;40.790684;29.427028;08:30-12:30/13:30-17:00;08:30-12:30/-;KAPALI;1;2026-09-21 08:30:17
6317;PTT_SUBE;365;GÖLCÜK MÜDÜRLÜĞÜ;DUMLUPINAR MAHALLESİ 19 MAYIS CADDE No: 123 GÖLCÜK KOCAELİ;02624125540;41;KOCAELİ;;;;40.71763;29.828634;08:30-12:30;KAPALI;KAPALI;1;2026-09-21 08:30:17
6316;PTT_SUBE;8304;GÖLCÜK POSTA VE KARGO DAĞITIM  MERKEZİ;KARAKÖPRÜ MAHALLESİ BEGONYA SOKAK No: 2 /13 GÖLCÜK KOCAELİ;02625028995;41;KOCAELİ;;;;40.707326;29.857881;08:30-12:30;08:30-12:30;KAPALI;1;2026-09-21 08:30:17
6315;PTT_SUBE;7569;HALIDERE ACENTELİĞİ;HALIDERE YALI MAHALLESİ MİMAR SEBAHATTİN KAZANÇ CADDE No: 3 GÖLCÜK KOCAELİ;02626000078;41;KOCAELİ;;;;40.717217;29.751842;08:30-12:30/13:30-17:00;KAPALI;KAPALI;1;2026-09-21 08:30:17
6314;PTT_SUBE;761;HEREKE MÜDÜRLÜĞÜ;AGAH ATEŞ MAHALLESİ HEREKE CUMHURİYET CADDE No: 38 KÖRFEZ KOCAELİ;02625114950;41;KOCAELİ;;;;40.78504899;29.61846;08:30-12:30/-;KAPALI;KAPALI;1;2026-09-21 08:30:17
6306;PTT_SUBE;228;KANDIRA MÜDÜRLÜĞÜ;AYDINLIK MAHALLESİ MİLLİ EGEMENLİK CADDE No: 3 A KANDIRA KOCAELİ;02625513498;41;KOCAELİ;;;;41.071028;30.151018;08:30-12:30/13:30-17:00;KAPALI;KAPALI;1;2026-09-21 08:30:17
6305;PTT_SUBE;692;KARAMÜRSEL MÜDÜRLÜĞÜ;4 TEMMUZ MAHALLESİ FATİH SULTAN MEHMET BULVAR No: 32 KARAMÜRSEL KOCAELİ;02624521990;41;KOCAELİ;;;;40.691955;29.614079;08:30-12:30;KAPALI;KAPALI;1;2026-09-21 08:30:17
6304;PTT_SUBE;6263;KARTEPE PTT MÜDÜRLÜĞÜ;FATİH SULTAN MEHMET MAHALLESİ BAĞDAT CADDE No:172 J KARTEPE KOCAELİ;02623733494;41;KOCAELİ;;;;40.72911681936728;30.027225752149587;08:30-12:30 / 13:30-17:00;KAPALI;KAPALI;1;2026-09-21 08:30:17
6303;PTT_SUBE;1700;KOCAELİ POSTA İŞLEME  MÜDÜRLÜĞÜ;KARADENİZLİLER MAHALLESİ CAN SOKAK No: 3 BAŞİSKELE KOCAELİ;02623232677;41;KOCAELİ;;;;40.753072;29.96301;08:30-12:30/13:30-17:00;08:30-13:00/13:30-17:00;KAPALI;1;2026-09-21 08:30:17
6299;PTT_SUBE;4378;KULLAR  ŞUBESİ;KULLAR MERKEZ MAHALLESİ TURAN SOKAK No: 3 BAŞİSKELE KOCAELİ;02623493496;41;KOCAELİ;;;;40.72377303;29.990736;08:30-12:30/13:30-17:00;KAPALI;KAPALI;1;2026-09-21 08:30:17
6298;PTT_SUBE;7345;KURUÇEŞME MÜDÜRLÜĞÜ;DOĞAN MAHALLESİ ERYILMAZ SOKAK No: 1 A İZMİT KOCAELİ;02622270185;41;KOCAELİ;;;;40.76468;29.876821;08:30-12:30/13:30-17:00;KAPALI;KAPALI;1;2026-09-21 08:30:17
6302;PTT_SUBE;3981;KÖRFEZ MÜDÜRLÜĞÜ;YENİYALI MAHALLESİ BORA SOKAK No: 5 KÖRFEZ KOCAELİ;02625272222;41;KOCAELİ;;;;40.76785;29.790343;08:30-12:30;KAPALI;KAPALI;1;2026-09-21 08:30:17
6301;PTT_SUBE;985;KÖSEKÖY  ŞUBESİ;KÖSEKÖY MAHALLESİ ATATÜRK CADDE No: 59 KARTEPE KOCAELİ;02623733623;41;KOCAELİ;;;;40.739087;30.003848;08:30-12:30/13:30-17:00;KAPALI;KAPALI;1;2026-09-21 08:30:17
6300;PTT_SUBE;6823;KÖSELER ACENTELİĞİ;KÖSELER MAHALLESİ GÜLTEPE SOKAK No: 2 DİLOVASI KOCAELİ;02627546354;41;KOCAELİ;;;;40.861661;29.57639;08:30-12:30/13:30-17:00;KAPALI;KAPALI;1;2026-09-21 08:30:17
6297;PTT_SUBE;1411;NENEHATUN  ŞUBESİ;NENEHATUN MAHALLESİ İBNİ SİNA CADDE No: 4 A DARICA KOCAELİ;02626565248;41;KOCAELİ;;;;40.781642;29.385156;08:30-12:30/13:30-17:00;KAPALI;KAPALI;1;2026-09-21 08:30:17
6296;PTT_SUBE;7589;SARIMEŞE  ŞUBESİ;FATİH SULTAN MEHMET MAHALLESİ BAĞDAT CADDE No:172 J KARTEPE KOCAELİ;02623733494;41;KOCAELİ;;;;40.729093;30.027211;08:30-12:30/13:30-17:00;KAPALI;KAPALI;1;2026-09-21 08:30:17
6295;PTT_SUBE;7903;SEKA  ŞUBESİ;YENİDOĞAN MAHALLESİ MÜRSELPAŞA CADDE No: 51 İZMİT KOCAELİ;02623229797;41;KOCAELİ;;;;40.769318;29.902616;08:30-12:30/13:30-17:00;KAPALI;KAPALI;1;2026-09-21 08:30:17
6294;PTT_SUBE;1426;SIRA SÖĞÜTLER  ŞUBESİ;SIRASÖĞÜTLER MAHALLESİ AYDINLAR CADDE No: 2 DARICA KOCAELİ;02626550075;41;KOCAELİ;;;;40.789996;29.393207;08:30-12:30/13:30-17:00;KAPALI;KAPALI;1;2026-09-21 08:30:17
6292;PTT_SUBE;6447;TAVŞANCIL ACENTELİĞİ;TAVŞANCIL MAHALLESİ FİKRİ BENGİ CADDE No: 30 A DİLOVASI KOCAELİ;02627546354;41;KOCAELİ;;;;40.77375;29.57552;08:30-12:30/13:30-17:00;KAPALI;KAPALI;1;2026-09-21 08:30:17
6291;PTT_SUBE;6365;ULAŞLI ACENTELİĞİ;ULAŞLI YAVUZ SULTAN SELİM MAHALLESİ ABDÜLHAMİT HAN CADDE No: 59 GÖLCÜK KOCAELİ;02626000078;41;KOCAELİ;;;;40.706404;29.69477;08:30-12:30/13:30-17:00;KAPALI;KAPALI;1;2026-09-21 08:30:17
6290;PTT_SUBE;946;UZUN ÇİFTLİK  ŞUBESİ;ATAEVLER MAHALLESİ İSMETPAŞA CADDE No: 29 KARTEPE KOCAELİ;02623712494;41;KOCAELİ;;;;40.74114;30.047257;08:30-12:30/13:30-17:00;KAPALI;KAPALI;1;2026-09-21 08:30:17
6289;PTT_SUBE;404;YAHYA KAPTAN  ŞUBESİ;YAHYAKAPTAN MAHALLESİ AKKAVAKLAR CADDE No: 9 Z İZMİT KOCAELİ;02623115680;41;KOCAELİ;;;;40.763525;29.97189;08:30-12:30/13:30-17:00;KAPALI;KAPALI;1;2026-09-21 08:30:17
6288;PTT_SUBE;4043;YARIMCA  ŞUBESİ;MİMAR SİNAN MAHALLESİ MEHMET AKİF ERSOY CADDE No: 88 S KÖRFEZ KOCAELİ;02625282356;41;KOCAELİ;;;;40.770617;29.743838;08:30-12:30/13:30-17:00;KAPALI;KAPALI;1;2026-09-21 08:30:17
6287;PTT_SUBE;2181;YAVUZ SULTAN  ŞUBESİ;YAVUZ SULTAN MAHALLESİ KÖRFEZ CADDE No: 14 /1 DERİNCE KOCAELİ;02622292619;41;KOCAELİ;;;;40.753171;29.809868;08:30-12:30/13:30-17:00;KAPALI;KAPALI;1;2026-09-21 08:30:17
6286;PTT_SUBE;2192;YENİKENT  ŞUBESİ;YENİKENT MAHALLESİ HAYAL SOK NO:17;02622330704;41;KOCAELİ;;;;40.78098702;29.810745;08:30-12:30/13:30-17:00;KAPALI;KAPALI;1;2026-09-21 08:30:17
6285;PTT_SUBE;8094;YENİKENT POSTA KARGO DAĞITIM MÜDÜRLÜĞÜ;YENİKENT MAHALLESİ HAYAL SOKAK No: 17 B DERİNCE KOCAELİ;02622291831;41;KOCAELİ;;;;40.781463636;29.812785162;08:30-12:30;08:30-12:30;KAPALI;1;2026-09-21 08:30:17
6284;PTT_SUBE;7326;YENİŞEHİR  ŞUBESİ;YENİŞEHİR MAHALLESİ ASİLKENT SOKAK No: 19 A İZMİT KOCAELİ;02623115792;41;KOCAELİ;;;;40.771294;29.965213;08:30-12:30/13:30-17:00;KAPALI;KAPALI;1;2026-09-21 08:30:17
6283;PTT_SUBE;419;YEŞİLOVA  ŞUBESİ;YEŞİLOVA MAHALLESİ GÜNDOĞDU CADDE No: 25 A İZMİT KOCAELİ;02623224822;41;KOCAELİ;;;;40.78796;29.969368;08:30-12:30/13:30-17:00;KAPALI;KAPALI;1;2026-09-21 08:30:17
6282;PTT_SUBE;4398;YEŞİLYURT  ŞUBESİ;YEŞİLYURT MAHALLESİ YUVACIK 17 AĞUSTOS BULVAR No: 10 A BAŞİSKELE KOCAELİ;02623434423;41;KOCAELİ;;;;40.720402;29.949293;08:30-12:30/13:30-17:00;KAPALI;KAPALI;1;2026-09-21 08:30:17
6281;PTT_SUBE;774;YUKARI HEREKE  ŞUBESİ;YUKARI HEREKE MAHALLESİ ÇARŞI CADDE No: 70 B KÖRFEZ KOCAELİ;02625114950;41;KOCAELİ;;;;40.801722;29.645726;08:30-12:30/13:30-17:00;KAPALI;KAPALI;1;2026-09-21 08:30:17
6280;PTT_SUBE;4388;YUVACIK  ŞUBESİ;YUVACIK YAKACIK MAHALLESİ HACI MAHMUT CADDE No: 5 BAŞİSKELE KOCAELİ;02623442494;41;KOCAELİ;;;;40.68596799;29.96576208;08:30-12:30/13:30-17:00;KAPALI;KAPALI;1;2026-09-21 08:30:17
6329;PTT_SUBE;4047;ÇAMLITEPE  ŞUBESİ;ÇAMLITEPE MAHALLESİ YUNUS EMRE CADDE No: 177 KÖRFEZ KOCAELİ;02625273893;41;KOCAELİ;;;;40.774433;29.777797;08:30-12:30/13:30-17:00;KAPALI;KAPALI;1;2026-09-21 08:30:17
6328;PTT_SUBE;698;ÇAYIROVA MÜDÜRLÜĞÜ;ÇAYIROVA MAHALLESİ FATİH CADDE No: 58 ÇAYIROVA KOCAELİ;02627443030;41;KOCAELİ;;;;40.816315;29.368661;08:30-12:30;KAPALI;KAPALI;1;2026-09-21 08:30:17
6327;PTT_SUBE;7178;ÇAYIROVA POSTA DAĞITIM  MÜDÜRLÜĞÜ;ATATÜRK MAHALLESİ 370/2. SOKAK No: 3 ÇAYIROVA KOCAELİ;02627444149;41;KOCAELİ;;;;40.837227;29.388435;08:30-12:30;08:30-12:30;KAPALI;1;2026-09-21 08:30:17
6313;PTT_SUBE;2200;İBN-İ SİNA  ŞUBESİ;İBNİSİNA MAHALLESİ SÜRMELİ SOKAK No: 17 A DERİNCE KOCAELİ;02622330827;41;KOCAELİ;;;;40.76174129;29.810762083;08:30-12:30/13:30-17:00;KAPALI;KAPALI;1;2026-09-21 08:30:17
6312;PTT_SUBE;3953;İHSANİYE ACENTELİĞİ;İHSANİYE MERKEZ MAHALLESİ OKYAR CADDE No: 5 GÖLCÜK KOCAELİ;02624357711;41;KOCAELİ;;;;40.690773;29.834387;08:30-12:30/13:30-17:00;KAPALI;KAPALI;1;2026-09-21 08:30:17
6311;PTT_SUBE;7393;İLİMTEPE ACENTELİĞİ;İLİMTEPE MAHALLESİ 17 AĞUSTOS CADDE No: 1 A KÖRFEZ KOCAELİ;05376906798;41;KOCAELİ;;;;40.800956075;29.763751119;08:30-12:30/13:30-17:00;KAPALI;KAPALI;1;2026-09-21 08:30:17
6310;PTT_SUBE;7847;İSTASYON  ŞUBE ŞEFLİĞİ;ABDİ İPEKÇİ MAHALLESİ İSTASYON CADDE No: 556 DARICA KOCAELİ;02626556105;41;KOCAELİ;;;;40.782186;29.411915;08:30-12:30/13:30-17:00;KAPALI;KAPALI;1;2026-09-21 08:30:17
6309;PTT_SUBE;886;İZMİT KÜÇÜK SANAYİ SİTESİ  ŞUBESİ;SANAYİ MAHALLESİ İZMİT SANAYİ SİTESİ 5. CADDE No: 48 İZMİT KOCAELİ;02623350049;41;KOCAELİ;;;;40.746521;29.947452;08:30-12:30/13:30-17:00;KAPALI;KAPALI;1;2026-09-21 08:30:17
6308;PTT_SUBE;3942;İZMİT MÜDÜRLÜĞÜ;ÖMERAĞA MAHALLESİ İSTİKLAL CADDE No: 101 İZMİT KOCAELİ;02623215230;41;KOCAELİ;;;;40.764226;29.927736;08:30-12:30/13:30-17:00;KAPALI;KAPALI;1;2026-09-21 08:30:17
6307;PTT_SUBE;1110;İZMİT POSTA DAĞITIM  MÜDÜRLÜĞÜ;M.ALİPAŞA MAHALLESİ MIZRAK SOKAK No: 7 İZMİT KOCAELİ;02623232652;41;KOCAELİ;;;;40.764321;29.958511;08:30-12:30/13:30-17:00;08:30-12:30/-;KAPALI;1;2026-09-21 08:30:17
6293;PTT_SUBE;8426;ŞEKERPINAR  ŞUBESİ;CUMHURİYET MAHALLESİ NAMIK KEMAL CADDE No: 63 ÇAYIROVA KOCAELİ;02626581264;41;KOCAELİ;;;;40.861204224;29.373262001;08:30-12:30/13:30-17:00;KAPALI;KAPALI;1;2026-09-21 08:30:17
6464;PTT_SUBE;4929;ADALET PLAZA  ŞUBESİ;AKABE MAHALLESİ ŞEHİT FURKAN DOĞAN CADDE No: 9 KARATAY KONYA;03323550567;42;KONYA;;;;37.865156;32.542876;08:00-12:30/13:30-16:30;KAPALI;KAPALI;1;2026-09-21 08:30:18
6463;PTT_SUBE;4949;ADLİYE SARAYI  ŞUBESİ;ÜÇGÖZ MAHALLESİ 90601. SOKAK No: 12 A EREĞLİ KONYA;03327102266;42;KONYA;;;;37.507721;34.044758;08:30-12:30/13:30-17:00;KAPALI;KAPALI;1;2026-09-21 08:30:18
6462;PTT_SUBE;4329;ADLİYE SARAYI MÜDÜRLÜĞÜ;AKABE MAHALLESİ CEMİL ÇİÇEK CADDE No: 63 KARATAY KONYA;03323550567;42;KONYA;;;;37.861226;32.545057;08:00-12:30/13:30-16:30;KAPALI;KAPALI;1;2026-09-21 08:30:18
6461;PTT_SUBE;7165;AFŞAR ACENTELİĞİ;AFŞAR YUKARI MAHALLESİ FATİH SULTAN MEHMET CADDE No: 15 A TAŞKENT KONYA;03324971010;42;KONYA;;;;36.914526;32.55896016;08:30-12:30/13:30-17:00;KAPALI;KAPALI;1;2026-09-21 08:30:18
6460;PTT_SUBE;1503;AHIRLI  ŞUBESİ;MERKEZ MAHALLESİ DEMİRCİLER CADDE No: 7 AHIRLI KONYA;03324814343;42;KONYA;;;;37.239768;32.121934;08:30-12:30/13:30-17:00;KAPALI;KAPALI;1;2026-09-21 08:30:18
6459;PTT_SUBE;8333;AHMET ÖZCAN ŞUBESİ;UZUNHARMANLAR MAHALLESİ DR.AHMET ÖZCAN CADDE No: 104 B MERAM KONYA;0;42;KONYA;;;;37.852687;32.490891;08:30-12:30/13:30-17:00;KAPALI;KAPALI;1;2026-09-21 08:30:18
6458;PTT_SUBE;7168;AKINCILAR ACENTELİĞİ;AKINCILAR MAHALLESİ AKINCILAR ALTINEKİN CADDE No: 2 ALTINEKİN KONYA;03326312251;42;KONYA;;;;38.405987297;32.891333852;08:30-12:30/13:30-17:00;KAPALI;KAPALI;1;2026-09-21 08:30:18
6457;PTT_SUBE;1470;AKKİSE  ŞUBESİ;HENGEME MAHALLESİ 26648. SOKAK No: 4 B AHIRLI KONYA;03324837101;42;KONYA;;;;37.365261;32.132964;08:30-12:30/13:30-17:00;KAPALI;KAPALI;1;2026-09-21 08:30:18
6454;PTT_SUBE;4899;AKYOKUŞ  ŞUBESİ;YAKA MAHALLESİ BEYŞEHİR CADDE No: 271 C MERAM KONYA;03323285111;42;KONYA;;;;37.879134861;32.430905;08:30-12:30/13:30-17:00;KAPALI;KAPALI;1;2026-09-21 08:30:18
6456;PTT_SUBE;7502;AKÖREN  ŞUBESİ;AĞALAR MAHALLESİ 27338. SOKAK No: 15 AKÖREN KONYA;03324612333;42;KONYA;;;;37.451904621;32.366443177;08:30-12:30/13:30-17:00;KAPALI;KAPALI;1;2026-09-21 08:30:18
6455;PTT_SUBE;6270;AKŞEHİR MÜDÜRLÜĞÜ;MEYDAN MAHALLESİ 32200. SOKAK No: 4 A AKŞEHİR KONYA;03328135353;42;KONYA;;;;38.357907387;31.416253417;08:30-12:30/13:30-17:00;KAPALI;KAPALI;1;2026-09-21 08:30:18
6453;PTT_SUBE;2524;ALAADDİN MÜDÜRLÜĞÜ;FERHUNİYE MAHALLESİ VATAN CADDE No: 3 SELÇUKLU KONYA;03322384960;42;KONYA;;;;37.875577718;32.486374125;08:30-12:30/13:30-17:00;KAPALI;KAPALI;1;2026-09-21 08:30:18
6452;PTT_SUBE;2553;ALAVARDI  ŞUBESİ;MELİKŞAH MAHALLESİ MELTEM. SOKAK No: 5 MERAM KONYA;03323245270;42;KONYA;;;;37.870990119;32.464256288;08:30-12:30/13:30-17:00;KAPALI;KAPALI;1;2026-09-21 08:30:18
6450;PTT_SUBE;7504;ALTINEKİN  ŞUBESİ;ÖLMEZ MAHALLESİ MİLLET CADDE No: 1 ALTINEKİN KONYA;03326312251;42;KONYA;;;;38.308581237;32.867598474;08:30-12:30/13:30-17:00;KAPALI;KAPALI;1;2026-09-21 08:30:18
6451;PTT_SUBE;7583;ALİBEYHÜYÜĞÜ ACENTELİĞİ;ALİBEYHÜYÜĞÜ MAHALLESİ FATİH SULTAN MEHMET CADDE No: 2 A ÇUMRA KONYA;03324471919;42;KONYA;;;;37.53121104;32.66283888;08:30-12:30/13:30-17:00;KAPALI;KAPALI;1;2026-09-21 08:30:18
6449;PTT_SUBE;494;ARGITHANI  ŞUBESİ;ARGITHANI MAHALLESİ AKPINAR CADDE No: 13 ILGIN KONYA;03328892101;42;KONYA;;;;38.29359204;31.70451312;08:30-12:30/13:30-17:00;KAPALI;KAPALI;1;2026-09-21 08:30:18
6447;PTT_SUBE;4035;ATLANTI ACENTELİĞİ;ATLANTI MAHALLESİ ATLANTI CADDE No: 101 F KADINHANI KONYA;05368526446;42;KONYA;;;;38.439291457;32.166743013;08:30-12:30/13:30-17:00;KAPALI;KAPALI;1;2026-09-21 08:30:18
6446;PTT_SUBE;8207;AYKENT AYAKKABICILAR  ŞUBESİ;FEVZİÇAKMAK MAHALLESİ GÖKKUŞAĞI CADDE No: 12/B-C KARATAY KONYA;03323463453;42;KONYA;;;;37.926291;32.535374;08:30-12:30/13:30-17:00;KAPALI;KAPALI;1;2026-09-21 08:30:18
6448;PTT_SUBE;498;AŞAĞIÇİĞİL  ŞUBESİ;ÇİĞİL MAHALLESİ 121200. SOKAK No: 2 C ILGIN KONYA;03328862400;42;KONYA;;;;38.05110498;31.86489537;08:30-12:30/13:30-17:00;KAPALI;KAPALI;1;2026-09-21 08:30:18
6445;PTT_SUBE;7166;BALCILAR ACENTELİĞİ;BALCILAR VELİLER MAHALLESİ 163633. SOKAK No: 19 TAŞKENT KONYA;05396273929;42;KONYA;;;;36.892134;32.68381716;08:30-12:30/13:30-17:00;KAPALI;KAPALI;1;2026-09-21 08:30:18
6444;PTT_SUBE;7111;BELKAYA ACENTELİĞİ;BELKAYA MAHALLESİ 99858. SOKAK No: 3 EREĞLİ KONYA;05335523603;42;KONYA;;;;37.917938663;33.911824109;08:30-12:30/13:30-17:00;KAPALI;KAPALI;1;2026-09-21 08:30:18
6443;PTT_SUBE;8420;BEYHEKİM  ŞUBESİ;BEYHEKİM MAHALLESİ ALİ DEMİRTAŞ SOKAK No: 49 SELÇUKLU KONYA;03322630914;42;KONYA;;;;37.984194;32.488316;08:30-12:30/13:30-17:00;KAPALI;KAPALI;1;2026-09-21 08:30:18
6442;PTT_SUBE;567;BEYKONAK ACENTELİĞİ;BEYKONAK MAHALLESİ OSMAN ERTEKİN CADDE No: 5 ILGIN KONYA;05427782501;42;KONYA;;;;38.17771497;32.04780912;08:30-12:30/13:30-17:00;KAPALI;KAPALI;1;2026-09-21 08:30:18
6441;PTT_SUBE;6636;BEYŞEHİR MÜDÜRLÜĞÜ;EVSAT MAHALLESİ ANTALYA CADDE No: 16 BEYŞEHİR KONYA;03325122525;42;KONYA;;;;37.679065;31.725502;08:30-12:30;KAPALI;KAPALI;1;2026-09-21 08:30:18
6440;PTT_SUBE;8421;BOSNA HERSEK  ŞUBESİ;BOSNA HERSEK MAHALLESİ YASİN SOKAK No: 2 I SELÇUKLU KONYA;03322410153;42;KONYA;;;;38.010548;32.521366;08:30-12:30/13:30-17:00;KAPALI;KAPALI;1;2026-09-21 08:30:18
6439;PTT_SUBE;564;BOZKIR MÜDÜRLÜĞÜ;YUKARI MAHALLESİ 50020. SOKAK No: 2 BOZKIR KONYA;03324262929;42;KONYA;;;;37.189876667;32.243173793;08:30-12:30/13:30-17:00;KAPALI;KAPALI;1;2026-09-21 08:30:18
6438;PTT_SUBE;3732;BÜYÜKBEŞKAVAK ACENTELİĞİ;BÜYÜKBEŞKAVAK MAHALLESİ BÜYÜKBEŞKAVAK CADDE No: 1 /1 CİHANBEYLİ KONYA;05417967982;42;KONYA;;;;38.95182702;32.61037608;09:00-12:30/13:30-17:00;KAPALI;KAPALI;1;2026-09-21 08:30:18
6436;PTT_SUBE;1418;CUMHURİYET  ŞUBESİ;MALAZGİRT MAHALLESİ BARIŞ CADDE No: 24  C- SELÇUKLU KONYA;03322515371;42;KONYA;;;;37.92800684;32.494846234;08:30-12:30/13:30-17:00;KAPALI;KAPALI;1;2026-09-21 08:30:18
6437;PTT_SUBE;3764;CİHANBEYLİ MÜDÜRLÜĞÜ;KÖPRÜBAŞI MAHALLESİ KONYA CADDE No: 105 A CİHANBEYLİ KONYA;03326734162;42;KONYA;;;;38.655974;32.92765;08:30-12:30;KAPALI;KAPALI;1;2026-09-21 08:30:18
6428;PTT_SUBE;1445;DERBENT  ŞUBESİ;CAMİİKEBİR MAHALLESİ 81110. SOKAK No: 4 A DERBENT KONYA;03325612313;42;KONYA;;;;38.013423;32.016014;08:30-12:30/13:30-17:00;KAPALI;KAPALI;1;2026-09-21 08:30:18
6427;PTT_SUBE;662;DEREBUCAK  ŞUBESİ;SARAYÖNÜ MAHALLESİ AV. TAHİR AKYÜREK CADDE No: 5 DEREBUCAK KONYA;03325371402;42;KONYA;;;;37.391867;31.510247;08:30-12:30/13:30-17:00;KAPALI;KAPALI;1;2026-09-21 08:30:18
6426;PTT_SUBE;4788;DOĞANHİSAR MÜDÜRLÜĞÜ;PAZAR MAHALLESİ ŞEHİT İHSAN ÖZTOKLU CADDE No: 4 A DOĞANHİSAR KONYA;03325561212;42;KONYA;;;;38.146785687;31.676731195;08:30-12:30/13:30-17:00;KAPALI;KAPALI;1;2026-09-21 08:30:18
6425;PTT_SUBE;4541;DOĞRUGÖZ ACENTELİĞİ;DOĞRUGÖZ MAHALLESİ TURGUT ÖZAL CADDE No: 29 AKŞEHİR KONYA;05434107055;42;KONYA;;;;38.34685293;31.47268024;08:30-12:30/13:30-17:00;KAPALI;KAPALI;1;2026-09-21 08:30:18
6424;PTT_SUBE;7595;EMİRGAZİ ŞUBESİ;CAMİKEBİR MAHALLESİ MİLLİ EGEMENLİK CADDE No: 38 EMİRGAZİ KONYA;03327472525;42;KONYA;;;;37.902823297;33.835246839;08:30-12:30/13:30-17:00;KAPALI;KAPALI;1;2026-09-21 08:30:18
6423;PTT_SUBE;6234;EREĞLİ PTT MÜDÜRLÜĞÜ;ÜÇGÖZ MAHALLESİ 90601. SOKAK No:12 A EREĞLİ KONYA;03327134440;42;KONYA;;;;37.513667;34.050306;08:30-12:30 / -;KAPALI;KAPALI;1;2026-09-21 08:30:18
6422;PTT_SUBE;2530;FATİH  ŞUBESİ;FATİH MAHALLESİ HAMİTKAPLAN SOKAK No: 3 A SELÇUKLU KONYA;03322357690;42;KONYA;;;;37.894196733;32.487133541;08:30-12:30/13:30-17:00;KAPALI;KAPALI;1;2026-09-21 08:30:18
6421;PTT_SUBE;8331;FETİH ŞUBESİ;ÇİMENLİK MAHALLESİ FETİH CADDE No: 276 C KARATAY KONYA;0;42;KONYA;;;;37.859933;32.523533;08:30-12:30/13:30-17:00;KAPALI;KAPALI;1;2026-09-21 08:30:18
6420;PTT_SUBE;3744;GÖLYAZI ACENTELİĞİ;GÖLYAZI MAHALLESİ HALİKANLI CADDE No: 15 B CİHANBEYLİ KONYA;05385642284;42;KONYA;;;;38.56230801;33.19488612;09:00-12:30/13:30-17:00;KAPALI;KAPALI;1;2026-09-21 08:30:18
6419;PTT_SUBE;4791;GÜNEYSINIR  ŞUBESİ;MEVLANA MAHALLESİ MEVLANA CADDE No: 98 A GÜNEYSINIR KONYA;03324712377;42;KONYA;;;;37.282168194;32.719856457;08:30-12:30/13:30-17:00;KAPALI;KAPALI;1;2026-09-21 08:30:18
6418;PTT_SUBE;4823;GÜVERCİNLİK ACENTELİĞİ;GÜVERCİNLİK MAHALLESİ KARAMANKIRI CADDE No: 14 ÇUMRA KONYA;03324545089;42;KONYA;;;;37.591678;32.820177;08:30-12:30/13:30-17:00;KAPALI;KAPALI;1;2026-09-21 08:30:18
6417;PTT_SUBE;4027;HADİM MÜDÜRLÜĞÜ;TAŞPINAR MAHALLESİ HADİMİ CADDE No: 58 B HADİM KONYA;03324181414;42;KONYA;;;;36.986248;32.454191;08:30-12:30;KAPALI;KAPALI;1;2026-09-21 08:30:18
6416;PTT_SUBE;2669;HALKAPINAR  ŞUBESİ;CUMHURİYET MAHALLESİ ŞEHİT CİHANGİR TOK CADDE No: 6 HALKAPINAR KONYA;03327712314;42;KONYA;;;;37.43297;34.18706;08:30-12:30/13:30-17:00;KAPALI;KAPALI;1;2026-09-21 08:30:18
6415;PTT_SUBE;1772;HAYIROĞLU ACENTELİĞİ;HAYIROĞLU MAHALLESİ 22566. SOKAK No: 16 D KARATAY KONYA;05448984411;42;KONYA;;;;37.754762;32.859709;08:30-12:30/13:30-17:00;KAPALI;KAPALI;1;2026-09-21 08:30:18
6414;PTT_SUBE;7911;HOTAMIŞ ACENTESİ;HOTAMIŞ MAHALLESİ 134869. SOKAK No: 2 /1 KARAPINAR KONYA;05365173779;42;KONYA;;;;37.639389513;33.318751521;08:30-12:30/13:30-17:00;KAPALI;KAPALI;1;2026-09-21 08:30:18
6413;PTT_SUBE;673;HUĞLU ŞUBESİ;HUĞLU MAHALLESİ 43154. SOKAK No: 27 A BEYŞEHİR KONYA;03325161401;42;KONYA;;;;37.47670803;31.57944084;08:30-12:30/13:30-17:00;KAPALI;KAPALI;1;2026-09-21 08:30:18
6412;PTT_SUBE;1066;HÜYÜK MÜDÜRLÜĞÜ;BAHÇELİ EVLER MAHALLESİ PROF. DR. AHMET AYHAN CADDE No: 22 A HÜYÜK KONYA;03325431313;42;KONYA;;;;37.950255073;31.598976029;08:30-12:30;KAPALI;KAPALI;1;2026-09-21 08:30:18
6411;PTT_SUBE;479;ILGIN MÜDÜRLÜĞÜ;CAMİİATİK MAHALLESİ 114911. SOKAK No: 15 ILGIN KONYA;03328816635;42;KONYA;;;;38.281501815;31.913542657;08:30-12:30;KAPALI;KAPALI;1;2026-09-21 08:30:18
6409;PTT_SUBE;4050;KADINHANI MÜDÜRLÜĞÜ;İSTİKLAL MAHALLESİ KONYA CADDE No: 230 A KADINHANI KONYA;03328340353;42;KONYA;;;;38.240336279;32.210479588;08:30-12:30;KAPALI;KAPALI;1;2026-09-21 08:30:18
6408;PTT_SUBE;1813;KARABAĞ ACENTELİĞİ;KARABAĞ MAHALLESİ 63789. SOKAK No: 5 CİHANBEYLİ KONYA;05393106780;42;KONYA;;;;38.56207698;32.75547696;09:00-12:30/13:30-17:00;KAPALI;KAPALI;1;2026-09-21 08:30:18
6407;PTT_SUBE;4525;KARAHÜYÜK ACENTELİĞİ;KARAHÜYÜK MAHALLESİ 36839. SOKAK No: 13 AKŞEHİR KONYA;03328222015;42;KONYA;;;;38.346912;31.51447308;08:30-12:30/13:30-17:00;KAPALI;KAPALI;1;2026-09-21 08:30:18
6406;PTT_SUBE;7594;KARAPINAR MÜDÜRLÜĞÜ;APAK MAHALLESİ KONYA CADDE No: 30 KARAPINAR KONYA;03327556950;42;KONYA;;;;37.715271512;33.544465466;08:30-12:30;KAPALI;KAPALI;1;2026-09-21 08:30:18
6405;PTT_SUBE;8330;KARATAY BELEDİYESİ ŞUBE ŞEFLİĞİ;AZİZİYE MAHALLESİ MURADİYE SOKAK No: 3 A KARATAY KONYA;0;42;KONYA;;;;37.86679;32.503211;08:30-12:30/13:30-17:00;KAPALI;KAPALI;1;2026-09-21 08:30:18
6404;PTT_SUBE;4499;KARATAY POSTA DAĞITIM  MÜDÜRLÜĞÜ;FEVZİÇAKMAK MAHALLESİ ADANA ÇEVRE YOLU CADDE No: 42 KARATAY KONYA;03323423888;42;KONYA;;;;37.903014;32.53194;08:30-12:30/13:30-17:00;08:30-13:30/-;KAPALI;1;2026-09-21 08:30:18
6403;PTT_SUBE;4822;KARKIN ACENTELİĞİ;KARKIN MAHALLESİ ÇUMRA CADDE No: 18 J ÇUMRA KONYA;03324525610;42;KONYA;;;;37.67499702;32.884686;08:30-12:30/13:30-17:00;KAPALI;KAPALI;1;2026-09-21 08:30:18
6401;PTT_SUBE;4886;KAYALI ACENTELİĞİ;KAYALI MAHALLESİ 135368. SOKAK No: 2 KARAPINAR KONYA;05377169983;42;KONYA;;;;37.85275098;33.72594984;08:30-12:30/13:30-17:00;KAPALI;KAPALI;1;2026-09-21 08:30:18
6402;PTT_SUBE;7071;KAŞINHANI ACENTELİĞİ;KAŞINHANI MAHALLESİ KALKINMA SOKAK No: 24 A MERAM KONYA;03323642294;42;KONYA;;;;37.702829;32.574687;08:30-12:30/13:30-17:00;KAPALI;KAPALI;1;2026-09-21 08:30:18
6400;PTT_SUBE;7422;KILIÇARSLAN  ŞUBESİ;KILINÇARSLAN MAHALLESİ ESKİ SİLLE CADDE No: 61 B SELÇUKLU KONYA;03322360040;42;KONYA;;;;37.886335636;32.477907737;08:30-12:30/13:30-17:00;KAPALI;KAPALI;1;2026-09-21 08:30:18
6399;PTT_SUBE;6494;KIRELİ ACENTELİĞİ;KIRELİ MAHALLESİ ISPARTA ÇEVREYOLU CADDE HÜYÜK KONYA;03325474747;42;KONYA;;;;37.920823971;31.537283171;KAPALI;KAPALI;KAPALI;1;2026-09-21 08:30:18
6398;PTT_SUBE;6617;KIZILÖREN ACENTELİĞİ;KIZILÖREN MAHALLESİ KIZILÖREN CADDE No: 12 MERAM KONYA;05366658790;42;KONYA;;;;37.86559101;32.11349184;08:30-12:30/13:30-17:00;KAPALI;KAPALI;1;2026-09-21 08:30:18
6397;PTT_SUBE;4571;KONYA MEVLANA POSTA İŞLEME  MÜDÜRLÜĞÜ;FEVZİÇAKMAK MAHALLESİ ADANA ÇEVRE YOLU CADDE No: 42 KARATAY KONYA;03323424333;42;KONYA;;;;37.903014;32.53194;08:30-12:30/13:30-17:00;08:30-13:30/-;KAPALI;1;2026-09-21 08:30:18
6396;PTT_SUBE;4819;KORUALAN ACENTELİĞİ;GEZLEVİ MAHALLESİ HADİM GEZLEVİ CADDE No: 181 HADİM KONYA;05433719659;42;KONYA;;;;36.970002;32.380227;08:30-12:30/13:30-17:00;KAPALI;KAPALI;1;2026-09-21 08:30:18
6395;PTT_SUBE;6806;KULU MÜDÜRLÜĞÜ;CAMİKEBİR MAHALLESİ FEVZİ ÇAKMAK CADDE No: 1 KULU KONYA;03326412525;42;KONYA;;;;39.08985;33.08171;08:30-12:30;KAPALI;KAPALI;1;2026-09-21 08:30:18
6393;PTT_SUBE;5002;KUTÖREN ACENTELİĞİ;KUTÖREN MAHALLESİ CUMHURİYET CADDE No: 45 EREĞLİ KONYA;03327230000;42;KONYA;;;;37.857205;33.944482;08:30-12:30/13:30-17:00;KAPALI;KAPALI;1;2026-09-21 08:30:18
6394;PTT_SUBE;3748;KUŞÇA ACENTELİĞİ;KUŞÇA MAHALLESİ CELİL BOĞAZI CADDE No: 190 CİHANBEYLİ KONYA;05383480090;42;KONYA;;;;38.82725199;32.69317104;09:00-12:30/13:30-17:00;KAPALI;KAPALI;1;2026-09-21 08:30:18
6392;PTT_SUBE;4475;LADİK  ŞUBESİ;LADİK MAHALLESİ KONYA CADDE No: 138 B SARAYÖNÜ KONYA;03326274400;42;KONYA;;;;38.19404601;32.37723684;08:30-12:30/13:30-17:00;KAPALI;KAPALI;1;2026-09-21 08:30:18
6391;PTT_SUBE;6162;MERAM BELEDİYESİ  ŞUBESİ;YENİŞEHİR MAHALLESİ GAZZE CADDE No: 33 MERAM KONYA;03323215867;42;KONYA;;;;37.854274065;32.47136584;08:30-12:30/13:30-17:00;KAPALI;KAPALI;1;2026-09-21 08:30:18
6390;PTT_SUBE;6109;MERAM POSTA DAĞITIM  MÜDÜRLÜĞÜ;FERHUNİYE MAHALLESİ VATAN CADDE No: 3 SELÇUKLU KONYA;03322368323;42;KONYA;;;;37.875637;32.486540423;08:30-12:30/13:30-17:00;08:30-13:30/-;KAPALI;1;2026-09-21 08:30:18
6389;PTT_SUBE;4040;OSMANCIK ACENTELİĞİ;OSMANCIK MAHALLESİ OSMANCIK CADDE No: 109 C KADINHANI KONYA;05344586208;42;KONYA;;;;38.18847204;32.14766088;08:30-12:30/13:30-17:00;KAPALI;KAPALI;1;2026-09-21 08:30:18
6386;PTT_SUBE;1436;PELİT  ŞUBESİ;SAKARYA MAHALLESİ VEZİRHAN SOKAK No: 16 A SELÇUKLU KONYA;03322480007;42;KONYA;;;;37.915629;32.498785;08:30-12:30/13:30-17:00;KAPALI;KAPALI;1;2026-09-21 08:30:18
6385;PTT_SUBE;1164;SADIKHACI ACENTELİĞİ;SADIKHACI MAHALLESİ ŞEHİT BAYRAM ÇİFTLİK CADDE No:20 BEYŞEHİR KONYA;03325267114;42;KONYA;;;;37.833678;31.72206312;KAPALI;KAPALI;KAPALI;1;2026-09-21 08:30:18
6383;PTT_SUBE;4472;SARAYÖNÜ MÜDÜRLÜĞÜ;DOĞU İSTASYON MAHALLESİ TAHİR ÇELİK CADDE No: 28 SARAYÖNÜ KONYA;03326171616;42;KONYA;;;;38.257234;32.404473;08:30-12:30/13:30-17:00;KAPALI;KAPALI;1;2026-09-21 08:30:18
6382;PTT_SUBE;3637;SARIOĞLAN ACENTELİĞİ;SARIOĞLAN MAHALLESİ BOZKIR CADDE No: 8 B BOZKIR KONYA;05367189578;42;KONYA;;;;37.215173913;32.550950805;08:30-12:30/13:30-17:00;KAPALI;KAPALI;1;2026-09-21 08:30:18
6384;PTT_SUBE;1865;SAĞLIK ACENTELİĞİ;SAĞLIK MAHALLESİ 24705. SOKAK No: 17 MERAM KONYA;05378807985;42;KONYA;;;;37.83355704;32.04950688;08:30-12:30/13:30-17:00;KAPALI;KAPALI;1;2026-09-21 08:30:18
6381;PTT_SUBE;4393;SELÇUKLU POSTA DAĞITIM  MÜDÜRLÜĞÜ;MALAZGİRT MAHALLESİ BARIŞ CADDE No: 24 SELÇUKLU KONYA;03322481800;42;KONYA;;;;37.92811;32.49481;08:30-12:30;08:30-13:30;KAPALI;1;2026-09-21 08:30:18
6380;PTT_SUBE;1149;SEMAZEN MÜDÜRLÜĞÜ;FEVZİÇAKMAK MAHALLESİ ADANA ÇEVRE YOLU CADDE No: 42 KARATAY KONYA;03323424757;42;KONYA;;;;37.903014;32.53194;08:30-12:30/13:30-17:00;KAPALI;KAPALI;1;2026-09-21 08:30:18
6379;PTT_SUBE;1511;SEYDİŞEHİR MÜDÜRLÜĞÜ;HACISEYİTALİ MAHALLESİ 153064. SOKAK No: 2 A SEYDİŞEHİR KONYA;03325822221;42;KONYA;;;;37.422;31.84889;08:30-12:30/13:30-17:00;KAPALI;KAPALI;1;2026-09-21 08:30:18
6378;PTT_SUBE;6633;SIZMA ACENTELİĞİ;SIZMA MAHALLESİ SIZMA CADDE No: 103 C SELÇUKLU KONYA;05389711024;42;KONYA;;;;38.092057;32.407052;08:30-12:30/13:30-17:00;KAPALI;KAPALI;1;2026-09-21 08:30:18
6377;PTT_SUBE;1515;TARAŞÇI ACENTELİĞİ;TARAŞCI MAHALLESİ LİMAN CADDE No: 13 A SEYDİŞEHİR KONYA;03320000000;42;KONYA;;;;37.44278199;31.762971;08:30-12:30/13:30-17:00;KAPALI;KAPALI;1;2026-09-21 08:30:18
6376;PTT_SUBE;7708;TAŞKENT  ŞUBESİ;ŞIHLAR MAHALLESİ VALİ İZZET BEY CADDE No: 95 A TAŞKENT KONYA;03324971414;42;KONYA;;;;36.924921;32.494492;08:30-12:30/13:30-17:00;KAPALI;KAPALI;1;2026-09-21 08:30:18
6375;PTT_SUBE;8327;TELGRAFÇI HAMDİ BEY MÜDÜRLÜĞÜ;SAHİBATA MAHALLESİ VALİ MUAMMERBEY CADDE No: 6 MERAM KONYA;0;42;KONYA;;;;37.87156197;32.49795708;08:30-12:30/13:30-17:00;KAPALI;KAPALI;1;2026-09-21 08:30:18
6374;PTT_SUBE;7505;TEPEKENT ACENTELİĞİ;TEPEKENT MAHALLESİ 25319. SOKAK No: 2 K SELÇUKLU KONYA;05060605489;42;KONYA;;;;38.07143199;32.16296988;08:30-12:30/13:30-17:00;KAPALI;KAPALI;1;2026-09-21 08:30:18
6373;PTT_SUBE;8328;TURGUT REİS ŞUBESİ;AYMANAS MAHALLESİ KARAMAN CADDE No: 276 A MERAM KONYA;0;42;KONYA;;;;37.846084;32.509347;08:30-12:30/13:30-17:00;KAPALI;KAPALI;1;2026-09-21 08:30:18
6372;PTT_SUBE;4478;TUZLUKÇU  ŞUBESİ;PAZAR MAHALLESİ ATATÜRK CADDE No: 38 A TUZLUKÇU KONYA;03328612401;42;KONYA;;;;38.473861584;31.627639373;08:30-12:30/13:30-17:00;KAPALI;KAPALI;1;2026-09-21 08:30:18
6370;PTT_SUBE;1499;YALIHÜYÜK  ŞUBESİ;AŞAĞI MAHALLESİ BOZKIR CADDE No: 36 YALIHÜYÜK KONYA;03325716417;42;KONYA;;;;37.295793;32.091912;08:30-12:30/13:30-17:00;KAPALI;KAPALI;1;2026-09-21 08:30:18
6369;PTT_SUBE;1775;YARMA ACENTELİĞİ;YARMA MAHALLESİ 22783. SOKAK No: 2 A KARATAY KONYA;05073675212;42;KONYA;;;;37.81225998;32.88289284;08:30-12:30/13:30-17:00;KAPALI;KAPALI;1;2026-09-21 08:30:18
6368;PTT_SUBE;8185;YAZIR MÜDÜRLÜĞÜ;YAZIR MAHALLESİ SULTAN CADDE No: 5 B SELÇUKLU KONYA;03322650195;42;KONYA;;;;37.9494284;32.506503593;08:30-12:30/13:30-17:00;KAPALI;KAPALI;1;2026-09-21 08:30:18
6367;PTT_SUBE;3751;YENİCEOBA  ŞUBESİ;YENİCEOBA MAHALLESİ 65034. SOKAK No: 2 A CİHANBEYLİ KONYA;03326761400;42;KONYA;;;;38.87004421;32.7901829;08:30-12:30/13:30-17:00;KAPALI;KAPALI;1;2026-09-21 08:30:18
6366;PTT_SUBE;4825;YENİSU ACENTELİĞİ;YENİSU MAHALLESİ HADİMİ CADDE No: 16 ÇUMRA KONYA;03324471204;42;KONYA;;;;37.393434;32.64113484;08:30-12:30/13:30-17:00;KAPALI;KAPALI;1;2026-09-21 08:30:18
6365;PTT_SUBE;561;YUKARIÇİĞİL ACENTELİĞİ;YUKARIÇİĞİL MAHALLESİ ŞEHİT POLİS MUSTAFA ÇETİN SOKAK No: 3 ILGIN KONYA;05353860910;42;KONYA;;;;38.06239797;31.89074616;08:30-12:30/13:30-17:00;KAPALI;KAPALI;1;2026-09-21 08:30:18
6364;PTT_SUBE;6575;YUNAK MÜDÜRLÜĞÜ;YENİ MAHALLESİ HÜKÜMET CADDE No: 66 A YUNAK KONYA;03328512414;42;KONYA;;;;38.814737985;31.73438808;08:30-12:30;KAPALI;KAPALI;1;2026-09-21 08:30:18
6363;PTT_SUBE;8332;ZAFER ŞUBESİ;SAHİBATA MAHALLESİ ATATÜRK CADDE No: 23 B MERAM KONYA;0;42;KONYA;;;;37.870006613;32.487793415;08:30-12:30/13:30-17:00;KAPALI;KAPALI;1;2026-09-21 08:30:18
6435;PTT_SUBE;682;ÇAMLIK  ŞUBESİ;ÇAMLIK MAHALLESİ BEYŞEHİR CADDE No: 13 DEREBUCAK KONYA;03325314101;42;KONYA;;;;37.34987904;31.64069808;08:30-12:30/13:30-17:00;KAPALI;KAPALI;1;2026-09-21 08:30:18
6434;PTT_SUBE;556;ÇAVUŞÇUGÖL ACENTELİĞİ;ÇAVUŞÇUGÖL MAHALLESİ MUSA ALTIN CADDE No: 2 ILGIN KONYA;05469003464;42;KONYA;;;;38.39278401;31.85289396;08:30-12:30/13:30-17:00;KAPALI;KAPALI;1;2026-09-21 08:30:18
6433;PTT_SUBE;5031;ÇAYHAN ACENTELİĞİ;ÇAYHAN MAHALLESİ 97305. SOKAK No: 42 A EREĞLİ KONYA;03327360000;42;KONYA;;;;37.547945;34.295872;08:30-12:30/13:30-17:00;KAPALI;KAPALI;1;2026-09-21 08:30:18
6432;PTT_SUBE;7503;ÇELTİK  ŞUBESİ;BAHÇELİEVLER MAHALLESİ MEVLANA CADDE No: 35  - ÇELTİK KONYA;03328712744;42;KONYA;;;;39.021109511;31.791508364;08:30-12:30/13:30-17:00;KAPALI;KAPALI;1;2026-09-21 08:30:18
6430;PTT_SUBE;7167;ÇETMİ ACENTELİĞİ;ÇETMİ CÖMEŞPINAR MAHALLESİ ÇETMİ CADDE No: 62 A TAŞKENT KONYA;03324971414;42;KONYA;;;;36.87851304;32.62173696;08:30-12:30/13:30-17:00;KAPALI;KAPALI;1;2026-09-21 08:30:18
6431;PTT_SUBE;4476;ÇEŞMELİSEBİL ACENTELİĞİ;ÇEŞMELİSEBİL MAHALLESİ ÇEŞMELİSEBİL CADDE No: 39 SARAYÖNÜ KONYA;03326281058;42;KONYA;;;;38.622686;32.548763;08:30-12:30/13:30-17:00;KAPALI;KAPALI;1;2026-09-21 08:30:18
6429;PTT_SUBE;4486;ÇUMRA MÜDÜRLÜĞÜ;BARDAKÇI MAHALLESİ İSTİKLAL CADDE No: 16 B ÇUMRA KONYA;03324471919;42;KONYA;;;;37.572870152;32.779142262;08:30-12:30;KAPALI;KAPALI;1;2026-09-21 08:30:18
6388;PTT_SUBE;6579;ÖMERANLI  ŞUBESİ;ÖMERANLI MAHALLESİ ŞEHİTLİK CADDE No: 1 C KULU KONYA;03326547400;42;KONYA;;;;38.937287037;32.99956361;08:30-12:30/13:30-14:30;KAPALI;KAPALI;1;2026-09-21 08:30:18
6387;PTT_SUBE;4909;ÖZALKENT  ŞUBESİ;MEHMET AKİF MAHALLESİ FAHRİ EFENDİ CADDE No: 4 A SELÇUKLU KONYA;03322463626;42;KONYA;;;;37.911085164;32.475630169;08:30-12:30/13:30-17:00;KAPALI;KAPALI;1;2026-09-21 08:30:18
6371;PTT_SUBE;3620;ÜÇPINAR ACENTELİĞİ;ÜÇPINAR MAHALLESİ ÜÇPINAR ELMAAĞAÇ CADDE No: 59 A BOZKIR KONYA;05052068000;42;KONYA;;;;37.134906812;32.263366449;08:30-12:30/13:30-17:00;KAPALI;KAPALI;1;2026-09-21 08:30:18
6410;PTT_SUBE;4790;İÇERİÇUMRA  ŞUBESİ;İÇERİÇUMRA MAHALLESİ SEDAT ÇUMRALI CADDE No: 4 ÇUMRA KONYA;03324581400;42;KONYA;;;;37.579947672;32.655830806;08:30-12:30/13:30-17:00;KAPALI;KAPALI;1;2026-09-21 08:30:18
6504;PTT_SUBE;5195;ADLİYE  ŞUBESİ;AKKENT MAHALLESİ PİR AHMET CADDE No: 2 MERKEZ KÜTAHYA;02742234005;43;KÜTAHYA;;;;39.437759;29.988019;08:30-12:30/13:30-17:00;KAPALI;KAPALI;1;2026-09-21 08:30:18
6503;PTT_SUBE;5220;AKKENT-TOKİ ŞUBESİ;AKKENT MAHALLESİ BURSA CADDE No: 7 MERKEZ KÜTAHYA;02742255102;43;KÜTAHYA;;;;39.454041015;29.988707342;08:30-12:30/13:30-17:00;KAPALI;KAPALI;1;2026-09-21 08:30:18
6502;PTT_SUBE;3024;ALTINTAŞ MÜDÜRLÜĞÜ;BOZBAY MAHALLESİ CUMHURİYET CADDE No: 79 ALTINTAŞ KÜTAHYA;02743112414;43;KÜTAHYA;;;;39.062079212;30.108254531;08:30-17:00;KAPALI;KAPALI;1;2026-09-21 08:30:18
6501;PTT_SUBE;8068;ASLANAPA  ŞUBESİ;CUMHURİYET MAHALLESİ CUMHURİYET MEYDAN No: 6 B ASLANAPA KÜTAHYA;02743312212;43;KÜTAHYA;;;;39.214245025;29.871049679;08:30-12:30/13:30-17:00;KAPALI;KAPALI;1;2026-09-21 08:30:18
6500;PTT_SUBE;7038;BALIKÖY  ŞUBESİ;BALIKÖY BELDESİ/BALIKÖY-MERKEZ MAHALLESİ ÇAMLICA CADDE No: 4 A TAVŞANLI KÜTAHYA;02746238200;43;KÜTAHYA;;;;39.514842;29.105519;08:30-12:30/13:30-17:00;KAPALI;KAPALI;1;2026-09-21 08:30:18
6499;PTT_SUBE;5178;BEYCE ACENTELİĞİ;BEYCE MAHALLESİ İZMİR SOKAK No: 90 SİMAV KÜTAHYA;02745452220;43;KÜTAHYA;;;;39.098790377;28.936231189;09:00-12:00/13:00-17:00;KAPALI;KAPALI;1;2026-09-21 08:30:18
6496;PTT_SUBE;7344;DEMİRCİKÖY ACENTELİĞİ;DEMİRCİ BELDESİ/KARACALAR MAHALLESİ TALAT ÖZTÜRK CADDE No: 2 B SİMAV KÜTAHYA;05462728501;43;KÜTAHYA;;;;39.102654;28.917827;08:30-12:30/13:30-17:00;KAPALI;KAPALI;1;2026-09-21 08:30:18
6495;PTT_SUBE;8229;DOMANİÇ ŞUBESİ;HİSAR MAHALLESİ TAVŞANLI CADDE No: 19 DOMANİÇ KÜTAHYA;0;43;KÜTAHYA;;;;39.798482;29.609754;08:30-12:30/13:30-17:00;KAPALI;KAPALI;1;2026-09-21 08:30:18
6494;PTT_SUBE;6840;DUMLUPINAR  ŞUBESİ;ZAFER MAHALLESİ ŞHT.ER YAŞAR YILDIZ CADDE No: 2 DUMLUPINAR KÜTAHYA;02743712127;43;KÜTAHYA;;;;38.85404;29.98055;08:30-12:30/13:30-17:00;KAPALI;KAPALI;1;2026-09-21 08:30:18
6493;PTT_SUBE;5032;EMET MÜDÜRLÜĞÜ;KAPAKLICA MAHALLESİ ŞEHİT YUSUF KAYALI SOKAK No: 3 EMET KÜTAHYA;02744615566;43;KÜTAHYA;;;;39.344196;29.259746;08:30-17:00;KAPALI;KAPALI;1;2026-09-21 08:30:18
6492;PTT_SUBE;5978;ERDOĞMUŞ ACENTELİĞİ;ERDOĞMUŞ KÖYÜ/ERGENEKON MEVKİİ CUMHURİYET SOKAK No: 34 GEDİZ KÜTAHYA;02744127414;43;KÜTAHYA;;;;38.95262016;29.408386074;08:30-12:30/13:30-17:00;KAPALI;KAPALI;1;2026-09-21 08:30:18
6491;PTT_SUBE;7796;ESKİGEDİZ ACENTELİĞİ;ESKİGEDİZ BELDESİ/SABIRGAZİ MAHALLESİ EMET CADDE No: 2 GEDİZ KÜTAHYA;02744230115;43;KÜTAHYA;;;;39.04564203;29.41429608;08:30-12:30/13:30-16:30;KAPALI;KAPALI;1;2026-09-21 08:30:18
6490;PTT_SUBE;3648;GEDİZ MÜDÜRLÜĞÜ;ULUOYMAK MAHALLESİ 27 SOKAK No: 1 A GEDİZ KÜTAHYA;02744127414;43;KÜTAHYA;;;;38.989542;29.390723;08:30-12:30/13:30-17:00;KAPALI;KAPALI;1;2026-09-21 08:30:18
6489;PTT_SUBE;5976;GÖKLER ACENTELİĞİ;GÖKLER BELDESİ/GÜNEY MAHALLESİ BAĞLAR SOKAK No: 20 GEDİZ KÜTAHYA;02744281376;43;KÜTAHYA;;;;39.010984;29.541897;08:30-12:30/13:30-17:00;KAPALI;KAPALI;1;2026-09-21 08:30:18
6488;PTT_SUBE;5176;GÜNEY ACENTELİĞİ;GÜNEY BELDESİ/FATİH MAHALLESİ KONAK CADDE No: 39 SİMAV KÜTAHYA;05416100051;43;KÜTAHYA;;;;39.18211704;28.917099;08:30-12:30/13:30-17:00;KAPALI;KAPALI;1;2026-09-21 08:30:18
6487;PTT_SUBE;5074;GÜNLÜCE ACENTELİĞİ;SÜLYE KÖYÜ/MERKEZ MEVKİİ 12 EYLÜL/1 SOKAK No: 2 EMET KÜTAHYA;02744725208;43;KÜTAHYA;;;;39.43739196;29.29846212;08:30-12:30/13:30-17:00;KAPALI;KAPALI;1;2026-09-21 08:30:18
6486;PTT_SUBE;8338;HACIKEBİR ACENTELİĞİ;HACIBEKİR KÖYÜ/CAMİİ KEBİR MEVKİİ YENİ CAMİİ SOKAK No: 1 ÇAVDARHİSAR KÜTAHYA;0;43;KÜTAHYA;;;;39.22349499;29.66549796;08:30-12:30/13:30-17:00;KAPALI;KAPALI;1;2026-09-21 08:30:18
6485;PTT_SUBE;5166;HİSARBEY ACENTELİĞİ;HİSARBEY KÖYÜ/HİSARBEY MEVKİİ MEYDAN SOKAK No: 2 SİMAV KÜTAHYA;02745275495;43;KÜTAHYA;;;;39.134328;28.76886;08:30-12:30/13:30-17:00;KAPALI;KAPALI;1;2026-09-21 08:30:18
6484;PTT_SUBE;8182;HİSARCIK  ŞUBESİ;ŞEHİTLER MAHALLESİ SEYDİ RESUL CADDE No: 2 HİSARCIK KÜTAHYA;02744814080;43;KÜTAHYA;;;;39.251603;29.229118;08:30-12:30/13:30-17:00;KAPALI;KAPALI;1;2026-09-21 08:30:18
6483;PTT_SUBE;8432;KUŞU  ŞUBESİ;KUŞU BELDESİ/KAYA MAHALLESİ SİMAV SOKAK No: 4 A SİMAV KÜTAHYA;000000000;43;KÜTAHYA;;;;38.963482;29.029219;08:30-12:30/13:30-17:00;KAPALI;KAPALI;1;2026-09-21 08:30:18
6482;PTT_SUBE;3346;KÜTAHYA DAĞITIM VE TOPLAMA MÜDÜRLÜĞÜ;BALIKLI MAHALLESİ OSMANLI CADDE No: 57 MERKEZ KÜTAHYA;02742231771;43;KÜTAHYA;;;;39.419416;29.977811;08:30-17:00;08:30-17:00;KAPALI;1;2026-09-21 08:30:18
6481;PTT_SUBE;3351;KÜTAHYA MÜDÜRLÜĞÜ;G. KEMAL MAHALLESİ CUMHURİYET CADDE No: 81 MERKEZ KÜTAHYA;02742243231;43;KÜTAHYA;;;;39.417862;29.979715;08:30-12:30/13:30-17:00;KAPALI;KAPALI;1;2026-09-21 08:30:18
6480;PTT_SUBE;5169;NAŞA ACENTELİĞİ;NAŞA BELDESİ/FATİH MAHALLESİ MİMARSİNAN CADDE No: 32 A SİMAV KÜTAHYA;05434045686;43;KÜTAHYA;;;;39.159609;28.966688;08:30-12:30/13:30-17:00;KAPALI;KAPALI;1;2026-09-21 08:30:18
6478;PTT_SUBE;7510;PAZARLAR  ŞUBESİ;ATATÜRK MAHALLESİ CUMHURİYET_1 CADDE No: 6 PAZARLAR KÜTAHYA;02745712414;43;KÜTAHYA;;;;38.99426499;29.123262;08:30-12:30/13:30-17:00;KAPALI;KAPALI;1;2026-09-21 08:30:18
6477;PTT_SUBE;5192;SANAYİ SİTESİ  ŞUBESİ;FUATPAŞA MAHALLESİ YUKARI SANAYİ CADDE No: 30 /1E MERKEZ KÜTAHYA;02742320584;43;KÜTAHYA;;;;39.42870627;29.972641543;08:30-12:30/13:30-17:00;KAPALI;KAPALI;1;2026-09-21 08:30:18
6476;PTT_SUBE;5238;SEYİTÖMER ACENTELİĞİ;SEYİTÖMER BELDESİ/GÜLTEPE MAHALLESİ CUMHURİYET CADDE No: 8 I MERKEZ KÜTAHYA;02742485555;43;KÜTAHYA;;;;39.609541316;29.889790592;08:30-12:30/13:30-17:00;KAPALI;KAPALI;1;2026-09-21 08:30:18
6474;PTT_SUBE;7301;SPORKENT  ŞUBESİ;DUMLUPINAR MAHALLESİ EMBİYA CADDE No: 14 B MERKEZ KÜTAHYA;02742284045;43;KÜTAHYA;;;;39.400505;30.035237;08:30-12:30/13:30-17:00;KAPALI;KAPALI;1;2026-09-21 08:30:18
6475;PTT_SUBE;5033;SİMAV MÜDÜRLÜĞÜ;4 EYLÜL MAHALLESİ AZERBAYCAN CADDE No: 17 SİMAV KÜTAHYA;02745137414;43;KÜTAHYA;;;;39.08952;28.98033;08:30-17:00;KAPALI;KAPALI;1;2026-09-21 08:30:18
6472;PTT_SUBE;6643;TAVŞANLI MÜDÜRLÜĞÜ;DURAK MAHALLESİ İSTASYON CADDE No: 10 TAVŞANLI KÜTAHYA;02746141414;43;KÜTAHYA;;;;39.54283;29.48966;08:30-17:00;KAPALI;KAPALI;1;2026-09-21 08:30:18
6471;PTT_SUBE;7037;TUNÇBİLEK  ŞUBESİ;TUNÇBİLEK BELDESİ/TUNÇBİLEK-KÖPRÜBAŞI MAHALLESİ 15 TEMMUZ DEMOKRASİ ŞEHİTLERİ CADDE No: 6 TAVŞANLI KÜTAHYA;02746141414;43;KÜTAHYA;;;;39.624836;29.464305;08:30-12:30/13:30-17:00;KAPALI;KAPALI;1;2026-09-21 08:30:18
6470;PTT_SUBE;5209;YENİDOĞAN  ŞUBESİ;YENİDOĞAN MAHALLESİ DUMLUPINAR BULVAR No: 15 MERKEZ KÜTAHYA;02742711702;43;KÜTAHYA;;;;39.406357263;30.011171978;08:30-12:30/13:30-17:00;KAPALI;KAPALI;1;2026-09-21 08:30:18
6469;PTT_SUBE;7212;YENİKENT ACENTELİĞİ;YENİKENT BELDESİ/YENİ MAHALLESİ ATATÜRK CADDE No: 13 GEDİZ KÜTAHYA;02744127414;43;KÜTAHYA;;;;38.86926804;29.28751992;08:30-12:30/13:30-17:00;KAPALI;KAPALI;1;2026-09-21 08:30:18
6468;PTT_SUBE;5171;YENİKÖY ACENTELİĞİ;YENİKÖY KÖYÜ/FATİH MEVKİİ M.AKİF ERSOY SOKAK No: 1 A SİMAV KÜTAHYA;02745343138;43;KÜTAHYA;;;;39.140833;28.670651;08:30-12:30/13:30-17:00;KAPALI;KAPALI;1;2026-09-21 08:30:18
6467;PTT_SUBE;5977;YEŞİLÇAY ACENTELİĞİ;YEŞİLÇAY KÖYÜ/ÇAY MEVKİİ ATATÜRK SOKAK No: 11 A GEDİZ KÜTAHYA;02744127414;43;KÜTAHYA;;;;39.133508;29.279395;08:30-12:30/13:30-17:00;KAPALI;KAPALI;1;2026-09-21 08:30:18
6466;PTT_SUBE;5237;YONCALI ACENTELİĞİ;YONCALI MAHALLESİ 1. HUZUR SOKAK No: 7 MERKEZ KÜTAHYA;02742494169;43;KÜTAHYA;;;;39.493451;29.835227;08:30-12:30/13:30-17:00;KAPALI;KAPALI;1;2026-09-21 08:30:18
6465;PTT_SUBE;3029;ZAFERTEPE ÇALKÖY ACENTELİĞİ;ZAFERTEPEÇALKÖY KÖYÜ/ZAFER MEVKİİ HARPUTLU SOKAK No: 4 ALTINTAŞ KÜTAHYA;02740000000;43;KÜTAHYA;;;;38.929551;30.063881;08:30-12:30/13:30-17:00;KAPALI;KAPALI;1;2026-09-21 08:30:18
6498;PTT_SUBE;8069;ÇAVDARHİSAR  ŞUBESİ;MEYDAN MAHALLESİ MUSTAFA ERTAŞ CADDE No: 36 ÇAVDARHİSAR KÜTAHYA;02743512211;43;KÜTAHYA;;;;39.194644;29.615682;08:30-12:30/13:30-17:00;KAPALI;KAPALI;1;2026-09-21 08:30:18
6497;PTT_SUBE;8431;ÇİTGÖL  ŞUBESİ;ÇİTGÖL BELDESİ/CAMİİ KEBİR MAHALLESİ ALPARSLAN TÜRKEŞ CADDE No: 16 SİMAV KÜTAHYA;00000000000;43;KÜTAHYA;;;;39.121213;28.950808;08:30-12:30/13:30-17:00;KAPALI;KAPALI;1;2026-09-21 08:30:18
6479;PTT_SUBE;8487;ÖRENCİK ACENTELİĞİ;ÖRENCİK KÖYÜ/ÇARŞI MEVKİİ BELEDİYE SOKAK No: 5 EMET KÜTAHYA;05385192430;43;KÜTAHYA;;;;39.260731;29.539732;08:30-12:30/13:30-17:00;KAPALI;KAPALI;1;2026-09-21 08:30:18
6473;PTT_SUBE;6842;ŞAPHANE  ŞUBESİ;PAZAR MAHALLESİ EMET CADDE No: 3 ŞAPHANE KÜTAHYA;02745512421;43;KÜTAHYA;;;;39.026297025;29.22063498;08:30-12:30/13:30-17:00;KAPALI;KAPALI;1;2026-09-21 08:30:18
6279;PTT_SUBE;2457;CUMHURİYET  ŞUBESİ;ŞEHİTLER MAHALLESİ CUMHURİYETMEYDANI MEYDAN No: 14 A MERKEZ KİLİS;03488224064;79;KİLİS;;;;36.715313;37.113967;08:30-12:30/13:30-17:00;KAPALI;KAPALI;1;2026-09-21 08:30:17
6278;PTT_SUBE;6685;ELBEYLİ  ŞUBESİ;YALÇIN NANE MAHALLESİ ÇOBANBEY CADDE No: 29 ELBEYLİ KİLİS;03488131001;79;KİLİS;;;;36.673647845;37.467372779;08:30-12:30/13:30-17:00;KAPALI;KAPALI;1;2026-09-21 08:30:17
2605;PTT_SUBE;8498;KİLİS DAĞITIM VE TOPLAMA MÜDÜRLÜĞÜ;YAŞAR AKTÜRK MAHALLESİ İNÖNÜ BULVAR No: 1 MERKEZ KİLİS;03480000000;79;KİLİS;;;;36.713854554;37.126393368;08:30-12:30;08:30-12:30;KAPALI;1;2026-09-14 08:28:32
6277;PTT_SUBE;8498;KİLİS DAĞITIM VE TOPLAMA MÜDÜRLÜĞÜ;YAŞAR AKTÜRK MAHALLESİ POSTANE CADDE No:1 MERKEZ KİLİS;03480000000;79;KİLİS;;;;36.712875;37.129556;08:30-12:30 / 13:30-17:00;- / -;KAPALI;1;2026-09-21 08:30:17
2604;PTT_SUBE;2;KİLİS MÜDÜRLÜĞÜ;YAŞAR AKTÜRK MAHALLESİ İNÖNÜ BULVAR No: 7 A MERKEZ KİLİS;03488224060;79;KİLİS;;;;36.712831175;37.129488096;08:30-17:00;KAPALI;KAPALI;1;2026-09-14 08:28:32
6276;PTT_SUBE;2;KİLİS PTT MÜDÜRLÜĞÜ;YAŞAR AKTÜRK MAHALLESİ İNÖNÜ BULVAR No:7 A MERKEZ KİLİS;03488224060;79;KİLİS;;;;36.7128311751652;37.1294880961497;08:30-12:30 / 13:30-17:00;KAPALI;KAPALI;1;2026-09-21 08:30:17
6275;PTT_SUBE;2470;MURTAZABEY  ŞUBESİ;YEDİ ARALIK MAHALLESİ MURTAZA CADDE No: 87 MERKEZ KİLİS;03488134020;79;KİLİS;;;;36.71908;37.11117;08:30-12:30/13:30-17:00;KAPALI;KAPALI;1;2026-09-21 08:30:17
6274;PTT_SUBE;2492;MUSABEYLİ  ŞUBESİ;PINAR MAHALLESİ FEVZİ ÇAKMAK BULVAR No: 21 MUSABEYLİ KİLİS;03487462515;79;KİLİS;;;;36.886948997;36.921553988;08:30-12:30/13:30-16:30;KAPALI;KAPALI;1;2026-09-21 08:30:17
6273;PTT_SUBE;6676;POLATELİ  ŞUBESİ;CUMHURİYET MAHALLESİ A.TANER KIŞLALI BULVAR No: 4 /1 POLATELİ KİLİS;03488131001;79;KİLİS;;;;36.84066003;37.14311808;08:30-12:30/13:30-16:30;KAPALI;KAPALI;1;2026-09-21 08:30:17
6272;PTT_SUBE;2435;ZEYTİN DALI  ŞUBESİ;İSLAMBEY MAHALLESİ CUMHURİYET CADDE No: 82 A MERKEZ KİLİS;03488224063;79;KİLİS;;;;36.716366;37.119911;08:30-12:30/13:30-17:30;KAPALI;KAPALI;1;2026-09-21 08:30:17
6533;PTT_SUBE;8231;ADLİYE SARAYI ŞUBESİ;HALFETTİN MAHALLESİ ADLİYE SOKAK No: 16 BATTALGAZİ MALATYA;04220000020;44;MALATYA;;;;38.35363797;38.31842304;08:30-12:30/13:30-17:00;KAPALI;KAPALI;1;2026-09-21 08:30:19
6531;PTT_SUBE;8217;AKPINAR MÜDÜRLÜĞÜ;İNÖNÜ MAHALLESİ YEŞİLTEPE YOLU SOKAK No: 1 YEŞİLYURT MALATYA;04220000030;44;MALATYA;;;;38.35195902;38.29699116;08:30-12:30;KAPALI;KAPALI;1;2026-09-21 08:30:19
6532;PTT_SUBE;1808;AKÇADAĞ MÜDÜRLÜĞÜ;KÜLTÜR MAHALLESİ HÜRRİYET CADDE No: 40 AKÇADAĞ MALATYA;04224171144;44;MALATYA;;;;38.343838;37.967771;08:30-12:30;KAPALI;KAPALI;1;2026-09-21 08:30:19
6530;PTT_SUBE;8230;ALACAKAPI ŞUBESİ;ALACAKAPI MAHALLESİ TURGUT ÖZAL CADDE No: 16 BATTALGAZİ MALATYA;04220000010;44;MALATYA;;;;38.424382811;38.366663414;08:30-12:30/13:30-17:00;KAPALI;KAPALI;1;2026-09-21 08:30:19
6529;PTT_SUBE;2030;ARAPGİR MÜDÜRLÜĞÜ;YENİ MAHALLESİ İNÖNÜ CADDE No: 2 A ARAPGİR MALATYA;04228113425;44;MALATYA;;;;39.041310944;38.485985392;08:30-12:30/13:30-17:00;KAPALI;KAPALI;1;2026-09-21 08:30:19
6528;PTT_SUBE;3050;ARGUVAN  ŞUBESİ;YENİ MAHALLESİ UĞUR MUMCU CADDE No: 18 ARGUVAN MALATYA;04227712170;44;MALATYA;;;;38.78189;38.26229;08:30-12:30/13:30-17:30;KAPALI;KAPALI;1;2026-09-21 08:30:19
6527;PTT_SUBE;8371;BALABAN ACENTELIĞI;BALABAN MAHALLESİ TURGUT ÖZAL1 MEYDAN No: 17 DARENDE MALATYA;04226356160;44;MALATYA;;;;38.467497;37.585533;08:30-12:30/13:30-17:30;KAPALI;KAPALI;1;2026-09-21 08:30:19
6526;PTT_SUBE;3099;BÖLÜKKAYA ACENTELİĞİ;BÖLÜKKAYA MAHALLESİ BÖLÜKKAYA SİLMOLAR KÜME EVLER No: 2 PÜTÜRGE MALATYA;04225665741;44;MALATYA;;;;38.295118;38.83103;08:30-12:30/13:30-17:30;KAPALI;KAPALI;1;2026-09-21 08:30:19
6525;PTT_SUBE;156;DARENDE MÜDÜRLÜĞÜ;HACIDERVİŞ MAHALLESİ CUMHURİYET MEYDAN No: 17 A DARENDE MALATYA;04226151001;44;MALATYA;;;;38.557429;37.492487;08:30-12:30;KAPALI;KAPALI;1;2026-09-21 08:30:19
6523;PTT_SUBE;3270;DOĞANYOL  ŞUBESİ;İSHAK MAHALLESİ TURGUT ÖZAL CADDE No: 10 DOĞANYOL MALATYA;04228816135;44;MALATYA;;;;38.311264;39.037948;08:30-12:30/13:30-17:30;KAPALI;KAPALI;1;2026-09-21 08:30:19
6524;PTT_SUBE;1850;DOĞANŞEHİR MÜDÜRLÜĞÜ;YENİ MAHALLESİ İSHAK YAĞCI CADDE No: 14 DOĞANŞEHİR MALATYA;04225171001;44;MALATYA;;;;38.09192;37.87687;08:30-17:00;KAPALI;KAPALI;1;2026-09-21 08:30:19
6522;PTT_SUBE;7119;ERKENEK ACENTELİĞİ;ERKENEK MAHALLESİ ERKENEK MALATYA CADDE No: 128 A DOĞANŞEHİR MALATYA;04225275520;44;MALATYA;;;;37.930687;37.948206;08:30-12:30/13:30-17:30;KAPALI;KAPALI;1;2026-09-21 08:30:19
6521;PTT_SUBE;7118;HASAN ÇELEBİ ACENTELİĞİ;HASANÇELEBİ MAHALLESİ MUHSİN GÜLER CADDE No: 14 HEKİMHAN MALATYA;04227131001;44;MALATYA;;;;38.952722;37.8918;08:30-12:30/13:30-17:00;KAPALI;KAPALI;1;2026-09-21 08:30:19
6520;PTT_SUBE;2683;HEKİMHAN MÜDÜRLÜĞÜ;TURGUT ÖZAL MAHALLESİ ALİ İHSAN YAZGAN CADDE No: 11 /1 HEKİMHAN MALATYA;04227131001;44;MALATYA;;;;38.814861;37.932199;08:30-17:00;KAPALI;KAPALI;1;2026-09-21 08:30:19
6518;PTT_SUBE;8233;KALE ŞUBESİ;DÜZTARLA MAHALLESİ KAYMAKAM OSMAN BİLGİN KÜME EVLER No: 1 KALE MALATYA;0;44;MALATYA;;;;38.419817;38.766121;08:30-12:30/13:30-17:00;KAPALI;KAPALI;1;2026-09-21 08:30:19
6517;PTT_SUBE;1846;KOZLUCA ACENTELİĞİ;KOZLUCA MAHALLESİ KOZLUCA MALATYA CADDE No: 11 AKÇADAĞ MALATYA;04224773006;44;MALATYA;;;;38.382995;37.683976;08:30-12:30/13:30-17:00;KAPALI;KAPALI;1;2026-09-21 08:30:19
6516;PTT_SUBE;8232;KULUNCAK ŞUBESİ;İSTİKLAL MAHALLESİ CUMHURİYET MEYDAN No: 43 KULUNCAK MALATYA;04226812212;44;MALATYA;;;;38.882158;37.670251;08:30-12:30/13:30-17:00;KAPALI;KAPALI;1;2026-09-21 08:30:19
6514;PTT_SUBE;1883;KURUCAOVA ACENTELİĞİ;KURUCAOVA MAHALLESİ KURUCAOVA OKUL SOKAK No: 11 DOĞANŞEHİR MALATYA;05372414836;44;MALATYA;;;;37.980357;38.11244;08:30-17:30/-;KAPALI;KAPALI;1;2026-09-21 08:30:19
6515;PTT_SUBE;7848;KURŞUNLU ACENTELİĞİ;KURŞUNLU MAHALLESİ MERKEZ (KURŞUNLU) KÜME EVLER No: 59 HEKİMHAN MALATYA;00000000000;44;MALATYA;;;;38.668443534;37.87138632;08:30-12:30/13:30-17:00;KAPALI;KAPALI;1;2026-09-21 08:30:19
6513;PTT_SUBE;3031;KÜÇÜK SANAYİ SİTESİ ŞUBESİ;YAKINCA MAHALLESİ ÖZSAN SANAYİ SİTESİ CADDE No: 32 YEŞİLYURT MALATYA;04222380849;44;MALATYA;;;;38.338659;38.233516;08:30-12:30/13:30-17:30;KAPALI;KAPALI;1;2026-09-21 08:30:19
6512;PTT_SUBE;1909;MALATYA MÜDÜRLÜĞÜ;İNÖNÜ MAHALLESİ YEŞİLTEPE YOLU SOKAK No: 1 YEŞİLYURT MALATYA;04223240739;44;MALATYA;;;;38.35195902;38.29699116;08:30-12:30;KAPALI;KAPALI;1;2026-09-21 08:30:19
6511;PTT_SUBE;6751;MALATYA POSTA İŞLEME VE DAĞITIM  MÜDÜRLÜĞÜ;İNÖNÜ MAHALLESİ YEŞİLTEPE YOLU SOKAK No: 1 YEŞİLYURT MALATYA;04223240739;44;MALATYA;;;;38.351959;38.296991;08:30-12:30/13:30-17:00;KAPALI;KAPALI;1;2026-09-21 08:30:19
6510;PTT_SUBE;3041;ORG.SANAYİ  ŞUBESİ;1.OSB MAHALLESİ 1. CADDE No: 1 /1 YEŞİLYURT MALATYA;04222375549;44;MALATYA;;;;38.339251;38.199837;08:30-12:30/13:30-16:30;KAPALI;KAPALI;1;2026-09-21 08:30:19
6509;PTT_SUBE;3268;PÜTÜRGE MÜDÜRLÜĞÜ;TAŞBAŞI MAHALLESİ HÜKÜMET CADDE No: 104 C PÜTÜRGE MALATYA;04225612018;44;MALATYA;;;;38.19863;38.87372;08:30-17:30;KAPALI;KAPALI;1;2026-09-21 08:30:19
6508;PTT_SUBE;3123;SOFULAR ACENTELİĞİ;SOFULAR MAHALLESİ ATATÜRK_1 CADDE No: 2 KULUNCAK MALATYA;04226833092;44;MALATYA;;;;38.94528402;37.55321784;08:30-12:30/13:30-17:00;KAPALI;KAPALI;1;2026-09-21 08:30:19
6507;PTT_SUBE;6137;SÜRGÜ ACENTELİĞİ;SÜRGÜ MAHALLESİ SÜRGÜ MALATYA CADDE No: 8 - DOĞANŞEHİR MALATYA;05364934963;44;MALATYA;;;;37.930687;37.948206;08:30-12:30/13:30-17:30;KAPALI;KAPALI;1;2026-09-21 08:30:19
6506;PTT_SUBE;8240;YAZIHAN ŞUBESİ;DOĞUŞ MAHALLESİ HALEPÇE CADDE No: 45 - YAZIHAN MALATYA;0;44;MALATYA;;;;38.593377;38.180548;08:30-12:30/13:30-17:00;KAPALI;KAPALI;1;2026-09-21 08:30:19
6505;PTT_SUBE;3206;YEŞİLYURT MÜDÜRLÜĞÜ;MULLAKASIM MAHALLESİ MALATYA CADDE No: 36 YEŞİLYURT MALATYA;04224813001;44;MALATYA;;;;38.29799;38.24597;08:30-17:30;KAPALI;KAPALI;1;2026-09-21 08:30:19
6519;PTT_SUBE;8242;İNÖNÜ ÜNİVERSİTESİ KAMPÜSÜ  ŞUBESİ;BULGURLU MAHALLESİ KIZILTEPE SOKAK No: 1 BATTALGAZİ MALATYA;04220000000;44;MALATYA;;;;38.340562;38.435384;08:30-12:30/13:30-17:00;KAPALI;KAPALI;1;2026-09-21 08:30:19
6584;PTT_SUBE;3916;ADALET SARAYI  ŞUBESİ;UNCUBOZKÖY MAHALLESİ MİMAR SİNAN BULVAR No: 179 YUNUSEMRE MANİSA;02362363155;45;MANİSA;;;;38.612307;27.382888;08:30-12:30/13:30-17:00;KAPALI;KAPALI;1;2026-09-21 08:30:19
6583;PTT_SUBE;362;ADLİYE SARAYI  ŞUBESİ;ŞEHİTLER MAHALLESİ ÇİÇEK CADDE No: 60 SALİHLİ MANİSA;02367149681;45;MANİSA;;;;38.478607;28.128892;08:30-12:30/13:30-17:00;KAPALI;KAPALI;1;2026-09-21 08:30:19
6582;PTT_SUBE;7874;AHMETLİ  ŞUBESİ;ALTIEYLÜL MAHALLESİ ATATÜRK BULVAR No: 16 A AHMETLİ MANİSA;02367681480;45;MANİSA;;;;38.515590101;27.937949582;08:30-12:30/13:30-17:00;KAPALI;KAPALI;1;2026-09-21 08:30:19
6581;PTT_SUBE;5488;AKHİSAR MÜDÜRLÜĞÜ;PAŞA MAHALLESİ 14.(ŞEHİT TEĞMEN TAHİR ÜN) CADDE No: 96 AKHİSAR MANİSA;02364141476;45;MANİSA;;;;38.921525;27.838327;08:30-12:30;KAPALI;KAPALI;1;2026-09-21 08:30:19
6578;PTT_SUBE;8317;ALAYBEY KURUMSAL ACENTELİĞİ;ALAYBEY MAHALLESİ KAMİLSU CADDE No: 39 A ŞEHZADELER MANİSA;05354913690;45;MANİSA;;;;38.61706104;27.43787808;08:30-12:30/12:30-18:00;10:00-16:00/-;KAPALI;1;2026-09-21 08:30:19
6580;PTT_SUBE;8472;ALAŞEHİR KARGO  ŞUBESİ;İSTASYON MAHALLESİ ALİ KUŞÇU SOKAK No: 8 ALAŞEHİR MANİSA;00000000000;45;MANİSA;;;;38.363174;28.515152;08:30-12:30/13:30-17:30;08:30-12:30/13:30-17:30;KAPALI;1;2026-09-21 08:30:19
6579;PTT_SUBE;4758;ALAŞEHİR MÜDÜRLÜĞÜ;SOĞUKSU MAHALLESİ SEKİNE EVREN CADDE No: 69 ALAŞEHİR MANİSA;02366531480;45;MANİSA;;;;38.35108098;28.514331;08:30-17:00;KAPALI;KAPALI;1;2026-09-21 08:30:19
6577;PTT_SUBE;3281;AŞAĞIÇOBANİSA ACENTELİĞİ;AŞAĞIÇOBANİSA MAHALLESİ KARAOSMANOĞLU CADDE No: 17 ŞEHZADELER MANİSA;05378225360;45;MANİSA;;;;38.567039;27.569909;09:00-12:30/13:30-17:00;KAPALI;KAPALI;1;2026-09-21 08:30:19
6576;PTT_SUBE;1147;BEYOBASI ACENTELİĞİ;BEYOBA MAHALLESİ 91 SOKAK No: 1 AKHİSAR MANİSA;02364141476;45;MANİSA;;;;38.804812;27.768675;09:00-12:30/13:30-17:00;KAPALI;KAPALI;1;2026-09-21 08:30:19
6575;PTT_SUBE;8090;BORLU ŞUBESİ;BORLU MAHALLESİ KENAN EVREN CADDE No: 22 KÖPRÜBAŞI MANİSA;02364737474;45;MANİSA;;;;38.752521;28.468202;08:30-12:30/13:30-17:00;KAPALI;KAPALI;1;2026-09-21 08:30:19
6574;PTT_SUBE;2223;BÜYÜKBELEN ACENTELİĞİ;BÜYÜKBELEN MAHALLESİ GAZİLER_1 CADDE No: 2 SARUHANLI MANİSA;05414122459;45;MANİSA;;;;38.640846;27.818112;09:00-12:30/13:30-17:00;KAPALI;KAPALI;1;2026-09-21 08:30:19
6573;PTT_SUBE;3920;CELAL BAYAR ÜNİVERSİTESİ KAMPÜSÜ ŞUBESİ;YAĞCILAR MAHALLESİ KAMPÜS BULVAR No: 1 YUNUSEMRE MANİSA;02362412114;45;MANİSA;;;;38.655665;27.316355;KAPALI;KAPALI;KAPALI;1;2026-09-21 08:30:19
6572;PTT_SUBE;5353;DEMİRCİ MÜDÜRLÜĞÜ;PAZAR MAHALLESİ KAYM.İBRAHİM ETHEM AKINCI CADDE No: 15 DEMİRCİ MANİSA;02364621480;45;MANİSA;;;;39.044502221;28.65189088;08:30-17:00;KAPALI;KAPALI;1;2026-09-21 08:30:19
6571;PTT_SUBE;5544;GELENBE ACENTELİĞİ;GELENBE MAHALLESİ ATATÜRK. CADDE No: 25 KIRKAĞAÇ MANİSA;05558913979;45;MANİSA;;;;39.177119;27.848625;09:00-12:00/13:00-17:00;KAPALI;KAPALI;1;2026-09-21 08:30:19
6570;PTT_SUBE;2231;GÖKÇEKÖY ACENTELİĞİ;GÖKÇEKÖY MAHALLESİ CUMHURİYET_3 MEYDAN No: 1 SARUHANLI MANİSA;05326680337;45;MANİSA;;;;38.871504;27.602588;09:00-12:30/13:30-17:00;KAPALI;KAPALI;1;2026-09-21 08:30:19
6569;PTT_SUBE;5486;GÖLMARMARA MÜDÜRLÜĞÜ;ESKİ CAMİİ MAHALLESİ GEDİZ SOKAK No: 11 GÖLMARMARA MANİSA;02365151480;45;MANİSA;;;;38.708732;27.915692;08:30-12:30/13:30-17:00;KAPALI;KAPALI;1;2026-09-21 08:30:19
6568;PTT_SUBE;5368;GÖRDES MÜDÜRLÜĞÜ;ADNAN MENDERES MAHALLESİ ŞEHİT J.ASTSB.ÜÇVŞ.ÖZGÜR ARTUNÇ BULVAR No: 143 GÖRDES MANİSA;02365471480;45;MANİSA;;;;38.934282;28.28777;08:30-17:00;KAPALI;KAPALI;1;2026-09-21 08:30:19
6567;PTT_SUBE;7355;HACIRAHMANLI ŞUBESİ;HACIRAHMANLI MAHALLESİ SAKARYA CADDE No: 10 SARUHANLI MANİSA;02363641293;45;MANİSA;;;;38.75176701;27.60222708;08:30-12:30/13:30-17:00;KAPALI;KAPALI;1;2026-09-21 08:30:19
6566;PTT_SUBE;7478;HALİTPAŞA  ŞUBESİ;HALİTPAŞA MAHALLESİ ÖZTÜRK CADDE No: 2  C- SARUHANLI MANİSA;02363681260;45;MANİSA;;;;38.68534503;27.67905;08:30-12:30/13:30-17:00;KAPALI;KAPALI;1;2026-09-21 08:30:19
6565;PTT_SUBE;3939;HOROZKÖY  ŞUBESİ;50.YIL MAHALLESİ ŞEHİT HASAN KUZU CADDE No: 255 YUNUSEMRE MANİSA;02362111219;45;MANİSA;;;;38.630366;27.400625;08:30-12:30/13:30-17:00;KAPALI;KAPALI;1;2026-09-21 08:30:19
6564;PTT_SUBE;7278;KARAAĞAÇLI ŞUBESİ;KARAAĞAÇLI MAHALLESİ KOCAMEMİLER CADDE No: 14 ŞEHZADELER MANİSA;02362491573;45;MANİSA;;;;38.680246;27.51431;08:30-12:30/13:30-17:00;KAPALI;KAPALI;1;2026-09-21 08:30:19
6562;PTT_SUBE;7366;KARAKURT ACENTELİĞİ;KARAKURT MAHALLESİ KURAN KURSU SOKAK No: 3 KIRKAĞAÇ MANİSA;05413568035;45;MANİSA;;;;39.111839;27.811766;08:30-12:30/13:30-16:30;KAPALI;KAPALI;1;2026-09-21 08:30:19
6563;PTT_SUBE;8316;KARAKÖY KURUMSAL ACENTELİĞİ;TOPÇUASIM MAHALLESİ İZMİR CADDE No: 177 D YUNUSEMRE MANİSA;05397783810;45;MANİSA;;;;38.608758;27.41858;08:30-12:30/12:30-18:30;10:00-16:00/-;KAPALI;1;2026-09-21 08:30:19
6561;PTT_SUBE;7277;KARAOĞLANLI ŞUBESİ;KARAOĞLANLI MAHALLESİ KASABA CADDE No: 6 ŞEHZADELER MANİSA;02362573379;45;MANİSA;;;;38.529854;27.564854;08:30-12:30/13:30-17:00;KAPALI;KAPALI;1;2026-09-21 08:30:19
6560;PTT_SUBE;5512;KAVAKLIDERE ACENTELİĞİ;KAVAKLIDERE MAHALLESİ ATATÜRK. BULVAR No: 11 ALAŞEHİR MANİSA;05522142505;45;MANİSA;;;;38.419863;28.350551;08:30-17:00/-;KAPALI;KAPALI;1;2026-09-21 08:30:19
6559;PTT_SUBE;5476;KIRKAĞAÇ MÜDÜRLÜĞÜ;YENİ MAHALLESİ ATATÜRK 56 CADDE No: 111 KIRKAĞAÇ MANİSA;02365881480;45;MANİSA;;;;39.105862392;27.673148845;08:30-17:00;KAPALI;KAPALI;1;2026-09-21 08:30:19
6556;PTT_SUBE;5472;KULA MÜDÜRLÜĞÜ;4 EYLÜL MAHALLESİ TURGUT ÖZAL BULVAR No: 1 KULA MANİSA;02368161480;45;MANİSA;;;;38.54542;28.644539;08:30-12:30;KAPALI;KAPALI;1;2026-09-21 08:30:19
6557;PTT_SUBE;8089;KÖPRÜBAŞI  ŞUBESİ;NAMIK KEMAL MAHALLESİ CUMHURİYET CADDE No: 23 KÖPRÜBAŞI MANİSA;02365712480;45;MANİSA;;;;38.747899638;28.403654312;08:30-12:30/13:30-17:00;KAPALI;KAPALI;1;2026-09-21 08:30:19
6558;PTT_SUBE;6510;KİLLİK ACENTELİĞİ;KİLLİK MAHALLESİ KENAN EVREN_2 CADDE No: 11 ALAŞEHİR MANİSA;02366531480;45;MANİSA;;;;38.377038;28.621151;09:00-12:00/13:00-17:00;KAPALI;KAPALI;1;2026-09-21 08:30:19
6555;PTT_SUBE;5414;MANİSA DAĞITIM TOPLAMA  MÜDÜRLÜĞÜ;GÜZELYURT MAHALLESİ 5748 SOKAK No: 2 YUNUSEMRE MANİSA;02362116597;45;MANİSA;;;;38.6245781;27.371058571;08:30-17:00;KAPALI;KAPALI;1;2026-09-21 08:30:19
6554;PTT_SUBE;3928;MANİSA ER EĞİTİM  ŞUBESİ;AKMESCİT MAHALLESİ İZMİR CADDE No: 307  A- YUNUSEMRE MANİSA;02362310123;45;MANİSA;;;;38.613150705;27.407053362;08:30-12:30/13:30-17:00;KAPALI;KAPALI;1;2026-09-21 08:30:19
6553;PTT_SUBE;3984;MURADİYE  ŞUBESİ;MURADİYE MAHALLESİ ATA SOKAK No: 18 C YUNUSEMRE MANİSA;02362469865;45;MANİSA;;;;38.659560188;27.337036265;08:30-12:30/13:30-17:00;KAPALI;KAPALI;1;2026-09-21 08:30:19
6552;PTT_SUBE;6741;ORGANİZE SANAYİ  ŞUBESİ;KEÇİLİKÖYOSB MAHALLESİ CUMHURİYET BULVAR No: 2 YUNUSEMRE MANİSA;02362315777;45;MANİSA;;;;38.60989;27.364457;08:30-12:30/13:30-17:00;KAPALI;KAPALI;1;2026-09-21 08:30:19
6551;PTT_SUBE;5513;PİYADELER ACENTELİĞİ;PİYADELER MAHALLESİ MEHMET AKİF_2 SOKAK No: 19 ALAŞEHİR MANİSA;05432114913;45;MANİSA;;;;38.40586398;28.43920008;09:00-12:00/13:00-17:00;KAPALI;KAPALI;1;2026-09-21 08:30:19
6550;PTT_SUBE;5402;SALİHLİ MÜDÜRLÜĞÜ;MİTATPAŞA MAHALLESİ MİTHATPAŞA CADDE No: 71 SALİHLİ MANİSA;02367141480;45;MANİSA;;;;38.484598;28.135386;08:30-12:30;KAPALI;KAPALI;1;2026-09-21 08:30:19
6549;PTT_SUBE;3235;SANCAKLIBOZKÖY ACENTELİĞİ;SANCAKLIBOZKÖY MAHALLESİ BELEDİYE_1 CADDE No: 92 ŞEHZADELER MANİSA;05439332330;45;MANİSA;;;;38.510676;27.539217;09:00-12:30/13:30-17:00;KAPALI;KAPALI;1;2026-09-21 08:30:19
6548;PTT_SUBE;3910;SARIGÖL MÜDÜRLÜĞÜ;CUMHURİYET MAHALLESİ YUNUS EMRE CADDE No: 5 SARIGÖL MANİSA;02368671480;45;MANİSA;;;;38.237241163;28.696045076;08:30-12:30;KAPALI;KAPALI;1;2026-09-21 08:30:19
6547;PTT_SUBE;5497;SARUHANLI MÜDÜRLÜĞÜ;CUMHURİYET MAHALLESİ YÜCE SOKAK No: 14 SARUHANLI MANİSA;02363571480;45;MANİSA;;;;38.733733;27.569807;08:30-17:00;KAPALI;KAPALI;1;2026-09-21 08:30:19
6546;PTT_SUBE;3962;SELENDİ MÜDÜRLÜĞÜ;YENİCAMİ MAHALLESİ ATATÜRK CADDE No: 136 SELENDİ MANİSA;02367881480;45;MANİSA;;;;38.741652;28.861587;08:30-12:30/13:30-17:00;KAPALI;KAPALI;1;2026-09-21 08:30:19
6545;PTT_SUBE;5355;SOMA MÜDÜRLÜĞÜ;NAMAZGAH MAHALLESİ ORDU SOKAK No: 8 SOMA MANİSA;02366131429;45;MANİSA;;;;39.182282;27.60399;08:30-12:30;KAPALI;KAPALI;1;2026-09-21 08:30:19
6544;PTT_SUBE;5503;SUBAŞI  ŞUBESİ;SUBAŞI MAHALLESİ KERVAN  YOLU CADDE No: 331 TURGUTLU MANİSA;02363121481;45;MANİSA;;;;38.491121;27.697796;08:30-12:30/13:30-17:00;KAPALI;KAPALI;1;2026-09-21 08:30:19
6541;PTT_SUBE;7085;TAYTAN ACENTELİĞİ;TAYTAN MAHALLESİ VATAN CADDE No: 82 SALİHLİ MANİSA;05414032563;45;MANİSA;;;;38.520228;28.199665;09:00-12:30/13:30-16:00;KAPALI;KAPALI;1;2026-09-21 08:30:19
6540;PTT_SUBE;2961;TURGUTALP  ŞUBESİ;TURGUTALP MAHALLESİ ALPARSLAN TÜRKEŞ CADDE No: 7 A SOMA MANİSA;02366150868;45;MANİSA;;;;39.188377;27.582905;08:30-12:30/13:30-17:00;KAPALI;KAPALI;1;2026-09-21 08:30:19
6539;PTT_SUBE;8473;TURGUTLU KARGO  ŞUBESİ;SUBAŞI MAHALLESİ BEGÜM SOKAK No: 18 TURGUTLU MANİSA;000000000;45;MANİSA;;;;38.49553404;27.686601;08:30-12:30/13:30-17:30;08:30-12:30/13:30-17:30;KAPALI;1;2026-09-21 08:30:19
6538;PTT_SUBE;5487;TURGUTLU MÜDÜRLÜĞÜ;TURAN MAHALLESİ BALTACI MAHMUT YOLU CADDE No: 42 TURGUTLU MANİSA;02363121481;45;MANİSA;;;;38.498952;27.706714;08:30-12:30;KAPALI;KAPALI;1;2026-09-21 08:30:19
6537;PTT_SUBE;5515;ULUDERBENT ACENTELİĞİ;ULUDERBENT MAHALLESİ ATATÜRK 2 CADDE No: 2 - ALAŞEHİR MANİSA;05359324440;45;MANİSA;;;;38.180578;28.541226;09:00-12:00/13:00-17:00;KAPALI;KAPALI;1;2026-09-21 08:30:19
6536;PTT_SUBE;3218;YENİ MAHALLE  ŞUBESİ;YENİMAHALLE MAHALLESİ MALTA YOLU CADDE No: 19 YUNUSEMRE MANİSA;02362114515;45;MANİSA;;;;38.61990999;27.41536908;08:30-12:30/13:30-17:00;KAPALI;KAPALI;1;2026-09-21 08:30:19
6535;PTT_SUBE;5505;YEŞİLYURT ACENTELİĞİ;YEŞİLYURT MAHALLESİ İBRAHİM USLU CADDE No: 8 E ALAŞEHİR MANİSA;05424651502;45;MANİSA;;;;38.33946504;28.66259988;09:00-12:00/13:00-17:00;KAPALI;KAPALI;1;2026-09-21 08:30:19
6534;PTT_SUBE;3878;YUNUSEMRE  MÜDÜRLÜĞÜ;75. YIL MAHALLESİ BAHRİ SARITEPE CADDE No: 33 YUNUSEMRE MANİSA;02362360962;45;MANİSA;;;;38.619112;27.381832;08:30-12:30;KAPALI;KAPALI;1;2026-09-21 08:30:19
6542;PTT_SUBE;3197;ŞEHZADELER MÜDÜRLÜĞÜ;ÇARŞI MAHALLESİ 1601 SOKAK No: 7 A ŞEHZADELER MANİSA;02362311480;45;MANİSA;;;;38.613554;27.430679;08:30-12:30;KAPALI;KAPALI;1;2026-09-21 08:30:19
6543;PTT_SUBE;5502;ŞEHİTLER  ŞUBESİ;ŞEHİTLER MAHALLESİ ŞEHİT OĞUZ ERBAY SOKAK No: 24 TURGUTLU MANİSA;02363131481;45;MANİSA;;;;38.496937;27.713764;08:30-12:30/13:30-17:00;KAPALI;KAPALI;1;2026-09-21 08:30:19
6611;PTT_SUBE;8379;70.PİYADE TUGAYI  ŞUBESİ;İSTASYON MAHALLESİ 1 CADDE No: 5 ARTUKLU MARDİN;04822151468;47;MARDİN;;;;37.287701;40.708757;08:30-12:30/13:30-17:00;KAPALI;KAPALI;1;2026-09-21 08:30:20
6610;PTT_SUBE;4133;ACIRLI ACENTELİĞİ;ACIRLI MAHALLESİ 111 SOKAK No: 8 MİDYAT MARDİN;04824736061;47;MARDİN;;;;37.456397;41.29574;08:30-12:30/13:30-17:00;KAPALI;KAPALI;1;2026-09-21 08:30:20
6609;PTT_SUBE;3054;ADLİYE SARAYI  ŞUBESİ;13 MART MAHALLESİ VALİ MUSTAFA YAMAN CADDE No: 1 ARTUKLU MARDİN;04822133009;47;MARDİN;;;;37.326152;40.723363;08:30-12:30/13:30-17:00;KAPALI;KAPALI;1;2026-09-21 08:30:20
6608;PTT_SUBE;4440;ARTUKLU  ŞUBESİ;MEDRESE MAHALLESİ 1. CADDE No: 148 ARTUKLU MARDİN;04822127465;47;MARDİN;;;;37.314346;40.743468;08:30-12:30/13:30-17:00;KAPALI;KAPALI;1;2026-09-21 08:30:20
6605;PTT_SUBE;2871;DARGEÇİT MÜDÜRLÜĞÜ;BAHÇEBAŞI MAHALLESİ TURGUT ÖZAL CADDE No: 8 DARGEÇİT MARDİN;04823812365;47;MARDİN;;;;37.545607;41.713912;08:30-17:00;KAPALI;KAPALI;1;2026-09-21 08:30:20
6604;PTT_SUBE;2873;DERİK MÜDÜRLÜĞÜ;CEVİZPINAR MAHALLESİ PROF.DR.AYDIN AYAYDIN CADDE No: 91 DERİK MARDİN;04822513411;47;MARDİN;;;;37.36348;40.26729;08:30-17:00;KAPALI;KAPALI;1;2026-09-21 08:30:20
6602;PTT_SUBE;7134;DURUCA ACENTELİĞİ ;DURUCA MAHALLESİ 1.CADDE CADDE No: 5 A NUSAYBİN MARDİN;04824261241;47;MARDİN;;;;37.091714;41.309217;09:00-12:30/13:30-17:00;KAPALI;KAPALI;1;2026-09-21 08:30:20
6603;PTT_SUBE;7132;DİKMEN ACENTELİĞİ;DİKMEN MAHALLESİ CEYLANPINAR YOLU CADDE No: 29 KIZILTEPE MARDİN;05322565559;47;MARDİN;;;;37.087509;40.414661;08:30-12:30/13:30-17:00;KAPALI;KAPALI;1;2026-09-21 08:30:20
6601;PTT_SUBE;7602;GÖKÇE ACENTELİĞİ;GÖKÇE MAHALLESİ HÜRRİYET. SOKAK No: 13 ARTUKLU MARDİN;05454042723;47;MARDİN;;;;37.204131;40.696104;08:30-12:30/13:30-17:30;KAPALI;KAPALI;1;2026-09-21 08:30:20
6600;PTT_SUBE;3036;KABALA ŞUBESİ;KABALA MAHALLESİ ŞAKİR NUHOĞLU BULVAR No: 2 ARTUKLU MARDİN;04822266360;47;MARDİN;;;;37.349188;40.807923;08:30-12:30/13:30-17:00;KAPALI;KAPALI;1;2026-09-21 08:30:20
6599;PTT_SUBE;4401;KIZILTEPE MÜDÜRLÜĞÜ;TEPEBAŞI MAHALLESİ HASTANE CADDE No: 6 KIZILTEPE MARDİN;04823121945;47;MARDİN;;;;37.19366;40.591761;08:30-12:30/13:30-17:00;KAPALI;KAPALI;1;2026-09-21 08:30:20
6598;PTT_SUBE;8172;MARDİN DAĞITIM VE TOPLAMA MÜDÜRLÜĞÜ;YENİŞEHİR MAHALLESİ VALİ OZAN CADDE No: 29 ARTUKLU MARDİN;04822133028;47;MARDİN;;;;37.326445;40.7133;08:30-12:30;08:30-12:30;KAPALI;1;2026-09-21 08:30:20
6597;PTT_SUBE;4399;MARDİN MÜDÜRLÜĞÜ;YENİŞEHİR MAHALLESİ VALİ OZAN CADDE No: 29 ARTUKLU MARDİN;04822133000;47;MARDİN;;;;37.326445;40.7133;08:30-17:00;10:00-15:30;KAPALI;1;2026-09-21 08:30:20
6596;PTT_SUBE;64;MAZIDAĞI MÜDÜRLÜĞÜ;POYRAZ MAHALLESİ SİNEMA SOKAK No: 4 /1 MAZIDAĞI MARDİN;04825112900;47;MARDİN;;;;37.477716809;40.487758667;08:30-17:00;KAPALI;KAPALI;1;2026-09-21 08:30:20
6595;PTT_SUBE;4460;MİDYAT  ŞUBESİ;GÖLCÜK MAHALLESİ CUMHURİYET BULVARI BULVAR No: 198 MİDYAT MARDİN;04824640702;47;MARDİN;;;;37.415373;41.372066;08:30-12:30/13:30-17:00;KAPALI;KAPALI;1;2026-09-21 08:30:20
6594;PTT_SUBE;4408;MİDYAT HÜKÜMET MÜDÜRLÜĞÜ;YENİ MAHALLESİ CUMHURİYET BULVARI BULVAR No: 19 MİDYAT MARDİN;04824621201;47;MARDİN;;;;37.424323;41.341904;08:30-12:30/13:30-17:00;KAPALI;KAPALI;1;2026-09-21 08:30:20
6593;PTT_SUBE;4392;NUSAYBİN MÜDÜRLÜĞÜ;8 MART MAHALLESİ NEVRUZ BULVAR No: 70 A NUSAYBİN MARDİN;04824151001;47;MARDİN;;;;37.085011527;41.210545088;08:30-17:00;KAPALI;KAPALI;1;2026-09-21 08:30:20
6592;PTT_SUBE;7600;ORTAKÖY ACENTESİ;ORTAKÖY MAHALLESİ NUSAYBİN. CADDE No: 60 A ARTUKLU MARDİN;05358439180;47;MARDİN;;;;37.22187;40.78407;09:00-12:30/13:30-17:00;KAPALI;KAPALI;1;2026-09-21 08:30:20
6590;PTT_SUBE;6486;PINARDERE ACENTELİĞİ;PINARDERE MAHALLESİ MARDİN_1 CADDE No: 15 G SAVUR MARDİN;04825831047;47;MARDİN;;;;37.47262203;40.83541092;09:00-12:30/13:30-16:30;KAPALI;KAPALI;1;2026-09-21 08:30:20
6589;PTT_SUBE;1029;SAVUR MÜDÜRLÜĞÜ;SAFA MAHALLESİ TARIHI ÇARŞI CADDESI CADDE No: 26 SAVUR MARDİN;04825712155;47;MARDİN;;;;37.535072;40.887389;08:30-17:00;KAPALI;KAPALI;1;2026-09-21 08:30:20
6588;PTT_SUBE;4127;SÖĞÜTLÜ ACENTELİĞİ;SÖĞÜTLÜ MAHALLESİ ŞEHİT ABDULKADİR ACAR CADDE No: 4 MİDYAT MARDİN;04824712127;47;MARDİN;;;;37.445407;41.218676;08:30-12:30/13:30-17:00;KAPALI;KAPALI;1;2026-09-21 08:30:20
6587;PTT_SUBE;7580;SÜRGÜCÜ ACENTELİĞİ;SÜRGÜCÜ MAHALLESİ KÖŞK (TEPE) CADDE No: 16 SAVUR MARDİN;05355720354;47;MARDİN;;;;37.58096403;40.73728608;09:00-12:30/13:30-16:30;KAPALI;KAPALI;1;2026-09-21 08:30:20
6586;PTT_SUBE;4458;YENİŞEHİR  ŞUBESİ;YENİŞEHİR MAHALLESİ PTT 283 CADDE No: 15 ARTUKLU MARDİN;04822133047;47;MARDİN;;;;37.320651;40.722009;08:30-12:30/13:30-17:00;KAPALI;KAPALI;1;2026-09-21 08:30:20
6585;PTT_SUBE;4390;YEŞİLLİ MÜDÜRLÜĞÜ;GÜL MAHALLESİ VATAN CADDE No: 27 YEŞİLLİ MARDİN;04825911985;47;MARDİN;;;;37.33926;40.81877;08:30-17:00;KAPALI;KAPALI;1;2026-09-21 08:30:20
6607;PTT_SUBE;2653;ÇARŞI  ŞUBESİ;YENİ MAHALLESİ P.T.T CADDE No: 9 B KIZILTEPE MARDİN;04823121945;47;MARDİN;;;;37.19209;40.58413;08:30-12:30/13:30-17:00;KAPALI;KAPALI;1;2026-09-21 08:30:20
6606;PTT_SUBE;4449;ÇİFTLİK (KÜÇÜK SANAYİ SİTESİ)  ŞUBESİ;OFİS MAHALLESİ SANAYİ SİTESİ SOKAK No: 183 ARTUKLU MARDİN;04822151818;47;MARDİN;;;;37.27677;40.69347;08:30-12:30/13:30-17:00;KAPALI;KAPALI;1;2026-09-21 08:30:20
6591;PTT_SUBE;4386;ÖMERLİ MÜDÜRLÜĞÜ;CUMHURİYET MAHALLESİ 2003 SOKAK No: 3 ÖMERLİ MARDİN;04825413001;47;MARDİN;;;;37.403487;40.956693;08:30-17:00;KAPALI;KAPALI;1;2026-09-21 08:30:20
6664;PTT_SUBE;1121;ADLİYE   ŞUBESİ;TOZKOPARAN ZAHİT MAHALLESİ KASIM GÜLEK BULVAR No: 1 TARSUS MERSİN;03246161130;33;MERSİN;;;;36.922777;34.92096;08:30-12:30/13:30-17:00;KAPALI;KAPALI;1;2026-09-21 08:30:20
6663;PTT_SUBE;3777;ADLİYE SARAYI  ŞUBESİ;YENİ MAHALLESİ 321 SOKAK No: 16 SİLİFKE MERSİN;03247149335;33;MERSİN;;;;36.365437145;33.94730102;08:30-12:30/13:30-17:00;KAPALI;KAPALI;1;2026-09-21 08:30:20
6662;PTT_SUBE;1099;ALTAYLILAR  ŞUBESİ;ERGENEKON MAHALLESİ FATİH SULTAN MEHMET BULVAR No: 3 A TARSUS MERSİN;03245027846;33;MERSİN;;;;36.927694;34.860202;08:30-12:30/13:30-17:00;KAPALI;KAPALI;1;2026-09-21 08:30:20
6661;PTT_SUBE;1633;ANAMUR  MÜDÜRLÜĞÜ;ESENTEPE MAHALLESİ ATATÜRK BULVARI BULVAR No: 10 ANAMUR MERSİN;03248141001;33;MERSİN;;;;36.078072554;32.830562785;08:30-17:00/-;KAPALI;KAPALI;1;2026-09-21 08:30:20
6660;PTT_SUBE;3775;ATAKENT  ŞUBESİ;ATAKENT MAHALLESİ ALPARSLAN TÜRKEŞ BULVAR No: 1 SİLİFKE MERSİN;03247223493;33;MERSİN;;;;36.401978958;34.05786478;08:30-12:30/13:30-17:00;KAPALI;KAPALI;1;2026-09-21 08:30:20
6659;PTT_SUBE;3993;AYDINCIK  MÜDÜRLÜĞÜ;MERKEZ MAHALLESİ S.ÇAKMAKOĞLU CADDE No: 5 AYDINCIK MERSİN;03248413001;33;MERSİN;;;;36.149541276;33.328185178;08:30-17:00;KAPALI;KAPALI;1;2026-09-21 08:30:20
6658;PTT_SUBE;687;BAHÇELİEVLER POSTA KARGO DAĞITIM  MÜDÜRLÜĞÜ;AKKENT MAHALLESİ GAZİ MUSTAFA KEMAL BULVAR No: 563 A YENİŞEHİR MERSİN;03243411261;33;MERSİN;;;;36.76642728;34.555986312;08:00-12:00/13:30-17:00;08:00-13:00/-;KAPALI;1;2026-09-21 08:30:20
6657;PTT_SUBE;1075;BOZYAZI  MÜDÜRLÜĞÜ;KARAİSALI MAHALLESİ MERKEZ SOKAK No: 13 BOZYAZI MERSİN;03248513001;33;MERSİN;;;;36.13306;32.99395;08:30-17:00;KAPALI;KAPALI;1;2026-09-21 08:30:20
6656;PTT_SUBE;7019;BULVAR  ŞUBESİ;YENİ MAHALLESİ KASIM EKENLER BLV. BULVAR No: 127 /2AH TARSUS MERSİN;03246252212;33;MERSİN;;;;36.930432;34.879525;KAPALI;KAPALI;KAPALI;1;2026-09-21 08:30:20
6652;PTT_SUBE;3759;DAVULTEPE  ŞUBESİ;İSTİKLAL MAHALLESİ GAZİ MUSTAFA KEMAL BULVARI BULVAR No: 917 A MEZİTLİ MERSİN;03244814826;33;MERSİN;;;;36.717998294;34.482838509;08:30-12:30/13:30-17:00;KAPALI;KAPALI;1;2026-09-21 08:30:20
6651;PTT_SUBE;1083;DONUKTAŞ  ŞUBESİ;82EVLER MAHALLESİ 3122. SOKAK No: 2 AA TARSUS MERSİN;03246135321;33;MERSİN;;;;36.919711392;34.905777828;08:30-12:30/13:30-17:00;KAPALI;KAPALI;1;2026-09-21 08:30:20
6649;PTT_SUBE;1095;ERDEMLİ  MÜDÜRLÜĞÜ;AKDENİZ MAHALLESİ ALPARSLAN TÜRKEŞ BULVAR No: 206  A ERDEMLİ MERSİN;03245151001;33;MERSİN;;;;36.604302126;34.307977457;08:30-17:00;KAPALI;KAPALI;1;2026-09-21 08:30:20
6648;PTT_SUBE;7517;ERDEMLİ ADLİYE  ŞUBESİ;KARGICAK MAHALLESİ YAVUZ SULTAN SELİM BULVAR No: 261 ERDEMLİ MERSİN;03245180518;33;MERSİN;;;;36.621942;34.326312;08:30-12:30/13:30-17:00;KAPALI;KAPALI;1;2026-09-21 08:30:20
6650;PTT_SUBE;7757;EĞİTİM MERKEZİ  ŞUBESİ;AKKENT MAHALLESİ GAZİ MUSTAFA KEMAL BULVAR No: 563 C YENİŞEHİR MERSİN;0;33;MERSİN;;;;36.766567788;34.556454539;08:30-12:30/13:30-17:00;KAPALI;KAPALI;1;2026-09-21 08:30:20
6646;PTT_SUBE;6651;GÖKTAŞ  ŞUBESİ;SAĞLIK MAHALLESİ AKDENİZ CADDE No: 124 ANAMUR MERSİN;03248143025;33;MERSİN;;;;36.080699;32.838681;08:30-12:30/13:30-17:00;KAPALI;KAPALI;1;2026-09-21 08:30:20
6647;PTT_SUBE;7759;GÖÇMEN  ŞUBESİ;AYDINLIKEVLER MAHALLESİ GAZİ MUSTAFA KEMAL BULVAR No: 462 A YENİŞEHİR MERSİN;0;33;MERSİN;;;;36.779788321;34.584021545;08:30-12:30/13:30-17:00;KAPALI;KAPALI;1;2026-09-21 08:30:20
6645;PTT_SUBE;3662;GÜLNAR  MÜDÜRLÜĞÜ;HACIPINAR MAHALLESİ ANKARA CADDE No: 41 GÜLNAR MERSİN;03247517001;33;MERSİN;;;;36.339805;33.398977;08:30-17:00;KAPALI;KAPALI;1;2026-09-21 08:30:20
6644;PTT_SUBE;783;GÜNEYKENT  ŞUBESİ;GÜNEYKENT MAHALLESİ MİMAR SİNAN_1 BULVAR No: 22 TOROSLAR MERSİN;03242233524;33;MERSİN;;;;36.837129;34.63109;08:30-12:30/13:30-17:00;KAPALI;KAPALI;1;2026-09-21 08:30:20
6643;PTT_SUBE;7758;GÜVENEVLER  ŞUBESİ;GÜVENEVLER MAHALLESİ 1911 SOKAK No: 35 B YENİŞEHİR MERSİN;0;33;MERSİN;;;;36.784733;34.5913;08:30-12:30/13:30-17:00;KAPALI;KAPALI;1;2026-09-21 08:30:20
6642;PTT_SUBE;1058;HUZURKENT ŞUBESİ;KÖSELERLİ MAHALLESİ SUNAY SOKAK No: 10 AKDENİZ MERSİN;03246464034;33;MERSİN;;;;36.881338;34.821444;08:30-12:30/13:30-17:00;KAPALI;KAPALI;1;2026-09-21 08:30:20
6641;PTT_SUBE;3758;HÜKÜMET  ŞUBESİ;YEŞİLYURT MAHALLESİ HALİDE EDİP ADIVAR CADDE No: 1 ANAMUR MERSİN;03248141001;33;MERSİN;;;;36.076083487;32.833603327;08:00-12:00/13:00-17:00;KAPALI;KAPALI;1;2026-09-21 08:30:20
6640;PTT_SUBE;1105;KAMPÜS CEZAEVİ ŞUBESİ;ALİFAKI MAHALLESİ ALİFAKI SOKAK No: 246 A TARSUS MERSİN;03246446439;33;MERSİN;;;;36.849073;35.02453;08:30-12:30/13:30-17:00;KAPALI;KAPALI;1;2026-09-21 08:30:20
6639;PTT_SUBE;780;KARADUVAR  ŞUBESİ;KARADUVAR MAHALLESİ 6593 SOKAK No: 10 AKDENİZ MERSİN;03242530593;33;MERSİN;;;;36.811270285;34.684016909;08:30-12:30/13:30-17:00;KAPALI;KAPALI;1;2026-09-21 08:30:20
6638;PTT_SUBE;6584;KARGIPINARI ŞUBESİ;KARGIPINARI MAHALLESİ TÖMÜK (YENİ) CADDE No: 8 ERDEMLİ MERSİN;03245444032;33;MERSİN;;;;36.6738;34.4082;08:30-12:30/13:30-17:30;KAPALI;KAPALI;1;2026-09-21 08:30:20
6637;PTT_SUBE;3780;KÖSEÇOBANLI ACENTELİĞİ;KÖSEÇOBANLI MAHALLESİ CANLAR SOKAK No: 3 GÜLNAR MERSİN;03247628000;33;MERSİN;;;;36.447088;33.134816;08:30-12:30/13:30-17:00;KAPALI;KAPALI;1;2026-09-21 08:30:20
6636;PTT_SUBE;791;KÜÇÜK SANAYİ SİTESİ ŞUBESİ;SİTELER MAHALLESİ 159 CADDE No: 11 A AKDENİZ MERSİN;03242356571;33;MERSİN;;;;36.813326;34.647371;08:30-12:30/13:30-17:00;KAPALI;KAPALI;1;2026-09-21 08:30:20
6635;PTT_SUBE;7760;MERSİN ÜNİVERSİTESİ  ŞUBESİ;ÇİFTLİKKÖY MAHALLESİ ÜNİVERSİTE CADDE No: 12 YENİŞEHİR MERSİN;0;33;MERSİN;;;;36.778418;34.533239;08:30-12:30/13:30-17:00;KAPALI;KAPALI;1;2026-09-21 08:30:20
6634;PTT_SUBE;4019;METROPOL  MÜDÜRLÜĞÜ;İHSANİYE MAHALLESİ 4901 SOKAK No: 10 - AKDENİZ MERSİN;03243371818;33;MERSİN;;;;36.804483;34.622003;08:30-12:30;KAPALI;KAPALI;1;2026-09-21 08:30:20
6633;PTT_SUBE;3690;MEZİTLİ  MÜDÜRLÜĞÜ;MERKEZ MAHALLESİ FINDIK PINARI CADDE No: 6 A MEZİTLİ MERSİN;03243595331;33;MERSİN;;;;36.748162999;34.526363872;08:30-17:00;KAPALI;KAPALI;1;2026-09-21 08:30:20
6632;PTT_SUBE;722;MUT  MÜDÜRLÜĞÜ;KALE MAHALLESİ DIŞ ÇARŞI SOKAK No: 44 MUT MERSİN;03247741001;33;MERSİN;;;;36.642848;33.4348;08:30-17:00;KAPALI;KAPALI;1;2026-09-21 08:30:20
6631;PTT_SUBE;1162;ORGANİZE SANAYİ ŞUBESİ;NACARLIOSB MAHALLESİ ATATÜRK CADDE No: 12 /1 AKDENİZ MERSİN;03246764427;33;MERSİN;;;;36.897971;34.795711;09:00-13:00/14:00-18:00;KAPALI;KAPALI;1;2026-09-21 08:30:20
6629;PTT_SUBE;2448;POSTA İŞLEME  MÜDÜRLÜĞÜ;AKKENT MAHALLESİ GAZİ MUSTAFA KEMAL BULVAR No: 563 A YENİŞEHİR MERSİN;03243411900;33;MERSİN;;;;36.76642728;34.555986312;08:00-18:30;08:00-17:00;KAPALI;1;2026-09-21 08:30:20
6628;PTT_SUBE;802;SERBEST BÖLGE  ŞUBESİ;KARADUVAR SB MAHALLESİ SERBEST BÖLGE MEYDANI MEYDAN No: 1 AKDENİZ MERSİN;03242383589;33;MERSİN;;;;36.807713;34.660164;08:30-12:30/13:30-17:00;KAPALI;KAPALI;1;2026-09-21 08:30:20
6627;PTT_SUBE;3683;SİLİFKE  MÜDÜRLÜĞÜ;SARAY MAHALLESİ CAVİT ERDEN CADDE No: 101 SİLİFKE MERSİN;03247142320;33;MERSİN;;;;36.378482553;33.926359366;08:30-17:00;KAPALI;KAPALI;1;2026-09-21 08:30:20
6624;PTT_SUBE;841;TARSUS  MÜDÜRLÜĞÜ;YENİ ÖMERLİ MAHALLESİ ATATÜRK BULVAR No: 30 TARSUS MERSİN;03246132209;33;MERSİN;;;;36.91695;34.891535;08:30-18:30;10:00-16:00;KAPALI;1;2026-09-21 08:30:20
6623;PTT_SUBE;1052;TARSUS POSTA DAĞITIM  MÜDÜRLÜĞÜ;YENİ ÖMERLİ MAHALLESİ ATATÜRK BULVAR No: 30 TARSUS MERSİN;03246132210;33;MERSİN;;;;36.91695;34.891535;08:30-17:00;08:30-17:00;KAPALI;1;2026-09-21 08:30:20
6622;PTT_SUBE;6396;TAŞUCU ŞUBESİ;TAŞUCU MAHALLESİ İSMET İNÖNÜ CADDE No: 7 A SİLİFKE MERSİN;03247414001;33;MERSİN;;;;36.317433;33.877509;08:30-12:30/13:30-17:00;KAPALI;KAPALI;1;2026-09-21 08:30:20
6621;PTT_SUBE;892;TIRMIL SANAYİ  ŞUBESİ;ÇİLEK MAHALLESİ 63196 SOKAK No: 3 AKDENİZ MERSİN;03242342260;33;MERSİN;;;;36.836002;34.661219;08:30-12:30/13:30-17:00;KAPALI;KAPALI;1;2026-09-21 08:30:20
6620;PTT_SUBE;2073;TOROSLAR POSTA DAĞITIM  MÜDÜRLÜĞÜ;AKKENT MAHALLESİ GAZİ MUSTAFA KEMAL BULVAR No: 563 A YENİŞEHİR MERSİN;03243410635;33;MERSİN;;;;36.76642728;34.555986312;08:00-17:00;08:00-17:00;KAPALI;1;2026-09-21 08:30:20
6619;PTT_SUBE;839;TOZKOPARAN  ŞUBESİ;ZEKİ AYAN MAHALLESİ KUVAYİ MİLLİYE BULVAR No: 275 A TOROSLAR MERSİN;03243211164;33;MERSİN;;;;36.818595;34.612162;08:30-12:30/13:30-17:00;KAPALI;KAPALI;1;2026-09-21 08:30:20
6618;PTT_SUBE;6398;TÖMÜK ŞUBESİ;TÖMÜK MAHALLESİ 32 SOKAK No: 3 ERDEMLİ MERSİN;03245771001;33;MERSİN;;;;36.674489;34.364953;08:30-12:30/13:30-17:00;KAPALI;KAPALI;1;2026-09-21 08:30:20
6617;PTT_SUBE;6399;VİRANŞEHİR  ŞUBESİ;VİRANŞEHİR MAHALLESİ CENGİZ TOPEL CADDE No: 29 A MEZİTLİ MERSİN;03243597165;33;MERSİN;;;;36.748053;34.539758;08:30-12:30/13:30-17:00;KAPALI;KAPALI;1;2026-09-21 08:30:20
6616;PTT_SUBE;987;YALINAYAK  ŞUBESİ;YALINAYAK MAHALLESİ ÇİFTÇİLER CADDE No: 143 TOROSLAR MERSİN;03242292701;33;MERSİN;;;;36.849925;34.637349;08:30-12:30/13:30-17:00;KAPALI;KAPALI;1;2026-09-21 08:30:20
6615;PTT_SUBE;850;YENİ ADLİYE SARAYI  ŞUBESİ;İHSANİYE MAHALLESİ ZEYTİNLİ BAHÇE CADDE No: 107 AKDENİZ MERSİN;03242333534;33;MERSİN;;;;36.803737;34.621417;08:30-12:30/13:30-17:00;KAPALI;KAPALI;1;2026-09-21 08:30:20
6614;PTT_SUBE;7020;YENİCE ŞUBESİ;YENİCE MAHALLESİ UĞUR MUMCU BULVAR No: 2 TARSUS MERSİN;03246514692;33;MERSİN;;;;36.971874;35.052659;08:30-12:30/13:30-17:00;KAPALI;KAPALI;1;2026-09-21 08:30:20
6613;PTT_SUBE;808;YENİHAL  ŞUBESİ;HAL MAHALLESİ HAL İÇİ KÜME EVLER SOKAK No: 24 AKDENİZ MERSİN;03242343877;33;MERSİN;;;;36.830282488;34.657446505;08:30-12:30/13:30-17:00;KAPALI;KAPALI;1;2026-09-21 08:30:20
6612;PTT_SUBE;6564;YENİŞEHİR  MÜDÜRLÜĞÜ;CUMHURİYET MAHALLESİ 1630 SOKAK No: 13 A YENİŞEHİR MERSİN;03243250501;33;MERSİN;;;;36.789446;34.604763;08:30-12:30/13:30-17:00;KAPALI;KAPALI;1;2026-09-21 08:30:20
6655;PTT_SUBE;3656;ÇAMLIYAYLA  MÜDÜRLÜĞÜ;CUMAYAKASI MAHALLESİ POSTA SOKAK No: 2 A ÇAMLIYAYLA MERSİN;03246813001;33;MERSİN;;;;37.166097;34.592601;08:30-17:00/-;KAPALI;KAPALI;1;2026-09-21 08:30:20
6654;PTT_SUBE;935;ÇARŞI  MÜDÜRLÜĞÜ;CAMİ ŞERİF MAHALLESİ 5230 SOKAK No: 4 A AKDENİZ MERSİN;03242389010;33;MERSİN;;;;36.797719591;34.630831526;08:30-12:30/13:30-17:00;KAPALI;KAPALI;1;2026-09-21 08:30:20
6653;PTT_SUBE;882;ÇAY  ŞUBESİ;KARACAİLYAS EMEK MAHALLESİ ATATÜRK BULVAR No: 4 A AKDENİZ MERSİN;03242213215;33;MERSİN;;;;36.8402;34.70614;08:30-12:30/13:30-17:00;KAPALI;KAPALI;1;2026-09-21 08:30:20
6630;PTT_SUBE;1097;ÖĞRETMENLER  ŞUBESİ;ÖĞRETMENLER MAHALLESİ DUMLUPINAR BULVAR No: 22 A TARSUS MERSİN;03246132202;33;MERSİN;;;;36.910967;34.878787;08:30-12:30/13:30-17:00;KAPALI;KAPALI;1;2026-09-21 08:30:20
6626;PTT_SUBE;902;ŞEHİR HASTANESİ  ŞUBESİ;KORUKENT MAHALLESİ YAVUZ SLTAN SELİM BULVAR No: 64 FL TOROSLAR MERSİN;03242230500;33;MERSİN;;;;36.857979274;34.609453557;08:30-12:30/13:30-17:00;KAPALI;KAPALI;1;2026-09-21 08:30:20
6625;PTT_SUBE;912;ŞEVKET SÜMER MAHALLESİ  ŞUBESİ;ŞEVKETSÜMER MAHALLESİ 156 CADDE No: 23 AKDENİZ MERSİN;03242300009;33;MERSİN;;;;36.825356;34.641892;08:30-12:30/13:30-17:00;KAPALI;KAPALI;1;2026-09-21 08:30:20
6729;PTT_SUBE;4860;41 EVLER  ŞUBESİ;ORHANİYE MAHALLESİ BERAT SOKAK No: 3 MENTEŞE MUĞLA;02522120788;48;MUĞLA;;;;37.211566;28.371078;08:30-12:30/13:30-17:00;KAPALI;KAPALI;1;2026-09-21 08:30:20
6727;PTT_SUBE;2577;ADLİYE  ŞUBESİ;ARMUTALAN MAHALLESİ YUNUS NADİ CADDE No: 132 MARMARİS MUĞLA;02524178353;48;MUĞLA;;;;36.843041475;28.25100558;08:30-12:30/13:30-17:00;KAPALI;KAPALI;1;2026-09-21 08:30:20
6728;PTT_SUBE;2493;ADLİYE  ŞUBESİ;EMİRBEYAZIT MAHALLESİ ZÜBEYDE HANIM CADDE No: 10 MENTEŞE MUĞLA;02522129734;48;MUĞLA;;;;37.211669;28.361309;08:30-12:30/13:30-17:00;KAPALI;KAPALI;1;2026-09-21 08:30:20
6724;PTT_SUBE;5284;ADLİYE SARAYI  ŞUBESİ;AKARCA MAHALLESİ MUSTAFA KEMAL (AKR) BULVAR No: 210 FETHİYE MUĞLA;02526131463;48;MUĞLA;;;;36.651888822;29.121644253;08:30-12:30/13:30-17:00;KAPALI;KAPALI;1;2026-09-21 08:30:20
6725;PTT_SUBE;5306;ADLİYE SARAYI  ŞUBESİ;GÜNEŞ MAHALLESİ OZAN CADDE No: 1 MİLAS MUĞLA;02525131272;48;MUĞLA;;;;37.32693;27.783661;08:30-12:30/13:30-17:00;KAPALI;KAPALI;1;2026-09-21 08:30:20
6726;PTT_SUBE;5371;ADLİYE SARAYI  ŞUBESİ;BİTEZ MAHALLESİ ATATÜRK (BİTEZ) BULVAR No: 2 BODRUM MUĞLA;02523637425;48;MUĞLA;;;;37.047958019;27.380799652;08:30-12:30/13:30-17:00;KAPALI;KAPALI;1;2026-09-21 08:30:20
6722;PTT_SUBE;2565;AKYAKA  ŞUBESİ;AKYAKA MAHALLESİ İNİŞDİBİ CADDE No: 2 C ULA MUĞLA;02522435142;48;MUĞLA;;;;37.05799097;28.32754018;08:30-12:30/13:30-17:00;KAPALI;KAPALI;1;2026-09-21 08:30:20
6723;PTT_SUBE;2557;AKÇAPINAR  ŞUBESİ;AKÇAPINAR MAHALLESİ AKÇAPINAR KÜME EVLER No: 22 ULA MUĞLA;02522448109;48;MUĞLA;;;;37.055027206;28.34236757;08:30-12:30/13:30-17:00;KAPALI;KAPALI;1;2026-09-21 08:30:20
6721;PTT_SUBE;2512;ARMUTALAN  ŞUBESİ;ARMUTALAN MAHALLESİ ARMUTALAN ORG. MUSTAFA MUĞLALI CADDE No: 4 MARMARİS MUĞLA;02524170355;48;MUĞLA;;;;36.856033288;28.23843481;08:30-12:30/13:30-17:00;KAPALI;KAPALI;1;2026-09-21 08:30:20
6720;PTT_SUBE;2495;BAYIR ŞUBESİ;BAYIR MAHALLESİ CUMHURİYET_2 MEYDAN No: 23 MENTEŞE MUĞLA;02522255461;48;MUĞLA;;;;37.268396206;28.216578478;08:30-12:30/13:30-17:00;KAPALI;KAPALI;1;2026-09-21 08:30:20
6719;PTT_SUBE;3023;BENCİK ACENTELİĞİ;BENCİK MAHALLESİ MENDERES CADDE No: 23 - YATAĞAN MUĞLA;02525758200;48;MUĞLA;;;;37.27553697;28.01195604;09:00-12:30/13:30-17:00;KAPALI;KAPALI;1;2026-09-21 08:30:20
6718;PTT_SUBE;5331;BEYOBASI ACENTELİĞİ;BEYOBASI MAHALLESİ 3 (MERKEZ) BULVAR No: 63 KÖYCEĞİZ MUĞLA;05426615862;48;MUĞLA;;;;36.90938;28.77281;08:30-12:00/13:30-17:00;KAPALI;KAPALI;1;2026-09-21 08:30:20
6716;PTT_SUBE;5364;BODRUM MÜDÜRLÜĞÜ;ÇARŞI MAHALLESİ CEVAT ŞAKİR CADDE No: 3 BODRUM MUĞLA;02523161212;48;MUĞLA;;;;37.03491;27.431113;08:30-17:00/-;10:00-16:00/-;KAPALI;1;2026-09-21 08:30:20
6715;PTT_SUBE;5869;BODRUM YARIMADA DAĞITIM  TOPLAMA  MÜDÜRLÜĞÜ;KONACIK MAHALLESİ GAZ DERESİ CADDE No: 19 BODRUM MUĞLA;02523167575;48;MUĞLA;;;;37.05501096;27.38392308;08:30-17:30;08:30-17:30;KAPALI;1;2026-09-21 08:30:20
6717;PTT_SUBE;5373;BİTEZ  ŞUBESİ;BİTEZ MAHALLESİ CUMHURİYET CADDE No: 74 BODRUM MUĞLA;02523630167;48;MUĞLA;;;;37.04321049;27.378767863;08:30-12:30/13:30-17:00;KAPALI;KAPALI;1;2026-09-21 08:30:20
6712;PTT_SUBE;4501;DALAMAN MÜDÜRLÜĞÜ;MERKEZ MAHALLESİ ATATÜRK CAD.3 SOKAK No: 20 DALAMAN MUĞLA;02526925212;48;MUĞLA;;;;36.767683;28.804163;08:30-17:00;KAPALI;KAPALI;1;2026-09-21 08:30:20
6711;PTT_SUBE;7565;DALYAN ŞUBESİ;DALYAN MAHALLESİ BELEDİYE SOKAK No: 12 ORTACA MUĞLA;02522842121;48;MUĞLA;;;;36.833026;28.640875;08:30-12:30/13:30-18:00;KAPALI;KAPALI;1;2026-09-21 08:30:20
6710;PTT_SUBE;1424;DATÇA MÜDÜRLÜĞÜ;İSKELE MAHALLESİ ATATÜRK CADDE No: 30 DATÇA MUĞLA;02527123212;48;MUĞLA;;;;36.726119;27.685623;08:30-17:00;KAPALI;KAPALI;1;2026-09-21 08:30:20
6709;PTT_SUBE;5365;EŞEN ŞUBESİ;EŞEN MAHALLESİ PAZAR SOKAK No: 1 - SEYDİKEMER MUĞLA;02526371818;48;MUĞLA;;;;36.45412596;29.28201408;08:30-12:30/13:00-17:00;KAPALI;KAPALI;1;2026-09-21 08:30:20
6708;PTT_SUBE;8471;FETHİYE KARGO  ŞUBESİ;ÇAMKÖY MAHALLESİ MAREŞAL FEVZİ ÇAKMAK (TÜRBE) (CMK) BULVAR No: 116 FETHİYE MUĞLA;02526146910;48;MUĞLA;;;;36.658393016;29.15695341;08:30-12:30/13:30-17:00;08:30-12:30/13:30-17:30;KAPALI;1;2026-09-21 08:30:20
6707;PTT_SUBE;5278;FETHİYE MÜDÜRLÜĞÜ;CUMHURİYET MAHALLESİ ATATÜRK (CMH) CADDE No: 21 FETHİYE MUĞLA;02526141212;48;MUĞLA;;;;36.622680706;29.112220559;08:30-12:30/13:30-17:00;KAPALI;KAPALI;1;2026-09-21 08:30:20
6706;PTT_SUBE;5279;GÖCEK ŞUBESİ;GÖCEK MAHALLESİ SÜLEYMAN AĞA (GCK) CADDE No: 5 FETHİYE MUĞLA;02526451463;48;MUĞLA;;;;36.753371;28.942921;08:30-12:30/13:30-17:00;KAPALI;KAPALI;1;2026-09-21 08:30:20
6704;PTT_SUBE;2573;GÖKOVA ŞUBESİ;GÖKOVA MAHALLESİ ATATÜRK_3 CADDE No: 6 ULA MUĞLA;02522466128;48;MUĞLA;;;;37.056251;28.366322;08:30-12:30/13:30-17:00;KAPALI;KAPALI;1;2026-09-21 08:30:20
6705;PTT_SUBE;2568;GÖKÇE ŞUBESİ;GÖKÇE MAHALLESİ GÖKÇE KÜME EVLER No: 316 - ULA MUĞLA;02522454353;48;MUĞLA;;;;37.014821;28.349776;08:30-12:30/13:30-17:00;KAPALI;KAPALI;1;2026-09-21 08:30:20
6703;PTT_SUBE;5376;GÖLTÜRKBÜKÜ  ŞUBESİ;GÖLKÖY MAHALLESİ HÜRRİYET(GÖLKÖY) CADDE No: 81 BODRUM MUĞLA;02523578257;48;MUĞLA;;;;37.116640488;27.383478266;08:30-12:30/13:30-17:00;KAPALI;KAPALI;1;2026-09-21 08:30:20
6702;PTT_SUBE;5315;GÜLLÜK ŞUBESİ;GÜLLÜK MAHALLESİ SIRALIK CADDE No: 3 MİLAS MUĞLA;02525222123;48;MUĞLA;;;;37.236785998;27.598199195;08:30-12:30/13:30-17:00;KAPALI;KAPALI;1;2026-09-21 08:30:20
6701;PTT_SUBE;5378;GÜMBET  ŞUBESİ;GÜMBET MAHALLESİ İSMET İNÖNÜ CADDE No: 9 BODRUM MUĞLA;02523166450;48;MUĞLA;;;;37.036065868;27.402402927;08:30-12:30/13:30-17:00;KAPALI;KAPALI;1;2026-09-21 08:30:20
6700;PTT_SUBE;5380;GÜNDOĞAN  ŞUBESİ;GÜNDOĞAN MAHALLESİ ŞHT.UĞUR ÖZTOP CADDE No: 30 /1 BODRUM MUĞLA;02523877892;48;MUĞLA;;;;37.130141;27.340609;08:30-12:30/13:30-17:00;KAPALI;KAPALI;1;2026-09-21 08:30:20
6699;PTT_SUBE;5382;GÜVERCİNLİK  ŞUBESİ;GÜVERCİNLİK MAHALLESİ PTT SOKAK No: 11 BODRUM MUĞLA;02523745460;48;MUĞLA;;;;37.136662;27.583717;08:30-12:30/13:30-17:00;KAPALI;KAPALI;1;2026-09-21 08:30:20
6698;PTT_SUBE;5273;HİSARÖNÜ ACENTELİĞİ;HİSARÖNÜ MAHALLESİ HİSARÖNÜ MERKEZ KÜME EVLER No: 84 MARMARİS MUĞLA;02524666353;48;MUĞLA;;;;36.800125;28.145796;08:30-12:30/13:30-17:00;KAPALI;KAPALI;1;2026-09-21 08:30:20
6697;PTT_SUBE;5285;HİSARÖNÜ ŞUBESİ;ÖLÜDENİZ MAHALLESİ CUMHURİYET (OLD) CADDE No: 1 FETHİYE MUĞLA;02526166460;48;MUĞLA;;;;36.570018;29.139609;08:30-12:30/13:30-17:00;KAPALI;KAPALI;1;2026-09-21 08:30:20
6695;PTT_SUBE;7686;KADIKÖY ŞUBESİ;KADIKÖY MAHALLESİ YENİ CAMİ SOKAK No: 1 SEYDİKEMER MUĞLA;02526561213;48;MUĞLA;;;;36.53251596;29.37992508;08:30-12:30/13:30-17:00;KAPALI;KAPALI;1;2026-09-21 08:30:20
6694;PTT_SUBE;2575;KARABÖRTLEN ŞUBESİ;KARABÖRTLEN MAHALLESİ İKİZKUYU KÜME EVLER No: 272 /1 ULA MUĞLA;02522517129;48;MUĞLA;;;;37.041489;28.48650192;08:30-12:30/13:30-17:00;KAPALI;KAPALI;1;2026-09-21 08:30:20
6693;PTT_SUBE;5287;KARAÇULHA  ŞUBESİ;KARAÇULHA MAHALLESİ 65/1 SOKAK No: 1 FETHİYE MUĞLA;02526464462;48;MUĞLA;;;;36.641335653;29.172545101;08:30-12:30/13:30-17:00;KAPALI;KAPALI;1;2026-09-21 08:30:20
6692;PTT_SUBE;7532;KAVAKLIDERE  ŞUBESİ;BAKIRCILAR MAHALLESİ KARAHAN CADDE No: 4 D KAVAKLIDERE MUĞLA;02525927122;48;MUĞLA;;;;37.446802;28.363312;08:30-12:30/13:30-17:00;KAPALI;KAPALI;1;2026-09-21 08:30:20
6691;PTT_SUBE;5384;KONACIK  ŞUBESİ;ÇIRKAN MAHALLESİ ALPARSLAN TÜRKEŞ BULVAR No: 4 BODRUM MUĞLA;02523190302;48;MUĞLA;;;;37.047932;27.397813;08:30-12:30/13:30-17:00;KAPALI;KAPALI;1;2026-09-21 08:30:20
6690;PTT_SUBE;2498;KÖTEKLİ ŞUBESİ;KÖTEKLİ MAHALLESİ 263 (KTK) SOKAK No: 46 B MENTEŞE MUĞLA;02522239053;48;MUĞLA;;;;37.169473423;28.382357697;08:30-12:30/13:30-17:00;KAPALI;KAPALI;1;2026-09-21 08:30:20
6689;PTT_SUBE;3181;KÖYCEĞİZ MÜDÜRLÜĞÜ;ULUCAMİ MAHALLESİ CENGİZ TOPEL CADDE No: 7 KÖYCEĞİZ MUĞLA;02522624212;48;MUĞLA;;;;36.95731;28.68781;08:30-17:00;KAPALI;KAPALI;1;2026-09-21 08:30:20
6688;PTT_SUBE;2466;MARMARİS MÜDÜRLÜĞÜ;TEPE MAHALLESİ 44 SOKAK No: 30 MARMARİS MUĞLA;02524121100;48;MUĞLA;;;;36.85276098;28.27256292;08:30-12:30/13:30-17:00;KAPALI;KAPALI;1;2026-09-21 08:30:20
6687;PTT_SUBE;2490;MENTEŞE MÜDÜRLÜĞÜ;EMİRBEYAZIT MAHALLESİ RECAİ GÜRELİ CADDE No: 25 MENTEŞE MUĞLA;02522140141;48;MUĞLA;;;;37.216761;28.360194;08:30-12:30/13:30-17:00;KAPALI;KAPALI;1;2026-09-21 08:30:20
6686;PTT_SUBE;7535;MENTEŞE ŞUBESİ;MENTEŞE MAHALLESİ ŞEHİT SÜLEYMAN İŞİN CADDE No: 10 C KAVAKLIDERE MUĞLA;02525945133;48;MUĞLA;;;;37.418268099;28.4337069;08:30-12:30/13:30-17:00;KAPALI;KAPALI;1;2026-09-21 08:30:20
6683;PTT_SUBE;5386;MUMCULAR ŞUBESİ;MUMCULAR MAHALLESİ FEVZİ ÇAKMAK CADDE No: 2 BODRUM MUĞLA;02523735142;48;MUĞLA;;;;37.104073585;27.664764182;08:30-12:30/13:30-17:00;KAPALI;KAPALI;1;2026-09-21 08:30:20
6684;PTT_SUBE;8475;MUĞLA DAĞITIM VE TOPLAMA  MERKEZİ;ORHANİYE MAHALLESİ BERAT (ORH) SOKAK No: 3 MENTEŞE MUĞLA;02522142288;48;MUĞLA;;;;37.21158;28.37104092;08:30-17:00;KAPALI;KAPALI;1;2026-09-21 08:30:20
6685;PTT_SUBE;2187;MİLAS MÜDÜRLÜĞÜ;HİSARBAŞI-HOCA BEDRETTİN MAHALLESİ BELEDİYE_2 CADDE No: 11 MİLAS MUĞLA;02525121212;48;MUĞLA;;;;37.31558004;27.782559;08:30-17:00;KAPALI;KAPALI;1;2026-09-21 08:30:20
6682;PTT_SUBE;3129;ORTACA MÜDÜRLÜĞÜ;ATATÜRK MAHALLESİ MUHAMMET KUNDAKÇI CADDE No: 23 ORTACA MUĞLA;02522825463;48;MUĞLA;;;;36.83827;28.76831;08:30-17:00;KAPALI;KAPALI;1;2026-09-21 08:30:20
6681;PTT_SUBE;5387;ORTAKENT ŞUBESİ;MÜSKEBİ MAHALLESİ 2730 SOKAK No: 10 BODRUM MUĞLA;02523585460;48;MUĞLA;;;;37.04726196;27.34952292;08:30-12:30/13:30-17:00;KAPALI;KAPALI;1;2026-09-21 08:30:20
6679;PTT_SUBE;5367;SEKİ  ŞUBESİ;SEKİ MAHALLESİ CELAL ATİK SOKAK No: 1 - SEYDİKEMER MUĞLA;02526854129;48;MUĞLA;;;;36.80384;29.6519;08:30-12:30/13:30-17:00;KAPALI;KAPALI;1;2026-09-21 08:30:20
6678;PTT_SUBE;5275;SELİMİYE ACENTELİĞİ;SELİMİYE MAHALLESİ GEMECİT SOKAK No: 10 MARMARİS MUĞLA;02524562721;48;MUĞLA;;;;36.709152;28.088492;08:30-12:30/13:30-17:30;KAPALI;KAPALI;1;2026-09-21 08:30:20
6677;PTT_SUBE;5305;SELİMİYE ŞUBESİ;SELİMİYE MAHALLESİ ATATÜRK_2 BULVAR No: 53 /1 MİLAS MUĞLA;02525422460;48;MUĞLA;;;;37.388527;27.66184;08:30-12:30/13:30-17:00;KAPALI;KAPALI;1;2026-09-21 08:30:20
6676;PTT_SUBE;5356;SEYDİKEMER MÜDÜRLÜĞÜ;CUMHURİYET MAHALLESİ CUMHURİYET VE DEMOKRASİ MEYDANI MEYDAN No: 23 SEYDİKEMER MUĞLA;02526561213;48;MUĞLA;;;;36.64749;29.3686;08:30-12:30/13:30-17:00;KAPALI;KAPALI;1;2026-09-21 08:30:20
6675;PTT_SUBE;2958;TURGUT ŞUBESİ;TURGUT MAHALLESİ ÇARŞIİÇİ MEYDAN No: 1 C YATAĞAN MUĞLA;02525734515;48;MUĞLA;;;;37.372157;28.030758;08:30-12:30/13:30-17:00;KAPALI;KAPALI;1;2026-09-21 08:30:20
6674;PTT_SUBE;8282;TURGUTREİS ŞUBESİ;BAHÇELİEVLER MAHALLESİ 7024 SOKAK No: 1 BODRUM MUĞLA;0;48;MUĞLA;;;;37.007970865;27.258432924;08:30-12:30/13:30-17:00;KAPALI;KAPALI;1;2026-09-21 08:30:20
6673;PTT_SUBE;2510;TURUNÇ ŞUBESİ;TURUNÇ MAHALLESİ TURUNÇ 21 SOKAK No: 4 MARMARİS MUĞLA;02524767205;48;MUĞLA;;;;36.773127;28.24758;08:30-12:30/13:30-17:00;KAPALI;KAPALI;1;2026-09-21 08:30:20
6672;PTT_SUBE;2547;ULA MÜDÜRLÜĞÜ;KÖPRÜBAŞI MAHALLESİ CUMHURİYET CADDE No: 101 ULA MUĞLA;02522423212;48;MUĞLA;;;;37.105234;28.413297;08:30-17:00;KAPALI;KAPALI;1;2026-09-21 08:30:20
6671;PTT_SUBE;2519;UZUNYALI  ŞUBESİ;ÇILDIR MAHALLESİ 159 SOKAK No: 1 MARMARİS MUĞLA;02524131717;48;MUĞLA;;;;36.849092;28.258694;08:30-12:30/13:30-17:00;08:30-12:30/13:30-17:00;KAPALI;1;2026-09-21 08:30:20
6669;PTT_SUBE;5398;YALIKAVAK ŞUBESİ;YALIKAVAK MAHALLESİ ATATÜRK(YALIKAVAK) CADDE No: 3 BODRUM MUĞLA;02523854461;48;MUĞLA;;;;37.099533;27.306091;08:30-12:30/13:30-17:00;KAPALI;KAPALI;1;2026-09-21 08:30:20
6668;PTT_SUBE;3067;YATAĞAN MÜDÜRLÜĞÜ;CUMHURİYET MAHALLESİ ATATÜRK CADDE No: 68 C YATAĞAN MUĞLA;02525725212;48;MUĞLA;;;;37.343313;28.14307;08:30-17:00/-;KAPALI;KAPALI;1;2026-09-21 08:30:20
6667;PTT_SUBE;4857;YERKESİK ŞUBESİ;YERKESİK MAHALLESİ KABASAKAL (YRK) CADDE No: 27 MENTEŞE MUĞLA;02522322750;48;MUĞLA;;;;37.138321;28.283758;08:30-12:30/13:30-17:00;KAPALI;KAPALI;1;2026-09-21 08:30:20
6666;PTT_SUBE;7733;YEŞİLYURT ŞUBESİ;YEŞİLYURT MAHALLESİ CUMHURİYET (YSL) CADDE No: 3 MENTEŞE MUĞLA;00000000000;48;MUĞLA;;;;37.18890504;28.269468;08:30-12:30/13:30-17:00;KAPALI;KAPALI;1;2026-09-21 08:30:20
6665;PTT_SUBE;5294;YUNUS EMRE  ŞUBESİ;YENİ MAHALLESİ ADNAN MENDERES BULVAR No: 326 A FETHİYE MUĞLA;02526131120;48;MUĞLA;;;;36.659946213;29.132430711;08:30-12:30/13:30-17:00;KAPALI;KAPALI;1;2026-09-21 08:30:20
6714;PTT_SUBE;2496;ÇARŞI  ŞUBESİ;MÜŞTAKBEY MAHALLESİ GN.MUSTAFA MUĞLALI CADDE No: 53 MENTEŞE MUĞLA;02522141321;48;MUĞLA;;;;37.217708;28.368353;08:30-12:30/13:30-17:00;KAPALI;KAPALI;1;2026-09-21 08:30:20
6713;PTT_SUBE;7534;ÇAYBOYU ŞUBESİ;ÇAYBOYU MAHALLESİ ÇAYBOYU CADDE No: 45 A KAVAKLIDERE MUĞLA;02525958299;48;MUĞLA;;;;37.47006999;28.33952508;08:30-12:30/13:30-17:00;KAPALI;KAPALI;1;2026-09-21 08:30:20
6680;PTT_SUBE;5314;ÖREN ŞUBESİ;ÖREN MAHALLESİ BELEDİYE MEYDAN No: 13 MİLAS MUĞLA;02525322142;48;MUĞLA;;;;37.041790666;27.956967868;08:30-12:30/13:30-17:00;KAPALI;KAPALI;1;2026-09-21 08:30:20
6670;PTT_SUBE;5292;ÜZÜMLÜ ŞUBESİ;YEŞİLÜZÜMLÜ MAHALLESİ ATATÜRK (YENİ) (YSU) CADDE No: 17 FETHİYE MUĞLA;02526655142;48;MUĞLA;;;;36.73648503;29.23063704;08:30-12:30/13:30-17:00;KAPALI;KAPALI;1;2026-09-21 08:30:20
6696;PTT_SUBE;2537;İÇMELER ŞUBESİ;İÇMELER MAHALLESİ İÇMELER 305 SOKAK No: 2 MARMARİS MUĞLA;02524553460;48;MUĞLA;;;;36.804645;28.22658;08:30-12:30/13:30-17:30;KAPALI;KAPALI;1;2026-09-21 08:30:20
6745;PTT_SUBE;7490;ALTINOVA ACENTELİĞİ;ALTINOVA BELDESİ/MERKEZ MAHALLESİ 405 SOKAK No: 8 KORKUT MUŞ;05449109324;49;MUŞ;;;;38.680785;41.93459;09:00-12:30/13:30-16:00;KAPALI;KAPALI;1;2026-09-21 08:30:21
6744;PTT_SUBE;543;BULANIK MÜDÜRLÜĞÜ;KÜLTÜR MAHALLESİ 406 SOKAK No: 5 BULANIK MUŞ;04363112041;49;MUŞ;;;;39.09222;42.269991;08:30-17:00/-;KAPALI;KAPALI;1;2026-09-21 08:30:21
6743;PTT_SUBE;8159;ERENTEPE ACENTELİĞİ;ERENTEPE BELDESİ/KALE MAHALLESİ BELEDİYE CADDE No: 15 D BULANIK MUŞ;05364987960;49;MUŞ;;;;39.017237;42.051871;09:00-12:30/13:30-16:00;KAPALI;KAPALI;1;2026-09-21 08:30:21
6742;PTT_SUBE;4770;HASKÖY MÜDÜRLÜĞÜ;SUNAY MAHALLESİ ATATÜRK BULVAR No: 13 HASKÖY MUŞ;04364112001;49;MUŞ;;;;38.68586;41.69179;08:30-17:00;KAPALI;KAPALI;1;2026-09-21 08:30:21
6741;PTT_SUBE;8158;HÜKÜMET KONAĞI  ŞUBESİ;KÜLTÜR MAHALLESİ 75. YIL CADDE No: 1 MERKEZ MUŞ;04362120356;49;MUŞ;;;;38.734012679;41.494400744;08:30-12:30/13:30-17:00;KAPALI;KAPALI;1;2026-09-21 08:30:21
6740;PTT_SUBE;7640;KONUKBEKLER  ACENTELİĞİ;KONUKBEKLER BELDESİ/ŞİRİNEVLER MAHALLESİ 212 SOKAK No: 6 MERKEZ MUŞ;05051225395;49;MUŞ;;;;38.896174;41.366615;08:00-12:00/13:00-17:00;KAPALI;KAPALI;1;2026-09-21 08:30:21
6739;PTT_SUBE;906;KORKUT MÜDÜRLÜĞÜ;ŞEHİTLER MAHALLESİ MEHMET AKPOLAT CADDE No: 18 A KORKUT MUŞ;04366116114;49;MUŞ;;;;38.738504;41.784154;08:00-17:00/-;KAPALI;KAPALI;1;2026-09-21 08:30:21
6738;PTT_SUBE;3686;MALAZGİRT MÜDÜRLÜĞÜ;SALTUKGAZİ MAHALLESİ YILANKIRAN CADDE No: 3 A MALAZGİRT MUŞ;04365112445;49;MUŞ;;;;39.146869;42.542102;08:30-17:00/-;KAPALI;KAPALI;1;2026-09-21 08:30:21
6737;PTT_SUBE;8474;MUŞ DAĞITIM VE TOPLAMA  MÜDÜRLÜĞÜ;SARAY MAHALLESİ MURAT CADDE No: 21 MERKEZ MUŞ;04362121101;49;MUŞ;;;;38.740722;41.50593;08:30-12:30;08:30-12:30;KAPALI;1;2026-09-21 08:30:21
6736;PTT_SUBE;599;MUŞ MÜDÜRLÜĞÜ;MİNARE MAHALLESİ BANKALAR CADDE No: 2 MERKEZ MUŞ;04362121055;49;MUŞ;;;;38.732931;41.490808;08:30-17:00;10:00-16:00;KAPALI;1;2026-09-21 08:30:21
6735;PTT_SUBE;4244;SERİNOVA ACENTELİĞİ;SERİNOVA BELDESİ/HÜRRİYET MAHALLESİ EĞİTİM CADDE No: 14 MERKEZ MUŞ;05354888408;49;MUŞ;;;;38.928478;41.544778;08:30-12:30/13:30-17:00;KAPALI;KAPALI;1;2026-09-21 08:30:21
6734;PTT_SUBE;5277;SULTAN ALPARSLAN  ŞUBESİ ;SARAY MAHALLESİ MURAT CADDE No: 18 MERKEZ MUŞ;04362121101;49;MUŞ;;;;38.740728186;41.505648416;08:30-12:30/13:30-17:00;KAPALI;KAPALI;1;2026-09-21 08:30:21
6733;PTT_SUBE;410;VARTO MÜDÜRLÜĞÜ;KÜLTÜR MAHALLESİ ATATÜRK CADDE No: 3 VARTO MUŞ;04367112052;49;MUŞ;;;;39.172522;41.456994;08:30-17:00;KAPALI;KAPALI;1;2026-09-21 08:30:21
6732;PTT_SUBE;7932;YAYGIN ACENTELİĞİ;YAYGIN BELDESİ/BAHÇELİEVLER MAHALLESİ BİNGÖL MUŞ CADDE No: 56 D MERKEZ MUŞ;05364187957;49;MUŞ;;;;38.906123;41.306061;08:30-17:00/08:30-17:00;KAPALI;KAPALI;1;2026-09-21 08:30:21
6731;PTT_SUBE;8346;YEŞİLOVA ACENTELİĞİ;YEŞİLOVA BELDESİ/KÜLTÜR MAHALLESİ 209 SOKAK No: 3 /1 MERKEZ MUŞ;0;49;MUŞ;;;;38.926394;41.456488;08:30-12:30/13:30-17:00;KAPALI;KAPALI;1;2026-09-21 08:30:21
6730;PTT_SUBE;3743;YEŞİLYURTMAHALLESİ  ŞUBESİ;YEŞİLYURT MAHALLESİ İSTASYON CADDE No: 10 MERKEZ MUŞ;04362162872;49;MUŞ;;;;38.75028;41.50467;08:30-12:30/13:30-16:00;KAPALI;KAPALI;1;2026-09-21 08:30:21
6778;PTT_SUBE;4339;2000 EVLER  ŞUBESİ;2000 EVLER MAHALLESİ 16. SOKAK No: 4 B MERKEZ NEVŞEHİR;03842152721;50;NEVŞEHİR;;;;38.663089;34.739235;08:30-12:30/13:30-17:00;KAPALI;KAPALI;1;2026-09-21 08:30:21
6777;PTT_SUBE;4701;ACIGÖL MÜDÜRLÜĞÜ;YUKARI MAHALLESİ NEVŞEHİR CADDE No: 4 A ACIGÖL NEVŞEHİR;03843112555;50;NEVŞEHİR;;;;38.55008939;34.509410041;08:30-17:00;KAPALI;KAPALI;1;2026-09-21 08:30:21
6776;PTT_SUBE;4321;ADLİYE  ŞUBESİ;20 TEMMUZ MAHALLESİ MUSTAFA PARMAKSIZ CADDE No: 35 MERKEZ NEVŞEHİR;03842134520;50;NEVŞEHİR;;;;38.630291;34.712275;08:30-12:30/13:30-17:00;KAPALI;KAPALI;1;2026-09-21 08:30:21
6775;PTT_SUBE;4284;AVANOS MÜDÜRLÜĞÜ;YUKARI MAHALLESİ İNÖNÜ CADDE No: 4 AVANOS NEVŞEHİR;03845114086;50;NEVŞEHİR;;;;38.719109;34.848532;08:30-17:00;KAPALI;KAPALI;1;2026-09-21 08:30:21
6774;PTT_SUBE;4344;CEVHER DUDAYEV  ŞUBESİ;CEVHER DUDAYEV MAHALLESİ FEYZA SOKAK No: 16 MERKEZ NEVŞEHİR;03845021438;50;NEVŞEHİR;;;;38.634467;34.69751;08:30-12:30/13:30-17:00;KAPALI;KAPALI;1;2026-09-21 08:30:21
6770;PTT_SUBE;4702;DERİNKUYU MÜDÜRLÜĞÜ;CUMHURİYET MAHALLESİ ŞEHİT ERHAN KARATAŞ CADDE No: 12 A DERİNKUYU NEVŞEHİR;03843813555;50;NEVŞEHİR;;;;38.374685;34.732387;08:30-17:00;KAPALI;KAPALI;1;2026-09-21 08:30:21
6769;PTT_SUBE;7598;GÖRE ACENTELİĞİ;GÖRE BELDESİ/AFETEVLERİ MAHALLESİ NİĞDE CADDE No: 35 MERKEZ NEVŞEHİR;00000000000;50;NEVŞEHİR;;;;38.58367698;34.72252416;09:00-12:00/13:00-17:00;KAPALI;KAPALI;1;2026-09-21 08:30:21
6768;PTT_SUBE;4245;GÖREME ŞUBESİ;GÖREME BELDESİ/İSALİ-GAFERLİ-AVCILAR MAHALLESİ POSTA SOKAK No: 4 MERKEZ NEVŞEHİR;03842712420;50;NEVŞEHİR;;;;38.64495996;34.83158004;08:30-12:30/13:30-17:00;KAPALI;KAPALI;1;2026-09-21 08:30:21
6767;PTT_SUBE;4384;GÖYNÜK ACENTELİĞİ;GÖYNÜK KÖYÜ/BAHÇELİEVLER MEVKİİ RAGIP ÜNER SOKAK No: 1 - AVANOS NEVŞEHİR;03845216720;50;NEVŞEHİR;;;;38.791443;34.884147;09:00-12:00/13:00-17:00;KAPALI;KAPALI;1;2026-09-21 08:30:21
6766;PTT_SUBE;19;GÜLŞEHİR MÜDÜRLÜĞÜ;KARAVEZİR MAHALLESİ KIZILIRMAK CADDE No: 51 GÜLŞEHİR NEVŞEHİR;03844113555;50;NEVŞEHİR;;;;38.745489;34.618901;08:30-17:00;KAPALI;KAPALI;1;2026-09-21 08:30:21
6765;PTT_SUBE;4268;HACIBEKTAŞ MÜDÜRLÜĞÜ;BALA MAHALLESİ ATATÜRK BULVAR No: 1 HACIBEKTAŞ NEVŞEHİR;03844413555;50;NEVŞEHİR;;;;38.942724;34.561185;08:30-17:00;KAPALI;KAPALI;1;2026-09-21 08:30:21
6764;PTT_SUBE;4372;KALABA  ŞUBESİ;KALABA BELDESİ/YENİ MAHALLESİ MUHTAR MEHTAP DOYGUN CADDE No: 3 AVANOS NEVŞEHİR;03845612421;50;NEVŞEHİR;;;;38.962755;35.007093;08:30-12:30/13:30-17:00;KAPALI;KAPALI;1;2026-09-21 08:30:21
6763;PTT_SUBE;4799;KARAHASANLI ACENTELİĞİ;KARAHASANLI KÖYÜ/SADIKALİ MEVKİİ SADIKALİ KÜME EVLER No: 104 - KOZAKLI NEVŞEHİR;03844835209;50;NEVŞEHİR;;;;39.299085;34.721555;09:00-12:00/13:00-17:00;KAPALI;KAPALI;1;2026-09-21 08:30:21
6762;PTT_SUBE;7207;KARAPINAR ACENTELİĞİ;KARAPINAR BELDESİ/BAHÇELİ EVLER MAHALLESİ NEVŞEHİR CADDE No: 1 ACIGÖL NEVŞEHİR;0;50;NEVŞEHİR;;;;38.517183;34.547891;09:00-12:30/13:30-17:00;KAPALI;KAPALI;1;2026-09-21 08:30:21
6761;PTT_SUBE;7597;KAVAK ACENTELİĞİ;KAVAK BELDESİ/AŞAĞI MAHALLESİ BELEDİYE CADDE No: 4 MERKEZ NEVŞEHİR;05353555727;50;NEVŞEHİR;;;;38.57331996;34.82168904;08:30-12:30/13:30-16:30;KAPALI;KAPALI;1;2026-09-21 08:30:21
6760;PTT_SUBE;7966;KAYMAKLI ACENTELİĞİ;KAYMAKLI BELDESİ/BEKİRAĞA MAHALLESİ İBRAHİM KULULAR CADDE No: 20 MERKEZ NEVŞEHİR;03842182160;50;NEVŞEHİR;;;;38.457419;34.750101;08:30-12:30/13:30-16:30;KAPALI;KAPALI;1;2026-09-21 08:30:21
6759;PTT_SUBE;4197;KOZAKLI  MERKEZ MÜDÜRLÜĞÜ;ALTUNSU MAHALLESİ KOZOĞLU SOKAK No: 4 KOZAKLI NEVŞEHİR;03844714420;50;NEVŞEHİR;;;;39.21463;34.851669;08:30-17:00;KAPALI;KAPALI;1;2026-09-21 08:30:21
6758;PTT_SUBE;7105;MUSTAFA PAŞA ACENTELİĞİ;MUSTAFAPAŞA BELDESİ/YENİ MAHALLESİ CUMHURİYET SOKAK No: 7 - ÜRGÜP NEVŞEHİR;03841234567;50;NEVŞEHİR;;;;38.584336764;34.898076795;09:00-12:30/13:30-16:00;KAPALI;KAPALI;1;2026-09-21 08:30:21
6757;PTT_SUBE;7191;NAR ACENTELİĞİ;NAR BELDESİ/BAŞ MAHALLESİ NEVŞEHİR CADDE No: 6 MERKEZ NEVŞEHİR;03842144042;50;NEVŞEHİR;;;;38.639237;34.714268;09:00-12:30/13:30-17:00;KAPALI;KAPALI;1;2026-09-21 08:30:21
6756;PTT_SUBE;8514;NEVŞEHİR DAĞITIM VE TOPLAMA MÜDÜRLÜĞÜ;İBRAHİMPAŞA MAHALLESİ ESKİ SANAYİ MEYDAN No: 61 MERKEZ NEVŞEHİR;0;50;NEVŞEHİR;;;;38.623455;34.708538;08:00-20:00/-;08:00-20:00/-;08:00-20:00/-;1;2026-09-21 08:30:21
6755;PTT_SUBE;4116;NEVŞEHİR MÜDÜRLÜĞÜ;İBRAHİMPAŞA MAHALLESİ ESKİ SANAYİ MEYDAN No: 61 MERKEZ NEVŞEHİR;03842136450;50;NEVŞEHİR;;;;38.623455;34.708538;08:30-12:30;KAPALI;KAPALI;1;2026-09-21 08:30:21
6754;PTT_SUBE;4756;ORTAHİSAR ŞUBESİ;ORTAHİSAR BELDESİ/ESKİ MAHALLESİ HÜSEYİN GALİP EFENDİ CADDE No: 2 ÜRGÜP NEVŞEHİR;03843433420;50;NEVŞEHİR;;;;38.622714;34.865699;08:30-12:30/13:30-17:00;KAPALI;KAPALI;1;2026-09-21 08:30:21
6752;PTT_SUBE;4290;SANAYİ  ŞUBESİ;SÜMER MAHALLESİ FEVZİ ÇAKMAK CADDE No: 80 A MERKEZ NEVŞEHİR;03842135530;50;NEVŞEHİR;;;;38.61509;34.698429;08:30-12:30/13:30-17:00;KAPALI;KAPALI;1;2026-09-21 08:30:21
6751;PTT_SUBE;4234;SULUSARAY ŞUBESİ;SULUSARAY BELDESİ/CUMHURİYET MAHALLESİ NEVŞEHİR CADDE No: 23 MERKEZ NEVŞEHİR;03842525150;50;NEVŞEHİR;;;;38.694990812;34.716966574;08:30-12:30/13:30-17:00;KAPALI;KAPALI;1;2026-09-21 08:30:21
6750;PTT_SUBE;4794;TATLARİN ACENTELİĞİ;TATLARIN BELDESİ/BALLIK MAHALLESİ POYRAZ CADDE No: 15 ACIGÖL NEVŞEHİR;03843246089;50;NEVŞEHİR;;;;38.63644497;34.46945784;09:00-12:00/13:00-17:00;KAPALI;KAPALI;1;2026-09-21 08:30:21
6749;PTT_SUBE;4796;TOPAKLI ACENTELİĞİ;TOPAKLI KÖYÜ/YENİ MEVKİİ KAYSERİ SOKAK No: 8 AVANOS NEVŞEHİR;03845512068;50;NEVŞEHİR;;;;39.003937;34.82711;09:00-12:00/13:00-17:00;KAPALI;KAPALI;1;2026-09-21 08:30:21
6748;PTT_SUBE;4256;UÇHİSAR ŞUBESİ;UÇHİSAR BELDESİ/TEKELLİ MAHALLESİ FATİH CADDE No: 4 MERKEZ NEVŞEHİR;03842192420;50;NEVŞEHİR;;;;38.62853397;34.80301692;08:30-12:30/13:30-17:00;KAPALI;KAPALI;1;2026-09-21 08:30:21
6746;PTT_SUBE;7506;YAZIHÜYÜK  ACENTELİĞİ;YAZIHÜYÜK BELDESİ/GÖKTÜRK MAHALLESİ M.AKİF ERSOY CADDE No: 16 DERİNKUYU NEVŞEHİR;03843936133;50;NEVŞEHİR;;;;38.343295263;34.636958426;09:00-12:30/13:30-17:00;KAPALI;KAPALI;1;2026-09-21 08:30:21
6773;PTT_SUBE;7390;ÇALIŞ  ACENTELİĞİ;TÜRKELİ BELDESİ/ORTA MAHALLESİ ATATÜRK CADDE No: 51 AVANOS NEVŞEHİR;03840000000;50;NEVŞEHİR;;;;38.98449;34.86763296;09:00-12:30/13:30-17:00;KAPALI;KAPALI;1;2026-09-21 08:30:21
6772;PTT_SUBE;4265;ÇARŞI  ŞUBESİ;YENİ MAHALLESİ DİRİLİŞ BULVAR No: 4 MERKEZ NEVŞEHİR;03842136451;50;NEVŞEHİR;;;;38.62752;34.720265;08:30-12:30/13:30-17:00;KAPALI;KAPALI;1;2026-09-21 08:30:21
6771;PTT_SUBE;4804;ÇAT ACENTELİĞİ;ÇAT BELDESİ/15 TEMMUZ MAHALLESİ ŞEHİT HAKAN AZKIN CADDE No: 5 MERKEZ NEVŞEHİR;03842566030;50;NEVŞEHİR;;;;38.678521;34.656723;09:00-12:00/13:00-17:00;KAPALI;KAPALI;1;2026-09-21 08:30:21
6753;PTT_SUBE;4377;ÖZKONAK ŞUBESİ;ÖZKONAK BELDESİ/CAMİ-KEBİR MAHALLESİ RAGIP ÜNER SOKAK No: 84 A AVANOS NEVŞEHİR;03845135420;50;NEVŞEHİR;;;;38.812856464;34.842817819;08:30-12:30/13:30-17:00;KAPALI;KAPALI;1;2026-09-21 08:30:21
6747;PTT_SUBE;4348;ÜRGÜP MERKEZ MÜDÜRLÜĞÜ;CUMHURİYET MAHALLESİ KAZIM KARABEKİR-1 CADDE No: 2 ÜRGÜP NEVŞEHİR;03843414555;50;NEVŞEHİR;;;;38.631715;34.912207;08:30-17:00;KAPALI;KAPALI;1;2026-09-21 08:30:21
6813;PTT_SUBE;5425;ADLİYE  ŞUBESİ;ŞAHSÜLEYMAN MAHALLESİ EMİN ERİŞİRGİL BULVAR No: 35 /1 MERKEZ NİĞDE;03882326205;51;NİĞDE;;;;37.970947;34.685794;08:30-12:30/13:30-17:00;KAPALI;KAPALI;1;2026-09-21 08:30:22
6812;PTT_SUBE;4933;ALAY ACENTELİĞİ;ALAY BELDESİ/HÜRRİYET MAHALLESİ ALAY CADDE No: 2 C MERKEZ NİĞDE;03882713085;51;NİĞDE;;;;38.25342999;34.70353488;09:00-12:30/13:30-17:00;KAPALI;KAPALI;1;2026-09-21 08:30:22
6811;PTT_SUBE;3812;ALTUNHİSAR MÜDÜRLÜĞÜ;ORTA MAHALLESİ TAHİRİ SOKAK No: 2 ALTUNHİSAR NİĞDE;03886112144;51;NİĞDE;;;;37.999510658;34.370595906;08:30-12:30;KAPALI;KAPALI;1;2026-09-21 08:30:22
6810;PTT_SUBE;4882;ATASANAYİ  ŞUBESİ;NAR MAHALLESİ ATASANAYİ -YÜZYIL SOKAK No: 50 MERKEZ NİĞDE;03882320669;51;NİĞDE;;;;37.983177;34.716747;08:30-12:30/13:30-17:00;KAPALI;KAPALI;1;2026-09-21 08:30:22
6809;PTT_SUBE;4941;BAĞLAMA ACENTELİĞİ;BAĞLAMA BELDESİ/CUMHURİYET MAHALLESİ HACI ABDULLAH SOKAK No: 2 MERKEZ NİĞDE;03882794366;51;NİĞDE;;;;38.239925;34.661059;09:00-12:30/13:30-17:00;KAPALI;KAPALI;1;2026-09-21 08:30:22
6808;PTT_SUBE;3792;BOR MÜDÜRLÜĞÜ;SELÇUK MAHALLESİ ÇAKMAK SOKAK No: 5 BOR NİĞDE;03883117400;51;NİĞDE;;;;37.894740466;34.561797559;08:30-12:30;KAPALI;KAPALI;1;2026-09-21 08:30:22
6807;PTT_SUBE;7861;BOZKÖY ACENTELİĞİ;BOZKÖY BELDESİ/YEŞİLYURT MAHALLESİ ATATÜRK MEYDAN No: 17 C ÇİFTLİK NİĞDE;03884112600;51;NİĞDE;;;;38.23550001;34.48338804;08:30-12:30/13:30-17:00;KAPALI;KAPALI;1;2026-09-21 08:30:22
6806;PTT_SUBE;4902;CUMHURİYET  ŞUBESİ;ŞAHSÜLEYMAN MAHALLESİ FAİK ŞAHENK BULVAR No: 29 MERKEZ NİĞDE;03882326211;51;NİĞDE;;;;37.974832;34.685421;08:30-12:30/13:30-17:00;KAPALI;KAPALI;1;2026-09-21 08:30:22
6801;PTT_SUBE;8339;DEĞİRMENLİ ACENTELİĞİ;DEĞİRMENLİ BELDESİ/ORTA MAHALLESİ NİĞDE CADDE No: 35 A MERKEZ NİĞDE;0;51;NİĞDE;;;;38.041446;34.900615;08:30-12:30/13:30-17:00;KAPALI;KAPALI;1;2026-09-21 08:30:22
6799;PTT_SUBE;4934;DÜNDARLI ACENTELİĞİ;DÜNDARLI BELDESİ/ZAFER MAHALLESİ ERCİYES CADDE No: 28 MERKEZ NİĞDE;03882597338;51;NİĞDE;;;;38.092919;35.192369;09:00-12:30/13:30-17:00;KAPALI;KAPALI;1;2026-09-21 08:30:22
6800;PTT_SUBE;6158;DİVARLI ACENTELİĞİ;DİVARLI BELDESİ/ALPASLAN MAHALLESİ KAVAKLIOĞLU SOKAK No: 11 ÇİFTLİK NİĞDE;03884231203;51;NİĞDE;;;;38.22272901;34.45428492;09:00-12:30/13:30-17:00;KAPALI;KAPALI;1;2026-09-21 08:30:22
6798;PTT_SUBE;4872;EDİKLİ ŞUBESİ;EDİKLİ BELDESİ/FEVZİPAŞA MAHALLESİ ATATÜRK CADDE No: 6 B MERKEZ NİĞDE;03882624400;51;NİĞDE;;;;38.241737;34.95271;08:30-12:30/13:30-17:00;KAPALI;KAPALI;1;2026-09-21 08:30:22
6797;PTT_SUBE;4892;GÖLCÜK ŞUBESİ;YEŞİLGÖLCÜK BELDESİ/CUMHURİYET MAHALLESİ ESKİ YOL CADDE No: 66 /1 MERKEZ NİĞDE;03882645100;51;NİĞDE;;;;38.22611796;34.77697596;08:30-12:30/13:30-17:00;KAPALI;KAPALI;1;2026-09-21 08:30:22
6796;PTT_SUBE;4936;GÜMÜŞLER ACENTELİĞİ;GÜMÜŞLER BELDESİ/YENİ GÜMÜŞ MAHALLESİ DURMUŞ SİPAHİOĞLU CADDE No: 2 MERKEZ NİĞDE;03882352147;51;NİĞDE;;;;37.990869;34.768198;09:00-12:30/13:30-17:00;KAPALI;KAPALI;1;2026-09-21 08:30:22
6795;PTT_SUBE;7902;HACIABDULLAH ACENTELİĞİ;HACIABDULLAH BELDESİ/YENİ MAHALLESİ CUMHURİYET CADDE No: 39 /1 MERKEZ NİĞDE;03882772069;51;NİĞDE;;;;38.173485;34.634757;09:00-12:30/13:30-17:00;KAPALI;KAPALI;1;2026-09-21 08:30:22
6793;PTT_SUBE;7347;KARAATLI ACENTELİĞİ;KARAATLI BELDESİ/ZAFER MAHALLESİ İSTİKLAL CADDE No: 61 A MERKEZ NİĞDE;03882515148;51;NİĞDE;;;;38.134343;34.967554;09:00-12:30/13:30-16:30;KAPALI;KAPALI;1;2026-09-21 08:30:22
6792;PTT_SUBE;131;KARAKAPI ACENTELİĞİ;KARAKAPI BELDESİ/CUMHURİYET MAHALLESİ ATATÜRK BULVAR No: 18 ALTUNHİSAR NİĞDE;03886330242;51;NİĞDE;;;;38.056624;34.157613;09:00-12:30/13:30-17:00;KAPALI;KAPALI;1;2026-09-21 08:30:22
6790;PTT_SUBE;4894;KEMERHİSAR ŞUBESİ;KEMERHİSAR BELDESİ/HAN MAHALLESİ NİHAT TİMUR BULVARI BULVAR No: 166 BOR NİĞDE;03883292400;51;NİĞDE;;;;37.826638;34.571576;08:30-12:30/13:30-17:00;KAPALI;KAPALI;1;2026-09-21 08:30:22
6791;PTT_SUBE;6444;KEÇİKALESİ ACENTELİĞİ;KEÇİKALESİ BELDESİ/SELÇUK MAHALLESİ VATAN CADDE No: 4 ALTUNHİSAR NİĞDE;03886197005;51;NİĞDE;;;;38.06064297;34.12208304;09:00-12:30/13:30-17:00;KAPALI;KAPALI;1;2026-09-21 08:30:22
6787;PTT_SUBE;4876;KONAKLI ŞUBESİ;KONAKLI BELDESİ/CUMHURİYET MAHALLESİ SELANİK CADDE No: 42 /1 MERKEZ NİĞDE;03882483400;51;NİĞDE;;;;38.175983;34.840736;08:30-12:30/13:30-17:00;KAPALI;KAPALI;1;2026-09-21 08:30:22
6786;PTT_SUBE;5434;KULA ACENTELİĞİ;KULA KÖYÜ/YUKARI MEVKİ MEVKİİ YUKARI MEVKİ KÜME EVLER No: 153 ÇİFTLİK NİĞDE;03884112600;51;NİĞDE;;;;38.168608452;34.446317612;09:00-12:30/13:30-17:00;KAPALI;KAPALI;1;2026-09-21 08:30:22
6789;PTT_SUBE;7450;KİLEDERE  ACENTELİĞİ;KİLEDERE BELDESİ/HÜRRİYET MAHALLESİ SÜMER SOKAK No: 37 MERKEZ NİĞDE;03882362250;51;NİĞDE;;;;38.30585598;34.68872304;09:00-12:30/12:30-17:00;KAPALI;KAPALI;1;2026-09-21 08:30:22
6788;PTT_SUBE;4912;KİTRELİ ACENTELİĞİ;KİTRELİ KÖYÜ/ULUCAMİ MEVKİİ ABDULLAH ŞENER SOKAK No: 3 A ÇİFTLİK NİĞDE;03884134041;51;NİĞDE;;;;38.16870003;34.34973084;09:00-12:30/13:30-17:00;KAPALI;KAPALI;1;2026-09-21 08:30:22
6785;PTT_SUBE;4884;MEYDAN ŞUBESİ;İNÖNÜ MAHALLESİ AYHAN ŞAHENK BULVAR No: 23 B MERKEZ NİĞDE;03882326206;51;NİĞDE;;;;37.971732;34.677743;08:30-12:30/13:30-17:00;KAPALI;KAPALI;1;2026-09-21 08:30:22
6784;PTT_SUBE;8515;NİĞDE DAĞITIM VE TOPLAMA MÜDÜRLÜĞÜ;İLHANLI MAHALLESİ 10. SOKAK No: 5 MERKEZ NİĞDE;0;51;NİĞDE;;;;37.971074;34.695404;08:00-20:00/-;08:00-20:00/-;08:00-20:00/-;1;2026-09-21 08:30:22
6783;PTT_SUBE;3785;NİĞDE MÜDÜRLÜĞÜ;YUKARI KAYABAŞI MAHALLESİ DR.SAMİ YAĞIZ CADDE No: 2 MERKEZ NİĞDE;03882326217;51;NİĞDE;;;;37.968536;34.675418;08:30-12:30/13:30-17:00;KAPALI;KAPALI;1;2026-09-21 08:30:22
6782;PTT_SUBE;7175;ORHANLI ACENTELİĞİ;ORHANLI BELDESİ/FATİH MAHALLESİ CUMHURİYET CADDE No: 112 MERKEZ NİĞDE;03882668002;51;NİĞDE;;;;38.29941603;34.88653188;09:00-12:30/13:30-17:00;KAPALI;KAPALI;1;2026-09-21 08:30:22
6781;PTT_SUBE;4935;SAZLICA ACENTELİĞİ;SAZLICA BELDESİ/AŞAĞI MAHALLESİ ATATÜRK CADDE No: 107 MERKEZ NİĞDE;03882434244;51;NİĞDE;;;;37.898788;34.635916;09:00-12:30/13:30-17:00;KAPALI;KAPALI;1;2026-09-21 08:30:22
6780;PTT_SUBE;3799;ULUKIŞLA MÜDÜRLÜĞÜ;KEMALPAŞA MAHALLESİ YAKUP ÜNAL_1 CADDE No: 8 A ULUKIŞLA NİĞDE;03885112222;51;NİĞDE;;;;37.546517;34.480737;08:30-12:30;KAPALI;KAPALI;1;2026-09-21 08:30:22
6779;PTT_SUBE;4913;YAKACIK ACENTELİĞİ;YAKACIK KÖYÜ/CUMHURİYET MEVKİİ İNKILAP SOKAK No: 3 ALTUNHİSAR NİĞDE;03886134010;51;NİĞDE;;;;38.02498497;34.33762116;09:00-12:30/13:30-17:00;KAPALI;KAPALI;1;2026-09-21 08:30:22
6805;PTT_SUBE;3789;ÇAMARDI MÜDÜRLÜĞÜ;BEREKETLİ MAHALLESİ VEZİR SOKAK No: 3 ÇAMARDI NİĞDE;03887112001;51;NİĞDE;;;;37.831786003;34.987187027;08:30-12:30;KAPALI;KAPALI;1;2026-09-21 08:30:22
6802;PTT_SUBE;4907;ÇUKURKUYU ACENTELİĞİ;ÇUKURKUYU BELDESİ/TÜRKMEN YURDU MAHALLESİ ATATÜRK MEYDAN No: 12 A BOR NİĞDE;03883214079;51;NİĞDE;;;;37.868474;34.334671;09:00-12:30/13:30-17:00;KAPALI;KAPALI;1;2026-09-21 08:30:22
6804;PTT_SUBE;4905;ÇİFTEHAN ACENTELİĞİ;ÇİFTEHAN KÖYÜ/CUMHURİYET MEVKİİ TURGUT ÖZAL SOKAK No: 6 ULUKIŞLA NİĞDE;03885112111;51;NİĞDE;;;;37.51105401;34.77041316;09:00-12:30/13:30-17:00;KAPALI;KAPALI;1;2026-09-21 08:30:22
6803;PTT_SUBE;3804;ÇİFTLİK MÜDÜRLÜĞÜ;ÇARŞI MAHALLESİ NİĞDE CADDE No: 1 B ÇİFTLİK NİĞDE;03884112600;51;NİĞDE;;;;38.174896;34.486259;08:30-12:30/13:30-17:00;KAPALI;KAPALI;1;2026-09-21 08:30:22
6794;PTT_SUBE;7596;İLHANLI  ŞUBESİ;İLHANLI MAHALLESİ AYDINLIK CADDE No: 60 A MERKEZ NİĞDE;03882326225;51;NİĞDE;;;;37.966665;34.695179214;08:30-12:30/13:30-17:00;KAPALI;KAPALI;1;2026-09-21 08:30:22
6858;PTT_SUBE;574;ADLİYE SARAYI  ŞUBESİ;KARŞIYAKA MAHALLESİ ATATÜRK BULVAR No: 504 ALTINORDU ORDU;04522330997;52;ORDU;;;;40.975255;37.91911;08:30-12:30/13:30-17:00;KAPALI;KAPALI;1;2026-09-21 08:30:22
6857;PTT_SUBE;7399;AKKUŞ MÜDÜRLÜĞÜ;SUBAŞI MAHALLESİ İSTİKLAL CADDE No: 146 AKKUŞ ORDU;04526112435;52;ORDU;;;;40.790435833;37.017254051;08:30-17:00;KAPALI;KAPALI;1;2026-09-21 08:30:22
6856;PTT_SUBE;721;AKYAZI  ŞUBESİ;AKYAZI MAHALLESİ ALİ RIZA GÜRSOY CADDE No: 19 B ALTINORDU ORDU;04522501574;52;ORDU;;;;40.977785;37.912989;08:30-12:30/13:30-17:00;KAPALI;KAPALI;1;2026-09-21 08:30:22
6855;PTT_SUBE;8570;ALANKENT ŞUBESİ;ALANKENT MAHALLESİ TEPE (YAKACIK) SOKAK No: 1 /1 KABATAŞ ORDU;0;52;ORDU;;;;40.743713;37.392413;08:30-12:30/13:30-17:00;KAPALI;KAPALI;1;2026-09-21 08:30:22
6854;PTT_SUBE;231;ALTINORDU MÜDÜRLÜĞÜ;BAHÇELİEVLER MAHALLESİ ATATÜRK BULVAR No: 249 ALTINORDU ORDU;04528888041;52;ORDU;;;;40.978499;37.898318;08:30-12:30/13:30-17:00;KAPALI;KAPALI;1;2026-09-21 08:30:22
6853;PTT_SUBE;3409;AYBASTI PTT MÜDÜRLÜĞÜ;ESENLİ MAHALLESİ ATATÜRK CADDE No:3 AYBASTI ORDU;04527141443;52;ORDU;;;;40.684102;37.399889;08:30-17:00 / 13:30-17:00;KAPALI;KAPALI;1;2026-09-21 08:30:22
6852;PTT_SUBE;3829;AYDOĞAN ACENTELİĞİ;AYDOĞAN MAHALLESİ BİRLİK CADDE No: 96 GÖLKÖY ORDU;04527412454;52;ORDU;;;;40.680657358;37.517740402;08:30-12:30/13:30-17:00;KAPALI;KAPALI;1;2026-09-21 08:30:22
6851;PTT_SUBE;3975;AZİZİYE ACENTELİĞİ;AZİZİYE MAHALLESİ AZİZİYE SOKAK No: 10 PERŞEMBE ORDU;05413827999;52;ORDU;;;;41.103828;37.70157096;08:30-12:30/13:30-17:00;KAPALI;KAPALI;1;2026-09-21 08:30:22
6850;PTT_SUBE;3929;BOLAMAN  ŞUBESİ;BOLAMAN MAHALLESİ MAZHAR YEREBASMAZ CADDE No: 464 FATSA ORDU;04524412120;52;ORDU;;;;41.027333696;37.570829632;08:30-12:30/13:30-17:00;KAPALI;KAPALI;1;2026-09-21 08:30:22
6845;PTT_SUBE;3822;DİREKLİ ACENTELİĞİ;DİREKLİ MAHALLESİ FATSA CADDE No: 44 GÖLKÖY ORDU;04528244042;52;ORDU;;;;40.74587802;37.51424712;08:30-12:30/13:30-17:00;KAPALI;KAPALI;1;2026-09-21 08:30:22
6844;PTT_SUBE;6603;FATSA MÜDÜRLÜĞÜ;MUSTAFAKEMALPAŞA MAHALLESİ ATA CADDE No: 7 FATSA ORDU;04524239993;52;ORDU;;;;41.032155;37.496837;08:30-17:00;KAPALI;KAPALI;1;2026-09-21 08:30:22
6843;PTT_SUBE;7795;FEVZİ ÇAKMAK  ŞUBESİ;LİSELER MAHALLESİ ADLİYE 2. SOKAK No: 1 A ÜNYE ORDU;04523232895;52;ORDU;;;;41.122832739;37.288891509;08:30-12:30/13:30-17:00;KAPALI;KAPALI;1;2026-09-21 08:30:22
6842;PTT_SUBE;3811;GÖLKÖY MÜDÜRLÜĞÜ;KUŞLUVAN MAHALLESİ CENGİZ TOPEL SOKAK No: 14 A GÖLKÖY ORDU;04527412456;52;ORDU;;;;40.68828137;37.618560932;08:30-17:00;KAPALI;KAPALI;1;2026-09-21 08:30:22
6841;PTT_SUBE;631;GÜLYALI  ŞUBESİ;ÜRÜMBEY MAHALLESİ ORDU CADDE No: 157 A GÜLYALI ORDU;04528112122;52;ORDU;;;;40.9662;38.05813;08:30-12:30/13:30-17:00;KAPALI;KAPALI;1;2026-09-21 08:30:22
6840;PTT_SUBE;840;GÜRGENTEPE MÜDÜRLÜĞÜ;AKYURT MAHALLESİ 23 NİSAN CADDE No: 1 GÜRGENTEPE ORDU;04528212122;52;ORDU;;;;40.79223;37.59616;08:30-17:00;KAPALI;KAPALI;1;2026-09-21 08:30:22
6839;PTT_SUBE;3816;GÜZELYURT  ŞUBESİ;GÜZELYURT MAHALLESİ GÜZELYURT GÖLKÖY CADDE No: 2 D GÖLKÖY ORDU;04527536120;52;ORDU;;;;40.70521602;37.48521708;08:30-12:30/13:30-17:00;KAPALI;KAPALI;1;2026-09-21 08:30:22
6838;PTT_SUBE;4056;HATİPLİ ACENTELİĞİ;KARGUCAK MAHALLESİ VATAN CADDE No: 23 FATSA ORDU;04524473002;52;ORDU;;;;40.94953299;37.35014508;09:00-12:00/13:00-17:00;KAPALI;KAPALI;1;2026-09-21 08:30:22
6837;PTT_SUBE;3842;IŞIKTEPE ACENTELİĞİ;IŞIKTEPE MAHALLESİ SIVAS CADDE No: 61 GÜRGENTEPE ORDU;05377245296;52;ORDU;;;;40.81946598;37.52917812;08:30-12:30/13:30-17:00;KAPALI;KAPALI;1;2026-09-21 08:30:22
6834;PTT_SUBE;636;KABADÜZ  ŞUBESİ;KABADÜZ MAHALLESİ CUMHURİYET CADDE No: 56 KABADÜZ ORDU;04528412122;52;ORDU;;;;40.859544;37.890266;08:30-12:30/13:30-17:00;KAPALI;KAPALI;1;2026-09-21 08:30:22
6833;PTT_SUBE;8569;KABATAŞ ŞUBESİ;MERKEZ MAHALLESİ BELEDİYE MEYDAN No:19 KABATAŞ ORDU;0;52;ORDU;;;;40.750817;37.450101;08:30-12:30 / 13:30-17:00;KAPALI;KAPALI;1;2026-09-21 08:30:22
6832;PTT_SUBE;3431;KORGAN MÜDÜRLÜĞÜ;TEPE MAHALLESİ MERKEZ CADDE No: 81 A KORGAN ORDU;04526712122;52;ORDU;;;;40.826469775;37.345994304;08:30-12:30/13:30-17:00;KAPALI;KAPALI;1;2026-09-21 08:30:22
6831;PTT_SUBE;6613;KUMRU MÜDÜRLÜĞÜ;KARACALI MAHALLESİ ÖMER ASIM KUMRU CADDE No: 2 KUMRU ORDU;04526412122;52;ORDU;;;;40.87215;37.26024;08:30-17:00;KAPALI;KAPALI;1;2026-09-21 08:30:22
6830;PTT_SUBE;3413;MEDRESEÖNÜ ŞUBESİ;MEDRESEÖNÜ MAHALLESİ SAHİL (DOĞANLI) CADDE No: 101 PERŞEMBE ORDU;04525376120;52;ORDU;;;;41.083595512;37.630952808;08:30-12:30/13:30-17:00;KAPALI;KAPALI;1;2026-09-21 08:30:22
6829;PTT_SUBE;6342;MESUDİYE MÜDÜRLÜĞÜ;MERKEZ MAHALLESİ ATATÜRK CADDE No: 7 MESUDİYE ORDU;04527612122;52;ORDU;;;;40.4601;37.77601;08:30-17:00;KAPALI;KAPALI;1;2026-09-21 08:30:22
6828;PTT_SUBE;3767;ORDU DAĞITIM TOPLAMA MERKEZ  MÜDÜRLÜĞÜ;BAHÇELİEVLER MAHALLESİ 296 SOKAK No: 1 /1 ALTINORDU ORDU;04528888042;52;ORDU;;;;40.979267296;37.898291269;08:30-12:30/13:30-17:00;08:30-13:00/-;KAPALI;1;2026-09-21 08:30:22
6827;PTT_SUBE;204;ORDU MÜDÜRLÜĞÜ;DÜZ MAHALLESİ HÜKÜMET CADDE No: 32 ALTINORDU ORDU;04522233032;52;ORDU;;;;40.984763;37.87739;08:30-12:30/13:30-17:00;KAPALI;KAPALI;1;2026-09-21 08:30:22
6826;PTT_SUBE;641;ORGANİZE SANAYİ BÖLGESİ ŞUBESİ;KARAPINAR MAHALLESİ 1153 SOKAK No: 4 A ALTINORDU ORDU;04522336831;52;ORDU;;;;40.9739;37.928907;08:30-12:30/13:30-17:00;KAPALI;KAPALI;1;2026-09-21 08:30:22
6825;PTT_SUBE;3412;PERŞEMBE MÜDÜRLÜĞÜ;KOZAĞZI MAHALLESİ ATATÜRK BULVAR No: 292 A PERŞEMBE ORDU;04525171122;52;ORDU;;;;41.06845;37.77139;08:30-17:00;KAPALI;KAPALI;1;2026-09-21 08:30:22
6824;PTT_SUBE;3944;SAHİL  ŞUBESİ;DUMLUPINAR MAHALLESİ REŞADİYE CADDE No: 95 FATSA ORDU;04524233020;52;ORDU;;;;41.02859;37.50522;08:30-12:30/13:30-17:00;KAPALI;KAPALI;1;2026-09-21 08:30:22
6823;PTT_SUBE;7400;SALMAN  ŞUBESİ;SALMAN MAHALLESİ SALMAN CADDE No: 4 AKKUŞ ORDU;04526145120;52;ORDU;;;;40.868415;36.821601;08:30-12:30/13:30-17:00;KAPALI;KAPALI;1;2026-09-21 08:30:22
6822;PTT_SUBE;3823;TEKKİRAZ  ŞUBESİ;TEKKİRAZ MAHALLESİ DEDEAĞA CADDE No: 6 ÜNYE ORDU;04523435120;52;ORDU;;;;40.981173;37.156643;08:30-12:30/13:30-17:00;KAPALI;KAPALI;1;2026-09-21 08:30:22
6821;PTT_SUBE;3467;TEPEALAN  ŞUBESİ;TEPEALAN MAHALLESİ HEKİMOĞLU CADDE No: 45 KORGAN ORDU;04526815414;52;ORDU;;;;40.743017;37.309857;08:30-12:30/13:30-17:00;KAPALI;KAPALI;1;2026-09-21 08:30:22
6820;PTT_SUBE;3890;TOPÇAM ACENTELİĞİ;TOPÇAM MAHALLESİ TOPÇAM DURSUNLU CADDE No: 7 MESUDİYE ORDU;04527612131;52;ORDU;;;;40.620978;37.779848;08:30-12:30/13:30-16:30;KAPALI;KAPALI;1;2026-09-21 08:30:22
6819;PTT_SUBE;3065;ULUBEY MÜDÜRLÜĞÜ;ÇATALLI MAHALLESİ YAHYA ARCAN SOKAK No: 12 ULUBEY ORDU;04528613422;52;ORDU;;;;40.874408796;37.762587267;08:30-17:00;KAPALI;KAPALI;1;2026-09-21 08:30:22
6817;PTT_SUBE;3937;YALIKÖY  ŞUBESİ;YALIKÖY MAHALLESİ ATATÜRK (YALIKÖY) CADDE No: 4 FATSA ORDU;04524452120;52;ORDU;;;;41.062914;37.61586792;08:30-12:30/13:30-17:00;KAPALI;KAPALI;1;2026-09-21 08:30:22
6816;PTT_SUBE;650;YENİMAHALLE  ŞUBESİ;YENİ MAHALLESİ 308 SOKAK No: 4 A ALTINORDU ORDU;04522334455;52;ORDU;;;;40.980543;37.886101;08:30-12:30/13:30-17:00;KAPALI;KAPALI;1;2026-09-21 08:30:22
6815;PTT_SUBE;7678;YEŞİLCE  ACENTELİĞİ;YEŞİLCE MAHALLESİ YEŞİLCE CADDE No: 2 MESUDİYE ORDU;05324472533;52;ORDU;;;;40.542191;37.802285;09:00-12:30/13:30-16:00;KAPALI;KAPALI;1;2026-09-21 08:30:22
6814;PTT_SUBE;1016;YOKUŞDİBİ ACENTELİĞİ;YOKUŞDİBİ MAHALLESİ GAZİ MUSTAFA KEMAL CADDE No: 65 KABADÜZ ORDU;04528435010;52;ORDU;;;;40.76371098;37.935378;09:00-12:30/13:30-17:00;KAPALI;KAPALI;1;2026-09-21 08:30:22
6849;PTT_SUBE;3802;ÇAMAŞ  ŞUBESİ;TAŞOLUK MAHALLESİ FATSA CADDE No: 64 ÇAMAŞ ORDU;04524812122;52;ORDU;;;;40.90221758;37.528534923;08:30-12:30/13:30-17:00;KAPALI;KAPALI;1;2026-09-21 08:30:22
6848;PTT_SUBE;7006;ÇAMBAŞI ACENTELİĞİ;MUSAKIRIK MAHALLESİ 113. SOKAK No: 3 KABADÜZ ORDU;04528412053;52;ORDU;;;;40.625715;37.963987;09:00-12:30/13:30-17:00;KAPALI;KAPALI;1;2026-09-21 08:30:22
6847;PTT_SUBE;3921;ÇATALPINAR  ŞUBESİ;MERKEZ MAHALLESİ FATSA CADDE No: 49 ÇATALPINAR ORDU;04524912120;52;ORDU;;;;40.880225013;37.452843253;08:30-12:30/13:30-17:00;KAPALI;KAPALI;1;2026-09-21 08:30:22
6846;PTT_SUBE;3815;ÇAYBAŞI  ŞUBESİ;ÇINAR MAHALLESİ BASRİYILMAZ CADDE No: 3 ÇAYBAŞI ORDU;04523913122;52;ORDU;;;;41.017870455;37.09833583;08:30-12:30/13:30-17:00;KAPALI;KAPALI;1;2026-09-21 08:30:22
6818;PTT_SUBE;3793;ÜNYE MÜDÜRLÜĞÜ;KALEDERE MAHALLESİ BELEDİYE CADDE No: 54 ÜNYE ORDU;04523232885;52;ORDU;;;;41.127987;37.287977;08:30-12:30;KAPALI;KAPALI;1;2026-09-21 08:30:22
6836;PTT_SUBE;3808;İKİZCE  ŞUBESİ;MERKEZ MAHALLESİ MENDERES SOKAK No: 3 B İKİZCE ORDU;04523712122;52;ORDU;;;;41.055178613;37.0778302;08:30-12:30/13:30-17:00;KAPALI;KAPALI;1;2026-09-21 08:30:22
6835;PTT_SUBE;3819;İLKÜVEZ  ŞUBESİ;İLKÜVEZ MAHALLESİ AÇIK PAZARYERİ CADDE No: 6 A ÇAYBAŞI ORDU;04523935650;52;ORDU;;;;40.94660304;37.00716984;08:30-12:30/13:30-17:00;KAPALI;KAPALI;1;2026-09-21 08:30:22
6883;PTT_SUBE;1871;7 MART  ŞUBESİ;7 MART MAHALLESİ ANDIRIN CADDE No: 77 KADİRLİ OSMANİYE;03287175340;80;OSMANİYE;;;;37.369601;36.103881;08:30-12:30/13:30-17:00;KAPALI;KAPALI;1;2026-09-21 08:30:23
6882;PTT_SUBE;1687;ADALET  ŞUBESİ;ADNAN MENDERES MAHALLESİ MUSA ŞAHİN BULVAR No: 106 /3 MERKEZ OSMANİYE;03288259599;80;OSMANİYE;;;;37.06039854;36.219820533;08:30-12:30/13:30-17:00;KAPALI;KAPALI;1;2026-09-21 08:30:23
6881;PTT_SUBE;2998;ATALAN ACENTELİĞİ;ATALAN BELDESİ/MERKEZ MAHALLESİ AHMET DONBALOĞLU BULVAR No: 87 DÜZİÇİ OSMANİYE;03288761001;80;OSMANİYE;;;;37.261129;36.341655;08:30-12:30/13:30-17:00;KAPALI;KAPALI;1;2026-09-21 08:30:23
6880;PTT_SUBE;1360;BAHÇE MÜDÜRLÜĞÜ;İSLAM MAHALLESİ ABDÜRREZAK KADIOĞLU CADDE No: 2 A BAHÇE OSMANİYE;03288612001;80;OSMANİYE;;;;37.20174597;36.5795496;08:30-17:00;KAPALI;KAPALI;1;2026-09-21 08:30:23
6879;PTT_SUBE;8007;BÖCEKLİ  ACENTELİĞİ;BÖCEKLİ BELDESİ/KÜRT MAHMUTLAR MAHALLESİ HACI HEDEF BULVAR No: 2 DÜZİÇİ OSMANİYE;03288761001;80;OSMANİYE;;;;37.29933;36.359106;08:30-12:30/13:30-17:00;KAPALI;KAPALI;1;2026-09-21 08:30:23
6878;PTT_SUBE;1658;CEBELİ BEREKET MÜDÜRLÜĞÜ;RAUFBEY MAHALLESİ ADNAN MENDERES CADDE No: 7 MERKEZ OSMANİYE;03288138363;80;OSMANİYE;;;;37.065489413;36.235735013;08:30-17:00/13:30-17:00;KAPALI;KAPALI;1;2026-09-21 08:30:23
6877;PTT_SUBE;1606;CENGİZTOPEL  ŞUBESİ;CENGİZ TOPEL MAHALLESİ DR.DEVLET BAHÇELİ BULVAR No: 65 A KADİRLİ OSMANİYE;03287181189;80;OSMANİYE;;;;37.339533811;36.070009272;KAPALI;KAPALI;KAPALI;1;2026-09-21 08:30:23
6876;PTT_SUBE;2994;CEVDETİYE ACENTELİĞİ;CEVDETİYE BELDESİ/KOCATEPE MAHALLESİ NAMIK KEMAL CADDE No: 2 G MERKEZ OSMANİYE;03288141001;80;OSMANİYE;;;;37.13592096;36.19774512;08:30-12:30/13:30-17:00;KAPALI;KAPALI;1;2026-09-21 08:30:23
6874;PTT_SUBE;6364;DERVİŞPAŞA  ŞUBESİ;SAVRUN MAHALLESİ DERVİŞ PAŞA CADDE No: 7 A KADİRLİ OSMANİYE;03287181212;80;OSMANİYE;;;;37.369490078;36.09685211;08:30-12:30/13:30-17:00;KAPALI;KAPALI;1;2026-09-21 08:30:23
6873;PTT_SUBE;1663;DÜZİÇİ MÜDÜRLÜĞÜ;KARŞIYAKA MAHALLESİ ÖKKEŞ NAMLI CADDE No: 22 DÜZİÇİ OSMANİYE;03288022572;80;OSMANİYE;;;;37.238339;36.453767;08:30-17:00/-;KAPALI;KAPALI;1;2026-09-21 08:30:23
6872;PTT_SUBE;2990;ELLEK ACENTELİĞİ;ELLEK BELDESİ/GÖKYILDIZ MAHALLESİ MİMAR SİNAN CADDE No: 227 DÜZİÇİ OSMANİYE;03288761001;80;OSMANİYE;;;;37.21547997;36.37475712;08:30-12:30/13:30-17:00;KAPALI;KAPALI;1;2026-09-21 08:30:23
6871;PTT_SUBE;8445;EYÜP SULTAN  ŞUBESİ;EYÜP SULTAN MAHALLESİ 5502 SK SOKAK No: 162 A MERKEZ OSMANİYE;03288138363;80;OSMANİYE;;;;37.059120425;36.2491432;08:30-12:30/13:30-17:00;KAPALI;KAPALI;1;2026-09-21 08:30:23
6870;PTT_SUBE;1824;GÜNEYSU  ŞUBESİ;CUMHURİYET MAHALLESİ KAZIM KARABEKİR CADDE No: 95 A MERKEZ OSMANİYE;03288256901;80;OSMANİYE;;;;37.06685604;36.258705;08:30-12:30/13:30-17:00;KAPALI;KAPALI;1;2026-09-21 08:30:23
6869;PTT_SUBE;1368;HASANBEYLİ  ŞUBESİ;MERKEZ MAHALLESİ ATATÜRK CADDE No: 123 B HASANBEYLİ OSMANİYE;03286648063;80;OSMANİYE;;;;37.11738;36.59267;08:30-12:30/13:30-17:00;KAPALI;KAPALI;1;2026-09-21 08:30:23
6868;PTT_SUBE;1674;KADİRLİ MÜDÜRLÜĞÜ;CEMALPAŞA MAHALLESİ ADALET CADDE No: 15 A KADİRLİ OSMANİYE;03287181212;80;OSMANİYE;;;;37.372591;36.081319;08:30-17:00;KAPALI;KAPALI;1;2026-09-21 08:30:23
6867;PTT_SUBE;8157;KORKUT ATA  ŞUBESİ;FAKIUŞAĞI MAHALLESİ 45014 SOKAK No: 17 G MERKEZ OSMANİYE;03288144121;80;OSMANİYE;;;;37.041077249;36.226399378;08:30-12:30/13:30-17:00;KAPALI;KAPALI;1;2026-09-21 08:30:23
6866;PTT_SUBE;6176;MAREŞAL FEVZİ ÇAKMAK  ŞUBESİ;M.FEVZİ ÇAKMAK MAHALLESİ BEYCİOĞLU ALİ AĞA CADDE No: 47 MERKEZ OSMANİYE;03288141001;80;OSMANİYE;;;;37.086208;36.261956;08:30-12:30/13:30-17:00;KAPALI;KAPALI;1;2026-09-21 08:30:23
6865;PTT_SUBE;1836;ORGANİZE SANAYİ ŞUBESİ;TÜRKMEN BELDESİ/BÜYÜKTÜYSÜZ MAHALLESİ ATATÜRK CADDE No: 4 /3 TOPRAKKALE OSMANİYE;03288268156;80;OSMANİYE;;;;37.012130712;36.112913625;08:30-12:30/13:30-17:00;KAPALI;KAPALI;1;2026-09-21 08:30:23
6864;PTT_SUBE;1680;OSMANİYE MÜDÜRLÜĞÜ;ESENEVLER MAHALLESİ MUSA ŞAHİN BULVAR No: 351 MERKEZ OSMANİYE;03288141001;80;OSMANİYE;;;;37.075029926;36.246454869;08:30-12:30;KAPALI;KAPALI;1;2026-09-21 08:30:23
6863;PTT_SUBE;1844;SANAYİ  ŞUBESİ;CEMALPAŞA MAHALLESİ 1600 SOKAK No: 3 A KADİRLİ OSMANİYE;03287175419;80;OSMANİYE;;;;37.366727099;36.078977498;KAPALI;KAPALI;KAPALI;1;2026-09-21 08:30:23
6862;PTT_SUBE;1853;SUMBAS  ŞUBESİ;DÖĞENLİ MAHALLESİ 100 SOKAK No: 5 SUMBAS OSMANİYE;03287848353;80;OSMANİYE;;;;37.44633;36.02656;08:30-12:30/13:30-17:00;KAPALI;KAPALI;1;2026-09-21 08:30:23
6861;PTT_SUBE;1864;TOPRAKKALE  ŞUBESİ;FATIH SULTAN MEHMET MAHALLESİ ATATÜRK CADDE No: 150 TOPRAKKALE OSMANİYE;03286332002;80;OSMANİYE;;;;37.068162;36.143864;08:30-12:30/13:30-17:00;KAPALI;KAPALI;1;2026-09-21 08:30:23
6860;PTT_SUBE;2972;TÜYSÜZ ACENTELİĞİ;TÜRKMEN BELDESİ/CUMHURİYET MAHALLESİ ATATÜRK CADDE No: 52 TOPRAKKALE OSMANİYE;03288141001;80;OSMANİYE;;;;37.054329;36.094456;08:30-12:30/13:30-17:00;KAPALI;KAPALI;1;2026-09-21 08:30:23
6859;PTT_SUBE;2975;YARBAŞI ACENTELİĞİ;YARBAŞI BELDESİ/MERKEZ MAHALLESİ ATATÜRK BULVAR No: 72 A DÜZİÇİ OSMANİYE;03288761001;80;OSMANİYE;;;;37.203871;36.430077;08:30-12:30/13:30-17:00;KAPALI;KAPALI;1;2026-09-21 08:30:23
6875;PTT_SUBE;1697;ÇARŞI  ŞUBESİ;UZUN BANI MAHALLESİ REFİK CESUR BULVAR No: 181 A DÜZİÇİ OSMANİYE;03288763145;80;OSMANİYE;;;;37.23963;36.45261;08:30-12:30/13:30-17:00;KAPALI;KAPALI;1;2026-09-21 08:30:23
6904;PTT_SUBE;3572;ADLİYE SARAYI  ŞUBESİ;MÜFTÜ MAHALLESİ ATATÜRK CADDE No: 501 MERKEZ RİZE;04642148337;53;RİZE;;;;41.025828992;40.538112554;08:30-12:30/13:30-17:00;KAPALI;KAPALI;1;2026-09-21 08:30:23
6903;PTT_SUBE;3587;AMBARLIK ACENTELİĞİ;AMBARLIK KÖYÜ/MERKEZ MEVKİİ MERKEZ KÜME EVLER No: 59 MERKEZ RİZE;04642443123;53;RİZE;;;;40.98025404;40.52235384;09:00-12:30/13:30-17:00;KAPALI;KAPALI;1;2026-09-21 08:30:23
6902;PTT_SUBE;3369;ARDEŞEN MÜDÜRLÜĞÜ;CUMHURİYET MAHALLESİ ATATÜRK CADDE No: 225 ARDEŞEN RİZE;04647151963;53;RİZE;;;;41.19139241;40.987509255;08:30-12:30;KAPALI;KAPALI;1;2026-09-21 08:30:23
6901;PTT_SUBE;3582;BÜYÜKKÖY ACENTELİĞİ;BÜYÜKKÖY BELDESİ/MERKEZ MAHALLESİ ATATÜRK CADDE No: 8 ÇAYELİ RİZE;05362484841;53;RİZE;;;;41.017279;40.67358;09:00-12:30/13:30-17:00;KAPALI;KAPALI;1;2026-09-21 08:30:23
6898;PTT_SUBE;3379;DEREPAZARI ÖMER BAYAZIT MÜDÜRLÜĞÜ;MERKEZ MAHALLESİ SAADETTİN KAYNAK BULVAR No: 53 DEREPAZARI RİZE;04643113324;53;RİZE;;;;41.024647048;40.424073105;08:30-12:30;KAPALI;KAPALI;1;2026-09-21 08:30:23
6897;PTT_SUBE;3380;FINDIKLI MÜDÜRLÜĞÜ;MERKEZ MAHALLESİ 1027 SOKAK SOKAK No: 6 FINDIKLI RİZE;04645113001;53;RİZE;;;;41.273221532;41.144267203;08:30-12:30/13:30-17:00;KAPALI;KAPALI;1;2026-09-21 08:30:23
6896;PTT_SUBE;3574;GÜNDOĞDU  ŞUBESİ;HAMİDİYE MAHALLESİ GÜNDOĞDU CADDE No: 33 MERKEZ RİZE;04642463001;53;RİZE;;;;41.0537198;40.617132975;08:30-12:30/13:30-17:00;KAPALI;KAPALI;1;2026-09-21 08:30:23
6895;PTT_SUBE;3387;GÜNEYSU MÜDÜRLÜĞÜ;MERKEZ MAHALLESİ YUSUF HOCA CADDE No: 55 - GÜNEYSU RİZE;04643441001;53;RİZE;;;;40.975465;40.614191;08:30-12:30;KAPALI;KAPALI;1;2026-09-21 08:30:23
6894;PTT_SUBE;6338;HEMŞİN  SELİM OKUMUŞ ŞUBESİ;ORTAKÖY MAHALLESİ ATATÜRK CADDE No: 59 A HEMŞİN RİZE;04646412001;53;RİZE;;;;41.047536;40.899071;08:30-12:30/13:30-17:00;KAPALI;KAPALI;1;2026-09-21 08:30:23
6891;PTT_SUBE;3566;KALKANDERE MÜDÜRLÜĞÜ;MEDRESE MAHALLESİ MEDRESE SOKAK No: 14 KALKANDERE RİZE;04643314001;53;RİZE;;;;40.927122804;40.443711798;08:30-12:30/13:30-17:00;KAPALI;KAPALI;1;2026-09-21 08:30:23
6890;PTT_SUBE;3583;KIBLEDAĞI ACENTELİĞİ;KIBLEDAĞI KÖYÜ/MERKEZ MEVKİİ MERKEZ KÜME EVLER No: 15 GÜNEYSU RİZE;04643948450;53;RİZE;;;;40.95515403;40.634784;09:00-12:30/13:30-17:00;KAPALI;KAPALI;1;2026-09-21 08:30:23
6889;PTT_SUBE;3581;MADENLİ ACENTELİĞİ;MADENLİ BELDESİ/MERKEZ MAHALLESİ İSTİKLAL CADDE No: 42 /2 ÇAYELİ RİZE;05422741323;53;RİZE;;;;41.042525;40.766785;09:00-12:30/13:30-17:00;KAPALI;KAPALI;1;2026-09-21 08:30:23
6888;PTT_SUBE;3573;MÜDERRİSLER ŞUBESİ;SALARHA BELDESİ/MÜDERRİSLER MAHALLESİ ATATÜRK CADDE No: 61 MERKEZ RİZE;04642416001;53;RİZE;;;;40.970651;40.531353;08:30-12:30/13:30-17:00;KAPALI;KAPALI;1;2026-09-21 08:30:23
6887;PTT_SUBE;3567;PAZAR MÜDÜRLÜĞÜ;PAZAR MAHALLESİ PROF.DR.MEHMET HABERAL CADDE No: 88 PAZAR RİZE;04646121000;53;RİZE;;;;41.1801795;40.881903447;08:30-12:30/13:30-17:00;KAPALI;KAPALI;1;2026-09-21 08:30:23
6886;PTT_SUBE;8098;RİZE DAĞITIM VE TOPLAMA MÜDÜRLÜĞÜ;MERMERDELEN MAHALLESİ MENDERES BULVAR No: 126 MERKEZ RİZE;04642235116;53;RİZE;;;;41.035077;40.509467;08:30-17:30;08:30-17:30;KAPALI;1;2026-09-21 08:30:23
6885;PTT_SUBE;3568;RİZE MÜDÜRLÜĞÜ;PİRİÇELEBİ MAHALLESİ ATATÜRK CADDE No: 344 MERKEZ RİZE;04642130124;53;RİZE;;;;41.025124;40.515967;08:30-12:30/13:30-17:00;KAPALI;KAPALI;1;2026-09-21 08:30:23
6884;PTT_SUBE;3585;YOLBAŞI ACENTELİĞİ;YOLBAŞI KÖYÜ/MERKEZ MEVKİİ FATİH SOKAK No: 32 KALKANDERE RİZE;04643382466;53;RİZE;;;;40.952934;40.471991;09:00-12:30/13:30-17:00;KAPALI;KAPALI;1;2026-09-21 08:30:23
6900;PTT_SUBE;3371;ÇAMLIHEMŞİN MÜDÜRLÜĞÜ;MERKEZ MAHALLESİ BAHADIR UZUNBOY CADDE No: 10 ÇAMLIHEMŞİN RİZE;04646517001;53;RİZE;;;;41.046880272;41.004277882;08:00-12:00/13:00-16:30;KAPALI;KAPALI;1;2026-09-21 08:30:23
6899;PTT_SUBE;3375;ÇAYELİ MÜDÜRLÜĞÜ;YENİPAZAR MAHALLESİ PROF.DR.YILMAZ TANYAŞ CADDE No: 4 A ÇAYELİ RİZE;04645327201;53;RİZE;;;;41.089059712;40.725358874;08:30-12:30/13:30-17:00;KAPALI;KAPALI;1;2026-09-21 08:30:23
6893;PTT_SUBE;3405;İKİZDERE MÜDÜRLÜĞÜ;ÇARŞI MAHALLESİ CUMHURİYET CADDE No: 34 İKİZDERE RİZE;04644161001;53;RİZE;;;;40.776605523;40.560460588;08:30-12:30/13:30-17:00;KAPALI;KAPALI;1;2026-09-21 08:30:23
6892;PTT_SUBE;3565;İYİDERE MÜDÜRLÜĞÜ;FIÇITAŞI MAHALLESİ YALIBOYU CADDE No: 89 İYİDERE RİZE;04643213940;53;RİZE;;;;41.010715;40.358564;08:30-12:30;KAPALI;KAPALI;1;2026-09-21 08:30:23
6946;PTT_SUBE;7432;32 EVLER  ŞUBESİ;OTUZİKİ EVLER MAHALLESİ BEŞKÖPRÜ CADDE No: 47 SERDİVAN SAKARYA;02642751308;54;SAKARYA;;;;40.747778;30.373844;08:30-12:30/13:30-17:00;KAPALI;KAPALI;1;2026-09-21 08:30:24
6945;PTT_SUBE;6340;ADAPAZARI MÜDÜRLÜĞÜ;SEMERCİLER MAHALLESİ MİLLİ EGEMENLİK CADDE No: 5 ADAPAZARI SAKARYA;02642791327;54;SAKARYA;;;;40.774716;30.40159;08:30-12:30/13:30-17:00;KAPALI;KAPALI;1;2026-09-21 08:30:24
6944;PTT_SUBE;6347;ADAPAZARI POSTA DAĞITIM  MÜDÜRLÜĞÜ;MALTEPE MAHALLESİ 511 NOLU SOKAK No: 41 ADAPAZARI SAKARYA;02642915566;54;SAKARYA;;;;40.73823;30.38117;08:30-17:30;08:30-13:30;KAPALI;1;2026-09-21 08:30:24
6943;PTT_SUBE;340;AKYAZI MÜDÜRLÜĞÜ;İNÖNÜ MAHALLESİ 7004 SOKAK No: 11 AKYAZI SAKARYA;264181012;54;SAKARYA;;;;40.680524;30.623027;08:30-17:00;KAPALI;KAPALI;1;2026-09-21 08:30:24
6941;PTT_SUBE;5931;ALTINDERE  ŞUBESİ;ALTINDERE CUMHURİYET MAHALLESİ CUMHURİYET CADDE No: 221 AKYAZI SAKARYA;02644289414;54;SAKARYA;;;;40.686672;30.686689;08:30-12:30/13:30-17:00;KAPALI;KAPALI;1;2026-09-21 08:30:24
6942;PTT_SUBE;4839;ALİ FUAT PAŞA ŞUBESİ;ALİFUATPAŞA MAHALLESİ SUAT YALKIN CADDE No: 37 GEYVE SAKARYA;02645161660;54;SAKARYA;;;;40.533956;30.294517;08:30-12:30/13:30-17:00;KAPALI;KAPALI;1;2026-09-21 08:30:24
6940;PTT_SUBE;8283;ARİFİYE ŞUBE ŞEFLİĞİ;ARİFBEY MAHALLESİ ATATÜRK CADDE No: 221 ARİFİYE SAKARYA;02642290059;54;SAKARYA;;;;40.714886;30.36336;08:30-12:30/13:30-17:00;KAPALI;KAPALI;1;2026-09-21 08:30:24
6939;PTT_SUBE;7430;BAHÇELİEVLER  ŞUBESİ;BAHÇELİEVLER MAHALLESİ BAĞLAR CADDE No: 139 SERDİVAN SAKARYA;02642769316;54;SAKARYA;;;;40.758572071;30.366829041;08:30-12:30/13:30-17:00;KAPALI;KAPALI;1;2026-09-21 08:30:24
6938;PTT_SUBE;7431;BÖLGE ADLİYE MAHKEMESİ  ŞUBE ŞEFLİĞİ;İSTİKLAL MAHALLESİ MALİYE CADDE No: 1 SERDİVAN SAKARYA;02642798895;54;SAKARYA;;;;40.769818832;30.386113757;08:30-12:30/13:30-17:00;KAPALI;KAPALI;1;2026-09-21 08:30:24
6935;PTT_SUBE;7669;DEĞIRMENCIK ACENTELİĞİ;DEĞİRMENCİK MAHALLESİ 310 SOKAK No: 4 FERİZLİ SAKARYA;02647817420;54;SAKARYA;;;;40.938862;30.518451;08:30-12:30/13:30-16:00;KAPALI;KAPALI;1;2026-09-21 08:30:24
6934;PTT_SUBE;7423;DÖRTYOL SANAYİ  ŞUBESİ;HANLIKÖY MAHALLESİ 9 SOKAK No: 50 ARİFİYE SAKARYA;02642762960;54;SAKARYA;;;;40.734568836;30.385479199;08:30-12:30/13:30-17:00;KAPALI;KAPALI;1;2026-09-21 08:30:24
6933;PTT_SUBE;7215;ERENLER ŞUBE ŞEFLİĞİ ;ERENLER MAHALLESİ 1038 SOKAK No: 3 ERENLER SAKARYA;02642791327;54;SAKARYA;;;;40.756169;30.407648;08:30-12:30/13:30-17:00;KAPALI;KAPALI;1;2026-09-21 08:30:24
6932;PTT_SUBE;4793;FERİZLİ MÜDÜRLÜĞÜ;İNÖNÜ MAHALLESİ FEVZİ ÇAKMAK CADDE No: 28 FERİZLİ SAKARYA;02647817420;54;SAKARYA;;;;40.93701;30.488414;08:30-17:00;KAPALI;KAPALI;1;2026-09-21 08:30:24
6931;PTT_SUBE;4836;GEYVE MÜDÜRLÜĞÜ;CAMİKEBİR MAHALLESİ NAMIK KEMAL SOKAK No: 2 /1 GEYVE SAKARYA;02645171212;54;SAKARYA;;;;40.508335;30.290647;08:30-17:00;KAPALI;KAPALI;1;2026-09-21 08:30:24
6930;PTT_SUBE;5889;GÖLKENT ACENTELİĞİ;GÖLKENT MAHALLESİ VATAN GÖLKENT CADDE No: 27  /27B- FERİZLİ SAKARYA;00000000000;54;SAKARYA;;;;41.011254;30.529702;09:00-12:30/13:30-16:30;KAPALI;KAPALI;1;2026-09-21 08:30:24
6929;PTT_SUBE;390;HENDEK MÜDÜRLÜĞÜ;KEMALİYE MAHALLESİ CUMHURİYET MEYDAN No: 3 HENDEK SAKARYA;02646147093;54;SAKARYA;;;;40.79904;30.74417;08:30-17:00;KAPALI;KAPALI;1;2026-09-21 08:30:24
6928;PTT_SUBE;1357;HIZIRTEPE  ŞUBESİ;HIZIRTEPE MAHALLESİ BULUT SOKAK No: 15 /1 ADAPAZARI SAKARYA;02642754594;54;SAKARYA;;;;40.749798;30.392517;08:30-12:30/13:30-17:00;KAPALI;KAPALI;1;2026-09-21 08:30:24
6927;PTT_SUBE;7426;KARAMAN  ŞUBESİ;KARAMAN MAHALLESİ 1430- KÜME EVLER No: 1 ADAPAZARI SAKARYA;02642211142;54;SAKARYA;;;;40.853018411;30.338769457;08:30-12:30/13:30-17:00;KAPALI;KAPALI;1;2026-09-21 08:30:24
6926;PTT_SUBE;5358;KARAPÜRÇEK  ŞUBESİ;İNÖNÜ MAHALLESİ OSMANLI CADDE No: 31 A KARAPÜRÇEK SAKARYA;02644715991;54;SAKARYA;;;;40.641279972;30.537694055;08:00-12:30/13:30-17:00;KAPALI;KAPALI;1;2026-09-21 08:30:24
6925;PTT_SUBE;5919;KARASU MÜDÜRLÜĞÜ;İNCİLLİ MAHALLESİ PLAJ CADDE No: 21 KARASU SAKARYA;02647181016;54;SAKARYA;;;;41.097147;30.691966;08:30-17:00;KAPALI;KAPALI;1;2026-09-21 08:30:24
6924;PTT_SUBE;1005;KAYNARCA MERKEZ MÜDÜRLÜĞÜ;KONAK MAHALLESİ KADİROĞLU SOKAK No: 2 KAYNARCA SAKARYA;02648713081;54;SAKARYA;;;;41.034244;30.306332;08:30-12:30/13:30-17:00;KAPALI;KAPALI;1;2026-09-21 08:30:24
6923;PTT_SUBE;7420;KAZIMPAŞA ACENTELİĞİ;HAMİTABAT MAHALLESİ KURTULUŞ CADDE No: 19 SERDİVAN SAKARYA;02643392554;54;SAKARYA;;;;40.79178469;30.296352968;08:30-12:30/13:30-17:00;KAPALI;KAPALI;1;2026-09-21 08:30:24
6922;PTT_SUBE;5245;KIRKPINAR  ŞUBESİ;KIRKPINAR HASANPAŞA MAHALLESİ FATİH CADDE No: 14 E SAPANCA SAKARYA;02645992016;54;SAKARYA;;;;40.692428;30.227097;08:30-12:30/13:30-17:00;KAPALI;KAPALI;1;2026-09-21 08:30:24
6921;PTT_SUBE;4842;KOCAALİ MÜDÜRLÜĞÜ;AĞALAR MAHALLESİ CUMHURİYET CADDE No: 17 KOCAALİ SAKARYA;02648121414;54;SAKARYA;;;;41.055081;30.850151;08:30-17:00;KAPALI;KAPALI;1;2026-09-21 08:30:24
6920;PTT_SUBE;5357;KUZULUK  ŞUBESİ;KUZULUK ORTAMAHALLE MAHALLESİ AKYAZI (ORTA MAHALLE) CADDE No: 129 AKYAZI SAKARYA;02644378004;54;SAKARYA;;;;40.63316;30.63949;08:30-12:30/13:30-17:00;KAPALI;KAPALI;1;2026-09-21 08:30:24
6919;PTT_SUBE;7956;LİMANDERE  ŞUBESİ;LİMANDERE MAHALLESİ ERTUĞRUL GAZİ SOKAK No: 60 KARASU SAKARYA;02647568253;54;SAKARYA;;;;40.98125196;30.58624908;08:30-12:30/13:30-17:00;KAPALI;KAPALI;1;2026-09-21 08:30:24
6918;PTT_SUBE;8235;MALTEPE ŞUBESİ;MALTEPE MAHALLESİ 511 NOLU SOKAK No: 41 - ADAPAZARI SAKARYA;0;54;SAKARYA;;;;40.737157;30.381501;08:30-12:30/13:30-17:00;KAPALI;KAPALI;1;2026-09-21 08:30:24
6917;PTT_SUBE;7428;NEHİRKENT  ŞUBESİ;AŞAĞI KİRAZCA MAHALLESİ ESKİŞEHİR CADDE No: 179 A ARİFİYE SAKARYA;02642290007;54;SAKARYA;;;;40.702834;30.372947;08:30-12:30/13:30-17:00;KAPALI;KAPALI;1;2026-09-21 08:30:24
6916;PTT_SUBE;4843;PAMUKOVA MÜDÜRLÜĞÜ;ELPEREK MAHALLESİ YAHYA KEMAL CADDE No: 34 PAMUKOVA SAKARYA;02645512500;54;SAKARYA;;;;40.509698492;30.16818882;08:30-17:00;KAPALI;KAPALI;1;2026-09-21 08:30:24
6915;PTT_SUBE;1197;SAKARYA POSTA İŞLEME  MÜDÜRLÜĞÜ;YEŞİLTEPE MAHALLESİ 8074 SOKAK No: 2 ERENLER SAKARYA;02642915797;54;SAKARYA;;;;40.738840111;30.404335264;08:00-12:00/13:00-17:00;08:00-13:00/-;KAPALI;1;2026-09-21 08:30:24
6914;PTT_SUBE;7425;SAKARYA ÜNİVERSİTESİ KAMPÜS  ŞUBESİ;ESENTEPE MAHALLESİ AKADEMİYOLU SOKAK No: 5 -13B SERDİVAN SAKARYA;02643460529;54;SAKARYA;;;;40.744650798;30.321393284;08:30-12:30/13:30-17:00;KAPALI;KAPALI;1;2026-09-21 08:30:24
6913;PTT_SUBE;1055;SAPANCA MÜDÜRLÜĞÜ;RÜSTEMPAŞA MAHALLESİ İSTASYON CADDE No: 16 SAPANCA SAKARYA;02645825535;54;SAKARYA;;;;40.692348;30.269532;08:30-17:00;KAPALI;KAPALI;1;2026-09-21 08:30:24
6912;PTT_SUBE;7419;SERDİVAN MÜDÜRLÜĞÜ;ARABACIALANI MAHALLESİ ÇARK CADDE No: 202 SERDİVAN SAKARYA;02642812187;54;SAKARYA;;;;40.773215;30.376884;08:30-12:30/13:30-17:00;KAPALI;KAPALI;1;2026-09-21 08:30:24
6910;PTT_SUBE;643;SÖĞÜTLÜ MÜDÜRLÜĞÜ;ORTA MAHALLESİ 1016 SOKAK No: 2 SÖĞÜTLÜ SAKARYA;02646812508;54;SAKARYA;;;;40.904743194;30.473037719;08:30-17:00;KAPALI;KAPALI;1;2026-09-21 08:30:24
6911;PTT_SUBE;5836;SİNANOĞLU ACENTELİĞİ;SİNANOĞLU MAHALLESİ YENİCAMİİ CADDE No: 1 FERİZLİ SAKARYA;00000000000;54;SAKARYA;;;;40.97236698;30.55431708;09:00-12:30/13:30-16:30;KAPALI;KAPALI;1;2026-09-21 08:30:24
6907;PTT_SUBE;4940;TARAKLI  ŞUBESİ;HACIMURAT MAHALLESİ ANKARA CADDE No: 79 - TARAKLI SAKARYA;02644912700;54;SAKARYA;;;;40.39711;30.493986;09:00-12:30/13:30-16:00;KAPALI;KAPALI;1;2026-09-21 08:30:24
6906;PTT_SUBE;8136;VALİLİK  ŞUBE ŞEFLİĞİ;15 TEMMUZ CAMİLİ MAHALLESİ 1630 KÜME EVLER KÜME EVLER No: 1 ADAPAZARI SAKARYA;02642513672;54;SAKARYA;;;;40.86220169;30.314140319;08:30-12:30/13:30-17:00;KAPALI;KAPALI;1;2026-09-21 08:30:24
6905;PTT_SUBE;382;YEŞİLYURT ŞUBESİ;KURTKÖY MAHALLESİ 2 HAZİRAN CADDE No: 3 A HENDEK SAKARYA;02646426293;54;SAKARYA;;;;40.842072;30.63092796;08:30-11:00/13:30-16:30;KAPALI;KAPALI;1;2026-09-21 08:30:24
6937;PTT_SUBE;1311;ÇARŞI  ŞUBESİ;SEMERCİLER MAHALLESİ POSTAHANE SOKAK No: 1 ADAPAZARI SAKARYA;02642791320;54;SAKARYA;;;;40.777754055;30.400625796;08:30-12:30/13:30-17:00;KAPALI;KAPALI;1;2026-09-21 08:30:24
6936;PTT_SUBE;8147;ÇAYBAŞI YENİKÖY ACENTELİĞİ;ÇAYBAŞIYENİKÖY MAHALLESİ GAZİ CADDE No: 30 /1 ERENLER SAKARYA;05539198454;54;SAKARYA;;;;40.687661;30.446879;09:00-12:30/13:30-17:00;KAPALI;KAPALI;1;2026-09-21 08:30:24
6909;PTT_SUBE;353;ŞEHİT ALİ GAFFAR OKKAN  ŞUBESİ;ÇAMLICA MAHALLESİ 170 SOKAK No: 2 A HENDEK SAKARYA;02646241010;54;SAKARYA;;;;40.704467;30.732882;08:30-12:30/13:30-17:00;KAPALI;KAPALI;1;2026-09-21 08:30:24
6908;PTT_SUBE;1422;ŞEKER MAHALLESİ  ŞUBESİ;ŞEKER MAHALLESİ AK SOKAK No: 36 ADAPAZARI SAKARYA;02642812290;54;SAKARYA;;;;40.785555;30.390975;08:30-12:30/13:30-17:00;KAPALI;KAPALI;1;2026-09-21 08:30:24
6989;PTT_SUBE;5187;19 MAYIS  MÜDÜRLÜĞÜ;PAZAR MAHALLESİ ATATÜRK BULVARI BULVAR No: 101 19 MAYIS SAMSUN;03625112290;55;SAMSUN;;;;41.493437;36.08137;08:30-17:00;KAPALI;KAPALI;1;2026-09-21 08:30:24
6988;PTT_SUBE;5276;75.YIL POSTA İŞLEME VE DAĞITIM  MÜDÜRLÜĞÜ;LİMAN MAHALLESİ BAFRA CADDE No: 3 İLKADIM SAMSUN;03624452820;55;SAMSUN;;;;41.310859119;36.334847364;07:00-23:00/-;07:00-23:00/-;07:00-23:00/-;1;2026-09-21 08:30:24
6987;PTT_SUBE;8449;ADLİYE  ŞUBESİ;EMİREFENDİ MAHALLESİ EMİREFENDİ BULVAR No: 3 BAFRA SAMSUN;03625428346;55;SAMSUN;;;;41.560816;35.90639;08:30-12:30/13:30-17:00;KAPALI;KAPALI;1;2026-09-21 08:30:24
6986;PTT_SUBE;1158;ADLİYE SARAYI ŞUBESİ;ÇAY MAHALLESİ MUSTAFA KEMAL GÜNEŞDOĞDU CADDE No: 11 ÇARŞAMBA SAMSUN;03628336275;55;SAMSUN;;;;41.189608155;36.726426319;08:30-12:30/13:30-17:00;KAPALI;KAPALI;1;2026-09-21 08:30:24
6985;PTT_SUBE;26;ALAÇAM MÜDÜRLÜĞÜ;YENİCAMİ MAHALLESİ BAFRA CADDE No: 41 A ALAÇAM SAMSUN;03626220122;55;SAMSUN;;;;41.60731959;35.596634404;08:30-17:00;KAPALI;KAPALI;1;2026-09-21 08:30:24
6984;PTT_SUBE;7222;ASARCIK  ŞUBESİ;BİÇİNCİK MAHALLESİ DR.YAĞCIOĞLU CADDE No: 10 ASARCIK SAMSUN;03627912120;55;SAMSUN;;;;41.037022;36.232847;08:30-12:30/13:30-17:00;KAPALI;KAPALI;1;2026-09-21 08:30:24
6983;PTT_SUBE;8490;ATAKENT  ŞUBESİ;YENİMAHALLE MAHALLESİ ATATÜRK 3. KISIM BULVAR No: 93 B ATAKUM SAMSUN;03624393351;55;SAMSUN;;;;41.347746876;36.24572763;08:30-12:30/13:30-17:00;KAPALI;KAPALI;1;2026-09-21 08:30:24
6982;PTT_SUBE;5504;ATAKUM  MÜDÜRLÜĞÜ;MİMARSİNAN MAHALLESİ 133 SOKAK No: 4 ATAKUM SAMSUN;03624452820;55;SAMSUN;;;;41.333644901;36.279698023;08:30-17:00;KAPALI;KAPALI;1;2026-09-21 08:30:24
6981;PTT_SUBE;7394;AYVACIK  ŞUBESİ;ORHANGAZİ MAHALLESİ ATATÜRK BULVAR No: 45 /A AYVACIK SAMSUN;03628114122;55;SAMSUN;;;;40.990654;36.629509;08:30-12:30/13:30-17:00;KAPALI;KAPALI;1;2026-09-21 08:30:24
6980;PTT_SUBE;5231;BAFRA   MERKEZİ;BÜYÜKCAMİ MAHALLESİ TAHİRAĞA SOKAK No: 9 BAFRA SAMSUN;03625428346;55;SAMSUN;;;;41.569539;35.902858;08:30-12:30/13:30-17:00;KAPALI;KAPALI;1;2026-09-21 08:30:24
6978;PTT_SUBE;8567;CANİK ŞUBESİ;KARŞIYAKA MAHALLESİ LEFKE SOKAK SOKAK No: 5 -1 CANİK SAMSUN;0;55;SAMSUN;;;;41.269716;36.36331092;08:30-12:30/13:30-17:00;KAPALI;KAPALI;1;2026-09-21 08:30:24
6979;PTT_SUBE;5381;CAĞALOĞLU  ŞUBESİ;ATAKENT MAHALLESİ 3278 SOKAK No: 1 ATAKUM SAMSUN;03624383216;55;SAMSUN;;;;41.33517003;36.25435296;08:30-12:30/13:30-17:00;KAPALI;KAPALI;1;2026-09-21 08:30:24
6975;PTT_SUBE;1172;DİKBIYIK ŞUBESİ;DİKBIYIK MAHALLESİ LİSE CADDE No: 8 B ÇARŞAMBA SAMSUN;03628541420;55;SAMSUN;;;;41.217502;36.612763;08:30-12:30/13:30-17:00;KAPALI;KAPALI;1;2026-09-21 08:30:24
6974;PTT_SUBE;884;ESKİ ADLİYE  ŞUBESİ;19 MAYIS MAHALLESİ CUMHURİYET CADDE No: 17 A İLKADIM SAMSUN;03624324825;55;SAMSUN;;;;41.288037;36.337671;08:30-12:30/13:30-17:00;KAPALI;KAPALI;1;2026-09-21 08:30:24
6973;PTT_SUBE;8582;GAZİ  ŞUBESİ;BAHÇELİEVLER MAHALLESİ 100.YIL BULVAR No: 269 İLKADIM SAMSUN;03620000000;55;SAMSUN;;;;41.27741901;36.339885;08:30-12:30/13:30-17:00;KAPALI;KAPALI;1;2026-09-21 08:30:24
6972;PTT_SUBE;8585;GAZİOSMANPAŞA ŞUBESİ;SOĞUKSU MAHALLESİ ŞEHİT MESUT BİRİNCİ CAD. CADDE No:109 CANİK SAMSUN;00000000000;55;SAMSUN;;;;41.2646163239031;36.352345776328;08:30-12:30 / 13:30-17:00;KAPALI;KAPALI;1;2026-09-21 08:30:24
6971;PTT_SUBE;5024;HAVZA MÜDÜRLÜĞÜ;İNÖNÜ MAHALLESİ İNÖNÜ BULVARI CADDE No: 4 A HAVZA SAMSUN;03627141122;55;SAMSUN;;;;40.967374;35.668495;08:30-17:00;KAPALI;KAPALI;1;2026-09-21 08:30:24
6970;PTT_SUBE;5025;HÜSEYİNMESCİT ACENTELİĞİ;HÜSEYİNMESCİT MAHALLESİ ALPARSLAN TÜRKEŞ CADDE No: 21 TERME SAMSUN;03628825021;55;SAMSUN;;;;41.15516;37.004593;09:00-12:30/13:30-16:30;KAPALI;KAPALI;1;2026-09-21 08:30:24
6966;PTT_SUBE;971;KADİFEKALE ŞUBESİ;KADİFEKALE MAHALLESİ KADİFE SOKAK No: 26 İLKADIM SAMSUN;03624461162;55;SAMSUN;;;;41.300355;36.323539;08:30-12:30/13:30-17:00;KAPALI;KAPALI;1;2026-09-21 08:30:24
6965;PTT_SUBE;5155;KAVAK MÜDÜRLÜĞÜ;MEHMETPAŞA MAHALLESİ CUMHURİYET MEYDAN No: 7 A KAVAK SAMSUN;03627413122;55;SAMSUN;;;;41.07716;36.04379;08:30-17:00;KAPALI;KAPALI;1;2026-09-21 08:30:24
6964;PTT_SUBE;1801;KAYMAKAMLIK  ŞUBESİ;MİMARSİNAN MAHALLESİ İSMET İNÖNÜ BULVAR No: 114 ATAKUM SAMSUN;03624383032;55;SAMSUN;;;;41.329040434;36.284908728;08:30-12:30/13:30-17:00;KAPALI;KAPALI;1;2026-09-21 08:30:24
6963;PTT_SUBE;5181;KUTLUKENT  ŞUBESİ;ŞABANOĞLU MAHALLESİ 81 SOKAK No: 11 /1 TEKKEKÖY SAMSUN;03622668520;55;SAMSUN;;;;41.234409;36.420309;08:30-12:30/13:30-17:00;KAPALI;KAPALI;1;2026-09-21 08:30:24
6962;PTT_SUBE;1167;KÜÇÜK SANAYİ SİTESİ ŞUBESİ;BEYLERCE MAHALLESİ SANAYİ SİTESİ 16 NOLU SOKAK No: 10 C ÇARŞAMBA SAMSUN;03628332017;55;SAMSUN;;;;41.20783101;36.69994404;08:30-12:30/13:30-17:00;KAPALI;KAPALI;1;2026-09-21 08:30:24
6961;PTT_SUBE;7221;LADİK  ŞUBESİ;YENİCAMİ MAHALLESİ AMASYA CADDE No: 2 /1 LADİK SAMSUN;03627713122;55;SAMSUN;;;;40.905787772;35.89265139;08:30-12:30/13:30-17:00;KAPALI;KAPALI;1;2026-09-21 08:30:24
6960;PTT_SUBE;6206;MEYDAN  ŞUBESİ;SARICALI MAHALLESİ PARK CADDE No: 4 ÇARŞAMBA SAMSUN;03628332029;55;SAMSUN;;;;41.199432617;36.723036767;08:30-12:30/13:30-17:30;KAPALI;KAPALI;1;2026-09-21 08:30:24
6959;PTT_SUBE;5189;MUŞTA ŞUBESİ;DEREKÖY MAHALLESİ BELEDİYE CADDE No: 3 C 19 MAYIS SAMSUN;03625185121;55;SAMSUN;;;;41.46983901;36.10687104;08:30-12:30/13:30-17:00;KAPALI;KAPALI;1;2026-09-21 08:30:24
6958;PTT_SUBE;7395;SALIPAZARI  ŞUBESİ;BEREKET MAHALLESİ CUMHURİYET MEYDAN No: 13 A SALIPAZARI SAMSUN;03628212122;55;SAMSUN;;;;41.082273801;36.825625458;08:30-12:30/13:30-17:00;KAPALI;KAPALI;1;2026-09-21 08:30:24
6957;PTT_SUBE;861;SAMSUN MÜDÜRLÜĞÜ;KALE MAHALLESİ KAZIMPAŞA CADDE No: 23 İLKADIM SAMSUN;03624313027;55;SAMSUN;;;;41.292574;36.333392;08:30-12:30/13:30-17:30;KAPALI;KAPALI;1;2026-09-21 08:30:24
6956;PTT_SUBE;146;SARIDİBEK ACENTELİĞİ;SARIDİBEK MAHALLESİ BÜYÜK_1 SOKAK No: 104 VEZİRKÖPRÜ SAMSUN;05362280514;55;SAMSUN;;;;41.102953;35.079951;08:30-16:00/-;KAPALI;KAPALI;1;2026-09-21 08:30:24
6955;PTT_SUBE;5167;TEKKEKÖY MÜDÜRLÜĞÜ;KURTULUŞ MAHALLESİ ŞEYH ZEYNETTİN CADDE No: 96 A TEKKEKÖY SAMSUN;03622500080;55;SAMSUN;;;;41.214942;36.45591;08:30-17:00;KAPALI;KAPALI;1;2026-09-21 08:30:24
6954;PTT_SUBE;30;TERME MÜDÜRLÜĞÜ;FENK MAHALLESİ ATATÜRK CADDE No: 14 TERME SAMSUN;03628765089;55;SAMSUN;;;;41.212304317;36.973233998;08:30-17:00;KAPALI;KAPALI;1;2026-09-21 08:30:24
6953;PTT_SUBE;5372;TÜRK-İŞ   ŞUBESİ;MİMARSİNAN MAHALLESİ ALPARSLAN BULVAR No: 7 A ATAKUM SAMSUN;03624371226;55;SAMSUN;;;;41.335004;36.272603;08:30-12:30/13:30-17:00;KAPALI;KAPALI;1;2026-09-21 08:30:24
6951;PTT_SUBE;5016;VEZİRKÖPRÜ MÜDÜRLÜĞÜ;FAZIL AHMET PAŞA MAHALLESİ 120 SOKAK No: 3 VEZİRKÖPRÜ SAMSUN;03626471122;55;SAMSUN;;;;41.142924;35.459145;08:30-17:30;KAPALI;KAPALI;1;2026-09-21 08:30:24
6950;PTT_SUBE;7220;YAKAKENT  ŞUBESİ;MERKEZ MAHALLESİ ŞEHİT HAKKI BATI SOKAK No: 1 YAKAKENT SAMSUN;03626112122;55;SAMSUN;;;;41.633351088;35.530835197;08:30-12:30/13:30-17:00;KAPALI;KAPALI;1;2026-09-21 08:30:24
6949;PTT_SUBE;997;YENI ADLIYE   ŞUBESİ;KILIÇDEDE MAHALLESİ MUHİTTİN ÖZKEFELİ BULVAR No: 5 İLKADIM SAMSUN;03622333002;55;SAMSUN;;;;41.278781;36.349701;08:30-12:30/13:30-17:00;KAPALI;KAPALI;1;2026-09-21 08:30:24
6948;PTT_SUBE;944;YENİCE ACENTELİĞİ;YENİCE MAHALLESİ SAPAK SOKAK No: 11 ALAÇAM SAMSUN;03626332009;55;SAMSUN;;;;41.58292;35.70676;09:00-12:30/13:30-17:00;KAPALI;KAPALI;1;2026-09-21 08:30:24
6947;PTT_SUBE;5202;YÖRÜKLER ACENTELİĞİ;YÖRÜKLER MAHALLESİ CUMHURİYET CADDE No: 141  /2- 19 MAYIS SAMSUN;05426351509;55;SAMSUN;;;;41.52392199;36.08517312;09:00-12:30/13:30-17:00;KAPALI;KAPALI;1;2026-09-21 08:30:24
6977;PTT_SUBE;1060;ÇARŞAMBA MÜDÜRLÜĞÜ;ORTA MAHALLESİ KIZILAY CADDE No: 48 /1 ÇARŞAMBA SAMSUN;03628331122;55;SAMSUN;;;;41.202323374;36.728879782;08:30-17:00;KAPALI;KAPALI;1;2026-09-21 08:30:24
6976;PTT_SUBE;5374;ÇATALÇAM  ŞUBESİ;GÜZELYURT MAHALLESİ ATATÜRK 7. KISIM BULVAR No: 91 B ATAKUM SAMSUN;03624671433;55;SAMSUN;;;;41.394405;36.160006;08:30-12:30/13:30-17:00;KAPALI;KAPALI;1;2026-09-21 08:30:24
6952;PTT_SUBE;7533;ÜNİVERSİTE   ŞUBESİ;KÖRFEZ MAHALLESİ 19 MAYIS CADDE No: 1 ATAKUM SAMSUN;03624576180;55;SAMSUN;;;;41.368376;36.228383;08:30-12:30/13:30-17:00;KAPALI;KAPALI;1;2026-09-21 08:30:24
6969;PTT_SUBE;909;İLKADIM  ŞUBESİ;ULUGAZİ MAHALLESİ 100.YIL BULVAR No: 155 İLKADIM SAMSUN;03622368675;55;SAMSUN;;;;41.286332;36.33047;08:30-12:30/13:30-17:00;KAPALI;KAPALI;1;2026-09-21 08:30:24
6968;PTT_SUBE;941;İLYASKÖY   ŞUBESİ;İLYASKÖY MAHALLESİ ŞEHİT KORHAN EKİZ BULVAR No: 8 İLKADIM SAMSUN;03622364095;55;SAMSUN;;;;41.27896;36.320936;08:30-12:30/13:30-17:00;KAPALI;KAPALI;1;2026-09-21 08:30:24
6967;PTT_SUBE;8566;İSTİKLAL ŞUBE ŞEFLİĞİ;ÇİFTLİK MAHALLESİ HAKKI BEY SOKAK No: 124 İLKADIM SAMSUN;0;55;SAMSUN;;;;41.281911724;36.337673933;08:30-12:30/13:30-17:00;KAPALI;KAPALI;1;2026-09-21 08:30:24
7012;PTT_SUBE;2291;AYANCIK MÜDÜRLÜĞÜ;YALI MAHALLESİ ATATÜRK CADDE No: 1 A AYANCIK SİNOP;03686131122;57;SİNOP;;;;41.94555;34.58852;08:30-12:30/13:30-17:00;KAPALI;KAPALI;1;2026-09-21 08:30:25
7011;PTT_SUBE;2290;BOYABAT MÜDÜRLÜĞÜ;ZİNCİRLİKUYU MAHALLESİ HAMAM SOKAK No: 1 BOYABAT SİNOP;03683151122;57;SİNOP;;;;41.465084;34.769616;08:30-12:30;KAPALI;KAPALI;1;2026-09-21 08:30:25
7009;PTT_SUBE;2110;DURAĞAN MÜDÜRLÜĞÜ;MERKEZ MAHALLESİ CUMHURİYET CADDE No: 121 DURAĞAN SİNOP;03684161122;57;SİNOP;;;;41.41602;35.0586;08:30-12:30/13:30-17:00;KAPALI;KAPALI;1;2026-09-21 08:30:25
7010;PTT_SUBE;4231;DİKMEN MÜDÜRLÜĞÜ;KIRÇAL MAHALLESİ TENZİLATÇI SOKAK No: 2 DİKMEN SİNOP;03687712122;57;SİNOP;;;;41.651764;35.266039;08:30-12:30/13:30-17:00;KAPALI;KAPALI;1;2026-09-21 08:30:25
7008;PTT_SUBE;2072;ERFELEK MÜDÜRLÜĞÜ;MERKEZ MAHALLESİ ATATÜRK CADDE No: 6 ERFELEK SİNOP;03685112502;57;SİNOP;;;;41.879856689;34.909053703;08:30-12:30/13:30-17:00;KAPALI;KAPALI;1;2026-09-21 08:30:25
7007;PTT_SUBE;6123;GELİNCİK  ŞUBESİ;GELİNCİK MAHALLESİ FATİH CADDE No: 98  A MERKEZ SİNOP;03682611805;57;SİNOP;;;;42.020834;35.132111;08:30-12:30/13:30-17:00;KAPALI;KAPALI;1;2026-09-21 08:30:25
7006;PTT_SUBE;4273;GERZE MÜDÜRLÜĞÜ;HAMİDİYE MAHALLESİ ATATÜRK CADDE No: 6 A GERZE SİNOP;03687181122;57;SİNOP;;;;41.8031;35.19836;08:30-12:30/13:30-17:00;KAPALI;KAPALI;1;2026-09-21 08:30:25
7005;PTT_SUBE;2170;SARAYDÜZÜ MÜDÜRLÜĞÜ;MERKEZ MAHALLESİ AKMANOĞLU CADDE No: 2 E SARAYDÜZÜ SİNOP;03684858122;57;SİNOP;;;;41.32893;34.8479;08:30-12:30/13:30-17:00;KAPALI;KAPALI;1;2026-09-21 08:30:25
7004;PTT_SUBE;8518;SİNOP DAĞITIM VE TOPLAMA MÜDÜRLÜĞÜ;GELİNCİK MAHALLESİ BARBOROS CADDE No: 37 A MERKEZ SİNOP;0;57;SİNOP;;;;42.025525;35.14091;08:30-19:30/-;08:30-19:30/-;08:30-19:30/-;1;2026-09-21 08:30:25
7003;PTT_SUBE;1084;SİNOP MÜDÜRLÜĞÜ;YENİ MAHALLESİ ATATÜRK CADDE No: 29 A MERKEZ SİNOP;03682612625;57;SİNOP;;;;42.024941;35.151895;08:30-12:30/13:30-17:00;KAPALI;KAPALI;1;2026-09-21 08:30:25
7002;PTT_SUBE;4313;TÜRKELİ MÜDÜRLÜĞÜ;GÜZELYURT MAHALLESİ ULUBATLI HASAN SOKAK No: 4 TÜRKELİ SİNOP;03686712122;57;SİNOP;;;;41.94479;34.34004;08:30-12:30/13:30-17:00;KAPALI;KAPALI;1;2026-09-21 08:30:25
7053;PTT_SUBE;169;4 EYLÜL  ŞUBESİ;GÜLTEPE MAHALLESİ 53-5.SANAYİİ CADDE No: 7 C MERKEZ SİVAS;03462264049;58;SİVAS;;;;39.725127;37.000036;08:30-12:30/13:30-17:00;KAPALI;KAPALI;1;2026-09-21 08:30:26
7052;PTT_SUBE;728;ADLİYE SARAYI  ŞUBESİ;GÜLTEPE MAHALLESİ SULTANŞEHİR BULVAR No: 9 MERKEZ SİVAS;03462264677;58;SİVAS;;;;39.727175;36.994498;08:30-12:30/13:30-17:00;KAPALI;KAPALI;1;2026-09-21 08:30:26
7051;PTT_SUBE;8237;AKINCILAR ŞUBESİ;CUMHURİYET MAHALLESİ CUMHURİYET CADDE No: 55 AKINCILAR SİVAS;03463615465;58;SİVAS;;;;40.082588;38.344842;08:30-12:30/13:30-17:00;KAPALI;KAPALI;1;2026-09-21 08:30:26
7050;PTT_SUBE;799;ALACAHAN ŞUBESİ;ALACAHAN KÖYÜ/ÇARŞIBAŞI MEVKİİ BULVAR SOKAK No: 58 - KANGAL SİVAS;03464675081;58;SİVAS;;;;39.109449;37.599374;09:00-12:30/12:30-16:00;KAPALI;KAPALI;1;2026-09-21 08:30:26
7048;PTT_SUBE;61;ALTINYAYLA  ŞUBESİ;RIFAT ÖÇTEN MAHALLESİ AKBULUTLAR CADDE No: 36 ALTINYAYLA SİVAS;03466812145;58;SİVAS;;;;39.275279;36.749297;08:30-12:30/13:30-17:00;KAPALI;KAPALI;1;2026-09-21 08:30:26
7049;PTT_SUBE;8275;ALİBABA KURUMSAL ACENTELİĞİ;ALİBABA MAHALLESİ MEHMET AKİF ERSOY CADDE No: 55 MERKEZ SİVAS;05301364170;58;SİVAS;;;;39.761434;37.025251;08:30-08:30/20:30-20:30;10:00-10:00/19:00-19:00;KAPALI;1;2026-09-21 08:30:26
7047;PTT_SUBE;7850;AYDOĞAN  ŞUBESİ;YENİDOĞAN MAHALLESİ HAYRİ SIĞIRCI CADDE No: 130 A MERKEZ SİVAS;03462413205;58;SİVAS;;;;39.756008544;36.995933007;08:30-12:30/13:30-17:00;KAPALI;KAPALI;1;2026-09-21 08:30:26
7046;PTT_SUBE;444;CEMEL ACENTELİĞİ;CEMEL BELDESİ/BAHÇELİEVLER MAHALLESİ MEVLANA CADDE No: 8 ŞARKIŞLA SİVAS;03465778066;58;SİVAS;;;;39.31942;36.46568;09:00-12:30/13:30-17:00;KAPALI;KAPALI;1;2026-09-21 08:30:26
7043;PTT_SUBE;831;DELİİLYAS ACENTELİĞİ;DELİİLYAS BELDESİ/MERKEZ MAHALLESİ CUMHURİYET CADDE No: 28 C ALTINYAYLA SİVAS;03466913111;58;SİVAS;;;;39.324695;36.787536;09:00-12:30/13:30-17:00;KAPALI;KAPALI;1;2026-09-21 08:30:26
7041;PTT_SUBE;8558;DOĞANŞAR ŞUBESİ;ÇAY MAHALLESİ BELEDİYE SOKAK No: 12 DOĞANŞAR SİVAS;0;58;SİVAS;;;;40.213863;37.536267;08:30-12:30/13:30-17:00;KAPALI;KAPALI;1;2026-09-21 08:30:26
7042;PTT_SUBE;46;DİVRİĞİ MÜDÜRLÜĞÜ;MERCANTEPE MAHALLESİ NURİ DEMİRAĞ CADDE No: 71 DİVRİĞİ SİVAS;03464181445;58;SİVAS;;;;39.37066;38.11736;08:30-17:00;KAPALI;KAPALI;1;2026-09-21 08:30:26
7040;PTT_SUBE;167;EĞERCİ ŞUBESİ;EĞERCİ KÖYÜ/KARŞIYAKA MEVKİİ GEMEREK SOKAK No: 1 /1 GEMEREK SİVAS;03466231240;58;SİVAS;;;;39.240479;35.968672;08:30-12:30/13:30-17:00;KAPALI;KAPALI;1;2026-09-21 08:30:26
7039;PTT_SUBE;113;GEMEREK MÜDÜRLÜĞÜ;BAHÇELİ MAHALLESİ DEVLET BAHÇELİ CADDE No: 11 /1 GEMEREK SİVAS;03466141445;58;SİVAS;;;;39.182391;36.068044;08:30-17:00;KAPALI;KAPALI;1;2026-09-21 08:30:26
7038;PTT_SUBE;8022;GÖLOVA  ŞUBESİ;ALSANCAK MAHALLESİ CUMHURİYET CADDE No: 67 GÖLOVA SİVAS;03463812201;58;SİVAS;;;;40.061449;38.60839;08:30-12:30/13:30-17:00;KAPALI;KAPALI;1;2026-09-21 08:30:26
7037;PTT_SUBE;306;GÜLYURT SANAYİ  ŞUBESİ;GÜLYURT MAHALLESİ İSTİKLAL CADDE No: 41 MERKEZ SİVAS;03462247159;58;SİVAS;;;;39.752056;37.03133;08:30-12:30/13:30-17:00;KAPALI;KAPALI;1;2026-09-21 08:30:26
7036;PTT_SUBE;459;GÜRÇAYIR ACENTELİĞİ;GÜRÇAYIR BELDESİ/ÇİÇEKLİ MAHALLESİ KAZIM PAŞA SOKAK No: 6 ŞARKIŞLA SİVAS;03465175244;58;SİVAS;;;;39.330447;36.348735;09:00-12:30/13:30-17:00;KAPALI;KAPALI;1;2026-09-21 08:30:26
7035;PTT_SUBE;117;GÜRÜN MÜDÜRLÜĞÜ;PINARÖNÜ MAHALLESİ PTT SOKAK No: 1 GÜRÜN SİVAS;03467151440;58;SİVAS;;;;38.72272;37.26921;08:30-17:00;KAPALI;KAPALI;1;2026-09-21 08:30:26
7034;PTT_SUBE;959;HAFİK MÜDÜRLÜĞÜ MÜDÜRLÜĞÜ;FATİH MAHALLESİ HARMAN SOKAK No: 9 HAFİK SİVAS;03468412445;58;SİVAS;;;;39.8543;37.39336;08:30-17:00;KAPALI;KAPALI;1;2026-09-21 08:30:26
7033;PTT_SUBE;874;HAVUZ ACENTELİĞİ;HAVUZ KÖYÜ/ATATÜRK MEVKİİ ŞİRİN SOKAK No: 8 KANGAL SİVAS;03464878111;58;SİVAS;;;;39.209632;37.110075;08:30-12:30/13:30-17:00;KAPALI;KAPALI;1;2026-09-21 08:30:26
7032;PTT_SUBE;6619;HÜKÜMET KONAĞI  ŞUBESİ;AKDEĞİRMEN MAHALLESİ HALİS BEY SOKAK No: 4 MERKEZ SİVAS;03462240019;58;SİVAS;;;;39.778775;36.999291;08:30-12:30/13:30-17:00;KAPALI;KAPALI;1;2026-09-21 08:30:26
7029;PTT_SUBE;899;KALIN ACENTELİĞİ;KALIN BELDESİ/CAMİİ MAHALLESİ OSMAN ÇAVUŞ SOKAK No: 11 YILDIZELİ SİVAS;03467634320;58;SİVAS;;;;39.723825;36.714538;09:00-12:30/13:30-17:00;KAPALI;KAPALI;1;2026-09-21 08:30:26
7028;PTT_SUBE;123;KANGAL MÜDÜRLÜĞÜ;REŞADİYE MAHALLESİ YENİ SİVAS CADDE No: 62 C KANGAL SİVAS;03464571445;58;SİVAS;;;;39.231111;37.387121;08:30-12:30;KAPALI;KAPALI;1;2026-09-21 08:30:26
7027;PTT_SUBE;503;KIZILCAKIŞLA ACENTELİĞİ;KIZILCAKIŞLA KÖYÜ/OSMANFAZILPOLAT MEVKİİ AHMET AĞA SOKAK No: 1 ŞARKIŞLA SİVAS;03465275644;58;SİVAS;;;;39.29391;36.32404;09:00-12:30/13:30-17:00;KAPALI;KAPALI;1;2026-09-21 08:30:26
7026;PTT_SUBE;8024;KOYULHİSAR  ŞUBESİ;CAMİİKEBİR MAHALLESİ CUMHURİYET CADDE No: 33 KOYULHİSAR SİVAS;03463413498;58;SİVAS;;;;40.303077621;37.835927136;08:30-12:30/13:30-17:00;KAPALI;KAPALI;1;2026-09-21 08:30:26
7025;PTT_SUBE;143;KÜMBET  ŞUBESİ;MİMAR SİNAN MAHALLESİ MİMAR SİNAN CADDE No: 1 MERKEZ SİVAS;03462284358;58;SİVAS;;;;39.728847;36.976562;08:30-12:30/13:30-17:00;KAPALI;KAPALI;1;2026-09-21 08:30:26
7024;PTT_SUBE;140;SIZIR ŞUBESİ;SIZIR BELDESİ/SUBAŞI MAHALLESİ GÖKSU CADDE No: 1 A GEMEREK SİVAS;03466244440;58;SİVAS;;;;39.31378;35.949568;08:30-12:30/13:30-17:00;KAPALI;KAPALI;1;2026-09-21 08:30:26
7021;PTT_SUBE;956;SUŞEHRİ MÜDÜRLÜĞÜ;TEPEARDI MAHALLESİ SİVAS CADDE No: 95 A SUŞEHRİ SİVAS;03463114494;58;SİVAS;;;;40.162739328;38.085786847;08:30-12:30/13:30-17:00;KAPALI;KAPALI;1;2026-09-21 08:30:26
7023;PTT_SUBE;69;SİVAS MÜDÜRLÜĞÜ;SULARBAŞI MAHALLESİ ATATÜRK CADDE No: 5 MERKEZ SİVAS;03462213056;58;SİVAS;;;;39.750527;37.016691;08:30-12:30/13:30-17:00;KAPALI;KAPALI;1;2026-09-21 08:30:26
7022;PTT_SUBE;141;SİVAS POSTA İŞLEME VE DAĞITIM  MÜDÜRLÜĞÜ;KIZILIRMAK MAHALLESİ 30-15. SOKAK No: 14 MERKEZ SİVAS;03462150817;58;SİVAS;;;;39.737367;37.029273;08:30-17:30;08:30-17:30;KAPALI;1;2026-09-21 08:30:26
7017;PTT_SUBE;8373;ULAŞ  ŞUBESİ;HÜRRİYET MAHALLESİ DEVLET BAHÇELİ CADDE No: 8 ULAŞ SİVAS;03467812241;58;SİVAS;;;;39.444239;37.040553;08:30-12:30/13:30-17:00;KAPALI;KAPALI;1;2026-09-21 08:30:26
7016;PTT_SUBE;8277;YAVU ACENTELİĞİ;YAVU KÖYÜ/FATİHSULTANMEHMET MEVKİİ 1. SOKAK No: 1 YILDIZELİ SİVAS;0;58;SİVAS;;;;39.798716;36.203433;08:30-12:30/13:30-17:00;KAPALI;KAPALI;1;2026-09-21 08:30:26
7015;PTT_SUBE;133;YENİÇUBUK  ŞUBESİ;YENİHAYAT MAHALLESİ İSTASYON SOKAK No: 3 GEMEREK SİVAS;03466547440;58;SİVAS;;;;39.20989;36.094889;08:30-12:30/13:30-17:00;KAPALI;KAPALI;1;2026-09-21 08:30:26
7014;PTT_SUBE;218;YILDIZELİ MÜDÜRLÜĞÜ;MEHMETAKİFERSOY MAHALLESİ CUMHURİYET CADDE No: 30 YILDIZELİ SİVAS;03467512445;58;SİVAS;;;;39.867616;36.601622;08:30-12:30/13:30-17:00;KAPALI;KAPALI;1;2026-09-21 08:30:26
7013;PTT_SUBE;943;ZARA MÜDÜRLÜĞÜ;YENİCAMİİ MAHALLESİ VARİNLİ CADDE No: 15 ZARA SİVAS;03468161445;58;SİVAS;;;;39.897803;37.758337;08:30-17:00;KAPALI;KAPALI;1;2026-09-21 08:30:26
7045;PTT_SUBE;220;ÇEPNİ ŞUBESİ;ÇEPNİ BELDESİ/Ş.BİNBAŞI MEHMET ARAS MAHALLESİ ERDAL İNÖNÜ CADDE No: 1 GEMEREK SİVAS;03466630240;58;SİVAS;;;;39.308636;36.053555;08:30-12:30/13:30-17:00;KAPALI;KAPALI;1;2026-09-21 08:30:26
7044;PTT_SUBE;119;ÇETİNKAYA ŞUBESİ;ÇETİNKAYA KÖYÜ/FATİH MEVKİİ OKUL SOKAK No: 5 - KANGAL SİVAS;03464776640;58;SİVAS;;;;39.250861;37.604459;09:00-12:30/12:30-16:00;KAPALI;KAPALI;1;2026-09-21 08:30:26
7031;PTT_SUBE;8405;İMRANLI MÜDÜRLÜĞÜ;KARŞIYAKA MAHALLESİ ANAFARTALAR CADDE No: 5 A İMRANLI SİVAS;03468612445;58;SİVAS;;;;39.873193;38.110691;08:30-17:00;KAPALI;KAPALI;1;2026-09-21 08:30:26
7030;PTT_SUBE;160;İNKIŞLA ŞUBESİ;İNKIŞLA KÖYÜ/BAHÇELİEVLER MEVKİİ ATATÜRK SOKAK No: 48 GEMEREK SİVAS;03466334165;58;SİVAS;;;;39.34095;36.04071;08:30-12:30/13:30-17:00;KAPALI;KAPALI;1;2026-09-21 08:30:26
7020;PTT_SUBE;162;ŞARKIŞLA  MÜDÜRLÜĞÜ;PINARÖNÜ MAHALLESİ CUMHURİYET CADDE No: 62 ŞARKIŞLA SİVAS;03465121411;58;SİVAS;;;;39.34908;36.40476096;08:30-12:30;KAPALI;KAPALI;1;2026-09-21 08:30:26
7019;PTT_SUBE;7213;ŞEREFİYE ACENTELİĞİ;ŞEREFİYE BELDESİ/ATATÜRK MAHALLESİ VALİ HALİL RIFAT PAŞA SOKAK No: 58 ZARA SİVAS;03468366018;58;SİVAS;;;;40.11944697;37.76209092;08:30-12:30/13:30-17:00;KAPALI;KAPALI;1;2026-09-21 08:30:26
7018;PTT_SUBE;888;ŞEYHHALİL ACENTELİĞİ;ŞEYHHALİL KÖYÜ/SELÇUKLU MEVKİİ 2. SOKAK No: 5 YILDIZELİ SİVAS;03467662268;58;SİVAS;;;;39.84526;36.13835;09:00-12:30/13:30-17:00;KAPALI;KAPALI;1;2026-09-21 08:30:26
7001;PTT_SUBE;2102;ADLİYE  ŞUBESİ;BARIŞ MAHALLESİ ŞEYHEBUL VEFA CADDE No: 26 MERKEZ SİİRT;04842239052;56;SİİRT;;;;37.929829191;41.937009888;08:00-12:00/13:00-16:30;KAPALI;KAPALI;1;2026-09-21 08:30:25
7000;PTT_SUBE;234;BAYKAN MÜDÜRLÜĞÜ;İNÖNÜ MAHALLESİ DR.TANER.ÖZBENLİ CADDE No: 37 BAYKAN SİİRT;04845612018;56;SİİRT;;;;38.162468087;41.782808484;08:00-12:00;KAPALI;KAPALI;1;2026-09-21 08:30:25
6999;PTT_SUBE;319;ERUH MÜDÜRLÜĞÜ;FATİH MAHALLESİ FEVZİ SAYIN CADDE No: 6 ERUH SİİRT;04843112097;56;SİİRT;;;;37.750512599;42.179915017;08:00-12:00/13:00-16:30;KAPALI;KAPALI;1;2026-09-21 08:30:25
6998;PTT_SUBE;243;KURTALAN MÜDÜRLÜĞÜ;KÜLTÜR MAHALLESİ YAŞAR KEMAL CADDE No: 68 KURTALAN SİİRT;04844112495;56;SİİRT;;;;37.925324;41.697799;08:00-12:00/13:00-16:30;KAPALI;KAPALI;1;2026-09-21 08:30:25
6997;PTT_SUBE;259;PERVARİ MÜDÜRLÜĞÜ;AYDIN MAHALLESİ BEYAZIT CADDE No: 16 PERVARİ SİİRT;04843612129;56;SİİRT;;;;37.933075;42.546093;08:00-12:00/13:00-16:30;KAPALI;KAPALI;1;2026-09-21 08:30:25
6996;PTT_SUBE;1971;SEVGİ  ŞUBESİ;BAHÇELİEVLER MAHALLESİ HZ.FAKİRULLAH CADDE No: 115 E MERKEZ SİİRT;04842235396;56;SİİRT;;;;37.934908804;41.939934487;08:00-12:00/13:00-16:30;KAPALI;KAPALI;1;2026-09-21 08:30:25
6995;PTT_SUBE;456;SİİRT MÜDÜRLÜĞÜ;BAHÇELİEVLER MAHALLESİ MEHMET METİN ARITÜRK CADDE No: 2 MERKEZ SİİRT;04842232310;56;SİİRT;;;;37.930067;41.939233;08:00-12:00;KAPALI;KAPALI;1;2026-09-21 08:30:25
6994;PTT_SUBE;1907;SİİRT VALİLİĞİ 15 TEMMUZ ŞEHİTLERİ  ŞUBESİ;KOOPERATİF MAHALLESİ HÜKÜMET BULVAR No: 100 MERKEZ SİİRT;04842243645;56;SİİRT;;;;37.938661992;41.92142494;08:00-12:00/13:00-16:30;KAPALI;KAPALI;1;2026-09-21 08:30:25
6991;PTT_SUBE;1549;TUGAY  ŞUBESİ;BARIŞ MAHALLESİ HÜKÜMET BULVAR No: 149 MERKEZ SİİRT;04842232200;56;SİİRT;;;;37.933001328;41.931638136;08:00-12:00/13:00-16:30;KAPALI;KAPALI;1;2026-09-21 08:30:25
6992;PTT_SUBE;1856;TİLLO  ŞUBESİ;SAYDANLAR MAHALLESİ İSMAİL HAKKI CALAPKULU BULVAR No: 12 TİLLO SİİRT;04844612209;56;SİİRT;;;;37.95172519;42.0092725;08:00-12:00/13:00-16:30;KAPALI;KAPALI;1;2026-09-21 08:30:25
6990;PTT_SUBE;271;ZİYARET ŞUBESİ;VEYSELKARANİ BELDESİ/ŞEYHOSMAN MAHALLESİ VEYSELKARANİ CADDE No: 2 - BAYKAN SİİRT;04845652001;56;SİİRT;;;;38.130364;41.718422;08:00-12:00/13:00-16:30;KAPALI;KAPALI;1;2026-09-21 08:30:25
6993;PTT_SUBE;1901;ŞİRVAN  ŞUBESİ;KÜFRE MAHALLESİ PTT CADDE No: 4 ŞİRVAN SİİRT;04845112001;56;SİİRT;;;;38.061294;42.029504;08:00-12:00/13:00-16:30;KAPALI;KAPALI;1;2026-09-21 08:30:25
7137;PTT_SUBE;1215;100. YIL  ŞUBESİ;100. YIL MAHALLESİ ORHAN VELİ KANIK SOKAK No: 3 /1A SÜLEYMANPAŞA TEKİRDAĞ;02822603070;59;TEKİRDAĞ;;;;40.971834;27.493711;08:30-12:30/13:30-17:00;KAPALI;KAPALI;1;2026-09-21 08:30:27
7136;PTT_SUBE;7907;15 TEMMUZ ŞEHİTLER ŞUBESİ;CUMHURİYET MAHALLESİ 1332. SOKAK No: 12 ERGENE TEKİRDAĞ;02826864432;59;TEKİRDAĞ;;;;41.195268;27.778662;08:30-12:30/13:30-17:00;KAPALI;KAPALI;1;2026-09-21 08:30:27
7135;PTT_SUBE;7370;ADLİYE  ŞUBESİ;ZAFER MAHALLESİ BÜLENT ECEVİT BULVAR No: 39 ÇORLU TEKİRDAĞ;02826512000;59;TEKİRDAĞ;;;;41.143026;27.832622;08:30-12:30/13:30-17:00;KAPALI;KAPALI;1;2026-09-21 08:30:27
7134;PTT_SUBE;1192;ALTINOVA  ŞUBESİ;ALTINOVA MAHALLESİ GAZİ HASAN PAŞA CADDE No: 80 A SÜLEYMANPAŞA TEKİRDAĞ;02822438043;59;TEKİRDAĞ;;;;40.945692;27.488163;08:30-12:30/13:30-17:00;KAPALI;KAPALI;1;2026-09-21 08:30:27
7133;PTT_SUBE;8358;BEYAZKÖY ACENTELİĞİ;BEYAZKÖY MAHALLESİ SAĞLIK CADDE No: 12 SARAY TEKİRDAĞ;0;59;TEKİRDAĞ;;;;41.34981798;27.70667496;08:30-12:30/13:30-17:00;KAPALI;KAPALI;1;2026-09-21 08:30:27
7132;PTT_SUBE;8056;BÜYÜKYONCALI ŞUBESİ;BOZOBA MAHALLESİ 1 KASIM CADDE No: 24 SARAY TEKİRDAĞ;02827888565;59;TEKİRDAĞ;;;;41.372336;27.931182;08:30-12:30/13:30-17:00;KAPALI;KAPALI;1;2026-09-21 08:30:27
7124;PTT_SUBE;8121;ERGENE  ŞUBESİ;SAĞLIK MAHALLESİ MEHMETÇİK SOKAK No: 6 A ERGENE TEKİRDAĞ;02826864433;59;TEKİRDAĞ;;;;41.183401916;27.766717943;08:30-12:30/13:30-17:00;KAPALI;KAPALI;1;2026-09-21 08:30:27
7123;PTT_SUBE;7910;FATİH  ŞUBESİ;FATİH MAHALLESİ ÜZÜMLÜ SOKAK No: 3 ÇERKEZKÖY TEKİRDAĞ;02827266107;59;TEKİRDAĞ;;;;41.2845966;28.010641489;08:30-12:30/13:30-17:00;KAPALI;KAPALI;1;2026-09-21 08:30:27
7122;PTT_SUBE;6181;GÜLTEPE ŞUBESİ;KIZILPINAR GÜLTEPE MAHALLESİ 109. SOKAK No: 3 /1B ÇERKEZKÖY TEKİRDAĞ;02827233710;59;TEKİRDAĞ;;;;41.265761;27.972077;08:30-12:30/13:30-17:00;KAPALI;KAPALI;1;2026-09-21 08:30:27
7121;PTT_SUBE;1928;HAYRABOLU MÜDÜRLÜĞÜ;İLYAS MAHALLESİ ALPULLU CADDE No: 25 HAYRABOLU TEKİRDAĞ;02823151497;59;TEKİRDAĞ;;;;41.215092;27.106808;08:30-17:00;KAPALI;KAPALI;1;2026-09-21 08:30:27
7120;PTT_SUBE;797;HOŞKÖY ŞUBESİ;HOŞKÖY MAHALLESİ MARMARA SAHİL CADDE No: 37 -39 ŞARKÖY TEKİRDAĞ;02825386254;59;TEKİRDAĞ;;;;40.711897;27.314815;08:30-12:30/13:30-17:00;KAPALI;KAPALI;1;2026-09-21 08:30:27
7119;PTT_SUBE;1217;HÜRRİYET  ŞUBESİ;HÜRRİYET MAHALLESİ ÇANDARLIZADE İBRAHİM PAŞA CADDE No: 82 C SÜLEYMANPAŞA TEKİRDAĞ;02822620259;59;TEKİRDAĞ;;;;40.989705;27.557886;08:30-12:30/13:30-17:00;KAPALI;KAPALI;1;2026-09-21 08:30:27
7118;PTT_SUBE;8057;KAPAKLI  ŞUBESİ;CUMHURİYET MAHALLESİ ERBAY CADDE No: 15 KAPAKLI TEKİRDAĞ;02827178248;59;TEKİRDAĞ;;;;41.332464;27.984303;08:30-12:30/13:30-17:00;KAPALI;KAPALI;1;2026-09-21 08:30:27
7117;PTT_SUBE;8137;KAPAKLI DAĞITIM VE TOPLAMA MÜDÜRLÜĞÜ;VATAN MAHALLESİ ERBAY CADDE No: 16 -18D KAPAKLI TEKİRDAĞ;02827178247;59;TEKİRDAĞ;;;;41.332527;27.984811;08:30-12:30;KAPALI;KAPALI;1;2026-09-21 08:30:27
7116;PTT_SUBE;7368;KAZİMİYE  ŞUBESİ;KAZIMİYE MAHALLESİ AŞIK VEYSEL SOKAK No: 33 A ÇORLU TEKİRDAĞ;02826544052;59;TEKİRDAĞ;;;;41.155377;27.822399;08:30-12:30/13:30-17:00;KAPALI;KAPALI;1;2026-09-21 08:30:27
7115;PTT_SUBE;6627;MALKARA MÜDÜRLÜĞÜ;GAZİBEY MAHALLESİ İSMET İNÖNÜ CADDE No: 38 MALKARA TEKİRDAĞ;02824271750;59;TEKİRDAĞ;;;;40.895016;26.904767;08:30-12:30/13:30-17:30;KAPALI;KAPALI;1;2026-09-21 08:30:27
7114;PTT_SUBE;6038;MARMARA EREĞLİSİ;BAHÇELİEVLER MAHALLESİ ÇIKMAZ SOKAK No: 3 A MARMARAEREĞLİSİ TEKİRDAĞ;02826131793;59;TEKİRDAĞ;;;;40.96945;27.94453;08:30-17:00;KAPALI;KAPALI;1;2026-09-21 08:30:27
7113;PTT_SUBE;7998;MURATLI  ŞUBESİ;MURADİYE MAHALLESİ 100. YIL CADDE No: 65 MURATLI TEKİRDAĞ;02823124930;59;TEKİRDAĞ;;;;41.171114;27.497447;08:30-12:30/13:30-17:00;KAPALI;KAPALI;1;2026-09-21 08:30:27
7112;PTT_SUBE;786;MÜREFTE ŞUBESİ;MÜREFTE MAHALLESİ ŞANLI KURTULUŞ CADDE No: 264 ŞARKÖY TEKİRDAĞ;02825287490;59;TEKİRDAĞ;;;;40.669044;27.247771;11:00-12:30/13:30-16:00;KAPALI;KAPALI;1;2026-09-21 08:30:27
7111;PTT_SUBE;8055;SARAY   ŞUBESİ;AYASPAŞA MAHALLESİ CUMHURİYET CADDE No: 6 SARAY TEKİRDAĞ;02827681001;59;TEKİRDAĞ;;;;41.441787;27.918999;08:30-12:30/13:30-17:00;KAPALI;KAPALI;1;2026-09-21 08:30:27
7110;PTT_SUBE;6031;SÜLEYMANPAŞA DAĞITIM TOPLAMA  MÜDÜRLÜĞÜ;ÇINARLI MAHALLESİ ERDİ SOKAK No: 60 A SÜLEYMANPAŞA TEKİRDAĞ;02822613550;59;TEKİRDAĞ;;;;40.978002;27.489892;08:30-17:00;08:30-17:00;KAPALI;1;2026-09-21 08:30:27
7107;PTT_SUBE;6030;TEKİRDAĞ MÜDÜRLÜĞÜ;ORTACAMİ MAHALLESİ HÜKÜMET CADDE No: 20 /1 SÜLEYMANPAŞA TEKİRDAĞ;02822614913;59;TEKİRDAĞ;;;;40.97849;27.51391;08:30-17:00;KAPALI;KAPALI;1;2026-09-21 08:30:27
7106;PTT_SUBE;7897;ULAŞKÖY ŞUBESİ;ULAŞ MAHALLESİ ATATÜRK BULVAR No: 12 ERGENE TEKİRDAĞ;02826555450;59;TEKİRDAĞ;;;;41.235138;27.707415;08:30-12:30/13:30-17:00;KAPALI;KAPALI;1;2026-09-21 08:30:27
7105;PTT_SUBE;1285;VELİKÖY ŞUBESİ;VELİKÖY MAHALLESİ HÜRRİYET 1 SOKAK No: 3 ÇERKEZKÖY TEKİRDAĞ;02827476373;59;TEKİRDAĞ;;;;41.258786;27.936375;08:30-12:30/13:30-17:00;KAPALI;KAPALI;1;2026-09-21 08:30:27
7104;PTT_SUBE;7898;VELİMEŞE  ŞUBESİ;VELİMEŞE MAHALLESİ DEDEBAL CADDE No: 29 - ERGENE TEKİRDAĞ;02826743899;59;TEKİRDAĞ;;;;41.259394206;27.879865937;08:30-12:30/13:30-17:00;KAPALI;KAPALI;1;2026-09-21 08:30:27
7103;PTT_SUBE;7371;YENİ SANAYİ ŞUBESİ;ZAFER MAHALLESİ ŞEHİT YÜZBAŞI YÜCEL KENTER CADDE No: 2 A53 ÇORLU TEKİRDAĞ;02826733891;59;TEKİRDAĞ;;;;41.149792762;27.840824151;08:30-12:30/13:30-17:00;KAPALI;KAPALI;1;2026-09-21 08:30:27
7102;PTT_SUBE;6057;YENİÇİFTLİK SAHİL  ŞUBESİ;YENİÇİFTLİK MAHALLESİ MERKEZ CADDE No: 160 MARMARAEREĞLİSİ TEKİRDAĞ;02826441963;59;TEKİRDAĞ;;;;41.0121;27.84928;08:30-12:30/13:30-17:00;KAPALI;KAPALI;1;2026-09-21 08:30:27
7101;PTT_SUBE;7899;YEŞİLTEPE  ŞUBESİ;YEŞİLTEPE MAHALLESİ HALİDE EDİP ADIVAR SOKAK No: 61 A ERGENE TEKİRDAĞ;02826865186;59;TEKİRDAĞ;;;;41.189079115;27.766713868;08:30-12:30/13:30-17:00;KAPALI;KAPALI;1;2026-09-21 08:30:27
7131;PTT_SUBE;8058;ÇARŞI  ŞUBESİ;İNÖNÜ MAHALLESİ EYÜPOĞLU CADDE No: 5 KAPAKLI TEKİRDAĞ;02827178249;59;TEKİRDAĞ;;;;41.329832;27.972659;08:30-12:30/13:30-17:00;KAPALI;KAPALI;1;2026-09-21 08:30:27
7130;PTT_SUBE;8004;ÇERKEZKÖY DAĞITIM VE TOPLAMA  MÜDÜRLÜĞÜ;FATİH MAHALLESİ ÜZÜMLÜ SOKAK No: 3 ÇERKEZKÖY TEKİRDAĞ;02827253606;59;TEKİRDAĞ;;;;41.282752;28.01092;08:30-17:00/-;KAPALI;KAPALI;1;2026-09-21 08:30:27
7129;PTT_SUBE;1981;ÇERKEZKÖY MÜDÜRLÜĞÜ;GAZİ OSMAN PAŞA MAHALLESİ UĞUR MUMCU CADDE No: 44 ÇERKEZKÖY TEKİRDAĞ;02827266100;59;TEKİRDAĞ;;;;41.285457;27.998848;08:30-17:00;KAPALI;KAPALI;1;2026-09-21 08:30:27
7128;PTT_SUBE;7068;ÇERKEZMÜSELLİM ACENTELİĞİ;ÇERKEZMÜSELLİM MAHALLESİ ATATÜRK CADDE No: 118 HAYRABOLU TEKİRDAĞ;02823258478;59;TEKİRDAĞ;;;;41.272379;27.025632;08:30-12:30/13:30-17:00;KAPALI;KAPALI;1;2026-09-21 08:30:27
7126;PTT_SUBE;7087;ÇORLU DAĞITIM VE TOPLAMA MÜDÜRLÜĞÜ;RUMELİ MAHALLESİ BÜLENT ECEVİT BULVAR No: 109 A ÇORLU TEKİRDAĞ;02826511003;59;TEKİRDAĞ;;;;41.146721;27.818636;08:30-12:30/13:30-17:00;08:30-12:30/13:30-17:00;KAPALI;1;2026-09-21 08:30:27
7125;PTT_SUBE;1530;ÇORLU MÜDÜRLÜĞÜ;ŞEYHSİNAN MAHALLESİ SALİH OMURTAK CADDE No: 147 ÇORLU TEKİRDAĞ;02826511003;59;TEKİRDAĞ;;;;41.161778;27.800033;08:30-12:30;KAPALI;KAPALI;1;2026-09-21 08:30:27
7127;PTT_SUBE;1209;ÇİFTLİKÖNÜ  ŞUBESİ;ÇİFTLİKÖNÜ MAHALLESİ ÇİFTLİK ÖNÜ CADDE No: 51 B SÜLEYMANPAŞA TEKİRDAĞ;02822615499;59;TEKİRDAĞ;;;;40.980836;27.521613;08:30-12:30/13:30-17:00;KAPALI;KAPALI;1;2026-09-21 08:30:27
7109;PTT_SUBE;771;ŞARKÖY MÜDÜRLÜĞÜ;CAMİKEBİR MAHALLESİ İSMAİL HAKKI ŞAHİN CADDE No: 4 ŞARKÖY TEKİRDAĞ;02825386254;59;TEKİRDAĞ;;;;40.615539;27.113653;08:30-12:30/13:30-17:00;KAPALI;KAPALI;1;2026-09-21 08:30:27
7108;PTT_SUBE;7369;ŞEHİT AKIN ACAR ŞUBE;RUMELİ MAHALLESİ BÜLENT ECEVİT BULVAR No: 109 ÇORLU TEKİRDAĞ;02826921600;59;TEKİRDAĞ;;;;41.146678;27.818677;08:30-12:30/13:30-17:00;KAPALI;KAPALI;1;2026-09-21 08:30:27
7172;PTT_SUBE;1400;ADLİYE SARAYI  ŞUBESİ;KÜÇÜKBEY BAĞI MAHALLESİ GAZİ OSMAN PAŞA BULVAR No: 338 C MERKEZ TOKAT;03562140749;60;TOKAT;;;;40.301353;36.553044;08:30-12:30/13:30-17:00;KAPALI;KAPALI;1;2026-09-21 08:30:27
7171;PTT_SUBE;8351;ALMUS ŞUBESİ;SİTELER MAHALLESİ MEYDAN CADDE No: 11 A ALMUS TOKAT;0;60;TOKAT;;;;40.376396;36.903637;08:30-12:30/13:30-17:00;KAPALI;KAPALI;1;2026-09-21 08:30:27
7170;PTT_SUBE;7217;ARTOVA  ŞUBESİ;ALPASLAN MAHALLESİ MİTHATPAŞA CADDE No: 2 ARTOVA TOKAT;03566112445;60;TOKAT;;;;40.115310224;36.297299555;08:30-12:30/13:30-17:00;KAPALI;KAPALI;1;2026-09-21 08:30:27
7168;PTT_SUBE;4979;BAYDARLI ACENTELİĞİ;BAYDARLI BELDESİ/MERKEZ MAHALLESİ MEDRESE CADDE No: 2 REŞADİYE TOKAT;03464742047;60;TOKAT;;;;40.49432199;37.49303412;08:30-16:00/-;KAPALI;KAPALI;1;2026-09-21 08:30:27
7169;PTT_SUBE;5344;BAŞÇİFTLİK  ŞUBESİ;SİNANPAŞA MAHALLESİ 15 TEMMUZ ŞEHİTLER MEYDANI MEYDAN No: 30 BAŞÇİFTLİK TOKAT;03564512300;60;TOKAT;;;;40.54612;37.16895;08:30-12:30/13:30-17:30;KAPALI;KAPALI;1;2026-09-21 08:30:27
7167;PTT_SUBE;4985;BEREKETLİ ACENTELİĞİ;BEREKETLİ BELDESİ/ORTA MAHALLESİ ESKİ CADDE No: 9 A REŞADİYE TOKAT;03564737303;60;TOKAT;;;;40.514081;37.291264;08:30-16:00/-;KAPALI;KAPALI;1;2026-09-21 08:30:27
7166;PTT_SUBE;4982;BOZCALI ACENTELİĞİ;BOZÇALI BELDESİ/HACI ABİDİN MAHALLESİ GAZİOSMANPAŞA CADDE No: 11 REŞADİYE TOKAT;03564726001;60;TOKAT;;;;40.543621;37.289982;08:30-16:00/-;KAPALI;KAPALI;1;2026-09-21 08:30:27
7165;PTT_SUBE;5007;CİMİTEKKE ACENTELİĞİ;CİMİTEKKE BELDESİ/ALPLER MAHALLESİ CUMHURİYET CADDE No: 10 A REŞADİYE TOKAT;03564715502;60;TOKAT;;;;40.495993;37.425343;08:30-16:00/-;KAPALI;KAPALI;1;2026-09-21 08:30:27
7163;PTT_SUBE;7303;DEREKÖY ACENTELİĞİ;DEREKÖY KÖYÜ/MERKEZ MEVKİİ KARABABA SOKAK No: 2 PAZAR TOKAT;03562656071;60;TOKAT;;;;40.24676304;36.24527304;08:30-12:30/13:30-16:00;KAPALI;KAPALI;1;2026-09-21 08:30:27
7162;PTT_SUBE;4953;DÖKMETEPE ACENTELİĞİ;DÖKMETEPE KÖYÜ DÖKMETEPE KÜME EVLER No: 77 TURHAL TOKAT;05369352526;60;TOKAT;;;;40.31203698;36.28793916;08:30-12:30/13:30-17:00;KAPALI;KAPALI;1;2026-09-21 08:30:27
7161;PTT_SUBE;8452;EMİRSEYİT ACENTELİĞİ;EMİRSEYİT BELDESİ/BAHÇELİEVLER MAHALLESİ ŞEHİT MÜSEYİT ULIŞIK CADDE No: 1 MERKEZ TOKAT;00000000000;60;TOKAT;;;;40.360444;36.418928;08:30-12:30/13:30-17:00;KAPALI;KAPALI;1;2026-09-21 08:30:27
7160;PTT_SUBE;1918;ERBAA MÜDÜRLÜĞÜ;İSMETPAŞA MAHALLESİ İSTİKLAL CADDE No: 91  /1- ERBAA TOKAT;03567158090;60;TOKAT;;;;40.67231;36.5662;08:30-12:30/13:30-17:00;KAPALI;KAPALI;1;2026-09-21 08:30:27
7159;PTT_SUBE;2081;ERBAA SANAYİ SİTESİ ACENTELİĞİ;YAVUZSULTANSELİM MAHALLESİ MEHMET USLU CADDE No: 39 ERBAA TOKAT;05316008160;60;TOKAT;;;;40.679653;36.540109;08:30-12:30/13:30-17:00;KAPALI;KAPALI;1;2026-09-21 08:30:27
7158;PTT_SUBE;2026;GÖKAL ACENTELİĞİ;GÖKAL BELDESİ/GÜLDERE MAHALLESİ ATATÜRK CADDE No: 66 ERBAA TOKAT;05307828047;60;TOKAT;;;;40.849614;36.693241;08:30-12:30/13:30-17:00;KAPALI;KAPALI;1;2026-09-21 08:30:27
7157;PTT_SUBE;7187;GÖKÇELİ ACENTELİĞİ;GÖKÇELİ BELDESİ/YENİ MAHALLESİ LADİK CADDE No: 17 NİKSAR TOKAT;03565312013;60;TOKAT;;;;40.586767;36.733381;09:00-12:30/13:30-17:00;KAPALI;KAPALI;1;2026-09-21 08:30:27
7155;PTT_SUBE;8453;GÜRYILDIZ ACENTELİĞİ;GÜRYILDIZ BELDESİ/BAHÇELİEVLER MAHALLESİ OSMANLI CADDE No: 69 /1 MERKEZ TOKAT;00000000000;60;TOKAT;;;;40.328059;36.359272;08:30-12:30/13:30-17:00;KAPALI;KAPALI;1;2026-09-21 08:30:27
7156;PTT_SUBE;5345;GÜRÇEŞME ACENTELİĞİ;GÜRÇEŞME BELDESİ/ESKİDİR MAHALLESİ NİKSAR CADDE No: 85 NİKSAR TOKAT;03565325101;60;TOKAT;;;;40.57411698;36.80411112;08:30-12:30/13:30-17:30;KAPALI;KAPALI;1;2026-09-21 08:30:27
7154;PTT_SUBE;8096;HASANŞEYH ACENTELİĞİ;HASANŞEYH BELDESİ/ŞEYHLİOĞLU MAHALLESİ BELEDİYE CADDE No: 4 REŞADİYE TOKAT;03564610000;60;TOKAT;;;;40.47706;37.458801;08:30-12:30/13:30-17:00;KAPALI;KAPALI;1;2026-09-21 08:30:27
7153;PTT_SUBE;2051;KARAYAKA ACENTELİĞİ;KARAYAKA BELDESİ/HÜRMÜZLÜ MAHALLESİ CUMHURİYET MEYDAN No: 9 ERBAA TOKAT;03567485246;60;TOKAT;;;;40.74180102;36.59489316;08:30-12:30/13:30-17:00;KAPALI;KAPALI;1;2026-09-21 08:30:27
7152;PTT_SUBE;4948;KAT ACENTELİĞİ;KAT KÖYÜ/UZUNYURT MEVKİİ CUMHURİYET SOKAK No: 56 TURHAL TOKAT;05432697521;60;TOKAT;;;;40.319235;36.32396;08:30-12:30/13:30-17:00;KAPALI;KAPALI;1;2026-09-21 08:30:27
7151;PTT_SUBE;5346;NİKSAR MÜDÜRLÜĞÜ;CEPNİBEY MAHALLESİ FATİH SULTAN MEHMET CADDE No: 72 /1A NİKSAR TOKAT;03565271100;60;TOKAT;;;;40.58993;36.95614;08:30-17:30;KAPALI;KAPALI;1;2026-09-21 08:30:27
7150;PTT_SUBE;8043;PAZAR  ŞUBESİ;MERKEZ MAHALLESİ ATATÜRK CADDE No: 1 PAZAR TOKAT;03562612445;60;TOKAT;;;;40.278313592;36.286061384;08:30-12:30/13:30-17:00;KAPALI;KAPALI;1;2026-09-21 08:30:27
7149;PTT_SUBE;2130;REŞADİYE MÜDÜRLÜĞÜ;OSMANİYE MAHALLESİ GÜLTEKİN TOPÇAM CADDE No: 23 A REŞADİYE TOKAT;03564613445;60;TOKAT;;;;40.393416;37.336855;08:30-17:30;KAPALI;KAPALI;1;2026-09-21 08:30:27
7148;PTT_SUBE;7219;SULUSARAY  ŞUBESİ;GAZİOSMANPAŞA MAHALLESİ ATATÜRK CADDE No: 13 SULUSARAY TOKAT;03566516245;60;TOKAT;;;;39.996129636;36.091313071;08:30-12:30/13:30-17:00;KAPALI;KAPALI;1;2026-09-21 08:30:27
7146;PTT_SUBE;2069;TANOBA ACENTELİĞİ;TANOBA BELDESİ/ÇANKAYA MAHALLESİ ŞHT.ASB. ÖMER HALİSDEMİR CADDE No: 6 ERBAA TOKAT;05511316060;60;TOKAT;;;;40.652817;36.400644;08:30-12:30/13:30-17:00;KAPALI;KAPALI;1;2026-09-21 08:30:27
7145;PTT_SUBE;8368;TOKAT DAĞITIM VE TOPLAMA MÜDÜRLÜĞÜ;KARŞIYAKA MAHALLESİ ORHAN GAZİ BULVAR No: 134 /2 MERKEZ TOKAT;0;60;TOKAT;;;;40.338734;36.546088;08:00-20:00/-;08:00-20:00/-;08:00-20:00/-;1;2026-09-21 08:30:27
7144;PTT_SUBE;1479;TOKAT PTT MÜDÜRLÜĞÜ;KARŞIYAKA MAHALLESİ ORHAN GAZİ BULVAR No:134 MERKEZ TOKAT;03562144424;60;TOKAT;;;;40.338187;36.54603;08:30-12:30 / 13:30-17:00;KAPALI;KAPALI;1;2026-09-21 08:30:27
7143;PTT_SUBE;6657;TURHAL MÜDÜRLÜĞÜ;CELAL MAHALLESİ CUMHURİYET CADDE No: 25 TURHAL TOKAT;03562754215;60;TOKAT;;;;40.38768;36.08425;08:30-12:30;KAPALI;KAPALI;1;2026-09-21 08:30:27
7141;PTT_SUBE;4950;YENİSU ACENTELİĞİ;YENİSU KÖYÜ/CUMHURİYET MEVKİİ KARA AHMET HAKAN SOKAK No: 8 TURHAL TOKAT;05337417454;60;TOKAT;;;;40.48550199;36.37056996;08:30-12:30/13:30-17:00;KAPALI;KAPALI;1;2026-09-21 08:30:27
7140;PTT_SUBE;7218;YEŞİLYURT  ŞUBESİ;100. YIL MAHALLESİ ŞHT.ALİ GÜLHAN SOKAK No: 1 A YEŞİLYURT TOKAT;03566312445;60;TOKAT;;;;40.007492599;36.220369983;08:30-12:30/13:30-17:00;KAPALI;KAPALI;1;2026-09-21 08:30:27
7139;PTT_SUBE;2071;YILDIZTEPE ACENTELİĞİ;YILDIZTEPE KÖYÜ/YENİ MEVKİİ ZİLE SOKAK No: 4 ZİLE TOKAT;03563312137;60;TOKAT;;;;40.19044599;35.88822684;08:30-12:30/13:30-17:00;KAPALI;KAPALI;1;2026-09-21 08:30:27
7138;PTT_SUBE;2105;ZİLE MÜDÜRLÜĞÜ;ALİKADI MAHALLESİ ADNAN MENDERES CADDE No: 11 A ZİLE TOKAT;03563171445;60;TOKAT;;;;40.302613708;35.890707886;08:30-12:30/13:30-17:00;KAPALI;KAPALI;1;2026-09-21 08:30:27
7164;PTT_SUBE;8451;ÇEVRELİ ACENTELİĞİ;ÇEVRELİ BELDESİ/AYDINLAR MAHALLESİ BELEDİYE CADDE No: 1 ALMUS TOKAT;00000000000;60;TOKAT;;;;40.298039;36.854533;08:30-12:30/13:30-17:00;KAPALI;KAPALI;1;2026-09-21 08:30:27
7142;PTT_SUBE;7304;ÜZÜMÖREN ACENTELİĞİ;ÜZÜMÖREN BELDESİ/YEŞİLDERE MAHALLESİ CUMHURİYET CADDE No: 2 - PAZAR TOKAT;03562655005;60;TOKAT;;;;40.23472;36.194772;08:30-12:30/13:30-16:00;KAPALI;KAPALI;1;2026-09-21 08:30:27
7147;PTT_SUBE;4952;ŞENYURT ACENTELİĞİ;ŞENYURT BELDESİ/ORTAKÖY MAHALLESİ ATATÜRK BULVAR No: 61 TURHAL TOKAT;05452526519;60;TOKAT;;;;40.328308;36.206491;08:30-12:30/13:30-17:00;KAPALI;KAPALI;1;2026-09-21 08:30:27
7226;PTT_SUBE;4255;ADACIK ACENTELİĞİ;ADACIK MAHALLESİ ŞHT.AYHAN GEDİKLİ KORUCU CADDE No: 38 /1 AKÇAABAT TRABZON;04622562259;61;TRABZON;;;;41.02494399;39.48514092;09:00-12:30/13:30-16:30;KAPALI;KAPALI;1;2026-09-21 08:30:28
7225;PTT_SUBE;4350;ADLİYE SARAYI  ŞUBESİ;KAŞÜSTÜ MAHALLESİ 1300 NOLU SOKAK No: 1 /1 YOMRA TRABZON;04623250302;61;TRABZON;;;;40.960968;39.84268;08:30-12:30/13:30-17:00;KAPALI;KAPALI;1;2026-09-21 08:30:28
7223;PTT_SUBE;7023;AKYAZI ACENTELİĞİ;AKYAZI MAHALLESİ AKYAZI KALCIOĞLU CADDE No: 1 ORTAHİSAR TRABZON;0;61;TRABZON;;;;40.982237385;39.636572914;09:00-12:30/13:30-16:30;KAPALI;KAPALI;1;2026-09-21 08:30:28
7224;PTT_SUBE;860;AKÇAABAT MÜDÜRLÜĞÜ;ORTA MAHALLESİ İNÖNÜ CADDE No: 66 AKÇAABAT TRABZON;04622271015;61;TRABZON;;;;41.023350818;39.566342505;08:30-17:00;KAPALI;KAPALI;1;2026-09-21 08:30:28
7222;PTT_SUBE;100;ARAKLI MÜDÜRLÜĞÜ;MERKEZ MAHALLESİ TRABZON CADDE No: 44 ARAKLI TRABZON;04627216520;61;TRABZON;;;;40.939808123;40.054409971;08:30-12:30;KAPALI;KAPALI;1;2026-09-21 08:30:28
7221;PTT_SUBE;4216;ARSİN MÜDÜRLÜĞÜ;YALI MAHALLESİ ŞEHİT AST. HALİL ALBAYRAK CADDE No: 118 A ARSİN TRABZON;04627113519;61;TRABZON;;;;40.956231634;39.943324914;08:30-12:30;KAPALI;KAPALI;1;2026-09-21 08:30:28
7220;PTT_SUBE;4314;ATAKÖY ACENTELİĞİ;ATAKÖY MAHALLESİ ATAKÖY KÜME EVLER No: 1 ÇAYKARA TRABZON;04626265352;61;TRABZON;;;;40.703369;40.228951;09:00-12:30/13:30-16:30;KAPALI;KAPALI;1;2026-09-21 08:30:28
7219;PTT_SUBE;8450;BEŞİKDÜZÜ MERKEZİ;CUMHURİYET MAHALLESİ MEHMET AKİF ERSOY SOKAK No: 15 A BEŞİKDÜZÜ TRABZON;04628713001;61;TRABZON;;;;41.051580772;39.229487915;08:30-12:30/13:30-17:00;KAPALI;KAPALI;1;2026-09-21 08:30:28
7218;PTT_SUBE;6773;BEŞİRLİ  ŞUBESİ;2 NOLU BEŞİRLİ MAHALLESİ 917 NOLU SOKAK No: 4 ORTAHİSAR TRABZON;04622234494;61;TRABZON;;;;40.99389;39.671151;08:30-12:30/13:30-17:00;KAPALI;KAPALI;1;2026-09-21 08:30:28
7211;PTT_SUBE;7115;DARICA ACENTELİĞİ;DARICA MAHALLESİ YENİ B KÜMESİ KÜME EVLER No: 53 - AKÇAABAT TRABZON;00;61;TRABZON;;;;41.046139;39.5266;09:00-12:30/13:30-16:30;KAPALI;KAPALI;1;2026-09-21 08:30:28
7209;PTT_SUBE;966;DERECİK ŞUBESİ;DERECİK MAHALLESİ DERECİK ÇARŞI SOKAK No: 35 AKÇAABAT TRABZON;04622494938;61;TRABZON;;;;40.95360603;39.600126;08:30-12:30/13:30-16:30;KAPALI;KAPALI;1;2026-09-21 08:30:28
7208;PTT_SUBE;8238;DERNEKPAZARI ŞUBESİ;MERKEZ MAHALLESİ AHMET CANSIZ SOKAK No: 8 DERNEKPAZARI TRABZON;0;61;TRABZON;;;;40.799771;40.247606;08:30-12:30/13:30-17:00;KAPALI;KAPALI;1;2026-09-21 08:30:28
7210;PTT_SUBE;196;DEĞİRMENDERE  ŞUBESİ;SANAYİ MAHALLESİ DEVLET KARAYOLU CADDE No: 124 A ORTAHİSAR TRABZON;04623250602;61;TRABZON;;;;40.997799839;39.75388083;08:30-12:30/13:30-17:00;KAPALI;KAPALI;1;2026-09-21 08:30:28
7207;PTT_SUBE;4206;DÜZKÖY MÜDÜRLÜĞÜ;ORTA MAHALLESİ CENGİZ TOPEL SOKAK No: 5 A DÜZKÖY TRABZON;04628112191;61;TRABZON;;;;40.874814012;39.424623474;08:30-12:30/13:30-17:00;KAPALI;KAPALI;1;2026-09-21 08:30:28
7206;PTT_SUBE;6775;ERDOĞDU  ŞUBESİ;1 NOLU ERDOĞDU MAHALLESİ CİHAN SOKAK No: 5 C ORTAHİSAR TRABZON;04622301305;61;TRABZON;;;;41.000897;39.711677;08:30-12:30/13:30-17:00;KAPALI;KAPALI;1;2026-09-21 08:30:28
7205;PTT_SUBE;4450;ESİROĞLU ŞUBESİ;ESİROĞLU MAHALLESİ SALİM EYÜPOĞLU CADDE No: 2 MAÇKA TRABZON;04625231196;61;TRABZON;;;;40.88225097;39.692016;08:30-12:30/13:30-16:30;KAPALI;KAPALI;1;2026-09-21 08:30:28
7204;PTT_SUBE;6759;FATİH  MÜDÜRLÜĞÜ;İNÖNÜ MAHALLESİ ŞH.TĞM.YILMAZ ERDEMİR SOKAK No: 22 A ORTAHİSAR TRABZON;04622353500;61;TRABZON;;;;41.001917;39.702748;08:30-12:30;KAPALI;KAPALI;1;2026-09-21 08:30:28
7203;PTT_SUBE;4518;GÜRPINAR ACENTELİĞİ;GÜRPINAR MAHALLESİ GÜRPINAR BELEDİYE CADDE No: 18 OF TRABZON;04627935490;61;TRABZON;;;;40.834188;40.302629;09:00-12:30/13:30-16:30;KAPALI;KAPALI;1;2026-09-21 08:30:28
7202;PTT_SUBE;4433;GÜRPINAR ŞUBESİ;GÜRPINAR MAHALLESİ GÜRPINAR MERKEZ SOKAK No: 10 A OF TRABZON;04627852495;61;TRABZON;;;;40.834543;40.303522;08:30-12:30/13:30-16:30;KAPALI;KAPALI;1;2026-09-21 08:30:28
7201;PTT_SUBE;7706;HAYRAT  ŞUBESİ;CUMHURİYET MAHALLESİ İSTİKLAL CADDE No: 5 HAYRAT TRABZON;0;61;TRABZON;;;;40.887531572;40.367222532;08:30-12:30/13:30-17:00;KAPALI;KAPALI;1;2026-09-21 08:30:28
7200;PTT_SUBE;6776;HÜKÜMET KONAĞI  ŞUBESİ;GÜLBAHARHATUN MAHALLESİ İNÖNÜ CADDE No: 52 ORTAHİSAR TRABZON;04622300967;61;TRABZON;;;;41.005578;39.711658;08:00-12:00/13:00-16:30;KAPALI;KAPALI;1;2026-09-21 08:30:28
7197;PTT_SUBE;4307;KARAÇAM ACENTELİĞİ;KARAÇAM MAHALLESİ MERKEZ SAADET CADDE No: 59 - ÇAYKARA TRABZON;04626384421;61;TRABZON;;;;40.59293;40.21915;09:00-12:30/13:30-16:30;KAPALI;KAPALI;1;2026-09-21 08:30:28
7195;PTT_SUBE;7880;KAVALA ŞUBESİ;KAVALA MAHALLESİ KAVALA ORTA KÜME EVLER No: 110 /5 ORTAHİSAR TRABZON;04623542304;61;TRABZON;;;;40.95801;39.78907812;08:30-12:30/13:30-17:00;KAPALI;KAPALI;1;2026-09-21 08:30:28
7196;PTT_SUBE;4841;KAŞÜSTÜ  ŞUBESİ;KAŞÜSTÜ MAHALLESİ DEVLET KARAYOLU CADDE No: 44 YOMRA TRABZON;04623414228;61;TRABZON;;;;40.965595;39.836521;08:30-12:30/13:30-17:00;KAPALI;KAPALI;1;2026-09-21 08:30:28
7193;PTT_SUBE;7117;KTÜ ŞUBESİ;ÜNİVERSİTE MAHALLESİ LOJMAN SOKAK No: 1 A ORTAHİSAR TRABZON;0;61;TRABZON;;;;40.996573108;39.76807456;08:00-12:00/13:00-16:30;KAPALI;KAPALI;1;2026-09-21 08:30:28
7194;PTT_SUBE;4400;KÖPRÜBAŞI  ŞUBESİ;GÜNDOĞAN MAHALLESİ ADNAN KAHVECİ CADDE No: 59 KÖPRÜBAŞI TRABZON;04626714712;61;TRABZON;;;;40.807449097;40.124629141;08:30-12:30/13:30-17:00;KAPALI;KAPALI;1;2026-09-21 08:30:28
7192;PTT_SUBE;3826;MAÇKA MÜDÜRLÜĞÜ;MERKEZ MAHALLESİ ATATÜRK CADDE No: 9 A MAÇKA TRABZON;04625121001;61;TRABZON;;;;40.814432757;39.611427694;08:30-12:30;KAPALI;KAPALI;1;2026-09-21 08:30:28
7191;PTT_SUBE;3897;OF MÜDÜRLÜĞÜ;SULAKLI MAHALLESİ SULAKLI ATATÜRK BULVAR No: 48 A OF TRABZON;04627715001;61;TRABZON;;;;40.945753;40.265977;08:30-12:30;KAPALI;KAPALI;1;2026-09-21 08:30:28
7190;PTT_SUBE;4467;OYMALITEPE ACENTELİĞİ;OYMALI MAHALLESİ CUMHURİYET CADDE No: 32 C YOMRA TRABZON;04623471623;61;TRABZON;;;;40.813126177;39.827304446;09:00-12:30/13:30-16:30;KAPALI;KAPALI;1;2026-09-21 08:30:28
7189;PTT_SUBE;4279;PAZARCIK ACENTELİĞİ;DÖRTYOL MAHALLESİ TURGUT ÖZAL CADDE No: 74 AKÇAABAT TRABZON;04622587570;61;TRABZON;;;;40.926301;39.492695;09:00-12:30/13:30-16:30;KAPALI;KAPALI;1;2026-09-21 08:30:28
7188;PTT_SUBE;7143;PELİTLİ  ŞUBESİ;PELİTLİ MAHALLESİ PELİTLİ MİMAR SİNAN CADDE No: 74 B ORTAHİSAR TRABZON;04623340886;61;TRABZON;;;;40.986406603;39.79468061;08:30-12:30/13:30-17:00;KAPALI;KAPALI;1;2026-09-21 08:30:28
7187;PTT_SUBE;4300;SARITAŞ ACENTELİĞİ;SARITAŞ MAHALLESİ SARITAŞ DEĞİRMEN SOKAK No: 117 AKÇAABAT TRABZON;04622282334;61;TRABZON;;;;41.010885;39.567508;09:00-12:30/13:30-16:30;KAPALI;KAPALI;1;2026-09-21 08:30:28
7186;PTT_SUBE;951;SÖĞÜTLÜ  ŞUBESİ;SÖĞÜTLÜ MAHALLESİ SÖĞÜTLÜ CAMİİ SOKAK No: 9 A AKÇAABAT TRABZON;04622481949;61;TRABZON;;;;41.01131;39.61316;08:30-12:30/13:30-17:00;KAPALI;KAPALI;1;2026-09-21 08:30:28
7185;PTT_SUBE;4011;SÜRMENE MÜDÜRLÜĞÜ;ÇAMLICA MAHALLESİ YUNUS EMRE CADDE No: 29 B SÜRMENE TRABZON;04627461880;61;TRABZON;;;;40.911278;40.121422;08:30-12:30;KAPALI;KAPALI;1;2026-09-21 08:30:28
7183;PTT_SUBE;4241;TONYA MÜDÜRLÜĞÜ;ORTA MAHALLESİ DR.DİLAVER YILDIRIM CADDE No: 12 A TONYA TRABZON;04628813001;61;TRABZON;;;;40.889902446;39.291312021;08:30-12:30/13:30-17:00;KAPALI;KAPALI;1;2026-09-21 08:30:28
7182;PTT_SUBE;6440;TRABZON MÜDÜRLÜĞÜ;ÇARŞI MAHALLESİ KAHRAMANMARAŞ CADDE No: 46 ORTAHİSAR TRABZON;04623236666;61;TRABZON;;;;41.006321;39.724873;08:30-17:00;KAPALI;KAPALI;1;2026-09-21 08:30:28
7181;PTT_SUBE;7388;TRABZON POSTA  KARGO İŞLEME VE DAĞITIM  MÜDÜRLÜĞÜ;YALINCAK MAHALLESİ YALINCAK RİZE CADDE No: 16 A ORTAHİSAR TRABZON;04623340666;61;TRABZON;;;;40.983769568;39.820588242;08:30-12:30/-;08:30-12:30/-;KAPALI;1;2026-09-21 08:30:28
7180;PTT_SUBE;4504;UĞURLU ACENTELİĞİ;UĞURLU MAHALLESİ MEHMET RÜŞTÜ AŞIKKUTLU CADDE No: 54 C OF TRABZON;04627872246;61;TRABZON;;;;40.84289;40.30177;09:00-12:30/13:30-16:30;KAPALI;KAPALI;1;2026-09-21 08:30:28
7179;PTT_SUBE;3868;VAKFIKEBİR MÜDÜRLÜĞÜ;KEMALİYE MAHALLESİ GÜLBAHARHATUN CADDE No: 113 VAKFIKEBİR TRABZON;04628415106;61;TRABZON;;;;41.048786;39.279568;08:30-12:30/13:30-17:00;KAPALI;KAPALI;1;2026-09-21 08:30:28
7178;PTT_SUBE;4481;YALIKÖY ACENTELİĞİ;YALIKÖY MAHALLESİ HÜSEYİN AVNİ AKER CADDE No: 272 C VAKFIKEBİR TRABZON;04628566097;61;TRABZON;;;;41.063207496;39.332263745;09:00-12:30/13:30-16:30;KAPALI;KAPALI;1;2026-09-21 08:30:28
7177;PTT_SUBE;4485;YALINCAK ACENTELİĞİ;YALINCAK MAHALLESİ ANA CADDE No: 70 C ORTAHİSAR TRABZON;05363602153;61;TRABZON;;;;40.975142;39.821028;09:00-12:30/13:30-16:30;KAPALI;KAPALI;1;2026-09-21 08:30:28
7176;PTT_SUBE;4477;YAVUZ ACENTELİĞİ;YAVUZ MAHALLESİ DÜZ KÜME EVLER No: 30 ÇARŞIBAŞI TRABZON;04620000000;61;TRABZON;;;;41.002566;39.405658;09:00-12:30/13:30-16:30;KAPALI;KAPALI;1;2026-09-21 08:30:28
7175;PTT_SUBE;782;YAYLACIK  ŞUBESİ;YAYLACIK MAHALLESİ BAŞARAN SOKAK No: 2 AKÇAABAT TRABZON;04622275536;61;TRABZON;;;;41.014392187;39.593376067;08:30-12:30/13:30-17:00;KAPALI;KAPALI;1;2026-09-21 08:30:28
7174;PTT_SUBE;869;YILDIZLI  ŞUBESİ;YILDIZLI MAHALLESİ ESKİ SAMSUN YOLU CADDE No: 61 AKÇAABAT TRABZON;04622487008;61;TRABZON;;;;41.008733;39.620019;08:30-12:30/13:30-17:00;KAPALI;KAPALI;1;2026-09-21 08:30:28
7173;PTT_SUBE;4283;YOMRA MÜDÜRLÜĞÜ;SANCAK MAHALLESİ TRABZON CADDE No: 133 A YOMRA TRABZON;04623411001;61;TRABZON;;;;40.954625;39.865708;08:30-12:30/-;KAPALI;KAPALI;1;2026-09-21 08:30:28
7217;PTT_SUBE;4403;ÇAMBURNU ŞUBESİ;ÇAMBURNU MAHALLESİ KEMAL KAYACAN CADDE No: 13 A SÜRMENE TRABZON;04627522001;61;TRABZON;;;;40.911894;40.20293;08:30-12:30/13:30-17:00;KAPALI;KAPALI;1;2026-09-21 08:30:28
7216;PTT_SUBE;3809;ÇARŞIBAŞI MÜDÜRLÜĞÜ;MERKEZ MAHALLESİ AVNİ AKKAN CADDE No: 12 ÇARŞIBAŞI TRABZON;04628213247;61;TRABZON;;;;41.081324743;39.375803017;08:30-12:30/13:30-17:00;KAPALI;KAPALI;1;2026-09-21 08:30:28
7215;PTT_SUBE;6774;ÇATAK  ŞUBESİ;3 NOLU ERDOĞDU MAHALLESİ SOĞUKSU CADDE No: 115 B ORTAHİSAR TRABZON;04622309511;61;TRABZON;;;;40.99406685;39.705827751;08:30-12:30/13:30-17:00;KAPALI;KAPALI;1;2026-09-21 08:30:28
7214;PTT_SUBE;8430;ÇAYIRBAĞI ŞUBESİ;ÇAYIRBAĞI ORTA MAHALLESİ ÇİKOTOZ OBA KÜME EVLER No: 27 DÜZKÖY TRABZON;00000000000;61;TRABZON;;;;40.850453;39.334318;08:30-12:30/13:30-17:00;KAPALI;KAPALI;1;2026-09-21 08:30:28
7213;PTT_SUBE;4436;ÇAYKARA MÜDÜRLÜĞÜ;IŞIKLI MAHALLESİ SAĞLIK OCAĞI KÜME EVLER No: 4 ÇAYKARA TRABZON;04626162009;61;TRABZON;;;;40.747483924;40.245256606;08:30-12:30/13:30-17:00;KAPALI;KAPALI;1;2026-09-21 08:30:28
7212;PTT_SUBE;6375;ÇUKURÇAYIR  ŞUBESİ;ÇUKURÇAYIR MAHALLESİ ÇUKURÇAYIR İPEKYOLU CADDE No: 9 DB ORTAHİSAR TRABZON;04623513696;61;TRABZON;;;;40.988123;39.72796;08:30-12:30/13:30-17:00;KAPALI;KAPALI;1;2026-09-21 08:30:28
7199;PTT_SUBE;7057;İLKADIM  ŞUBESİ;YAYLACIK MAHALLESİ İLKADIM CADDE No: 8 C AKÇAABAT TRABZON;04622281750;61;TRABZON;;;;41.015987;39.586817;08:30-12:30/13:30-17:00;KAPALI;KAPALI;1;2026-09-21 08:30:28
7198;PTT_SUBE;4246;İSKENDERLİ ŞUBESİ;İSKENDERLİ MAHALLESİ İSKENDERLİ CUMHURİYET MEYDAN No: 11 A TONYA TRABZON;04628842490;61;TRABZON;;;;40.92944;39.240558;08:30-12:30/13:30-17:00;KAPALI;KAPALI;1;2026-09-21 08:30:28
7184;PTT_SUBE;4249;ŞALPAZARI MÜDÜRLÜĞÜ;KİREÇ MAHALLESİ CUMHURİYET CADDE No: 13 B ŞALPAZARI TRABZON;04628913001;61;TRABZON;;;;40.941553;39.194378;08:30-12:30/13:30-17:00;KAPALI;KAPALI;1;2026-09-21 08:30:28
7238;PTT_SUBE;1476;AKPAZAR ŞUBESİ;AKPAZAR BELDESİ/ÇARŞIBAŞI MAHALLESİ ELAZIĞ CADDE No: 19 D MAZGİRT TUNCELİ;04283135142;62;TUNCELİ;;;;38.851962;39.679506;08:30-12:30/13:30-17:00;KAPALI;KAPALI;1;2026-09-21 08:30:28
7237;PTT_SUBE;1235;ATATÜRK  ŞUBESİ;MOĞULTAY MAHALLESİ OPR.DR M. KAHRAMAN CADDE No: 13 C MERKEZ TUNCELİ;04282133064;62;TUNCELİ;;;;39.108082;39.550345;08:30-12:30/13:30-17:00;KAPALI;KAPALI;1;2026-09-21 08:30:28
7236;PTT_SUBE;1237;BAYRAKTEPE  ŞUBESİ;ATATÜRK MAHALLESİ 195 ASKERİYE CADDE No: 2 /2 MERKEZ TUNCELİ;04282131223;62;TUNCELİ;;;;39.070582434;39.520988237;08:30-12:30/13:30-17:00;KAPALI;KAPALI;1;2026-09-21 08:30:28
7234;PTT_SUBE;1321;HOZAT MÜDÜRLÜĞÜ;DİYAP AĞA MAHALLESİ CUMHURİYET CADDE No: 2 HOZAT TUNCELİ;04285612224;62;TUNCELİ;;;;39.107343344;39.219724331;08:30-17:00;KAPALI;KAPALI;1;2026-09-21 08:30:28
7233;PTT_SUBE;1508;MAZGİRT MÜDÜRLÜĞÜ;ELTİHATUN MAHALLESİ BELEDİYE CADDE No: 2 MAZGİRT TUNCELİ;04283112090;62;TUNCELİ;;;;39.019154763;39.604996777;08:30-17:00;KAPALI;KAPALI;1;2026-09-21 08:30:28
7232;PTT_SUBE;1288;NAZİMİYE MÜDÜRLÜĞÜ;MERKEZ MAHALLESİ TUNCELİ CADDE No: 10 NAZIMİYE TUNCELİ;04284112155;62;TUNCELİ;;;;39.179493864;39.827654077;08:30-17:00;KAPALI;KAPALI;1;2026-09-21 08:30:28
7231;PTT_SUBE;1308;OVACIK MÜDÜRLÜĞÜ;PULUR MAHALLESİ ATATÜRK CADDE No: 10 A OVACIK TUNCELİ;04285112091;62;TUNCELİ;;;;39.35892069;39.216653365;08:30-17:00/-;KAPALI;KAPALI;1;2026-09-21 08:30:28
7230;PTT_SUBE;1196;PERTEK MÜDÜRLÜĞÜ;İSTİKLAL MAHALLESİ UĞUR MUMCU CADDE No: 8 A PERTEK TUNCELİ;04286512125;62;TUNCELİ;;;;38.867574946;39.318721588;08:30-17:00;KAPALI;KAPALI;1;2026-09-21 08:30:28
7229;PTT_SUBE;1356;PÜLÜMÜR MÜDÜRLÜĞÜ;MERKEZ MAHALLESİ HÜRRİYET CADDE No: 7 PÜLÜMÜR TUNCELİ;04284412212;62;TUNCELİ;;;;39.486968256;39.898877728;08:30-17:00;KAPALI;KAPALI;1;2026-09-21 08:30:28
7228;PTT_SUBE;8520;TUNCELİ DAĞITIM VE TOPLAMA MÜDÜRLÜĞÜ;ATATÜRK MAHALLESİ CEM EMİR CADDE No: 10 A MERKEZ TUNCELİ;0;62;TUNCELİ;;;;39.06811701;39.52980216;08:00-20:00/-;08:00-20:00/-;08:00-20:00/-;1;2026-09-21 08:30:28
7227;PTT_SUBE;1225;TUNCELİ MÜDÜRLÜĞÜ;ATATÜRK MAHALLESİ 15 TEMMUZ ŞEHİTLER BULVAR No: 35 A MERKEZ TUNCELİ;04282122077;62;TUNCELİ;;;;39.082957;39.538989;08:30-17:00;KAPALI;KAPALI;1;2026-09-21 08:30:28
7235;PTT_SUBE;1179;ÇEMİŞGEZEK MÜDÜRLÜĞÜ;HAMAMATİK MAHALLESİ SAKARYA CADDE No: 17 ÇEMİŞGEZEK TUNCELİ;04286112003;62;TUNCELİ;;;;39.063132;38.911293;08:30-17:00;KAPALI;KAPALI;1;2026-09-21 08:30:28
7255;PTT_SUBE;4252;ADALET SARAYI  ŞUBESİ;FEVZİ ÇAKMAK MAHALLESİ İSTİKLAL CADDE No: 85 MERKEZ UŞAK;02762136148;64;UŞAK;;;;38.67296;29.44921;08:30-12:30/13:30-17:00;KAPALI;KAPALI;1;2026-09-21 08:30:29
7254;PTT_SUBE;4648;AVGAN ŞUBESİ;AVGAN MAHALLESİ ÇITLIK SOKAK No: 2 ULUBEY UŞAK;02767265757;64;UŞAK;;;;38.413066548;29.389356591;08:30-12:30/13:30-17:30;KAPALI;KAPALI;1;2026-09-21 08:30:29
7253;PTT_SUBE;4033;BANAZ MÜDÜRLÜĞÜ;CUMHURİYET MAHALLESİ ATATÜRK CADDE No: 19 BANAZ UŞAK;02763151166;64;UŞAK;;;;38.735781;29.752426;08:30-17:00;KAPALI;KAPALI;1;2026-09-21 08:30:29
7252;PTT_SUBE;6442;DİKİLİTAŞ  ŞUBESİ;ÜNALAN MAHALLESİ BARBAROS CADDE No: 235 A MERKEZ UŞAK;02762230325;64;UŞAK;;;;38.677543;29.386456;08:30-12:30/13:30-17:00;KAPALI;KAPALI;1;2026-09-21 08:30:29
7251;PTT_SUBE;4708;EŞME MÜDÜRLÜĞÜ;ŞEHİTALİBEY MAHALLESİ VAKKAS FERİT CADDE No: 54 A EŞME UŞAK;02764141166;64;UŞAK;;;;38.398504551;28.968369905;08:30-12:30/13:30-17:00;KAPALI;KAPALI;1;2026-09-21 08:30:29
7250;PTT_SUBE;6755;FATİH  ŞUBESİ;FATİH MAHALLESİ ORHAN DENGİZ BULVAR No: 53 A/A MERKEZ UŞAK;02762160124;64;UŞAK;;;;38.662406;29.405964;08:30-12:30/13:30-17:00;KAPALI;KAPALI;1;2026-09-21 08:30:29
7248;PTT_SUBE;122;KARAHALLI MÜDÜRLÜĞÜ;KONAK MAHALLESİ İNÖNÜ CADDE No: 69 KARAHALLI UŞAK;02765171166;64;UŞAK;;;;38.32208;29.53466;08:30-12:30/13:30-17:00;KAPALI;KAPALI;1;2026-09-21 08:30:29
7247;PTT_SUBE;4494;KIZILCASÖĞÜT ACENTELİĞİ;KIZILCASÖĞÜT BELDESİ/BARIŞ MAHALLESİ YUNUS EMRE CADDE No: 25 BANAZ UŞAK;02763858503;64;UŞAK;;;;38.64878397;29.66765688;09:00-12:00/13:00-17:00;KAPALI;KAPALI;1;2026-09-21 08:30:29
7246;PTT_SUBE;4567;KIZILHİSAR ACENTELİĞİ;KIZILHİSAR KÖYÜ/AŞAĞI MEVKİİ AŞAĞI SOKAK No: 1 BANAZ UŞAK;02763512323;64;UŞAK;;;;38.683893;29.629871;09:00-12:00/13:00-17:00;KAPALI;KAPALI;1;2026-09-21 08:30:29
7245;PTT_SUBE;8359;MİMARSİNAN KURUMSAL ACENTELİĞİ;İSLİCE MAHALLESİ MİMAR SİNAN CADDE No: 15 A MERKEZ UŞAK;00000000000;64;UŞAK;;;;38.67928596;29.405826;08:30-12:30/13:30-17:00;KAPALI;KAPALI;1;2026-09-21 08:30:29
7244;PTT_SUBE;8454;PINARBAŞI ACENTELİĞİ;PINARBAŞI BELDESİ/PINAR MAHALLESİ PINAR CADDE No: 1 SİVASLI UŞAK;00000000000;64;UŞAK;;;;38.479536;29.68830396;08:30-12:30/13:30-17:00;KAPALI;KAPALI;1;2026-09-21 08:30:29
7243;PTT_SUBE;8284;SİVASLI ŞUBESİ;ATATÜRK MAHALLESİ UYGUR SOKAK No: 1 SİVASLI UŞAK;0;64;UŞAK;;;;38.505389;29.680125;08:30-12:30/13:30-17:00;KAPALI;KAPALI;1;2026-09-21 08:30:29
7242;PTT_SUBE;4643;ULUBEY MÜDÜRLÜĞÜ;AŞAĞI MAHALLESİ ARIKAN BEDÜK CADDE No: 25 ULUBEY UŞAK;02767161166;64;UŞAK;;;;38.416893;29.287835;08:30-12:30/13:30-17:00;KAPALI;KAPALI;1;2026-09-21 08:30:29
7241;PTT_SUBE;8290;UŞAK DAĞITIM VE TOPLAMA  MERKEZİ;CUMHURİYET MAHALLESİ İBRAHİM TAHTAKILIÇ CADDE No: 2 A MERKEZ UŞAK;02762233370;64;UŞAK;;;;38.657611;29.40439;08:30-12:30/13:30-17:30;08:30-12:30/13:30-17:30;KAPALI;1;2026-09-21 08:30:29
7240;PTT_SUBE;4010;UŞAK MÜDÜRLÜĞÜ;KURTULUŞ MAHALLESİ İSMET PAŞA CADDE No: 80 MERKEZ UŞAK;02762233354;64;UŞAK;;;;38.675685;29.405385;08:30-12:30/13:30-17:00;KAPALI;KAPALI;1;2026-09-21 08:30:29
7239;PTT_SUBE;4570;YELEĞEN ACENTELİĞİ;YELEĞEN BELDESİ/İSTİKLAL MAHALLESİ İNÖNÜ CADDE No: 58 EŞME UŞAK;02764752002;64;UŞAK;;;;38.32584201;28.91846484;09:00-12:00/13:00-17:00;KAPALI;KAPALI;1;2026-09-21 08:30:29
7249;PTT_SUBE;4714;İLYASLI ACENTELİĞİ;İLYASLI KÖYÜ/İSTİKLAL MEVKİİ FATİH SOKAK No: 40 A MERKEZ UŞAK;02762592405;64;UŞAK;;;;38.60583201;29.20170816;09:00-12:00/13:00-17:00;KAPALI;KAPALI;1;2026-09-21 08:30:29
7276;PTT_SUBE;8463;100. YIL KAMPÜSÜ ŞUBESİ;BARDAKÇI MAHALLESİ 10071. SOKAK No: 2 /2 TUŞBA VAN;00000000000;65;VAN;;;;38.564918799;43.280772499;08:30-12:30/13:30-17:00;KAPALI;KAPALI;1;2026-09-21 08:30:29
7275;PTT_SUBE;8462;ADLİYE SARAYI  ŞUBESİ;SELİMBEY MAHALLESİ İPEKYOLU BULVAR No: 24 İPEKYOLU VAN;00000000000;65;VAN;;;;38.504957438;43.372875929;08:30-12:30/13:30-17:00;KAPALI;KAPALI;1;2026-09-21 08:30:29
7274;PTT_SUBE;3752;BAHÇESARAY MÜDÜRLÜĞÜ;İSLAM MAHALLESİ MUTİULLAH BEY CADDE No: 8 -10 BAHÇESARAY VAN;04327512001;65;VAN;;;;38.125857;42.806799;08:30-17:30;KAPALI;KAPALI;1;2026-09-21 08:30:29
7273;PTT_SUBE;4853;BAŞKALE MÜDÜRLÜĞÜ;HAFİZİYE MAHALLESİ CUMHURİYET CADDE No: 7 BAŞKALE VAN;04326512443;65;VAN;;;;38.045491;44.015019;08:30-17:30;KAPALI;KAPALI;1;2026-09-21 08:30:29
7272;PTT_SUBE;3638;BEŞYOL MÜDÜRLÜĞÜ;VALİ MİTHAT BEY MAHALLESİ TRAFİK SOKAK No: 2 İPEKYOLU VAN;04322158649;65;VAN;;;;38.5042;43.389473;08:30-17:30/-;KAPALI;KAPALI;1;2026-09-21 08:30:29
7271;PTT_SUBE;8400;BÖLGE ADLİYE MAHKEMESİ  ŞUBESİ;SELİMBEY MAHALLESİ İPEKYOLU BULVAR No: 26 İPEKYOLU VAN;04322163527;65;VAN;;;;38.504013699;43.372922648;08:30-12:30/13:30-16:30;KAPALI;KAPALI;1;2026-09-21 08:30:29
7268;PTT_SUBE;8465;EDREMİT  ŞUBESİ;YENİ CAMİ MAHALLESİ SAHİL CADDE No: 231 EDREMİT VAN;00000000000;65;VAN;;;;38.425643;43.252231;08:30-12:30/13:30-17:00;KAPALI;KAPALI;1;2026-09-21 08:30:29
7267;PTT_SUBE;8438;ERCİŞ ADLİYE  ŞUBESİ;SAHİL KENT MAHALLESİ ÇEVİK KUVVET SOKAK No: 4 ERCİŞ VAN;04323516001;65;VAN;;;;39.000194;43.394152;08:30-12:30/13:30-17:00;KAPALI;KAPALI;1;2026-09-21 08:30:29
7266;PTT_SUBE;5477;ERCİŞ MÜDÜRLÜĞÜ;SALİHİYE MAHALLESİ ATAKAN ÇELİK (ÖZEL İDARE) CADDE No: 13 ERCİŞ VAN;04323516001;65;VAN;;;;39.02869602;43.36498296;08:30-17:30;KAPALI;KAPALI;1;2026-09-21 08:30:29
7265;PTT_SUBE;5510;GEVAŞ MÜDÜRLÜĞÜ;ORTA MAHALLESİ İNÖNÜ CADDE No: 3 GEVAŞ VAN;04326122031;65;VAN;;;;38.295793913;43.106207478;08:30-17:30;KAPALI;KAPALI;1;2026-09-21 08:30:29
7264;PTT_SUBE;3709;GÜRPINAR MÜDÜRLÜĞÜ;AKPINAR MAHALLESİ MECİT DONAT CADDE No: 1 GÜRPINAR VAN;04325512109;65;VAN;;;;38.32641;43.41181;08:30-17:00;KAPALI;KAPALI;1;2026-09-21 08:30:29
7263;PTT_SUBE;8466;JANDARMA ASAYİŞ KOMUTANLIĞI  ŞUBESİ;ŞABANİYE MAHALLESİ HAKKARİ YOLU CADDE No: 16 EDREMİT VAN;00000000000;65;VAN;;;;38.477217;43.389712;08:30-12:30/13:30-17:00;KAPALI;KAPALI;1;2026-09-21 08:30:29
7262;PTT_SUBE;8464;KÜÇÜK SANAYİ  ŞUBESİ;SEYRANTEPE MAHALLESİ SANAYİ SİTESİ 15. SOKAK No: 9 - TUŞBA VAN;00000000000;65;VAN;;;;38.529705492;43.356962588;08:30-12:30/13:30-17:00;KAPALI;KAPALI;1;2026-09-21 08:30:29
7261;PTT_SUBE;3888;MURADİYE MÜDÜRLÜĞÜ;YENİŞEHİR MAHALLESİ BENDIMAHI CADDE No: 25 MURADİYE VAN;04324512903;65;VAN;;;;38.988112188;43.760828255;08:30-17:30;KAPALI;KAPALI;1;2026-09-21 08:30:29
7259;PTT_SUBE;5903;SARAY MÜDÜRLÜĞÜ;KAZIMPAŞA MAHALLESİ OKUL CADDE No: 15 SARAY VAN;04327812144;65;VAN;;;;38.646787;44.171116;08:30-17:00;KAPALI;KAPALI;1;2026-09-21 08:30:29
7257;PTT_SUBE;3607;VAN MÜDÜRLÜĞÜ;ŞEREFİYE MAHALLESİ TURİZM SOKAK No: 4 A İPEKYOLU VAN;04322121241;65;VAN;;;;38.498018;43.394526;08:30-17:30;KAPALI;KAPALI;1;2026-09-21 08:30:29
7256;PTT_SUBE;5580;VAN POSTA İŞLEME VE DAĞITIM  MÜDÜRLÜĞÜ;SELİMBEY MAHALLESİ İSKELE CADDE No: 217 A İPEKYOLU VAN;04322221939;65;VAN;;;;38.513686407;43.347968192;08:00-16:30;KAPALI;KAPALI;1;2026-09-21 08:30:29
7270;PTT_SUBE;5445;ÇALDIRAN MÜDÜRLÜĞÜ;BEYAZIT MAHALLESİ İLK OKUL CADDE No: 33 ÇALDIRAN VAN;04324122015;65;VAN;;;;39.136075;43.901996;08:30-17:30;KAPALI;KAPALI;1;2026-09-21 08:30:29
7269;PTT_SUBE;3546;ÇATAK MÜDÜRLÜĞÜ;CUMHURİYET MAHALLESİ ARAS CADDE No: 11  A- ÇATAK VAN;04325122025;65;VAN;;;;38.00801;43.059703;08:30-17:30;KAPALI;KAPALI;1;2026-09-21 08:30:29
7260;PTT_SUBE;5883;ÖZALP MÜDÜRLÜĞÜ;MAHMUDİYE MAHALLESİ ATATÜRK CADDE No: 34  -1- ÖZALP VAN;04327122301;65;VAN;;;;38.656617945;43.980512186;08:30-17:30;KAPALI;KAPALI;1;2026-09-21 08:30:29
7258;PTT_SUBE;8396;ŞEHİT MEHMET GÜZELDERE MÜDÜRLÜĞÜ;SELİMBEY MAHALLESİ TEBRİZKAPI CADDE No: 78 A İPEKYOLU VAN;04322162298;65;VAN;;;;38.510903;43.360788;08:30-12:30/13:30-17:30;KAPALI;KAPALI;1;2026-09-21 08:30:29
7292;PTT_KARGOMAT;614;DİLŞAD HATUN ÖĞRENCİ YURDU;BAHÇELİEVLER MAHALLESİ ÇINARCIK YOLU CADDE No: 103 MERKEZ YALOVA;;77;YALOVA;;;;40.65495201;29.24540388;7/24 Açık;7/24 Açık;7/24 Açık;1;2026-09-21 08:30:30
7291;PTT_KARGOMAT;437;ÇINARCIK;HARMANLAR MAHALLESİ PREVEZE SOKAK No: 3 /1B ÇINARCIK YALOVA;;77;YALOVA;;;;40.644681;29.115259;7/24 Açık;7/24 Açık;7/24 Açık;1;2026-09-21 08:30:30
7290;PTT_SUBE;2240;ADLİYE SARAYI  ŞUBESİ;İSMET PAŞA MAHALLESİ HAKİM SADEDDİN BERKİ KÜME EVLER No: 12 A MERKEZ YALOVA;02268140488;77;YALOVA;;;;40.663858;29.302756;08:30-12:30/13:30-17:00;KAPALI;KAPALI;1;2026-09-21 08:30:30
7289;PTT_SUBE;2319;ADNAN MENDERES  ŞUBESİ;ADNAN MENDERES MAHALLESİ RAHMİ ÜSTEL CADDE No: 19 A MERKEZ YALOVA;02268123328;77;YALOVA;;;;40.64856;29.261186;08:30-12:30/13:30-17:00;KAPALI;KAPALI;1;2026-09-21 08:30:30
7288;PTT_SUBE;1035;ALTINOVA MÜDÜRLÜĞÜ;HÜRRİYET MAHALLESİ BURSA CADDE No: 38 ALTINOVA YALOVA;02264613635;77;YALOVA;;;;40.69457;29.509303;08:30-17:00;KAPALI;KAPALI;1;2026-09-21 08:30:30
7287;PTT_SUBE;5937;ARMUTLU MÜDÜRLÜĞÜ;KARŞIYAKA MAHALLESİ OKUL CADDE No: 13 ARMUTLU YALOVA;02265312640;77;YALOVA;;;;40.51978803;28.82698704;08:30-12:30;KAPALI;KAPALI;1;2026-09-21 08:30:30
7284;PTT_SUBE;7013;ESENKÖY ŞUBESİ;ESENKÖY BELDESİ/LİMAN MAHALLESİ YALOVA CADDE No: 45 ÇINARCIK YALOVA;02262436865;77;YALOVA;;;;40.61953899;28.95628716;08:30-12:30/13:30-17:00;KAPALI;KAPALI;1;2026-09-21 08:30:30
7283;PTT_SUBE;7718;HÜKÜMET KONAĞI  ŞUBESİ;ÇİFTLİK MAHALLESİ ATATÜRK CADDE No: 91 ÇİFTLİKKÖY YALOVA;02260000000;77;YALOVA;;;;40.659696;29.325494;08:30-12:30/13:30-17:00;KAPALI;KAPALI;1;2026-09-21 08:30:30
7282;PTT_SUBE;7710;SEFA MERVE KARGO  ŞUBESİ;CUMHURİYET MAHALLESİ 7-1. SOKAK No: 4 ALTINOVA YALOVA;02264613640;77;YALOVA;;;;40.698108;29.510342;08:30-12:30/13:30-17:00;KAPALI;KAPALI;1;2026-09-21 08:30:30
7281;PTT_SUBE;8184;SUBAŞI ACENTELİĞİ;SUBAŞI BELDESİ/DENİZGÖREN MAHALLESİ 89 SOKAK No: 3 ALTINOVA YALOVA;05313937213;77;YALOVA;;;;40.672797;29.483924;08:30-12:30/13:30-15:30;KAPALI;KAPALI;1;2026-09-21 08:30:30
7280;PTT_SUBE;1054;TAVŞANLI ACENTELİĞİ;TAVŞANLI BELDESİ/ŞEHİTLİK MAHALLESİ HALİL İBRAHİM AKTAŞ CADDE No: 6 ALTINOVA YALOVA;05358439777;77;YALOVA;;;;40.687018;29.454855;08:30-12:30/13:30-16:30;KAPALI;KAPALI;1;2026-09-21 08:30:30
7279;PTT_SUBE;7229;TERMAL  ŞUBESİ;GÖKÇEDERE MAHALLESİ TURGUT ÖZAL CADDE No: 18 B TERMAL YALOVA;02266757305;77;YALOVA;;;;40.607202;29.174495;08:30-12:30/13:30-17:00;KAPALI;KAPALI;1;2026-09-21 08:30:30
7278;PTT_SUBE;1039;TEŞVİKİYE ACENTELİĞİ;TEŞVİKİYE BELDESİ/CUMHURİYET MAHALLESİ MERKEZ CADDE No: 27 ÇINARCIK YALOVA;02262451600;77;YALOVA;;;;40.630778;29.082504;08:30-12:30/13:30-16:30;KAPALI;KAPALI;1;2026-09-21 08:30:30
7277;PTT_SUBE;2225;YALOVA MÜDÜRLÜĞÜ;RÜSTEM PAŞA MAHALLESİ GAZİ PAŞA CADDE No: 36 /1 MERKEZ YALOVA;02268144848;77;YALOVA;;;;40.657901;29.267063;08:30-17:00;KAPALI;KAPALI;1;2026-09-21 08:30:30
7286;PTT_SUBE;1030;ÇINARCIK MÜDÜRLÜĞÜ;HARMANLAR MAHALLESİ PREVEZE SOKAK No: 3 /1B ÇINARCIK YALOVA;02262451600;77;YALOVA;;;;40.644681;29.115259;08:30-17:00;KAPALI;KAPALI;1;2026-09-21 08:30:30
7285;PTT_SUBE;6589;ÇİFTLİKKÖY MÜDÜRLÜĞÜ;SAHİL MAHALLESİ CAMİ SOKAK No: 16 ÇİFTLİKKÖY YALOVA;02263520303;77;YALOVA;;;;40.663221;29.31224;08:30-17:00;KAPALI;KAPALI;1;2026-09-21 08:30:30
7323;PTT_SUBE;1474;ADLİYE SARAYI  ŞUBESİ;KÖSEOĞLU MAHALLESİ ADNAN MENDERES BULVAR No: 1 A MERKEZ YOZGAT;03542175025;66;YOZGAT;;;;39.819089366;34.796256853;08:30-12:30/13:30-16:30;KAPALI;KAPALI;1;2026-09-21 08:30:30
7322;PTT_SUBE;76;AKDAĞMADENİ MÜDÜRLÜĞÜ;EMEK MAHALLESİ CUMHURİYET CADDE No: 2 AKDAĞMADENİ YOZGAT;03543141522;66;YOZGAT;;;;39.664564;35.875617;08:30-12:30/13:30-17:00;KAPALI;KAPALI;1;2026-09-21 08:30:30
7321;PTT_SUBE;1559;ARAPLI ACENTELİĞİ;ARAPLI BELDESİ/MERKEZ MAHALLESİ CUMHURİYET CADDE No: 28 SORGUN YOZGAT;03544337002;66;YOZGAT;;;;39.829296;35.432267;09:00-12:00/13:00-17:00;KAPALI;KAPALI;1;2026-09-21 08:30:30
7320;PTT_SUBE;7746;AYDINCIK  ŞUBESİ;YENİ MAHALLESİ AYDIN TETİKOĞLU SOKAK No: 6 AYDINCIK YOZGAT;00000000000;66;YOZGAT;;;;40.132867365;35.287670195;08:30-12:30/13:30-17:00;KAPALI;KAPALI;1;2026-09-21 08:30:30
7319;PTT_SUBE;2377;BAHADIN ACENTELİĞİ;BAHADIN BELDESİ/HÜRRİYET MAHALLESİ ATATÜRK CADDE No: 22 SORGUN YOZGAT;05373572266;66;YOZGAT;;;;39.679073;35.303717;09:00-12:00/13:00-17:00;KAPALI;KAPALI;1;2026-09-21 08:30:30
7318;PTT_SUBE;891;BEKTAŞLI ACENTELİĞİ;BEKTAŞLI KÖYÜ/CAMİKEBİR MEVKİİ CUMHURİYET SOKAK No: 12 YENİFAKILI YOZGAT;05469295432;66;YOZGAT;;;;39.209146;35.090927;09:00-12:00/13:00-17:00;KAPALI;KAPALI;1;2026-09-21 08:30:30
7317;PTT_SUBE;50;BOĞAZLIYAN MÜDÜRLÜĞÜ;YUKARI MAHALLESİ ALİ İHSAN KADIOĞLU CADDE No: 36 - BOĞAZLIYAN YOZGAT;03546451001;66;YOZGAT;;;;39.19412304;35.24010264;08:30-12:30/13:30-17:00;KAPALI;KAPALI;1;2026-09-21 08:30:30
7312;PTT_SUBE;7015;DOĞANKENT ACENTELİĞİ;DOĞANKENT BELDESİ/YENİ MAHALLESİ 1.İNÖNÜ CADDE No: 6 SORGUN YOZGAT;03544456101;66;YOZGAT;;;;39.6866;35.425367;08:30-12:30/13:30-16:00;KAPALI;KAPALI;1;2026-09-21 08:30:30
7311;PTT_SUBE;3712;EYMİR ACENTELİĞİ;EYMİR BELDESİ/ÇAY MAHALLESİ CUMHURİYET CADDE No: 25 SORGUN YOZGAT;03544558024;66;YOZGAT;;;;40.021175;35.210196;09:00-12:00/13:00-17:00;KAPALI;KAPALI;1;2026-09-21 08:30:30
7310;PTT_SUBE;3021;HÜKÜMET KONAĞI  ŞUBESİ;KARATEPE MAHALLESİ H.AHMET YESEVİ CADDE No: 57 MERKEZ YOZGAT;03545022332;66;YOZGAT;;;;39.828205142;34.821182299;08:30-12:30/13:30-17:00;KAPALI;KAPALI;1;2026-09-21 08:30:30
7309;PTT_SUBE;7612;KADIŞEHRİ  ŞUBESİ;ÇAYPINAR MAHALLESİ CUMHURİYET BULVAR No: 50 KADIŞEHRİ YOZGAT;03543754877;66;YOZGAT;;;;39.999004068;35.79246273;08:30-12:30/13:30-17:00;KAPALI;KAPALI;1;2026-09-21 08:30:30
7308;PTT_SUBE;222;KARAYAKUP ACENTELİĞİ;KARAYAKUP BELDESİ/TERZİLİ MAHALLESİ ANKARA CADDE No: 12 SARIKAYA YOZGAT;03547988013;66;YOZGAT;;;;39.550635;35.35972596;09:00-12:00/13:00-17:00;KAPALI;KAPALI;1;2026-09-21 08:30:30
7307;PTT_SUBE;1509;KONUKLAR ACENTELİĞİ;KONUKLAR BELDESİ/FATİH MAHALLESİ CUMHURİYET CADDE No: 57 ÇAYIRALAN YOZGAT;05354213557;66;YOZGAT;;;;39.408434;35.572306;09:00-12:00/13:00-17:00;KAPALI;KAPALI;1;2026-09-21 08:30:30
7306;PTT_SUBE;7606;OLUKÖZÜ ACENTELİĞİ;OLUKÖZÜ BELDESİ/MERKEZ MAHALLESİ SİVAS CADDE No: 3 AKDAĞMADENİ YOZGAT;05324861226;66;YOZGAT;;;;39.68254899;35.78126112;08:30-12:30/13:30-16:00;KAPALI;KAPALI;1;2026-09-21 08:30:30
7305;PTT_SUBE;629;OSMANPAŞA ACENTELİĞİ;OSMANPAŞA KÖYÜ/CAMİ MEVKİİ BELEDİYE PARK SOKAK No: 15 MERKEZ YOZGAT;05424865566;66;YOZGAT;;;;39.622279;34.959769;09:00-12:00/13:00-17:00;KAPALI;KAPALI;1;2026-09-21 08:30:30
7304;PTT_SUBE;54;SARAYKENT MÜDÜRLÜĞÜ;KARŞIYAKA MAHALLESİ GAZİ MUSTAFA KEMAL BULVAR No: 186 SARAYKENT YOZGAT;03543686431;66;YOZGAT;;;;39.69243;35.513487;08:30-12:30/13:30-17:00;KAPALI;KAPALI;1;2026-09-21 08:30:30
7303;PTT_SUBE;63;SARIKAYA MÜDÜRLÜĞÜ;FATİH MAHALLESİ NEVZAT ŞENER BULVARI BULVAR No: 205 SARIKAYA YOZGAT;00354772141;66;YOZGAT;;;;39.490804744;35.375409271;08:30-12:30/13:30-17:00;KAPALI;KAPALI;1;2026-09-21 08:30:30
7302;PTT_SUBE;2318;SIRÇALI ACENTELİĞİ;SIRÇALI BELDESİ/MEVLANA MAHALLESİ NAR SOKAK No: 7 - BOĞAZLIYAN YOZGAT;05337437257;66;YOZGAT;;;;39.329987;35.141445;09:00-12:00/13:00-17:00;KAPALI;KAPALI;1;2026-09-21 08:30:30
7301;PTT_SUBE;75;SORGUN MÜDÜRLÜĞÜ;ÇAY MAHALLESİ ATIF KILIÇ SOKAK No: 13 A SORGUN YOZGAT;03544151001;66;YOZGAT;;;;39.808828;35.188067;08:30-12:30/13:30-17:00;KAPALI;KAPALI;1;2026-09-21 08:30:30
7299;PTT_SUBE;2322;UZUNLU ACENTELİĞİ;UZUNLU BELDESİ/ESENTEPE MAHALLESİ ATATÜRK BULVAR No: 4 BOĞAZLIYAN YOZGAT;05464045074;66;YOZGAT;;;;39.252635;35.389247;09:00-12:00/13:00-17:00;KAPALI;KAPALI;1;2026-09-21 08:30:30
7298;PTT_SUBE;7142;YAMAÇLI ACENTELİĞİ;YAMAÇLI BELDESİ/YENİ MAHALLESİ CUMHURİYET CADDE No: 1 - BOĞAZLIYAN YOZGAT;05459793693;66;YOZGAT;;;;39.320536;35.058522;09:00-12:30/13:30-17:00;KAPALI;KAPALI;1;2026-09-21 08:30:30
7297;PTT_SUBE;60;YENİFAKILI MÜDÜRLÜĞÜ;YAZLAK MAHALLESİ TURGUT ÖZAL BULVAR No: 20 - YENİFAKILI YOZGAT;03546121212;66;YOZGAT;;;;39.215634093;34.996177656;08:30-12:30/13:30-17:00;KAPALI;KAPALI;1;2026-09-21 08:30:30
7296;PTT_SUBE;2330;YENİPAZAR ACENTELİĞİ;YENİPAZAR BELDESİ/KARŞIYAKA MAHALLESİ CUMHURİYET CADDE No: 16 A BOĞAZLIYAN YOZGAT;05412350852;66;YOZGAT;;;;39.466561;35.087329;09:00-12:00/13:00-17:00;KAPALI;KAPALI;1;2026-09-21 08:30:30
7295;PTT_SUBE;86;YERKÖY MÜDÜRLÜĞÜ;HAŞİM KILIÇ MAHALLESİ YOZGAT CADDE No: 25 - YERKÖY YOZGAT;03545162402;66;YOZGAT;;;;39.639487175;34.469500583;08:30-12:30/13:30-17:00;KAPALI;KAPALI;1;2026-09-21 08:30:30
7294;PTT_SUBE;8516;YOZGAT DAĞITIM VE TOPLAMA MÜDÜRLÜĞÜ;ÇAPANOĞLU MAHALLESİ ATALAY YÖRÜKOĞLU CADDE No: 4 A MERKEZ YOZGAT;0;66;YOZGAT;;;;39.805716;34.784828;08:00-20:00/-;08:00-20:00/-;08:00-20:00/-;1;2026-09-21 08:30:30
7293;PTT_SUBE;830;YOZGAT MÜDÜRLÜĞÜ;MEDRESE MAHALLESİ LİSE CADDE No: 6 MERKEZ YOZGAT;03542122340;66;YOZGAT;;;;39.822217645;34.808880746;08:30-12:30/13:30-17:00;KAPALI;KAPALI;1;2026-09-21 08:30:30
7316;PTT_SUBE;1150;ÇANDIR ŞUBESİ;ŞAH SULTAN MAHALLESİ DR. MEHMET MURAT BULVAR No: 33 /1 ÇANDIR YOZGAT;05072539966;66;YOZGAT;;;;39.242220516;35.511625558;08:30-12:30/13:30-17:00;KAPALI;KAPALI;1;2026-09-21 08:30:30
7315;PTT_SUBE;65;ÇAYIRALAN MÜDÜRLÜĞÜ;AVCILAR MAHALLESİ ATATÜRK CADDE No: 4 ÇAYIRALAN YOZGAT;03547361001;66;YOZGAT;;;;39.301831184;35.642918557;08:30-12:30;KAPALI;KAPALI;1;2026-09-21 08:30:30
7314;PTT_SUBE;53;ÇEKEREK MÜDÜRLÜĞÜ;BAĞLARBAŞI MAHALLESİ ADNAN MENDERES CADDE No: 15 ÇEKEREK YOZGAT;03544682222;66;YOZGAT;;;;40.071267586;35.497371407;08:30-12:30/13:30-17:00;KAPALI;KAPALI;1;2026-09-21 08:30:30
7313;PTT_SUBE;2306;ÇİĞDEMLİ ACENTELİĞİ;ÇİĞDEMLİ BELDESİ/GÜLVEREN MAHALLESİ YUNUSEMRE SOKAK No: 1 /2 SORGUN YOZGAT;03544257068;66;YOZGAT;;;;39.820855;35.29209;09:00-12:00/13:00-17:00;KAPALI;KAPALI;1;2026-09-21 08:30:30
7300;PTT_SUBE;48;ŞEFAATLİ MÜDÜRLÜĞÜ;KALE MAHALLESİ ALPASLAN CADDE No: 12 ŞEFAATLİ YOZGAT;03545641515;66;YOZGAT;;;;39.500325573;34.758018752;08:30-12:30/13:30-17:00;KAPALI;KAPALI;1;2026-09-21 08:30:30
7349;PTT_SUBE;4728;15 TEMMUZ KEPEZ  ŞUBESİ;KEPEZ MAHALLESİ İLYAS KARACA SOKAK No: 2 B EREĞLİ ZONGULDAK;03723161418;67;ZONGULDAK;;;;41.266521638;31.462350169;08:30-12:30/13:30-17:00;KAPALI;KAPALI;1;2026-09-21 08:30:31
7347;PTT_SUBE;2949;ADLİYE  ŞUBESİ;YAYLA MAHALLESİ LİMAN CADDE No: 22 MERKEZ ZONGULDAK;03722512432;67;ZONGULDAK;;;;41.46079;31.7884;08:30-12:30/13:30-17:00;KAPALI;KAPALI;1;2026-09-21 08:30:31
7348;PTT_SUBE;4735;ADLİYE  ŞUBESİ;SÜLEYMANLAR MAHALLESİ HASTANE CADDE No: 22 EREĞLİ ZONGULDAK;03723160252;67;ZONGULDAK;;;;41.291921;31.406827;08:30-12:30/13:30-17:00;KAPALI;KAPALI;1;2026-09-21 08:30:31
7346;PTT_SUBE;1115;ALAPLI MÜDÜRLÜĞÜ;MERKEZ MAHALLESİ ALİ ALP CADDE No: 49 ALAPLI ZONGULDAK;03723781415;67;ZONGULDAK;;;;41.180134903;31.388128889;08:30-12:30/13:30-17:00;KAPALI;KAPALI;1;2026-09-21 08:30:31
7345;PTT_SUBE;7487;BAĞLIK ŞUBE ŞEFLİĞİ;MÜFTÜ MAHALLESİ İBRAHİM EFE CADDE No: 32 /1A EREĞLİ ZONGULDAK;03723161872;67;ZONGULDAK;;;;41.274009;31.432657;08:30-12:30/13:30-17:00;KAPALI;KAPALI;1;2026-09-21 08:30:31
7344;PTT_SUBE;8588;BEYCUMA ŞUBESİ;BEYCUMA BELDESİ/MERKEZ MAHALLESİ ATATÜRK CADDE No:62 A MERKEZ ZONGULDAK;03722112421;67;ZONGULDAK;;;;41.328548;31.965582;08:30-12:30 / 13:30-17:00;KAPALI;KAPALI;1;2026-09-21 08:30:31
7341;PTT_SUBE;5190;DEVREK MÜDÜRLÜĞÜ;İSMET PAŞA MAHALLESİ TEL SOKAK No: 4 A DEVREK ZONGULDAK;03725561415;67;ZONGULDAK;;;;41.219180193;31.956831911;08:30-12:30;KAPALI;KAPALI;1;2026-09-21 08:30:31
7340;PTT_SUBE;1255;FİLYOS MÜDÜRLÜĞÜ;FİLYOS BELDESİ/ÖTEYÜZ MAHALLESİ İSMET PAŞA CADDE No: 12 A ÇAYCUMA ZONGULDAK;03726231415;67;ZONGULDAK;;;;41.562058;32.024068;08:30-12:30/-;KAPALI;KAPALI;1;2026-09-21 08:30:31
7339;PTT_SUBE;4585;GÖKÇEBEY MÜDÜRLÜĞÜ;İSTASYON MAHALLESİ ATATÜRK CADDE No: 17 GÖKÇEBEY ZONGULDAK;03725121415;67;ZONGULDAK;;;;41.305963;32.140525;08:30-12:30;KAPALI;KAPALI;1;2026-09-21 08:30:31
7338;PTT_SUBE;8340;GÜLÜÇ ACENTELİĞİ;GÜLÜÇ BELDESİ/MERKEZ MAHALLESİ BELEDİYE CADDE No: 1 EREĞLİ ZONGULDAK;0;67;ZONGULDAK;;;;41.251255;31.421036;08:30-12:30/13:30-17:00;KAPALI;KAPALI;1;2026-09-21 08:30:31
7337;PTT_SUBE;5264;GÜMELİ ACENTELİĞİ;GÜMELİ BELDESİ/MERKEZ MAHALLESİ CAMİ YANI CADDE No: 10 ALAPLI ZONGULDAK;03723817077;67;ZONGULDAK;;;;41.095851;31.604726;09:00-12:30/17:00-;KAPALI;KAPALI;1;2026-09-21 08:30:31
7336;PTT_SUBE;8341;KANDİLLİ ACENTELİĞİ;KANDİLLİ BELDESİ/GEYİKBELİ MAHALLESİ HASTANE CADDE No: 2 EREĞLİ ZONGULDAK;0;67;ZONGULDAK;;;;41.344846;31.502797;08:30-12:30/13:30-17:00;KAPALI;KAPALI;1;2026-09-21 08:30:31
7335;PTT_SUBE;8586;KARAMAN ACENTE;KARAMAN BELDESİ/MERKEZ MAHALLESİ BELEDİYE SOKAK No:4 MERKEZ ZONGULDAK;37225364;67;ZONGULDAK;;;;41.37255999;31.96237104;08:30-12:30 / 13:30-17:00;KAPALI;KAPALI;1;2026-09-21 08:30:31
7334;PTT_SUBE;5299;KARAMAN ACENTELİĞİ;KARAMAN BELDESİ/MERKEZ MAHALLESİ ANKARA BULVAR No: 33 MERKEZ ZONGULDAK;03722152500;67;ZONGULDAK;;;;41.373944;31.961129;09:00-12:30/13:30-17:00;KAPALI;KAPALI;1;2026-09-21 08:30:31
7333;PTT_SUBE;4971;KARAPINAR ŞUBESİ;KARAPINAR BELDESİ/MERKEZ MAHALLESİ MİLLİ EGEMENLİK CADDE No: 20 ÇAYCUMA ZONGULDAK;03726283308;67;ZONGULDAK;;;;41.492984;32.187702;08:30-12:30/13:30-17:00;KAPALI;KAPALI;1;2026-09-21 08:30:31
7332;PTT_SUBE;4724;KDZ.EREĞLİ MÜDÜRLÜĞÜ;MÜFTÜ MAHALLESİ YURT CADDE No: 1 EREĞLİ ZONGULDAK;03723161872;67;ZONGULDAK;;;;41.278805854;31.424169612;08:30-12:30/13:30-17:00;KAPALI;KAPALI;1;2026-09-21 08:30:31
7330;PTT_SUBE;5182;KOZLU MÜDÜRLÜĞÜ;MERKEZ MAHALLESİ DR.HALİM TANYERİ CADDE No: 5 KOZLU ZONGULDAK;03722661415;67;ZONGULDAK;;;;41.434364;31.744803;08:30-12:30;KAPALI;KAPALI;1;2026-09-21 08:30:31
7331;PTT_SUBE;5000;KİLİMLİ MÜDÜRLÜĞÜ;MERKEZ MAHALLESİ GENÇLİK SOKAK No: 14 KİLİMLİ ZONGULDAK;03722651415;67;ZONGULDAK;;;;41.490429791;31.83907782;08:30-12:30;KAPALI;KAPALI;1;2026-09-21 08:30:31
7329;PTT_SUBE;4657;ORMANLI MÜDÜRLÜĞÜ;ORMANLI BELDESİ/MERKEZ MAHALLESİ PTT CADDE No: 12 EREĞLİ ZONGULDAK;03723446415;67;ZONGULDAK;;;;41.190189;31.60418;08:30-12:30;KAPALI;KAPALI;1;2026-09-21 08:30:31
7328;PTT_SUBE;1216;PERŞEMBE ŞUBESİ;PERŞEMBE BELDESİ/MERKEZ MAHALLESİ CUMHURİYET CADDE No: 4 ÇAYCUMA ZONGULDAK;03726151415;67;ZONGULDAK;;;;41.418351;32.15351484;08:30-12:30/13:30-17:00;KAPALI;KAPALI;1;2026-09-21 08:30:31
7327;PTT_SUBE;5191;SALTUKOVA MÜDÜRLÜĞÜ;SALTUKOVA BELDESİ/KOKAKSU MAHALLESİ ATATÜRK CADDE No: 30 A ÇAYCUMA ZONGULDAK;03726181415;67;ZONGULDAK;;;;41.519868;32.093593;08:30-12:30/13:30-17:00;KAPALI;KAPALI;1;2026-09-21 08:30:31
7326;PTT_SUBE;7485;SOĞUKSU  ŞUBE ŞEFLİĞİ;TERAKKİ MAHALLESİ CUMHURİYET CADDE No: 36 MERKEZ ZONGULDAK;03722522039;67;ZONGULDAK;;;;41.45124;31.784673;08:30-12:30/13:30-17:00;KAPALI;KAPALI;1;2026-09-21 08:30:31
7325;PTT_SUBE;7181;ZONGULDAK DAĞITIM TOPLAMA  MÜDÜRLÜĞÜ;TERAKKİ MAHALLESİ CUMHURİYET CADDE No: 36 MERKEZ ZONGULDAK;03722534571;67;ZONGULDAK;;;;41.451181;31.784691;08:30-12:30;08:30-12:30;KAPALI;1;2026-09-21 08:30:31
7324;PTT_SUBE;6149;ZONGULDAK MÜDÜRLÜĞÜ;MEŞRUTİYET MAHALLESİ GAZİ PAŞA CADDE No: 11 MERKEZ ZONGULDAK;03722536465;67;ZONGULDAK;;;;41.455819;31.788696;08:30-12:30/13:30-17:00;KAPALI;KAPALI;1;2026-09-21 08:30:31
7343;PTT_SUBE;5196;ÇATALAĞZI MÜDÜRLÜĞÜ;ÇATALAĞZI BELDESİ/MERKEZ MAHALLESİ ATATÜRK CADDE No: 41 /1 KİLİMLİ ZONGULDAK;03722641415;67;ZONGULDAK;;;;41.498765;31.8705;08:30-12:30;KAPALI;KAPALI;1;2026-09-21 08:30:31
7342;PTT_SUBE;1206;ÇAYCUMA MÜDÜRLÜĞÜ;ÇAY MAHALLESİ METİN YURTBAY CADDE No: 22 A ÇAYCUMA ZONGULDAK;03726151415;67;ZONGULDAK;;;;41.425583111;32.073591711;08:30-12:30/13:30-17:00;KAPALI;KAPALI;1;2026-09-21 08:30:31
4776;PTT_SUBE;1699;ADLİYE  ŞUBESİ;BARBAROS MAHALLESİ ADLİYE CADDE No: 2 /1 MERKEZ ÇANAKKALE;02862132074;17;ÇANAKKALE;;;;40.123969944;26.421515223;08:30-12:30/13:30-17:00;KAPALI;KAPALI;1;2026-09-21 08:30:03
4775;PTT_SUBE;2177;AKÇAKOYUN ACENTELİĞİ;AKÇAKOYUN KÖYÜ/CUMHURİYET MEVKİİ CUMHURİYET SOKAK No: 4 YENİCE ÇANAKKALE;05333762827;17;ÇANAKKALE;;;;39.815502;27.161308;09:00-12:30/13:30-17:00;KAPALI;KAPALI;1;2026-09-21 08:30:03
4774;PTT_SUBE;1134;AYVACIK MÜDÜRLÜĞÜ;ÜMMÜHAN MAHALLESİ CUMHURİYET CADDE No: 4 AYVACIK ÇANAKKALE;02867121419;17;ÇANAKKALE;;;;39.600864;26.403608;08:30-12:30;KAPALI;KAPALI;1;2026-09-21 08:30:03
4773;PTT_SUBE;1707;BARBAROS  ŞUBESİ;BARBAROS MAHALLESİ YILDIZ SOKAK No: 4 D MERKEZ ÇANAKKALE;02862125671;17;ÇANAKKALE;;;;40.137212618;26.408955991;08:30-12:30/13:30-17:00;KAPALI;KAPALI;1;2026-09-21 08:30:03
4772;PTT_SUBE;2205;BAYRAMİÇ MÜDÜRLÜĞÜ;CAMİCEDİT MAHALLESİ KIBRIS CADDE No: 6 BAYRAMİÇ ÇANAKKALE;02867731419;17;ÇANAKKALE;;;;39.810254;26.610114;08:30-12:30/13:30-17:00;KAPALI;KAPALI;1;2026-09-21 08:30:03
4770;PTT_SUBE;2211;BOZCAADA MÜDÜRLÜĞÜ;ALAYBEY MAHALLESİ ÇINARÇARŞI CADDE No: 23 BOZCAADA ÇANAKKALE;02866978219;17;ÇANAKKALE;;;;39.83534;26.07063;08:30-12:30/13:30-17:00;KAPALI;KAPALI;1;2026-09-21 08:30:03
4771;PTT_SUBE;8307;BİGA MÜDÜRLÜĞÜ;HAMDİBEY MAHALLESİ İSTİKLAL CADDE No: 314 BİGA ÇANAKKALE;02863161009;17;ÇANAKKALE;;;;40.236838;27.234907;08:30-17:00;KAPALI;KAPALI;1;2026-09-21 08:30:03
4765;PTT_SUBE;1177;ECEABAT MÜDÜRLÜĞÜ;KEMALPAŞA MAHALLESİ CUMHURİYET CADDE No: 40 ECEABAT ÇANAKKALE;02868141419;17;ÇANAKKALE;;;;40.18586709;26.358864407;08:30-12:30/13:30-17:00;KAPALI;KAPALI;1;2026-09-21 08:30:03
4764;PTT_SUBE;1711;ESENLER  ŞUBESİ;ESENLER MAHALLESİ CUMHURİYET CADDE No: 3 MERKEZ ÇANAKKALE;02862135384;17;ÇANAKKALE;;;;40.16108;26.415968;08:30-12:30/13:30-17:00;KAPALI;KAPALI;1;2026-09-21 08:30:03
4763;PTT_SUBE;2156;ETİLİ ACENTELİĞİ;ETİLİ KÖYÜ ETİLİ KÜME EVLER No: 411 ÇAN ÇANAKKALE;02864232297;17;ÇANAKKALE;;;;39.983519032;26.896108184;09:00-12:30/13:30-17:00;KAPALI;KAPALI;1;2026-09-21 08:30:03
4762;PTT_SUBE;2195;EVREŞE ACENTELİĞİ;EVREŞE BELDESİ/KEŞANOĞLU MAHALLESİ CUMHURİYET MEYDAN No: 19 GELİBOLU ÇANAKKALE;02865774084;17;ÇANAKKALE;;;;40.665899;26.882932;09:00-12:30/13:30-17:00;KAPALI;KAPALI;1;2026-09-21 08:30:03
4761;PTT_SUBE;1180;EZİNE MÜDÜRLÜĞÜ;CAMİKEBİR MAHALLESİ BARANSEL CADDE No: 26 EZİNE ÇANAKKALE;02866181727;17;ÇANAKKALE;;;;39.7848;26.336621;08:30-12:30/13:30-17:00;KAPALI;KAPALI;1;2026-09-21 08:30:03
4760;PTT_SUBE;1184;GELİBOLU MÜDÜRLÜĞÜ;CAMİİKEBİR MAHALLESİ CUMHURİYET OKULU CADDE No: 3 GELİBOLU ÇANAKKALE;02865661888;17;ÇANAKKALE;;;;40.409862902;26.670893117;08:30-12:30/13:30-17:00;KAPALI;KAPALI;1;2026-09-21 08:30:03
4759;PTT_SUBE;1693;GEYİKLİ ŞUBESİ;GEYİKLİ BELDESİ/HÜRRİYET MAHALLESİ ATATÜRK CADDE No: 12 EZİNE ÇANAKKALE;02866385871;17;ÇANAKKALE;;;;39.803584;26.206438;08:30-12:30/13:30-17:00;KAPALI;KAPALI;1;2026-09-21 08:30:03
4758;PTT_SUBE;1190;GÖKÇEADA MÜDÜRLÜĞÜ;FATİH MAHALLESİ İNÖNÜ CADDE No: 4 GÖKÇEADA ÇANAKKALE;02868873419;17;ÇANAKKALE;;;;40.19438175;25.904391174;08:30-12:30/13:30-17:00;KAPALI;KAPALI;1;2026-09-21 08:30:03
4757;PTT_SUBE;2129;GÜMÜŞÇAY ACENTELİĞİ;GÜMÜŞÇAY BELDESİ/İĞDELİK MAHALLESİ HACIKADIN SOKAK No: 1 BİGA ÇANAKKALE;02863523098;17;ÇANAKKALE;;;;40.283888;27.280603;09:00-12:30/13:30-17:00;KAPALI;KAPALI;1;2026-09-21 08:30:03
4756;PTT_SUBE;2201;GÜNEYLİ ACENTELİĞİ;GÜNEYLİ KÖYÜ  KÖY SOKAĞI No: 29 GELİBOLU ÇANAKKALE;02865726870;17;ÇANAKKALE;;;;40.50608;26.69802;09:00-12:30/13:30-17:00;KAPALI;KAPALI;1;2026-09-21 08:30:03
4755;PTT_SUBE;1653;KALKIM ŞUBESİ;KALKIM BELDESİ/ATATÜRK MAHALLESİ CAMİİ MEYDAN No: 7 YENİCE ÇANAKKALE;02864847222;17;ÇANAKKALE;;;;39.812027;27.212528;08:30-12:30/13:30-17:00;KAPALI;KAPALI;1;2026-09-21 08:30:03
4754;PTT_SUBE;2133;KARABİGA ACENTELİĞİ;KARABİGA BELDESİ/ZEYTİNLİK MAHALLESİ NATO CADDE No: 1 BİGA ÇANAKKALE;02863541800;17;ÇANAKKALE;;;;40.404226;27.306103;09:00-12:30/13:30-17:00;KAPALI;KAPALI;1;2026-09-21 08:30:03
4753;PTT_SUBE;2199;KAVAKKÖY ACENTELİĞİ;KAVAKKÖY BELDESİ/CUMHURİYET MAHALLESİ ŞARKÖY CADDE No: 5 GELİBOLU ÇANAKKALE;02865977506;17;ÇANAKKALE;;;;40.609151;26.881028;09:00-12:30/13:30-17:00;KAPALI;KAPALI;1;2026-09-21 08:30:03
4752;PTT_SUBE;1716;KEPEZ ŞUBESİ;KEPEZ BELDESİ/CUMHURİYET MAHALLESİ HARMANLIK SOKAK No: 14 A MERKEZ ÇANAKKALE;02862635477;17;ÇANAKKALE;;;;40.096169703;26.392285459;08:30-12:30/13:30-17:00;KAPALI;KAPALI;1;2026-09-21 08:30:03
4751;PTT_SUBE;2112;KUMKALE ACENTELİĞİ;KUMKALE KÖYÜ/MEHMET ÇAVUŞ MEVKİİ ATATÜRK SOKAK No: 90 MERKEZ ÇANAKKALE;02862880286;17;ÇANAKKALE;;;;39.98009898;26.23556196;09:00-12:30/13:30-17:00;KAPALI;KAPALI;1;2026-09-21 08:30:03
4750;PTT_SUBE;2041;KÜÇÜK SANAYİ SİTESİ ŞUBESİ;İSMETPAŞA MAHALLESİ KÜÇÜK SANAYİ 11. SOKAK No: 10 MERKEZ ÇANAKKALE;02862143948;17;ÇANAKKALE;;;;40.147541629;26.42688193;08:30-12:30/13:30-17:00;KAPALI;KAPALI;1;2026-09-21 08:30:03
4749;PTT_SUBE;1107;KÜÇÜKKUYU ŞUBESİ;KÜÇÜKKUYU BELDESİ/SAHİL MAHALLESİ MEHMET DEDE EFENDİ CADDE No: 13 AYVACIK ÇANAKKALE;02867525419;17;ÇANAKKALE;;;;39.547057;26.602198;08:30-12:30/13:30-17:00;KAPALI;KAPALI;1;2026-09-21 08:30:03
4748;PTT_SUBE;1227;LAPSEKİ MÜDÜRLÜĞÜ;CUMHURİYET MAHALLESİ ATATÜRK CADDE No: 30 LAPSEKİ ÇANAKKALE;02865121419;17;ÇANAKKALE;;;;40.344415116;26.683546071;08:30-12:30/13:30-17:00;KAPALI;KAPALI;1;2026-09-21 08:30:03
4747;PTT_SUBE;1685;MAHMUDİYE ŞUBESİ;MAHMUDİYE KÖYÜ/ATATÜRK MEVKİİ OKUL SOKAK No: 3 EZİNE ÇANAKKALE;02866287891;17;ÇANAKKALE;;;;39.87519003;26.23303692;08:30-12:30/13:30-17:00;KAPALI;KAPALI;1;2026-09-21 08:30:03
4746;PTT_SUBE;1646;PAZARKÖY ŞUBESİ;PAZARKÖY KÖYÜ/İSTİKLAL MEVKİİ OVA SOKAK No: 4 YENİCE ÇANAKKALE;02864948497;17;ÇANAKKALE;;;;39.85312;27.400509;08:30-12:30/13:30-17:00;KAPALI;KAPALI;1;2026-09-21 08:30:03
4745;PTT_SUBE;2149;TERZİALAN ACENTELİĞİ;TERZİALAN BELDESİ/ÇAKMAKÇAYIR MAHALLESİ HAFIZ EYÜP CADDE No: 1 ÇAN ÇANAKKALE;02864454485;17;ÇANAKKALE;;;;39.96264897;27.02200716;09:00-12:30/13:30-17:00;KAPALI;KAPALI;1;2026-09-21 08:30:03
4744;PTT_SUBE;1578;UMURBEY ŞUBESİ;UMURBEY BELDESİ/UMURBEY MERKEZ MAHALLESİ ÇARŞI MEYDAN No: 9 LAPSEKİ ÇANAKKALE;02865427518;17;ÇANAKKALE;;;;40.234595;26.608142;08:30-12:30/13:30-17:00;KAPALI;KAPALI;1;2026-09-21 08:30:03
4743;PTT_SUBE;1229;YENİCE MÜDÜRLÜĞÜ;YENİ MAHALLESİ BİGA CADDE No: 5 YENİCE ÇANAKKALE;02864743419;17;ÇANAKKALE;;;;39.929586825;27.258639911;08:30-12:30/13:30-17:00;KAPALI;KAPALI;1;2026-09-21 08:30:03
4769;PTT_SUBE;1129;ÇAN MÜDÜRLÜĞÜ;İSTİKLAL MAHALLESİ ATATÜRK CADDE No: 39 ÇAN ÇANAKKALE;02864161419;17;ÇANAKKALE;;;;40.030267;27.053301;08:30-12:30/13:30-17:00;KAPALI;KAPALI;1;2026-09-21 08:30:03
4768;PTT_SUBE;8484;ÇANAKKALE DAĞITIM VE TOPLAMA  MERKEZİ;BARBAROS MAHALLESİ ATATÜRK CADDE No: 213 MERKEZ ÇANAKKALE;02862179818;17;ÇANAKKALE;;;;40.121395;26.411015;08:30-12:30/13:30-17:30;08:30-12:30/13:30-17:30;KAPALI;1;2026-09-21 08:30:03
4767;PTT_SUBE;1143;ÇANAKKALE MÜDÜRLÜĞÜ;KEMALPAŞA MAHALLESİ İNÖNÜ CADDESİ CADDE No: 78 MERKEZ ÇANAKKALE;02862174219;17;ÇANAKKALE;;;;40.149498;26.406583;08:30-12:30/13:30-17:00;KAPALI;KAPALI;1;2026-09-21 08:30:03
4766;PTT_SUBE;2163;ÇARDAK ACENTELİĞİ;ÇARDAK BELDESİ/GAZİYAKUPBEY MAHALLESİ İSKELE CADDE No: 9 LAPSEKİ ÇANAKKALE;02865325171;17;ÇANAKKALE;;;;40.375708;26.716412;09:00-12:30/13:30-17:00;KAPALI;KAPALI;1;2026-09-21 08:30:03
4790;PTT_SUBE;4041;ADLİYE  ŞUBESİ;ABDULHALİK RENDA MAHALLESİ ANKARA CADDE No: 54 MERKEZ ÇANKIRI;03762137068;18;ÇANKIRI;;;;40.577969;33.617527;08:30-12:30/13:30-17:00;KAPALI;KAPALI;1;2026-09-21 08:30:04
4789;PTT_SUBE;968;ATKARACALAR MÜDÜRLÜĞÜ;GAZİBEY MAHALLESİ OSMAN SEVİMLİ CADDE No: 30 A ATKARACALAR ÇANKIRI;03767121415;18;ÇANKIRI;;;;40.816115929;33.074623818;08:30-12:30/13:30-17:00;KAPALI;KAPALI;1;2026-09-21 08:30:04
4788;PTT_SUBE;1523;BAYRAMÖREN  ŞUBESİ;ZÜBEYDE HANIM MAHALLESİ NEVZAT AYAZ CADDE No: 16 BAYRAMÖREN ÇANKIRI;03767358415;18;ÇANKIRI;;;;40.94264;33.20404;08:30-12:30/13:30-17:00;KAPALI;KAPALI;1;2026-09-21 08:30:04
4784;PTT_SUBE;836;ELDİVAN MÜDÜRLÜĞÜ;ÇAY MAHALLESİ ŞEHİT POLİS HASAN GÜLHAN CADDE No: 23 A ELDİVAN ÇANKIRI;03763112415;18;ÇANKIRI;;;;40.529726309;33.496300262;08:30-17:00;KAPALI;KAPALI;1;2026-09-21 08:30:04
4783;PTT_SUBE;883;ILGAZ MÜDÜRLÜĞÜ;GAZİ DEDE MAHALLESİ ŞEHİT CEMİL ÇELİK CADDE No: 1 ILGAZ ÇANKIRI;03764161415;18;ÇANKIRI;;;;40.92421;33.62496;08:30-17:00;KAPALI;KAPALI;1;2026-09-21 08:30:04
4782;PTT_SUBE;8138;KIZILIRMAK MÜDÜRLÜĞÜ;YENİ MAHALLESİ SAFFET SAKARYA CADDE No: 25 B KIZILIRMAK ÇANKIRI;03763241415;18;ÇANKIRI;;;;40.349647322;33.986821153;08:30-17:00;KAPALI;KAPALI;1;2026-09-21 08:30:04
4781;PTT_SUBE;4037;KORGUN  ŞUBESİ;BÜYÜK MAHALLESİ OKUL CADDE No: 15 KORGUN ÇANKIRI;03763431546;18;ÇANKIRI;;;;40.734638;33.516977;08:30-12:30/13:30-17:00;KAPALI;KAPALI;1;2026-09-21 08:30:04
4780;PTT_SUBE;1505;KURŞUNLU MÜDÜRLÜĞÜ;ERENLER MAHALLESİ ATATÜRK CADDE No: 8 KURŞUNLU ÇANKIRI;03764651415;18;ÇANKIRI;;;;40.84482699;33.25843584;08:30-17:00;KAPALI;KAPALI;1;2026-09-21 08:30:04
4779;PTT_SUBE;6153;ORTA MÜDÜRLÜĞÜ;SULTAN BEYAZIT MAHALLESİ CUMHURİYET CADDE No: 19 ORTA ÇANKIRI;03766151415;18;ÇANKIRI;;;;40.625924037;33.108321189;08:30-12:30;KAPALI;KAPALI;1;2026-09-21 08:30:04
4777;PTT_SUBE;930;YAPRAKLI MÜDÜRLÜĞÜ;AŞAĞI MAHALLESİ ÇANKIRI CADDE No: 7 YAPRAKLI ÇANKIRI;03763612415;18;ÇANKIRI;;;;40.756306;33.77973;08:30-17:00;KAPALI;KAPALI;1;2026-09-21 08:30:04
4787;PTT_SUBE;8509;ÇANKIRI DAĞITIM VE TOPLAMA MÜDÜRLÜĞÜ;FATİH MAHALLESİ ŞEHİT ALPASLAN BAYRAM SOKAK No: 16 MERKEZ ÇANKIRI;0;18;ÇANKIRI;;;;40.602092877;33.629011153;08:00-20:00/-;08:00-20:00/-;08:00-20:00/-;1;2026-09-21 08:30:04
4786;PTT_SUBE;1420;ÇANKIRI MÜDÜRLÜĞÜ;CUMHURİYET MAHALLESİ ALPARSLAN TÜRKEŞ CADDE No: 42 MERKEZ ÇANKIRI;03762131415;18;ÇANKIRI;;;;40.599872;33.615875;08:30-17:00;10:30-15:50;KAPALI;1;2026-09-21 08:30:04
4785;PTT_SUBE;842;ÇERKEŞ MÜDÜRLÜĞÜ;YENİ MAHALLESİ HÜKÜMET CADDE No: 43 ÇERKEŞ ÇANKIRI;03767661415;18;ÇANKIRI;;;;40.81137;32.89249;08:30-17:00;KAPALI;KAPALI;1;2026-09-21 08:30:04
4778;PTT_SUBE;981;ŞABANÖZÜ MÜDÜRLÜĞÜ;CUMHURİYET MAHALLESİ PAZAR SOKAK No: 3 ŞABANÖZÜ ÇANKIRI;03765181415;18;ÇANKIRI;;;;40.485999111;33.281883689;08:30-12:30/13:30-17:00;KAPALI;KAPALI;1;2026-09-21 08:30:04
4814;PTT_SUBE;5054;ADLİYE SARAYI  ;ULUKAVAK MAHALLESİ FATİH CAD. CADDE No: 13 /1 MERKEZ ÇORUM;03642265149;19;ÇORUM;;;;40.55626;34.95491;08:00-12:00/13:00-16:30;KAPALI;KAPALI;1;2026-09-21 08:30:04
4813;PTT_SUBE;5080;ADLİYE SARAYI  ŞUBESİ;YENİ MAHALLESİ ŞEHİT AHMET BALCI SOKAK No: 2 OSMANCIK ÇORUM;03646114560;19;ÇORUM;;;;40.977273;34.803871;08:00-12:00/13:00-16:30;KAPALI;KAPALI;1;2026-09-21 08:30:04
4812;PTT_SUBE;6743;ALACA MÜDÜRLÜĞÜ;AYHAN MAHALLESİ ÇORUM CADDE No: 45 ALACA ÇORUM;03644115122;19;ÇORUM;;;;40.17001;34.8419;08:30-17:30;KAPALI;KAPALI;1;2026-09-21 08:30:04
4811;PTT_SUBE;7715;ARİNNA KARGO  ŞUBESİ;ULUKAVAK MAHALLESİ MAVRAL SOKAK No: 79 MERKEZ ÇORUM;03642256623;19;ÇORUM;;;;40.559697;34.953162;08:30-12:30/13:30-17:00;08:30-12:30/13:30-16:00;KAPALI;1;2026-09-21 08:30:04
4809;PTT_SUBE;7102;BAHABEY  MÜDÜRLÜĞÜ;BAHÇELİEVLER MAHALLESİ BAHABEY CAD. CADDE No: 27 C MERKEZ ÇORUM;03642215593;19;ÇORUM;;;;40.549619;34.965218;08:30-17:00;KAPALI;KAPALI;1;2026-09-21 08:30:04
4808;PTT_SUBE;8404;BAYAT MÜDÜRLÜĞÜ;YENİ MAHALLESİ BEYAZIT CADDE No: 1 BAYAT ÇORUM;03643813122;19;ÇORUM;;;;40.642934;34.258988;08:30-17:00;KAPALI;KAPALI;1;2026-09-21 08:30:04
4810;PTT_SUBE;7914;BAĞCILAR  ŞUBESİ;GÜLABİBEY MAHALLESİ BAĞCILAR 4. CAD. CADDE No: 28 B MERKEZ ÇORUM;03645027731;19;ÇORUM;;;;40.526326;34.95799;08:30-12:30/13:30-17:00;KAPALI;KAPALI;1;2026-09-21 08:30:04
4807;PTT_SUBE;1205;BOĞAZKALE  ŞUBESİ;ÇARŞI MAHALLESİ CUMHURİYET MEYDAN No: 20 BOĞAZKALE ÇORUM;03644522122;19;ÇORUM;;;;40.02175;34.6086;08:30-12:30/13:30-17:00;KAPALI;KAPALI;1;2026-09-21 08:30:04
4804;PTT_SUBE;5140;DODURGA  ŞUBESİ;ESENTEPE MAHALLESİ YUNUS EMRE BULVAR No: 13 /1 DODURGA ÇORUM;03647116120;19;ÇORUM;;;;40.85738199;34.81184808;08:30-12:30/13:30-17:00;KAPALI;KAPALI;1;2026-09-21 08:30:04
4803;PTT_SUBE;5066;EROL OLÇOK EĞİTİM VE ARAŞTIRMA HASTANESİ ŞUBESİ;ÇEPNİ MAHALLESİ İNÖNÜ CAD. CADDE No: 176 MERKEZ ÇORUM;03642010614;19;ÇORUM;;;;40.532514;34.926779;08:30-12:30/13:30-17:00;KAPALI;KAPALI;1;2026-09-21 08:30:04
4802;PTT_SUBE;5094;HÜKÜMET KONAĞI  ŞUBESİ;KARAKEÇİLİ MAHALLESİ GAZİ CAD CADDE No: 61 MERKEZ ÇORUM;03642241606;19;ÇORUM;;;;40.552899;34.960148;08:00-12:00/13:00-16:30;KAPALI;KAPALI;1;2026-09-21 08:30:04
4800;PTT_SUBE;5132;KARGI MÜDÜRLÜĞÜ;MİHRİHATUN MAHALLESİ BAYRAKTAR SOKAK No: 29 /29B KARGI ÇORUM;03646512106;19;ÇORUM;;;;41.134241383;34.485563727;08:30-12:30/13:30-17:00;KAPALI;KAPALI;1;2026-09-21 08:30:04
4799;PTT_SUBE;5060;KÜÇÜK SANAYİ SİTESİ ŞUBESİ;MİMARSİNAN MAHALLESİ ÇORUM SANAYİ SİTESİ CAD. CADDE No: 38 /1A MERKEZ ÇORUM;03642347774;19;ÇORUM;;;;40.522794935;34.927286407;08:30-12:30/13:30-17:00;KAPALI;KAPALI;1;2026-09-21 08:30:04
4798;PTT_SUBE;5106;LAÇİN  ŞUBESİ;YENİ MAHALLESİ ÇORUM CADDE No: 41 A LAÇİN ÇORUM;03647455234;19;ÇORUM;;;;40.77391;34.88589;08:30-12:30/13:30-15:00;KAPALI;KAPALI;1;2026-09-21 08:30:04
4797;PTT_SUBE;39;MECİTÖZÜ MÜDÜRLÜĞÜ;TUTLUK MAHALLESİ ŞHT.MUSTAFA EKER CADDE No: 30 MECİTÖZÜ ÇORUM;03644612122;19;ÇORUM;;;;40.52019;35.297528;08:30-17:00;KAPALI;KAPALI;1;2026-09-21 08:30:04
4795;PTT_SUBE;5138;ORTAKÖY  ŞUBESİ;BAHÇELİEVLER MAHALLESİ CELAL BAYAR CADDE No: 4 ORTAKÖY ÇORUM;03644914247;19;ÇORUM;;;;40.272795;35.251464;08:30-12:30/13:30-17:00;KAPALI;KAPALI;1;2026-09-21 08:30:04
4794;PTT_SUBE;1145;OSMANCIK MÜDÜRLÜĞÜ;YAZI MAHALLESİ ALPARSLAN TÜRKEŞ CADDE No: 30 OSMANCIK ÇORUM;03646114232;19;ÇORUM;;;;40.973689;34.799327;08:30-17:00;KAPALI;KAPALI;1;2026-09-21 08:30:04
4796;PTT_SUBE;5143;OĞUZLAR  ŞUBESİ;ÇEŞME MAHALLESİ FATİH CADDE No: 42 OĞUZLAR ÇORUM;03645617120;19;ÇORUM;;;;40.754825;34.70217;08:30-12:30/13:30-15:00;KAPALI;KAPALI;1;2026-09-21 08:30:04
4793;PTT_SUBE;5093;S.S.K.   ŞUBESİ;GÜLABİBEY MAHALLESİ CUMHURİYET CAD. CADDE No: 32 -F MERKEZ ÇORUM;03642244777;19;ÇORUM;;;;40.53969;34.953782;08:30-12:30/13:30-17:00;KAPALI;KAPALI;1;2026-09-21 08:30:04
4792;PTT_SUBE;1183;SUNGURLU MÜDÜRLÜĞÜ;SUNGUROĞLU MAHALLESİ PROF.DR.NECMETTİN ERBAKAN CADDE No: 39 SUNGURLU ÇORUM;03643118122;19;ÇORUM;;;;40.163599;34.377243;08:30-17:00;KAPALI;KAPALI;1;2026-09-21 08:30:04
4791;PTT_SUBE;8416;UĞURLUDAĞ MÜDÜRLÜĞÜ;YÜZGEÇ MAHALLESİ CUMHURİYET CADDE No: 24 A UĞURLUDAĞ ÇORUM;03643612122;19;ÇORUM;;;;40.44528;34.453222;08:30-12:30/13:30-17:00;KAPALI;KAPALI;1;2026-09-21 08:30:04
4806;PTT_SUBE;7521;ÇORUM DAĞITIM VE TOPLAMA  MÜDÜRLÜĞÜ;MİMARSİNAN MAHALLESİ İNÖNÜ CAD. CADDE No: 211 C MERKEZ ÇORUM;03643331788;19;ÇORUM;;;;40.532813;34.929885;08:30-17:30/-;10:00-16:00/-;KAPALI;1;2026-09-21 08:30:04
4805;PTT_SUBE;2015;ÇORUM MÜDÜRLÜĞÜ;YENİYOL MAHALLESİ GAZİ CAD CADDE No: 1 MERKEZ ÇORUM;03642241123;19;ÇORUM;;;;40.550287;34.954409;08:30-12:30/13:30-17:00;KAPALI;KAPALI;1;2026-09-21 08:30:04
4801;PTT_SUBE;5274;İSKİLİP MÜDÜRLÜĞÜ;BAHABEY MAHALLESİ PARK ALTI SOKAK No: 10 İSKİLİP ÇORUM;03645113042;19;ÇORUM;;;;40.731736405;34.472997345;08:30-12:30/13:30-17:00;KAPALI;KAPALI;1;2026-09-21 08:30:04
5870;PTT_KARGOMAT;308;15 TEMMUZ ŞEHİTLER MERKEZİ PTT;KISIKLI MAHALLESİ BOSNA BULVAR No: 25 A ÜSKÜDAR İSTANBUL;;34;İSTANBUL;;;;41.027677;29.080644;7/24 Açık;7/24 Açık;7/24 Açık;1;2026-09-21 08:30:12
5867;PTT_KARGOMAT;212;29 MAYIS KIZ ÖĞRENCİ YURDU;YAMANEVLER MAHALLESİ DR. FAZIL KÜÇÜK CADDE  ÜMRANİYE İSTANBUL;;34;İSTANBUL;;;;41.028443013;29.110656763;7/24 Açık;7/24 Açık;7/24 Açık;1;2026-09-21 08:30:12
5868;PTT_KARGOMAT;216;ACIBADEM CADDESİ;ACIBADEM MAHALLESİ ACIBADEM CADDE No: 133 ÜSKÜDAR İSTANBUL;;34;İSTANBUL;;;;41.00919513;29.049692761;7/24 Açık;7/24 Açık;7/24 Açık;1;2026-09-21 08:30:12
5760;PTT_KARGOMAT;445;AKTEL RESİDENCE;ADNAN KAHVECİ MAHALLESİ AVRUPA CADDE No: 84 BEYLİKDÜZÜ İSTANBUL;;34;İSTANBUL;;;;41.005336;28.621685;7/24 Açık;7/24 Açık;7/24 Açık;1;2026-09-21 08:30:12
5786;PTT_KARGOMAT;392;AKŞEMSETTİN;AKŞEMSETTİN MAHALLESİ ALPEREN CADDE No: 41 EYÜPSULTAN İSTANBUL;;34;İSTANBUL;;;;41.084393897;28.922660174;7/24 Açık;7/24 Açık;7/24 Açık;1;2026-09-21 08:30:12
2109;PTT_KARGOMAT;392;AKŞEMSETTİN PTT;AKŞEMSETTİN MAHALLESİ ALPEREN CADDE No: 41 EYÜPSULTAN İSTANBUL;;34;İSTANBUL;;;;41.084393897;28.922660174;7/24 Açık;7/24 Açık;7/24 Açık;1;2026-09-14 08:28:26
5872;PTT_KARGOMAT;489;ALTUNİZADE;VALİDE-İ ATİK MAHALLESİ NUHKUYUSU CADDE No: 219 ÜSKÜDAR İSTANBUL;;34;İSTANBUL;;;;41.020542;29.034668;7/24 Açık;7/24 Açık;7/24 Açık;1;2026-09-21 08:30:12
5858;PTT_KARGOMAT;271;ARKEON EVLERİ;TEPEÖREN MAHALLESİ İSTANBUL PARK BULVAR No: 17 TUZLA İSTANBUL;;34;İSTANBUL;;;;40.940747095;29.374745626;7/24 Açık;7/24 Açık;7/24 Açık;1;2026-09-21 08:30:12
5864;PTT_KARGOMAT;375;ARMAĞANEVLER PTT;ARMAĞANEVLER MAHALLESİ NAZİK SOKAK No: 5 A ÜMRANİYE İSTANBUL;;34;İSTANBUL;;;;41.020578;29.117931;7/24 Açık;7/24 Açık;7/24 Açık;1;2026-09-21 08:30:12
5874;PTT_KARGOMAT;119;ATATÜRK ÖĞRENCİ YURDU;MERKEZEFENDİ MAHALLESİ SABRİ ÜLKER SOKAK No: 37  ZEYTİNBURNU İSTANBUL;;34;İSTANBUL;;;;41.012928278;28.913242433;7/24 Açık;7/24 Açık;7/24 Açık;1;2026-09-21 08:30:12
5737;PTT_KARGOMAT;406;ATAŞEHİR MUSTAFA KEMAL;MUSTAFA KEMAL MAHALLESİ 3001. CADDE No: 29 A ATAŞEHİR İSTANBUL;;34;İSTANBUL;;;;41.007823572;29.097565714;7/24 Açık;7/24 Açık;7/24 Açık;1;2026-09-21 08:30:12
5732;PTT_KARGOMAT;128;ATAŞEHİR PTT;KÜÇÜKBAKKALKÖY MAHALLESİ KAYIŞDAĞI CADDE No: 87 A ATAŞEHİR İSTANBUL;;34;İSTANBUL;;;;40.978877;29.115013;7/24 Açık;7/24 Açık;7/24 Açık;1;2026-09-21 08:30:12
5845;PTT_KARGOMAT;371;AYAZAĞA PTT;AYAZAĞA MAHALLESİ 132. SOKAK No: 15 A SARIYER İSTANBUL;;34;İSTANBUL;;;;41.115312;28.997796;7/24 Açık;7/24 Açık;7/24 Açık;1;2026-09-21 08:30:12
5857;PTT_KARGOMAT;279;AYDINLI PTT;AYDINLI MAHALLESİ BAŞKOMUTAN CADDE No: 24 A TUZLA İSTANBUL;;34;İSTANBUL;;;;40.86493;29.32809;7/24 Açık;7/24 Açık;7/24 Açık;1;2026-09-21 08:30:12
5837;PTT_KARGOMAT;391;AYDOS COUNTRY;VEYSEL KARANİ MAHALLESİ GÜLHANE CADDE No: 7 SANCAKTEPE İSTANBUL;;34;İSTANBUL;;;;40.962127;29.236946;7/24 Açık;7/24 Açık;7/24 Açık;1;2026-09-21 08:30:12
5843;PTT_KARGOMAT;98;BAHÇEKÖY HACIOSMAN ÖĞRENCİ YURDU;PTT EVLERİ MAHALLESİ HACIOSMAN BAYIRI CADDE No: 20 SARIYER İSTANBUL;;34;İSTANBUL;;;;41.141731776;29.027729592;7/24 Açık;7/24 Açık;7/24 Açık;1;2026-09-21 08:30:12
2070;PTT_KARGOMAT;104;BAHÇELİEVLER PTT;BAHÇELİEVLER MAHALLESİ MEHMETÇİK SOKAK No: 7 BAHÇELİEVLER İSTANBUL;;34;İSTANBUL;;;;40.997107;28.864355;7/24 Açık;7/24 Açık;7/24 Açık;1;2026-09-14 08:28:26
5783;PTT_KARGOMAT;338;BAHÇEŞEHİR;AŞIK VEYSEL MAHALLESİ RESNELİ NİYAZİ SOKAK No: 4 ESENYURT İSTANBUL;;34;İSTANBUL;;;;41.061179;28.676224;7/24 Açık;7/24 Açık;7/24 Açık;1;2026-09-21 08:30:12
5750;PTT_KARGOMAT;96;BAKIRKÖY PDM;OSMANİYE MAHALLESİ AKSUN ÇIKMAZI SOKAK No: 6 BAKIRKÖY İSTANBUL;;34;İSTANBUL;;;;40.990605;28.885613;7/24 Açık;7/24 Açık;7/24 Açık;1;2026-09-21 08:30:12
5746;PTT_KARGOMAT;229;BATIŞEHİR KONUTLARI;"GÖZTEPE MAHALLESİ BATIŞEHİR CADDE  
BATIŞEHİR GİRİŞİ BAĞCILAR İSTANBUL";;34;İSTANBUL;;;;41.064955032;28.840750095;7/24 Açık;7/24 Açık;7/24 Açık;1;2026-09-21 08:30:12
5744;PTT_KARGOMAT;267;BAĞCILAR POSTA DAĞITIM;KİRAZLI MAHALLESİ MAHMUTBEY CADDE No: 140 A BAĞCILAR İSTANBUL;;34;İSTANBUL;;;;41.035333199;28.833767542;7/24 Açık;7/24 Açık;7/24 Açık;1;2026-09-21 08:30:12
5733;PTT_KARGOMAT;603;BAŞAKŞEHİR PDM;KÜÇÜKBAKKALKÖY MAHALLESİ CENGİZ TOPEL CADDE No: 23 A ATAŞEHİR İSTANBUL;;34;İSTANBUL;;;;40.980768;29.118613;7/24 Açık;7/24 Açık;7/24 Açık;1;2026-09-21 08:30:12
5756;PTT_KARGOMAT;237;BAŞAKŞEHİR PTT;İKİTELLİ OSB MAHALLESİ HÜRRİYET BULVAR No: 74 BAŞAKŞEHİR İSTANBUL;;34;İSTANBUL;;;;41.103373;28.79423;7/24 Açık;7/24 Açık;7/24 Açık;1;2026-09-21 08:30:12
5761;PTT_KARGOMAT;543;BEYKENT;ADNAN KAHVECİ MAHALLESİ YAVUZ SULTAN SELİM BULVAR No: 4 A BEYLİKDÜZÜ İSTANBUL;;34;İSTANBUL;;;;41.007201;28.625549;7/24 Açık;7/24 Açık;7/24 Açık;1;2026-09-21 08:30:12
5762;PTT_KARGOMAT;369;BEYKENT PTT;ADNAN KAHVECİ MAHALLESİ YAVUZ SULTAN SELİM BULVAR No: 4 A BEYLİKDÜZÜ İSTANBUL;;34;İSTANBUL;;;;41.007201;28.625549;7/24 Açık;7/24 Açık;7/24 Açık;1;2026-09-21 08:30:12
5770;PTT_KARGOMAT;90;BEYKENT ÜNİVERSİTESİ AVALON;CUMHURİYET MAHALLESİ ŞİMŞEK SOKAK No: 1 A BÜYÜKÇEKMECE İSTANBUL;;34;İSTANBUL;;;;41.018412394;28.627104694;7/24 Açık;7/24 Açık;7/24 Açık;1;2026-09-21 08:30:12
5846;PTT_KARGOMAT;108;BEYKENT ÜNİVERSİTESİ AYAZAĞA KAMPÜSÜ;AYAZAĞA MAHALLESİ HADIMKORU YOLU CADDE No: 19 SARIYER İSTANBUL;;34;İSTANBUL;;;;41.11733;29.00382;7/24 Açık;7/24 Açık;7/24 Açık;1;2026-09-21 08:30:12
5763;PTT_KARGOMAT;569;BEYLİKDÜZÜ KDM;ADNAN KAHVECİ MAHALLESİ ÇALIŞLAR CADDE No: 18 BEYLİKDÜZÜ İSTANBUL;;34;İSTANBUL;;;;40.990353;28.630247;7/24 Açık;7/24 Açık;7/24 Açık;1;2026-09-21 08:30:12
5764;PTT_KARGOMAT;265;BEYLİKDÜZÜ PDM;BARIŞ MAHALLESİ KARADENİZ CADDE No: 5 BEYLİKDÜZÜ İSTANBUL;;34;İSTANBUL;;;;41.007865;28.654573;7/24 Açık;7/24 Açık;7/24 Açık;1;2026-09-21 08:30:12
5766;PTT_KARGOMAT;103;BEYOĞLU PTT;TOMTOM MAHALLESİ YENİ ÇARŞI CADDE No: 4 BEYOĞLU İSTANBUL;;34;İSTANBUL;;;;41.033092;28.977361;7/24 Açık;7/24 Açık;7/24 Açık;1;2026-09-21 08:30:12
5802;PTT_KARGOMAT;307;BOSTANCI PTT;BOSTANCI MAHALLESİ VUKELA CADDE No: 1 KADIKÖY İSTANBUL;;34;İSTANBUL;;;;40.95445;29.093833;7/24 Açık;7/24 Açık;7/24 Açık;1;2026-09-21 08:30:12
5800;PTT_KARGOMAT;356;BUSİNESS İSTANBUL;MERDİVENKÖY MAHALLESİ DİKYOL SOKAK No: 2 A KADIKÖY İSTANBUL;;34;İSTANBUL;;;;40.992573578;29.06720195;7/24 Açık;7/24 Açık;7/24 Açık;1;2026-09-21 08:30:12
5772;PTT_KARGOMAT;490;BÜYÜKÇEKMECE BATIKÖY;MİMAROBA MAHALLESİ MUSTAFA KEMAL BULVAR No: 16 BÜYÜKÇEKMECE İSTANBUL;;34;İSTANBUL;;;;41.006613508;28.538940929;7/24 Açık;7/24 Açık;7/24 Açık;1;2026-09-21 08:30:12
5740;PTT_KARGOMAT;444;COLLET AVCILAR;FİRUZKÖY MAHALLESİ FİRUZKÖY BULVARI BULVAR No: 210 /1 AVCILAR İSTANBUL;;34;İSTANBUL;;;;41.011478;28.699493;7/24 Açık;7/24 Açık;7/24 Açık;1;2026-09-21 08:30:12
5861;PTT_KARGOMAT;588;DESBAŞ;AYDINLI SB MAHALLESİ KOŞAR CADDE No: 2 /2 TUZLA İSTANBUL;;34;İSTANBUL;;;;40.873106;29.371529;7/24 Açık;7/24 Açık;7/24 Açık;1;2026-09-21 08:30:12
5869;PTT_KARGOMAT;155;DOĞUŞ ÜNİVERSİTESİ ÇENGELKÖY;BAHÇELİEVLER MAHALLESİ BOSNA BULVAR No: 140 ÜSKÜDAR İSTANBUL;;34;İSTANBUL;;;;41.047708882;29.076521253;7/24 Açık;7/24 Açık;7/24 Açık;1;2026-09-21 08:30:12
5808;PTT_KARGOMAT;227;DRAGOS PTT;ORHANTEPE MAHALLESİ ÜSKÜDAR CADDE No: 155 F KARTAL İSTANBUL;;34;İSTANBUL;;;;40.908003944;29.159156176;7/24 Açık;7/24 Açık;7/24 Açık;1;2026-09-21 08:30:12
5784;PTT_KARGOMAT;92;DUMANKAYA MODERN;KOZA MAHALLESİ ESENKENT BAHÇEŞEHİR YOLU CADDE No: 22 A ESENYURT İSTANBUL;;34;İSTANBUL;;;;41.069323597;28.665005907;7/24 Açık;7/24 Açık;7/24 Açık;1;2026-09-21 08:30:12
5790;PTT_KARGOMAT;220;EDİRNEKAPI KIZ ÖĞRENCİ YURDU;TOPKAPI MAHALLESİ ADNAN MENDERES VATAN BULVAR No: 127 FATİH İSTANBUL;;34;İSTANBUL;;;;41.02369;28.92971;7/24 Açık;7/24 Açık;7/24 Açık;1;2026-09-21 08:30:12
5810;PTT_KARGOMAT;323;EGE YAKASI SİTESİ;ATAKENT MAHALLESİ 221. SOKAK  KÜÇÜKÇEKMECE İSTANBUL;;34;İSTANBUL;;;;41.044402042;28.76695774;7/24 Açık;7/24 Açık;7/24 Açık;1;2026-09-21 08:30:12
5776;PTT_KARGOMAT;114;EMLAK YÖNETİM SİTESİ 1. ETAP;HAVAALANI MAHALLESİ GÖNLÜM SOKAK  ESENLER İSTANBUL;;34;İSTANBUL;;;;41.056585278;28.87409942;7/24 Açık;7/24 Açık;7/24 Açık;1;2026-09-21 08:30:12
5775;PTT_KARGOMAT;157;ESENLER PTT;FEVZİ ÇAKMAK MAHALLESİ 1107. SOKAK No: 20 D ESENLER İSTANBUL;;34;İSTANBUL;;;;41.038429;28.882689;7/24 Açık;7/24 Açık;7/24 Açık;1;2026-09-21 08:30:12
5834;PTT_KARGOMAT;153;ESENLER SPOR KOMPLEKSİ;ESENLER MAHALLESİ RIFAT ILGAZ CADDE No: 17 PENDİK İSTANBUL;;34;İSTANBUL;;;;40.880553776;29.272685305;7/24 Açık;7/24 Açık;7/24 Açık;1;2026-09-21 08:30:12
5780;PTT_KARGOMAT;552;ESENYURT AKÇABURGAZ;AKÇABURGAZ MAHALLESİ 3021. SOKAK No: 27 ESENYURT İSTANBUL;;34;İSTANBUL;;;;41.07393;28.635795;7/24 Açık;7/24 Açık;7/24 Açık;1;2026-09-21 08:30:12
5777;PTT_KARGOMAT;554;ESENYURT MEHTERÇEŞME;MEHTERÇEŞME MAHALLESİ HACI BAYRAM VELİ CADDE No: 49 -53 ESENYURT İSTANBUL;;34;İSTANBUL;;;;41.023664;28.665003;7/24 Açık;7/24 Açık;7/24 Açık;1;2026-09-21 08:30:12
5785;PTT_KARGOMAT;125;ESENYURT MOBİLYACILAR ÇARŞISI;KOZA MAHALLESİ 1639. SOKAK No: 29 ESENYURT İSTANBUL;;34;İSTANBUL;;;;41.06927898;28.66401504;7/24 Açık;7/24 Açık;7/24 Açık;1;2026-09-21 08:30:12
5782;PTT_KARGOMAT;266;ESENYURT POSTA DAĞITIM;TURGUT ÖZAL MAHALLESİ 67. SOKAK No: 10 A ESENYURT İSTANBUL;;34;İSTANBUL;;;;41.000979;28.697634;7/24 Açık;7/24 Açık;7/24 Açık;1;2026-09-21 08:30:12
5781;PTT_KARGOMAT;106;ESENYURT PTT;PİRİ REİS MAHALLESİ 2059. SOKAK No: 3 ESENYURT İSTANBUL;;34;İSTANBUL;;;;41.019493766;28.648738374;7/24 Açık;7/24 Açık;7/24 Açık;1;2026-09-21 08:30:12
5795;PTT_KARGOMAT;219;F.S.M ERKEK ÖĞRENCİ YURDU;GENÇOSMAN MAHALLESİ ENSAR CADDE No: 2 GÜNGÖREN İSTANBUL;;34;İSTANBUL;;;;41.03165;28.88599;7/24 Açık;7/24 Açık;7/24 Açık;1;2026-09-21 08:30:12
5811;PTT_KARGOMAT;118;F4 TİCARET MERKEZİ;ATAKENT MAHALLESİ 2.FATİH CADDE No: 3 /4 KÜÇÜKÇEKMECE İSTANBUL;;34;İSTANBUL;;;;41.048257433;28.794523655;7/24 Açık;7/24 Açık;7/24 Açık;1;2026-09-21 08:30:12
5791;PTT_KARGOMAT;315;FATİH PTT;AKŞEMSETTİN MAHALLESİ FEVZİPAŞA CADDE No: 9 FATİH İSTANBUL;;34;İSTANBUL;;;;41.017493;28.949438;7/24 Açık;7/24 Açık;7/24 Açık;1;2026-09-21 08:30:12
5736;PTT_KARGOMAT;364;FERHATPAŞA PTT;FERHATPAŞA MAHALLESİ ÜSKÜDAR CADDE No: 76 ATAŞEHİR İSTANBUL;;34;İSTANBUL;;;;40.9876;29.16747;7/24 Açık;7/24 Açık;7/24 Açık;1;2026-09-21 08:30:12
5820;PTT_KARGOMAT;236;FLORYA BEŞYOL ÖĞRENCİ YURDU;BEŞYOL MAHALLESİ REŞATBEY SOKAK No: 29 KÜÇÜKÇEKMECE İSTANBUL;;34;İSTANBUL;;;;40.990697789;28.794168166;7/24 Açık;7/24 Açık;7/24 Açık;1;2026-09-21 08:30:12
5768;PTT_KARGOMAT;109;FSM VAKIF ÜNİVERSİTESİ HALİÇ YERLEŞKESİ;SÜTLÜCE MAHALLESİ KARAAĞAÇ CADDE No: 12 BEYOĞLU İSTANBUL;;34;İSTANBUL;;;;41.048046389;28.943825649;7/24 Açık;7/24 Açık;7/24 Açık;1;2026-09-21 08:30:12
5796;PTT_KARGOMAT;493;FSM ÖĞRENCİ YURDU 2 ;GENÇOSMAN MAHALLESİ ENSAR CADDE No: 2 GÜNGÖREN İSTANBUL;;34;İSTANBUL;;;;41.031860676;28.886321543;7/24 Açık;7/24 Açık;7/24 Açık;1;2026-09-21 08:30:12
5797;PTT_KARGOMAT;376;FİKİRTEPE PTT;FİKİRTEPE MAHALLESİ MANDIRA CADDE No: 62 KADIKÖY İSTANBUL;;34;İSTANBUL;;;;40.993016;29.051451;7/24 Açık;7/24 Açık;7/24 Açık;1;2026-09-21 08:30:12
5792;PTT_KARGOMAT;485;GAZİOSMANPAŞA PTT;MERKEZ MAHALLESİ EYÜP CADDE No: 3 GAZİOSMANPAŞA İSTANBUL;;34;İSTANBUL;;;;41.056959;28.914914;7/24 Açık;7/24 Açık;7/24 Açık;1;2026-09-21 08:30:12
5741;PTT_KARGOMAT;310;GÖL PANORAMA SİTESİ;YEŞİLKENT MAHALLESİ BAHÇEŞEHİR YANYOL CADDE No: 18 ORTAK ALAN  AVCILAR İSTANBUL;;34;İSTANBUL;;;;41.054544836;28.686815178;7/24 Açık;7/24 Açık;7/24 Açık;1;2026-09-21 08:30:12
5817;PTT_KARGOMAT;379;GÜLTEPE MUHTARLIK;GÜLTEPE MAHALLESİ BAĞLAR CADDE No: 71 KÜÇÜKÇEKMECE İSTANBUL;;34;İSTANBUL;;;;40.995573;28.791494;7/24 Açık;7/24 Açık;7/24 Açık;1;2026-09-21 08:30:12
5743;PTT_KARGOMAT;378;GÜNEŞLİ PTT;HÜRRİYET MAHALLESİ ATATÜRK CADDE No: 11 A BAĞCILAR İSTANBUL;;34;İSTANBUL;;;;41.030658;28.827522;7/24 Açık;7/24 Açık;7/24 Açık;1;2026-09-21 08:30:12
5812;PTT_KARGOMAT;547;HALKALI;ATAKENT MAHALLESİ 2.FATİH CADDE No: 5 KÜÇÜKÇEKMECE İSTANBUL;;34;İSTANBUL;;;;41.04788;28.795085;7/24 Açık;7/24 Açık;7/24 Açık;1;2026-09-21 08:30:12
5818;PTT_KARGOMAT;567;HALKALI;HALKALI MERKEZ MAHALLESİ FATİH CADDE No: 44 A KÜÇÜKÇEKMECE İSTANBUL;;34;İSTANBUL;;;;41.03398998;28.79615952;7/24 Açık;7/24 Açık;7/24 Açık;1;2026-09-21 08:30:12
5819;PTT_KARGOMAT;282;HALKALI PTT;HALKALI MERKEZ MAHALLESİ FATİH CADDE No: 44 A KÜÇÜKÇEKMECE İSTANBUL;;34;İSTANBUL;;;;41.03398998;28.79615952;7/24 Açık;7/24 Açık;7/24 Açık;1;2026-09-21 08:30:12
5853;PTT_KARGOMAT;124;IŞIK ÜNİVERSİTESİ;MEŞRUTİYET MAHALLESİ DAMLAPINAR SOKAK  ŞİLE İSTANBUL;;34;İSTANBUL;;;;41.16686;29.56612;7/24 Açık;7/24 Açık;7/24 Açık;1;2026-09-21 08:30:12
5789;PTT_KARGOMAT;218;KADIRGA ERKEK ÖĞRENCİ YURDU;ŞEHSUVAR BEY MAHALLESİ CÖMERTLER SOKAK No: 4 FATİH İSTANBUL;;34;İSTANBUL;;;;41.00359858;28.968037492;7/24 Açık;7/24 Açık;7/24 Açık;1;2026-09-21 08:30:12
5807;PTT_KARGOMAT;230;KARTAL KDM YUNUS YERLEŞKESİ;KORDONBOYU MAHALLESİ ANKARA CADDE No: 163 KARTAL İSTANBUL;;34;İSTANBUL;;;;40.881899539;29.21375305;7/24 Açık;7/24 Açık;7/24 Açık;1;2026-09-21 08:30:12
5767;PTT_KARGOMAT;372;KASIMPAŞA PTT;CAMİİKEBİR MAHALLESİ ZİYAFET SOKAK No: 18 -20A BEYOĞLU İSTANBUL;;34;İSTANBUL;;;;41.034274;28.968767;7/24 Açık;7/24 Açık;7/24 Açık;1;2026-09-21 08:30:12
5759;PTT_KARGOMAT;374;KAVACIK PTT;KAVACIK MAHALLESİ OKUL CADDE No: 6 BEYKOZ İSTANBUL;;34;İSTANBUL;;;;41.094528;29.087006;7/24 Açık;7/24 Açık;7/24 Açık;1;2026-09-21 08:30:12
5755;PTT_KARGOMAT;133;KAYAŞEHİR PTT;KAYABAŞI MAHALLESİ EFLATUN SOKAK No: 1 D BAŞAKŞEHİR İSTANBUL;;34;İSTANBUL;;;;41.105430122;28.759428303;7/24 Açık;7/24 Açık;7/24 Açık;1;2026-09-21 08:30:12
5805;PTT_KARGOMAT;238;KAĞITHANE PDM;YAHYA KEMAL MAHALLESİ MİTHATPAŞA CADDE No: 11 A KAĞITHANE İSTANBUL;;34;İSTANBUL;;;;41.084558;28.985692;7/24 Açık;7/24 Açık;7/24 Açık;1;2026-09-21 08:30:12
5847;PTT_KARGOMAT;91;KOÇ ÜNİVERSİTESİ RUMELİFENERİ;RUMELİFENERİ MAHALLESİ KOÇ ÜNV.(RUMELİ FENERİ CAD.) SOKAK  SARIYER İSTANBUL;;34;İSTANBUL;;;;41.20596874;29.073839615;7/24 Açık;7/24 Açık;7/24 Açık;1;2026-09-21 08:30:12
5835;PTT_KARGOMAT;425;KURTKÖY ANKARA CADDESİ;KURTKÖY MAHALLESİ ANKARA CADDE No: 309 PENDİK İSTANBUL;;34;İSTANBUL;;;;40.913841;29.298347;7/24 Açık;7/24 Açık;7/24 Açık;1;2026-09-21 08:30:12
5832;PTT_KARGOMAT;121;KURTKÖY PDM;ŞEYHLİ MAHALLESİ YUNUS EMRE CADDE No: 10 A PENDİK İSTANBUL;;34;İSTANBUL;;;;40.905920875;29.279309796;7/24 Açık;7/24 Açık;7/24 Açık;1;2026-09-21 08:30:12
5821;PTT_KARGOMAT;272;KÜÇÜKYALI PTT;KÜÇÜKYALI MERKEZ MAHALLESİ AHMET KUTSİ TECER SOKAK No: 5 MALTEPE İSTANBUL;;34;İSTANBUL;;;;40.947553;29.108759;7/24 Açık;7/24 Açık;7/24 Açık;1;2026-09-21 08:30:12
5771;PTT_KARGOMAT;228;KİPTAŞ TEPECİK KONUTLARI;TÜRKOBA MAHALLESİ KOOPERATİFLER CADDE  BÜYÜKÇEKMECE İSTANBUL;;34;İSTANBUL;;;;41.024066508;28.515363055;7/24 Açık;7/24 Açık;7/24 Açık;1;2026-09-21 08:30:12
5729;PTT_KARGOMAT;316;KİPTAŞ ÖMERLİ;YASSIÖREN MAHALLESİ DOLUNAY SOKAK No: 28 /3 ARNAVUTKÖY İSTANBUL;;34;İSTANBUL;;;;41.193359;28.606596;7/24 Açık;7/24 Açık;7/24 Açık;1;2026-09-21 08:30:12
5757;PTT_KARGOMAT;83;LEVENT PTT;LEVENT MAHALLESİ KARAKOL SOKAK No: 14 BEŞİKTAŞ İSTANBUL;;34;İSTANBUL;;;;41.075689602;29.016748915;7/24 Açık;7/24 Açık;7/24 Açık;1;2026-09-21 08:30:12
5841;PTT_KARGOMAT;488;MAHALLE İSTANBUL;MECLİS MAHALLESİ CEMAL GÜRSEL CADDE No: 109 B SANCAKTEPE İSTANBUL;;34;İSTANBUL;;;;41.012075;29.197856;7/24 Açık;7/24 Açık;7/24 Açık;1;2026-09-21 08:30:12
5822;PTT_KARGOMAT;405;MALTEPE ORHANGAZİ;CEVİZLİ MAHALLESİ ZUHAL CADDE No: 71 MALTEPE İSTANBUL;;34;İSTANBUL;;;;40.922359;29.157201;7/24 Açık;7/24 Açık;7/24 Açık;1;2026-09-21 08:30:12
5823;PTT_KARGOMAT;211;MALTEPE PTT;CEVİZLİ MAHALLESİ BAĞDAT CADDE No: 512 MALTEPE İSTANBUL;;34;İSTANBUL;;;;40.916037;29.146455;7/24 Açık;7/24 Açık;7/24 Açık;1;2026-09-21 08:30:12
5830;PTT_KARGOMAT;320;MALTEPE ÜNİVERSİTESİ;BÜYÜKBAKKALKÖY MAHALLESİ BEYZADE SOKAK MARMARA EĞİTİM KÖYÜ MALTEPE İSTANBUL;;34;İSTANBUL;;;;40.960336215;29.191204078;7/24 Açık;7/24 Açık;7/24 Açık;1;2026-09-21 08:30:12
5801;PTT_KARGOMAT;293;MARMARA ÜNİVERSİTESİ GÖZTEPE;GÖZTEPE MAHALLESİ FAHRETTİN KERİM GÖKAY CADDE  İSTANBUL;;34;İSTANBUL;;;;40.98623756;29.051261933;7/24 Açık;7/24 Açık;7/24 Açık;1;2026-09-21 08:30:12
5854;PTT_KARGOMAT;426;MECİDİYEKÖY PTT;MECİDİYEKÖY MAHALLESİ NACİ KASIM SOKAK No: 8 A ŞİŞLİ İSTANBUL;;34;İSTANBUL;;;;41.067438;28.998878;7/24 Açık;7/24 Açık;7/24 Açık;1;2026-09-21 08:30:12
5758;PTT_KARGOMAT;491;MEDİPOL ÜNİVERSİTESİ;GÖZTEPE MAHALLESİ ATATÜRK CADDE No: 40 BEYKOZ İSTANBUL;;34;İSTANBUL;;;;41.088044;29.087643;7/24 Açık;7/24 Açık;7/24 Açık;1;2026-09-21 08:30:12
5825;PTT_KARGOMAT;77;MİMAR SİNAN ÖĞRENCİ YURDU-1;ZÜMRÜTEVLER MAHALLESİ EMEK CADDE No: 91 MALTEPE İSTANBUL;;34;İSTANBUL;;;;40.9464595;29.167357449;7/24 Açık;7/24 Açık;7/24 Açık;1;2026-09-21 08:30:12
5826;PTT_KARGOMAT;78;MİMAR SİNAN ÖĞRENCİ YURDU-2;ZÜMRÜTEVLER MAHALLESİ EMEK CADDE No: 91 MALTEPE İSTANBUL;;34;İSTANBUL;;;;40.946450052;29.167446595;7/24 Açık;7/24 Açık;7/24 Açık;1;2026-09-21 08:30:12
5827;PTT_KARGOMAT;79;MİMAR SİNAN ÖĞRENCİ YURDU-3;ZÜMRÜTEVLER MAHALLESİ EMEK CADDE No: 91 MALTEPE İSTANBUL;;34;İSTANBUL;;;;40.94649057;29.167425137;7/24 Açık;7/24 Açık;7/24 Açık;1;2026-09-21 08:30:12
5831;PTT_KARGOMAT;427;NARCİTY KONUTLARI;BAŞIBÜYÜK MAHALLESİ EMEK CADDE No: 281 D MALTEPE İSTANBUL;;34;İSTANBUL;;;;40.952529;29.166017;7/24 Açık;7/24 Açık;7/24 Açık;1;2026-09-21 08:30:12
5824;PTT_KARGOMAT;324;NUVO DRAGOS SİTESİ;CEVİZLİ MAHALLESİ TUGAY YOLU CADDE No: 12  MALTEPE İSTANBUL;;34;İSTANBUL;;;;40.917124887;29.159862679;7/24 Açık;7/24 Açık;7/24 Açık;1;2026-09-21 08:30:12
5828;PTT_KARGOMAT;318;NİSH ADALAR SİTESİ;ZÜMRÜTEVLER MAHALLESİ MEVLANA HALİD CADDE SEYİR TERAS  MALTEPE İSTANBUL;;34;İSTANBUL;;;;40.944510804;29.15980866;7/24 Açık;7/24 Açık;7/24 Açık;1;2026-09-21 08:30:12
5859;PTT_KARGOMAT;86;OKAN ÜNİVERSİTESİ;TEPEÖREN MAHALLESİ BALLICA YOLU CADDE No: 11 /11 TUZLA İSTANBUL;;34;İSTANBUL;;;;40.950842681;29.391463555;7/24 Açık;7/24 Açık;7/24 Açık;1;2026-09-21 08:30:12
5730;PTT_KARGOMAT;492;OPTİMUM AVM;YENİSAHRA MAHALLESİ İSTİKLAL CADDE No: 3 ATAŞEHİR İSTANBUL;;34;İSTANBUL;;;;40.988908417;29.085629205;7/24 Açık;7/24 Açık;7/24 Açık;1;2026-09-21 08:30:12
5779;PTT_KARGOMAT;102;OPTİMUM İNNOVİA 3;YEŞİLKENT MAHALLESİ 2011. SOKAK  ESENYURT İSTANBUL;;34;İSTANBUL;;;;41.025969921;28.657356708;7/24 Açık;7/24 Açık;7/24 Açık;1;2026-09-21 08:30:12
5833;PTT_KARGOMAT;270;PENDİK PTT;BATI MAHALLESİ AKASYA SOKAK No: 19 A PENDİK İSTANBUL;;34;İSTANBUL;;;;40.87923;29.229678;7/24 Açık;7/24 Açık;7/24 Açık;1;2026-09-21 08:30:12
5803;PTT_KARGOMAT;235;SADABAD ÖĞRENCİ YURDU;MERKEZ MAHALLESİ ECE SOKAK No: 12 KAĞITHANE İSTANBUL;;34;İSTANBUL;;;;41.08418;28.96834;7/24 Açık;7/24 Açık;7/24 Açık;1;2026-09-21 08:30:12
5838;PTT_KARGOMAT;281;SAMANDIRA PTT;EYÜP SULTAN MAHALLESİ MERKEZ CADDE No: 22 SANCAKTEPE İSTANBUL;;34;İSTANBUL;;;;40.98482;29.22609;7/24 Açık;7/24 Açık;7/24 Açık;1;2026-09-21 08:30:12
5839;PTT_KARGOMAT;319;SANCAKTEPE OSMANGAZİ;OSMANGAZİ MAHALLESİ HİLAL CADDE No: 17 /1A SANCAKTEPE İSTANBUL;;34;İSTANBUL;;;;40.9865;29.23512;7/24 Açık;7/24 Açık;7/24 Açık;1;2026-09-21 08:30:12
5840;PTT_KARGOMAT;156;SANCAKTEPE PTT;KEMAL TÜRKLER MAHALLESİ PROF. NURETTİN TANRIVERDİ SOKAK No: 2 -4A SANCAKTEPE İSTANBUL;;34;İSTANBUL;;;;41.007879;29.217179;7/24 Açık;7/24 Açık;7/24 Açık;1;2026-09-21 08:30:12
5842;PTT_KARGOMAT;407;SANCAKTEPE YENİDOĞAN;YENİDOĞAN MAHALLESİ ŞEVVAL SOKAK No: 4 -6 SANCAKTEPE İSTANBUL;;34;İSTANBUL;;;;41.01268;29.244308;7/24 Açık;7/24 Açık;7/24 Açık;1;2026-09-21 08:30:12
5871;PTT_KARGOMAT;84;SAĞLIK BİLİMLERİ ÜNİVERSİTESİ;SELİMİYE MAHALLESİ TIBBİYE CADDE No: 38 ÜSKÜDAR İSTANBUL;;34;İSTANBUL;;;;41.004137136;29.019698196;7/24 Açık;7/24 Açık;7/24 Açık;1;2026-09-21 08:30:12
5778;PTT_KARGOMAT;446;SEMT BAHÇEKENT;ORHAN GAZİ MAHALLESİ MERCEDES BULVAR  İSTANBUL A101 TARAFINDA;;34;İSTANBUL;;;;41.085122659;28.651630085;7/24 Açık;7/24 Açık;7/24 Açık;1;2026-09-21 08:30:12
5814;PTT_KARGOMAT;159;SOYAK EVOSTAR SİTESİ;ATAKENT MAHALLESİ 240. SOKAK No: 6 KÜÇÜKÇEKMECE İSTANBUL;;34;İSTANBUL;;;;41.037379538;28.767426361;7/24 Açık;7/24 Açık;7/24 Açık;1;2026-09-21 08:30:12
5815;PTT_KARGOMAT;408;SOYAK PARK APART 1.ETAP;ATAKENT MAHALLESİ TURGUT ÖZAL BULVAR No: 32  KÜÇÜKÇEKMECE İSTANBUL;;34;İSTANBUL;;;;41.039569;28.761807;7/24 Açık;7/24 Açık;7/24 Açık;1;2026-09-21 08:30:12
5806;PTT_KARGOMAT;269;SOĞANLIK PTT;GÜMÜŞPINAR MAHALLESİ MİLLET CADDE No: 9 A KARTAL İSTANBUL;;34;İSTANBUL;;;;40.917216315;29.20567534;7/24 Açık;7/24 Açık;7/24 Açık;1;2026-09-21 08:30:12
5851;PTT_KARGOMAT;130;SULTANBEYLİ PDM;MEHMET AKİF MAHALLESİ ZİYA ÜLHAK CADDE No: 33 SULTANBEYLİ İSTANBUL;;34;İSTANBUL;;;;40.962922;29.270395;7/24 Açık;7/24 Açık;7/24 Açık;1;2026-09-21 08:30:12
5850;PTT_KARGOMAT;214;SİLİVRİ KİPTAŞ 2.ETAP;YENİ MAHALLESİ ABDÜLHALİK RENDA SOKAK No: 23 SİLİVRİ İSTANBUL;;34;İSTANBUL;;;;41.093071395;28.261831986;7/24 Açık;7/24 Açık;7/24 Açık;1;2026-09-21 08:30:12
5849;PTT_KARGOMAT;404;SİLİVRİ ÇARŞI;PİRİ MEHMET PAŞA MAHALLESİ BAŞKOMUTAN CADDE No: 16 SİLİVRİ İSTANBUL;;34;İSTANBUL;;;;41.074414;28.244927;7/24 Açık;7/24 Açık;7/24 Açık;1;2026-09-21 08:30:12
5865;PTT_KARGOMAT;367;TAVUKÇUYOLU PTT;MEHMET AKİF MAHALLESİ ASYA SOKAK No: 39 ÜMRANİYE İSTANBUL;;34;İSTANBUL;;;;41.009071;29.137575;7/24 Açık;7/24 Açık;7/24 Açık;1;2026-09-21 08:30:12
5816;PTT_KARGOMAT;317;TOKİ İSTANBUL HİZMET BİNASI;ATAKENT MAHALLESİ 221. SOKAK No: 5 A KÜÇÜKÇEKMECE İSTANBUL;;34;İSTANBUL;;;;41.056194622;28.75903579;7/24 Açık;7/24 Açık;7/24 Açık;1;2026-09-21 08:30:12
5856;PTT_KARGOMAT;483;TUZLA DENİZ HARP OKULU;POSTANE MAHALLESİ RAUF ORBAY CADDE No: 290 /1 TUZLA İSTANBUL;;34;İSTANBUL;;;;40.816342258;29.271735588;7/24 Açık;7/24 Açık;7/24 Açık;1;2026-09-21 08:30:12
5860;PTT_KARGOMAT;232;TUZLA MİLENYUM PARK EVLERİ;TEPEÖREN MAHALLESİ KARACABEY CADDE No: 7 MİLENYUM PARK EVLERİ TUZLA İSTANBUL;;34;İSTANBUL;;;;40.93492;29.36776;7/24 Açık;7/24 Açık;7/24 Açık;1;2026-09-21 08:30:12
5855;PTT_KARGOMAT;132;TUZLA PDM;EVLİYA ÇELEBİ MAHALLESİ HIZIR REİS CADDE No: 57 A TUZLA İSTANBUL;;34;İSTANBUL;;;;40.840173;29.300561;7/24 Açık;7/24 Açık;7/24 Açık;1;2026-09-21 08:30:12
5734;PTT_KARGOMAT;609;USLU CADDESİ;KAYIŞDAĞI MAHALLESİ CANAN SOKAK No: 2 ATAŞEHİR İSTANBUL;;34;İSTANBUL;;;;40.980546;29.154644;7/24 Açık;7/24 Açık;7/24 Açık;1;2026-09-21 08:30:12
5794;PTT_KARGOMAT;201;VENEZİA MEGA RESİDENCE;KARADENİZ MAHALLESİ ESKİ EDİRNE ASFALTI CADDE No: 408 GAZİOSMANPAŞA İSTANBUL;;34;İSTANBUL;;;;41.079912727;28.878294952;7/24 Açık;7/24 Açık;7/24 Açık;1;2026-09-21 08:30:12
5788;PTT_KARGOMAT;221;VEZNECİLER KIZ ÖĞRENCİ YURDU;KALENDERHANE MAHALLESİ 16 MART ŞEHİTLERİ CADDE No: 3 FATİH İSTANBUL;;34;İSTANBUL;;;;41.01312;28.95974;7/24 Açık;7/24 Açık;7/24 Açık;1;2026-09-21 08:30:12
5752;PTT_KARGOMAT;115;YEŞİLKÖY PTT;YEŞİLKÖY MAHALLESİ ZÜMRÜT SOKAK No: 5 BAKIRKÖY İSTANBUL;;34;İSTANBUL;;;;40.96026;28.825062;7/24 Açık;7/24 Açık;7/24 Açık;1;2026-09-21 08:30:12
5793;PTT_KARGOMAT;373;YILDIRIM PTT;HÜRRİYET MAHALLESİ 258. SOKAK No: 15 A GAZİOSMANPAŞA İSTANBUL;;34;İSTANBUL;;;;41.066552;28.899061;7/24 Açık;7/24 Açık;7/24 Açık;1;2026-09-21 08:30:12
5829;PTT_KARGOMAT;129;ZÜMRÜTEVLER PTT;ZÜMRÜTEVLER MAHALLESİ NİL CADDE No: 64 B MALTEPE İSTANBUL;;34;İSTANBUL;;;;40.941442;29.153621;7/24 Açık;7/24 Açık;7/24 Açık;1;2026-09-21 08:30:12
5836;PTT_KARGOMAT;154;ÇAMLIK MAHALLESİ MUHTARLIK;ÇAMLIK MAHALLESİ YAHYA KEMAL BEYATLI CADDE No: 1 PENDİK İSTANBUL;;34;İSTANBUL;;;;40.923531329;29.284485717;7/24 Açık;7/24 Açık;7/24 Açık;1;2026-09-21 08:30:12
5848;PTT_KARGOMAT;120;ÇARŞI ZEKERİYAKÖY;ZEKERİYAKÖY MAHALLESİ 5. CADDE No: 8 SARIYER İSTANBUL;;34;İSTANBUL;;;;41.209247;29.022238306;7/24 Açık;7/24 Açık;7/24 Açık;1;2026-09-21 08:30:12
5773;PTT_KARGOMAT;95;ÇATALCA PTT;KALEİÇİ MAHALLESİ ŞEHİT ALPER SÜRÜCÜOĞLU SOKAK No: 16 A ÇATALCA İSTANBUL;;34;İSTANBUL;;;;41.159258;28.454298;7/24 Açık;7/24 Açık;7/24 Açık;1;2026-09-21 08:30:12
5787;PTT_KARGOMAT;222;ÇEMBERLİTAŞ KIZ ÖĞRENCİ YURDU;BİNBİRDİREK MAHALLESİ PEYKHANE SOKAK No: 20 FATİH İSTANBUL;;34;İSTANBUL;;;;41.00632;28.97278;7/24 Açık;7/24 Açık;7/24 Açık;1;2026-09-21 08:30:12
5738;PTT_KARGOMAT;355;ÖRNEK MAHALLESİ PTT;ÖRNEK MAHALLESİ ZEMZEME SOKAK No: 29 ATAŞEHİR İSTANBUL;;34;İSTANBUL;;;;40.99788;29.077784;7/24 Açık;7/24 Açık;7/24 Açık;1;2026-09-21 08:30:12
5774;PTT_KARGOMAT;87;ÖZYEĞİN ÜNİVERSİTESİ;NİŞANTEPE MAHALLESİ ORMAN SOKAK No: 13 ÇEKMEKÖY İSTANBUL;;34;İSTANBUL;;;;41.034474828;29.256058746;7/24 Açık;7/24 Açık;7/24 Açık;1;2026-09-21 08:30:12
5863;PTT_KARGOMAT;366;ÜMRANİYE PDM ATAKENT;ATAKENT MAHALLESİ BURÇ CADDE No: 11 A ÜMRANİYE İSTANBUL;;34;İSTANBUL;;;;41.020728;29.109369;7/24 Açık;7/24 Açık;7/24 Açık;1;2026-09-21 08:30:12
5862;PTT_KARGOMAT;160;ÜMRANİYE PTT;ATATÜRK MAHALLESİ GÜNEŞ SOKAK No: 3 A ÜMRANİYE İSTANBUL;;34;İSTANBUL;;;;41.025323;29.090156;7/24 Açık;7/24 Açık;7/24 Açık;1;2026-09-21 08:30:12
5873;PTT_KARGOMAT;343;ÜSKÜDAR PTT;AZİZ MAHMUT HÜDAYİ MAHALLESİ HAKİMİYETİ MİLLİYE CADDE No: 86 ÜSKÜDAR İSTANBUL;;34;İSTANBUL;;;;41.02188598;29.015901662;7/24 Açık;7/24 Açık;7/24 Açık;1;2026-09-21 08:30:12
5754;PTT_KARGOMAT;158;İBN HALDUN ÜNİVERSİTESİ;BAŞAK MAHALLESİ ORDU CADDE No: 3 BAŞAKŞEHİR İSTANBUL;;34;İSTANBUL;;;;41.137442178;28.797027641;7/24 Açık;7/24 Açık;7/24 Açık;1;2026-09-21 08:30:12
5749;PTT_KARGOMAT;127;İHLAS YUVA EVLERİ;YENİBOSNA MERKEZ MAHALLESİ SİTE  SOKAK  BAHÇELİEVLER İSTANBUL;;34;İSTANBUL;;;;41.008931053;28.81877091;7/24 Açık;7/24 Açık;7/24 Açık;1;2026-09-21 08:30:12
5742;PTT_KARGOMAT;94;İNNOVİA ISPARTA KULE;TAHTAKALE MAHALLESİ ABDİ İPEKÇİ CADDE  AVCILAR İSTANBUL;;34;İSTANBUL;;;;41.060370042;28.714366677;7/24 Açık;7/24 Açık;7/24 Açık;1;2026-09-21 08:30:12
5735;PTT_KARGOMAT;354;İNÖNÜ MAHALLESİ PTT;İNÖNÜ MAHALLESİ ULUSU CADDE No: 87 ATAŞEHİR İSTANBUL;;34;İSTANBUL;;;;40.976242;29.137741;7/24 Açık;7/24 Açık;7/24 Açık;1;2026-09-21 08:30:12
5875;PTT_KARGOMAT;339;İNİSTANBUL SİTESİ;MALTEPE MAHALLESİ ASKERİ FIRIN ÇIKMAZ SOKAK No: 1  ZEYTİNBURNU İSTANBUL;;34;İSTANBUL;;;;41.026119946;28.900705604;7/24 Açık;7/24 Açık;7/24 Açık;1;2026-09-21 08:30:12
5798;PTT_KARGOMAT;321;İSTANBUL 216 SİTESİ 1.ETAP;DUMLUPINAR MAHALLESİ BARIŞ SOKAK No: 7  KADIKÖY İSTANBUL;;34;İSTANBUL;;;;40.994777346;29.058514952;7/24 Açık;7/24 Açık;7/24 Açık;1;2026-09-21 08:30:12
5799;PTT_KARGOMAT;322;İSTANBUL 216 SİTESİ 2.ETAP;DUMLUPINAR MAHALLESİ BARIŞ SOKAK No: 7  KADIKÖY İSTANBUL;;34;İSTANBUL;;;;40.994461531;29.058246731;7/24 Açık;7/24 Açık;7/24 Açık;1;2026-09-21 08:30:12
5747;PTT_KARGOMAT;104;İSTANBUL BAHÇELİEVLER KARGOMAT;BAHÇELİEVLER MAHALLESİ MEHMETÇİK SOKAK No: 7 BAHÇELİEVLER İSTANBUL;;34;İSTANBUL;;;;40.997107;28.864355;7/24 Açık;7/24 Açık;7/24 Açık;1;2026-09-21 08:30:12
5813;PTT_KARGOMAT;213;İSTANBUL SARAYLARI;ATAKENT MAHALLESİ 220. SOKAK  İSTANBUL;;34;İSTANBUL;;;;41.044334727;28.763510335;7/24 Açık;7/24 Açık;7/24 Açık;1;2026-09-21 08:30:12
5739;PTT_KARGOMAT;200;İSTANBUL ÜNİ. CERRAHPAŞA AVCILAR KAMP.;ÜNİVERSİTE MAHALLESİ BAĞLARİÇİ CADDE No: 7  AVCILAR İSTANBUL;;34;İSTANBUL;;;;40.989028186;28.726925029;7/24 Açık;7/24 Açık;7/24 Açık;1;2026-09-21 08:30:12
5769;PTT_KARGOMAT;233;İSTANBUL ÜNİ. CERRAHPAŞA B.ÇEKMECE;ALKENT 2000 MAHALLESİ YİĞİTTÜRK CADDE No: 5 /9 BÜYÜKÇEKMECE İSTANBUL;;34;İSTANBUL;;;;41.090957934;28.622429538;7/24 Açık;7/24 Açık;7/24 Açık;1;2026-09-21 08:30:12
5753;PTT_KARGOMAT;234;İSTANBUL ÜNİ. CERRAHPAŞA BAKIRKÖY;ZUHURATBABA MAHALLESİ DR. TEVFİK SAĞLAM CADDE No: 25 BAKIRKÖY İSTANBUL;;34;İSTANBUL;;;;40.98731396;28.8650564;7/24 Açık;7/24 Açık;7/24 Açık;1;2026-09-21 08:30:12
5751;PTT_KARGOMAT;199;İSTANBUL ÜNİ. CERRAHPAŞA TIP;YEŞİLKÖY MAHALLESİ YEŞİLKÖY İSTANBUL CADDE No: 1 BAKIRKÖY İSTANBUL;;34;İSTANBUL;;;;40.958197;28.823436;7/24 Açık;7/24 Açık;7/24 Açık;1;2026-09-21 08:30:12
5844;PTT_KARGOMAT;99;İSTANBUL ÜNİVERSİTESİ ORMAN FAKÜLTESİ;BAHÇEKÖY MERKEZ MAHALLESİ VALİDE SULTAN CADDE No: 2 SARIYER İSTANBUL;;34;İSTANBUL;;;;41.17506707;28.991324019;7/24 Açık;7/24 Açık;7/24 Açık;1;2026-09-21 08:30:12
5809;PTT_KARGOMAT;88;İSTANBUL ŞEHİR ÜNİVERSİTESİ;ORHANTEPE MAHALLESİ TURGUT ÖZAL BULVAR No: 21 KARTAL İSTANBUL;;34;İSTANBUL;;;;40.903916762;29.156309968;7/24 Açık;7/24 Açık;7/24 Açık;1;2026-09-21 08:30:12
5745;PTT_KARGOMAT;283;İSTOÇ PTT;MAHMUTBEY MAHALLESİ 2459. SOKAK No: 6 BAĞCILAR İSTANBUL;;34;İSTANBUL;;;;41.062992;28.832097;7/24 Açık;7/24 Açık;7/24 Açık;1;2026-09-21 08:30:12
5765;PTT_KARGOMAT;117;İTÜ GÜMÜŞSUYU PTT;GÜMÜŞSUYU MAHALLESİ İNÖNÜ CADDE No: 65 BEYOĞLU İSTANBUL;;34;İSTANBUL;;;;41.037242;28.991657;7/24 Açık;7/24 Açık;7/24 Açık;1;2026-09-21 08:30:12
5731;PTT_KARGOMAT;342;İÇERENKÖY;İÇERENKÖY MAHALLESİ ALANALDI CADDE No: 20 ATAŞEHİR İSTANBUL;;34;İSTANBUL;;;;40.96681;29.11438;7/24 Açık;7/24 Açık;7/24 Açık;1;2026-09-21 08:30:12
5866;PTT_KARGOMAT;341;ŞERİFALİ PTT;ŞERİFALİ MAHALLESİ GARİP SOKAK No: 11 ÜMRANİYE İSTANBUL;;34;İSTANBUL;;;;41.004304;29.145768;7/24 Açık;7/24 Açık;7/24 Açık;1;2026-09-21 08:30:12
5852;PTT_KARGOMAT;89;ŞİLE YERYÜZÜ PAZARI;ÇAVUŞ MAHALLESİ PAZAR SOKAK No: 1 ŞİLE İSTANBUL;;34;İSTANBUL;;;;41.172723062;29.608788338;7/24 Açık;7/24 Açık;7/24 Açık;1;2026-09-21 08:30:12
5748;PTT_KARGOMAT;314;ŞİRİNEVLER PTT;ŞİRİNEVLER MAHALLESİ MAREŞAL FEVZİ ÇAKMAK 2. SOKAK No: 18 A BAHÇELİEVLER İSTANBUL;;34;İSTANBUL;;;;40.994217063;28.847519017;7/24 Açık;7/24 Açık;7/24 Açık;1;2026-09-21 08:30:12
5804;PTT_KARGOMAT;284;ŞİŞLİ PDM;TALATPAŞA MAHALLESİ AKÇALI SOKAK No: 1 KAĞITHANE İSTANBUL;;34;İSTANBUL;;;;41.063887;28.968014;7/24 Açık;7/24 Açık;7/24 Açık;1;2026-09-21 08:30:12
5728;PTT_SUBE;4405; HASTANE  ŞUBESİ;İÇERENKÖY MAHALLESİ MEZARLIK SOKAK No: 1 ATAŞEHİR İSTANBUL;02163028486;34;İSTANBUL;;;;40.969967;29.107202;08:30-12:30/13:30-17:00;KAPALI;KAPALI;1;2026-09-21 08:30:12
5727;PTT_SUBE;2800;100.YIL MAHALLESİ  ŞUBESİ;100. YIL MAHALLESİ 2158. SOKAK No: 8 B BAĞCILAR İSTANBUL;02124300785;34;İSTANBUL;;;;41.060902;28.854239;08:30-12:30/13:30-17:00;KAPALI;KAPALI;1;2026-09-21 08:30:12
5726;PTT_SUBE;6334;15 TEMMUZ ŞEHİTLER  MÜDÜRLÜĞÜ;KISIKLI MAHALLESİ BOSNA BULVAR No: 25 A ÜSKÜDAR İSTANBUL;02163442002;34;İSTANBUL;;;;41.027677;29.080644;08:30-12:30/13:30-17:00;KAPALI;KAPALI;1;2026-09-21 08:30:12
5725;PTT_SUBE;6734;150.YIL AYPİM MÜDÜRLÜĞÜ;ACIBADEM MAHALLESİ ACIBADEM CADDE No: 133 ÜSKÜDAR İSTANBUL;02163254210;34;İSTANBUL;;;;41.008847;29.050079;08:30-17:00;KAPALI;KAPALI;1;2026-09-21 08:30:12
5724;PTT_SUBE;5802;19 MAYIS  ŞUBESİ;NECİP FAZIL MAHALLESİ HACI LEYLA BİNGÖL SOKAK No: 2 ÜMRANİYE İSTANBUL;02163651275;34;İSTANBUL;;;;41.01983;29.17842;08:30-12:30/13:30-17:00;KAPALI;KAPALI;1;2026-09-21 08:30:12
5723;PTT_SUBE;8264;19 MAYIS KURUMSAL ACENTELİĞİ;TALATPAŞA MAHALLESİ PAZARYOLU CADDE No: 2 ESENYURT İSTANBUL;02126997432;34;İSTANBUL;;;;41.028002352;28.667482587;08:30-12:30/12:30-17:30;10:00-16:00/-;KAPALI;1;2026-09-21 08:30:12
5722;PTT_SUBE;5990;50.YIL  MÜDÜRLÜĞÜ;UĞUR MUMCU MAHALLESİ ESKİ EDİRNE ASFALTI CADDE No: 564 B SULTANGAZİ İSTANBUL;02124765650;34;İSTANBUL;;;;41.10299515;28.862152394;08:30-12:30;KAPALI;KAPALI;1;2026-09-21 08:30:12
5721;PTT_SUBE;5755;ABDURRAHMANGAZİ  ŞUBESİ;ABDURRAHMANGAZİ MAHALLESİ FERAH CADDE No: 129 B SULTANBEYLİ İSTANBUL;02163984170;34;İSTANBUL;;;;40.960434714;29.25720044;08:30-12:30/13:30-17:00;KAPALI;KAPALI;1;2026-09-21 08:30:12
5720;PTT_SUBE;8547;ABDURRAHMANGAZİ KURUMSAL ACENTELİĞİ;ABDURRAHMANGAZİ MAHALLESİ SEVENLER CADDE No: 99 A SANCAKTEPE İSTANBUL;0;34;İSTANBUL;;;;41.004421;29.228221;08:30-12:30/13:30-17:00;10:00-16:00/-;KAPALI;1;2026-09-21 08:30:12
5719;PTT_SUBE;2890;ACARKENT  ŞUBESİ;ACARLAR MAHALLESİ 9 CADDE No: 3 BEYKOZ İSTANBUL;02164851939;34;İSTANBUL;;;;41.110784;29.132087;08:30-12:30/13:30-17:00;KAPALI;KAPALI;1;2026-09-21 08:30:12
5718;PTT_SUBE;2453;ACIBADEM  MÜDÜRLÜĞÜ;ACIBADEM MAHALLESİ ACIBADEM CADDE No: 133 ÜSKÜDAR İSTANBUL;02163245531;34;İSTANBUL;;;;41.008847;29.050079;08:30-17:00;KAPALI;KAPALI;1;2026-09-21 08:30:12
5717;PTT_SUBE;6359;ACIBADEM KARGO DAĞITIM MÜDÜRLÜĞÜ;ACIBADEM MAHALLESİ ACIBADEM CADDE No: 133 ÜSKÜDAR İSTANBUL;02163254210;34;İSTANBUL;;;;41.008847;29.050079;08:30-17:30;08:30-17:30;KAPALI;1;2026-09-21 08:30:12
5716;PTT_SUBE;2923;ADLİ TIP KURUMU  ŞUBESİ;ÇOBANÇEŞME MAHALLESİ KIMIZ SOKAK No: 2 BAHÇELİEVLER İSTANBUL;02126542874;34;İSTANBUL;;;;40.99453;28.82967;08:30-12:30/13:30-17:00;KAPALI;KAPALI;1;2026-09-21 08:30:12
5715;PTT_SUBE;3084;ADNAN KAHVECİ  ŞUBESİ;AYDINLAR MAHALLESİ ADNAN KAHVECİ CADDE No: 166 -170G ÇEKMEKÖY İSTANBUL;02163121240;34;İSTANBUL;;;;41.016988578;29.230019796;08:30-12:30/13:30-17:00;KAPALI;KAPALI;1;2026-09-21 08:30:12
5713;PTT_SUBE;6143;AHMET YESEVİ  ŞUBESİ;AHMET YESEVİ MAHALLESİ HÜRRİYET CADDE No: 112 PENDİK İSTANBUL;02163937306;34;İSTANBUL;;;;40.868039;29.307407;08:30-12:30/13:30-17:00;KAPALI;KAPALI;1;2026-09-21 08:30:12
5711;PTT_SUBE;4662;AKEVLER  ŞUBESİ;TALATPAŞA MAHALLESİ FATİH SULTAN MEHMET CADDE No: 82 A ESENYURT İSTANBUL;02126992594;34;İSTANBUL;;;;41.021159;28.674239;08:30-12:30/13:30-17:00;KAPALI;KAPALI;1;2026-09-21 08:30:12
5710;PTT_SUBE;5049;AKPINAR  ŞUBESİ;AKPINAR MAHALLESİ MALKOÇOĞLU CADDE No: 131 A SANCAKTEPE İSTANBUL;02164984404;34;İSTANBUL;;;;40.965526;29.229545;08:30-12:30/13:30-17:00;KAPALI;KAPALI;1;2026-09-21 08:30:12
5709;PTT_SUBE;5602;AKSARAY MÜDÜRLÜĞÜ;AKSARAY MAHALLESİ İNKILAP CADDE No: 26 A FATİH İSTANBUL;02125897040;34;İSTANBUL;;;;41.00831;28.951947;08:30-12:30;KAPALI;KAPALI;1;2026-09-21 08:30:12
5712;PTT_SUBE;8119;AKÇABURGAZ  ŞUBESİ;AKÇABURGAZ MAHALLESİ 3021. SOKAK No: 27 ESENYURT İSTANBUL;02128582392;34;İSTANBUL;;;;41.07393;28.635795;08:30-12:30/13:30-17:00;KAPALI;KAPALI;1;2026-09-21 08:30:12
5708;PTT_SUBE;3306;AKŞEMSETTİN  ŞUBESİ;AKŞEMSETTİN MAHALLESİ ALPEREN CADDE No: 41 EYÜPSULTAN İSTANBUL;02124278760;34;İSTANBUL;;;;41.084393897;28.922660174;08:30-12:30/13:30-17:00;KAPALI;KAPALI;1;2026-09-21 08:30:12
5707;PTT_SUBE;8408;ALEMDAĞ  ŞUBESİ;ÇATALMEŞE MAHALLESİ SARAY CADDE No: 90C ÇEKMEKÖY İSTANBUL;02163121534;34;İSTANBUL;;;;41.047738;29.241193;08:30-12:30/13:30-17:00;KAPALI;KAPALI;1;2026-09-21 08:30:12
5704;PTT_SUBE;6020;ALT KAYNARCA ŞUBESİ;KAYNARCA MAHALLESİ ÜNZİLE SOKAK No: 3 A PENDİK İSTANBUL;02163540523;34;İSTANBUL;;;;40.874563;29.25702;08:30-12:30/13:30-17:00;KAPALI;KAPALI;1;2026-09-21 08:30:12
5703;PTT_SUBE;5970;ALTAYÇEŞME  ŞUBESİ;ALTAYÇEŞME MAHALLESİ PALMİYELİ SOKAK No: 7 MALTEPE İSTANBUL;02163713787;34;İSTANBUL;;;;40.934074;29.127567;08:30-12:30/13:30-17:00;KAPALI;KAPALI;1;2026-09-21 08:30:12
5702;PTT_SUBE;7665;ALTUNİZADE  ŞUBESİ;VALİDE-İ ATİK MAHALLESİ NUHKUYUSU CADDE No: 219 ÜSKÜDAR İSTANBUL;02164742092;34;İSTANBUL;;;;41.020542;29.034668;08:30-12:30/13:30-17:00;KAPALI;KAPALI;1;2026-09-21 08:30:12
5706;PTT_SUBE;3059;ALİBEY  ŞUBESİ;ALİBEY MAHALLESİ TURGUT ÖZAL BULVAR No: 13 A SİLİVRİ İSTANBUL;02127283757;34;İSTANBUL;;;;41.072137;28.257684;08:30-12:30/13:30-17:00;KAPALI;KAPALI;1;2026-09-21 08:30:12
5705;PTT_SUBE;3305;ALİBEYKÖY MÜDÜRLÜĞÜ;ALİBEYKÖY MAHALLESİ GAZİ OSMANPAŞA CADDE No: 26 EYÜPSULTAN İSTANBUL;02124272439;34;İSTANBUL;;;;41.075215;28.944637;08:30-12:30;KAPALI;KAPALI;1;2026-09-21 08:30:12
5701;PTT_SUBE;2892;ANADOLU HİSARI  ŞUBESİ;GÖKSU MAHALLESİ CUMA YOLU CADDE No: 1 BEYKOZ İSTANBUL;02163323443;34;İSTANBUL;;;;41.080768122;29.069292593;08:30-12:30/13:30-17:00;KAPALI;KAPALI;1;2026-09-21 08:30:12
5700;PTT_SUBE;6736;ANADOLU YAKASI KARGO İŞLEME MÜDÜRLÜĞÜ;ORTA MAHALLESİ ÖZTAŞ SOKAK No: 3 TUZLA İSTANBUL;02165934652;34;İSTANBUL;;;;40.89002;29.39294;08:30-17:00;KAPALI;KAPALI;1;2026-09-21 08:30:12
5699;PTT_SUBE;6140;ARIKÖY  ŞUBESİ;USKUMRUKÖY MAHALLESİ MAÇKA CADDE No: 2 SARIYER İSTANBUL;02122031011;34;İSTANBUL;;;;41.22825687;29.00162035;08:30-12:30/13:30-17:30;KAPALI;KAPALI;1;2026-09-21 08:30:12
5698;PTT_SUBE;5721;ARMAĞANEVLER  ŞUBESİ;ARMAĞANEVLER MAHALLESİ NAZİK SOKAK No: 5 A ÜMRANİYE İSTANBUL;02163444832;34;İSTANBUL;;;;41.020578;29.117931;08:30-12:30/13:30-17:00;KAPALI;KAPALI;1;2026-09-21 08:30:12
5697;PTT_SUBE;2758;ARNAVUTKÖY   MÜDÜRLÜĞÜ;İSLAMBEY MAHALLESİ FATİH CADDE No: 114 -116A ARNAVUTKÖY İSTANBUL;02125976767;34;İSTANBUL;;;;41.189292;28.73637;08:30-17:30;KAPALI;KAPALI;1;2026-09-21 08:30:12
5696;PTT_SUBE;6242;ARNAVUTKÖY POSTA DAĞITIM  MÜDÜRLÜĞÜ;YASSIÖREN MAHALLESİ DOLUNAY SOKAK No: 28 /3 ARNAVUTKÖY İSTANBUL;02125977052;34;İSTANBUL;;;;41.193359;28.606596;08:30-12:30;08:30-12:30;KAPALI;1;2026-09-21 08:30:12
5695;PTT_SUBE;4463;ATAKENT 2. ETAP  ŞUBESİ;ATAKENT MAHALLESİ KIRLANGIÇ SOKAK No: 1 KÜÇÜKÇEKMECE İSTANBUL;02124727784;34;İSTANBUL;;;;41.056159928;28.786053862;08:30-12:30/13:30-17:00;KAPALI;KAPALI;1;2026-09-21 08:30:12
5694;PTT_SUBE;3917;ATAKÖY 9.KISIM  ŞUBESİ;ATAKÖY 7-8-9-10. KISIM MAHALLESİ KARANFİL SOKAK No: 5 BAKIRKÖY İSTANBUL;02125590407;34;İSTANBUL;;;;40.987641;28.845427;08:30-12:30/13:30-17:00;KAPALI;KAPALI;1;2026-09-21 08:30:12
5693;PTT_SUBE;3922;ATAKÖY-4  ŞUBESİ;ATAKÖY 3-4-11. KISIM MAHALLESİ MAKBULE ATADAN CADDE No: 12 BAKIRKÖY İSTANBUL;02125594312;34;İSTANBUL;;;;40.982792;28.861393;08:30-12:30/13:30-17:00;KAPALI;KAPALI;1;2026-09-21 08:30:12
5689;PTT_SUBE;5913;ATATÜRK HAVALİMANI  ŞUBESİ;YEŞİLKÖY MAHALLESİ HAVALİMANI CADDE No: 1 /1 BAKIRKÖY İSTANBUL;02124655262;34;İSTANBUL;;;;40.97762;28.82207;08:30-12:30/13:30-17:00;KAPALI;KAPALI;1;2026-09-21 08:30:12
5692;PTT_SUBE;1802;ATAŞEHİR  MÜDÜRLÜĞÜ;KÜÇÜKBAKKALKÖY MAHALLESİ KAYIŞDAĞI CADDE No: 87 A ATAŞEHİR İSTANBUL;02165776801;34;İSTANBUL;;;;40.978877;29.115013;08:30-12:30/13:30-17:00;KAPALI;KAPALI;1;2026-09-21 08:30:12
5691;PTT_SUBE;1861;ATAŞEHİR BOTANİK ÇARŞISI   ŞUBESİ;ATATÜRK MAHALLESİ MERİÇ CADDE No: 6 ATAŞEHİR İSTANBUL;02164561047;34;İSTANBUL;;;;40.990929;29.128877;08:30-12:30/13:30-17:00;KAPALI;KAPALI;1;2026-09-21 08:30:12
5690;PTT_SUBE;1965;ATAŞEHİR POSTA DAĞITIM MÜDÜRLÜĞÜ;KÜÇÜKBAKKALKÖY MAHALLESİ CENGİZ TOPEL CADDE No: 23 A ATAŞEHİR İSTANBUL;02165775770;34;İSTANBUL;;;;40.980768;29.118613;08:30-17:00;KAPALI;KAPALI;1;2026-09-21 08:30:12
5688;PTT_SUBE;5884;AVCILAR  MÜDÜRLÜĞÜ;MERKEZ MAHALLESİ ŞAMLI SOKAK No: 19 /1 AVCILAR İSTANBUL;02126953535;34;İSTANBUL;;;;40.980607;28.722861;08:30-12:30;KAPALI;KAPALI;1;2026-09-21 08:30:12
5687;PTT_SUBE;5547;AVCILAR POSTA DAĞITIM MÜDÜRLÜĞÜ  MÜDÜRLÜĞÜ;MERKEZ MAHALLESİ ŞAMLI SOKAK No: 19 /2 AVCILAR İSTANBUL;02126951118;34;İSTANBUL;;;;40.980639398;28.722571321;08:30-17:30;08:30-17:30;KAPALI;1;2026-09-21 08:30:12
5686;PTT_SUBE;7528;AVRUPA YAKASI KARGO İŞLEME MÜDÜRLÜĞÜ;YASSIÖREN MAHALLESİ DOLUNAY SOKAK No: 28 /1 ARNAVUTKÖY İSTANBUL;0;34;İSTANBUL;;;;41.192586;28.608773;00:01-23:59/-;00:01-23:59/-;00:01-23:59/-;1;2026-09-21 08:30:12
5685;PTT_SUBE;8497;AVRUPA YAKASI POSTA İŞLEME MÜDÜRLÜĞÜ;YASSIÖREN MAHALLESİ DOLUNAY SOKAK No: 28 /1 ARNAVUTKÖY İSTANBUL;0;34;İSTANBUL;;;;41.192586;28.608773;00:01-23:59/-;00:01-23:59/-;00:01-23:59/-;1;2026-09-21 08:30:12
5684;PTT_SUBE;4330;AYAZAĞA  ŞUBESİ;AYAZAĞA MAHALLESİ 132. SOKAK No: 15 A SARIYER İSTANBUL;02122894260;34;İSTANBUL;;;;41.115312;28.997796;08:30-12:30/13:30-17:00;KAPALI;KAPALI;1;2026-09-21 08:30:12
5683;PTT_SUBE;2214;AYDINLI  MÜDÜRLÜĞÜ;AYDINLI MAHALLESİ BAŞKOMUTAN CADDE No: 24 A TUZLA İSTANBUL;02163931479;34;İSTANBUL;;;;40.864954;29.328145;08:30-17:00;KAPALI;KAPALI;1;2026-09-21 08:30:12
5682;PTT_SUBE;2956;AYKOSAN  ŞUBESİ;İKİTELLİ OSB MAHALLESİ AYKOSAN DİLEK PASTANESİ SOKAK No: 1 DİLEK BAŞAKŞEHİR İSTANBUL;02126712706;34;İSTANBUL;;;;41.073883487;28.799291999;08:30-12:30/13:30-17:00;KAPALI;KAPALI;1;2026-09-21 08:30:12
5681;PTT_SUBE;6686;AYMAKOOP  ŞUBESİ;İKİTELLİ OSB MAHALLESİ AYMAKOOP B10 BLOK SOKAK No: 40 BAŞAKŞEHİR İSTANBUL;02125495459;34;İSTANBUL;;;;41.080829;28.78644;08:30-12:30/13:30-17:00;KAPALI;KAPALI;1;2026-09-21 08:30:12
5714;PTT_SUBE;5746;AĞVA  ŞUBESİ;AĞVA MERKEZ MAHALLESİ RIHTIM CADDE No: 10 A ŞİLE İSTANBUL;02167218415;34;İSTANBUL;;;;41.138946;29.856964;08:30-12:30/13:30-17:00;KAPALI;KAPALI;1;2026-09-21 08:30:12
5678;PTT_SUBE;5806;BAHÇELİEVLER  MÜDÜRLÜĞÜ;BAHÇELİEVLER MAHALLESİ MEHMETÇİK SOKAK No: 7 BAHÇELİEVLER İSTANBUL;02124417959;34;İSTANBUL;;;;40.997107;28.864355;08:30-17:00;KAPALI;KAPALI;1;2026-09-21 08:30:12
5677;PTT_SUBE;7765;BAHÇELİEVLER KARGO DAĞITIM  MÜDÜRLÜĞÜ;BAHÇELİEVLER MAHALLESİ HÜSEYİN AVNİ BAŞARGAN SOKAK No: 1 BAHÇELİEVLER İSTANBUL;02124421821;34;İSTANBUL;;;;40.997786;28.863345;08:30-12:30;08:30-12:30;KAPALI;1;2026-09-21 08:30:12
5676;PTT_SUBE;5940;BAHÇELİEVLER POSTA DAĞITIM  MÜDÜRLÜĞÜ;BAHÇELİEVLER MAHALLESİ KOMİK HASANEFENDİ SOKAK No: 34 BAHÇELİEVLER İSTANBUL;02124414730;34;İSTANBUL;;;;40.99796;28.86373;08:30-12:30;08:30-12:30;KAPALI;1;2026-09-21 08:30:12
5675;PTT_SUBE;7074;BAHÇEŞEHİR MÜDÜRLÜĞÜ;BAHÇEŞEHİR 2. KISIM MAHALLESİ POSTA CADDE No: 2 BAŞAKŞEHİR İSTANBUL;02126691600;34;İSTANBUL;;;;41.07072;28.68448;08:30-12:30;KAPALI;KAPALI;1;2026-09-21 08:30:12
5674;PTT_SUBE;6125;BAKIRKÖY ADLİYE MÜDÜRLÜĞÜ;OSMANİYE MAHALLESİ İSMAİL EREZ BULVAR No: 14 /1 BAKIRKÖY İSTANBUL;02124660865;34;İSTANBUL;;;;40.995623;28.87887;08:30-17:00;KAPALI;KAPALI;1;2026-09-21 08:30:12
5673;PTT_SUBE;3906;BAKIRKÖY MÜDÜRLÜĞÜ;ZEYTİNLİK MAHALLESİ HALKÇI SOKAK No: 13 BAKIRKÖY İSTANBUL;02125716546;34;İSTANBUL;;;;40.978916;28.873033;08:30-12:30;KAPALI;KAPALI;1;2026-09-21 08:30:12
5672;PTT_SUBE;4505;BAKIRKÖY POSTA DAĞITIM  MÜDÜRLÜĞÜ;OSMANİYE MAHALLESİ AKSUN ÇIKMAZI SOKAK No: 6 BAKIRKÖY İSTANBUL;02125610044;34;İSTANBUL;;;;40.990605;28.885613;08:30-17:30;08:30-17:30;KAPALI;1;2026-09-21 08:30:12
5671;PTT_SUBE;2955;BARBAROS HAYRETTİN PAŞA  ŞUBESİ;BARBAROS HAYRETTİN PAŞA MAHALLESİ MİMAR SİNAN CADDE No: 55 A GAZİOSMANPAŞA İSTANBUL;02124791960;34;İSTANBUL;;;;41.077778;28.889472;08:30-12:30/13:30-17:00;KAPALI;KAPALI;1;2026-09-21 08:30:12
5666;PTT_SUBE;4615;BATIKÖY  ŞUBESİ;MİMAROBA MAHALLESİ MUSTAFA KEMAL BULVAR No: 16 BÜYÜKÇEKMECE İSTANBUL;02128641788;34;İSTANBUL;;;;41.006613508;28.538940929;08:30-12:30/13:30-17:30;KAPALI;KAPALI;1;2026-09-21 08:30:12
5665;PTT_SUBE;6766;BAYRAMPAŞA  MÜDÜRLÜĞÜ;YENİDOĞAN MAHALLESİ HÜSNÜNİYET SOKAK No: 17 BAYRAMPAŞA İSTANBUL;02126136880;34;İSTANBUL;;;;41.036939338;28.911499107;08:30-12:30;KAPALI;KAPALI;1;2026-09-21 08:30:12
5664;PTT_SUBE;5924;BAYRAMPAŞA POSTA DAĞITIM  MÜDÜRLÜĞÜ;MALTEPE MAHALLESİ FETİH CADDE No: 2 /1 ZEYTİNBURNU İSTANBUL;02125014000;34;İSTANBUL;;;;41.02039;28.91278;08:30-17:30;08:30-17:30;KAPALI;1;2026-09-21 08:30:12
5663;PTT_SUBE;7075;BAYRAMTEPE  ŞUBESİ;ALTINŞEHİR MAHALLESİ OSMANLI CADDE No: 27 BAŞAKŞEHİR İSTANBUL;02126872706;34;İSTANBUL;;;;41.066568;28.753412;08:30-12:30/13:30-17:00;KAPALI;KAPALI;1;2026-09-21 08:30:12
5680;PTT_SUBE;5864;BAĞCILAR MÜDÜRLÜĞÜ;MERKEZ MAHALLESİ 674. SOKAK No: 38 A BAĞCILAR İSTANBUL;02124332213;34;İSTANBUL;;;;41.033439;28.860857;08:30-12:30;KAPALI;KAPALI;1;2026-09-21 08:30:12
5679;PTT_SUBE;6508;BAĞCILAR POSTA DAĞITIM  MÜDÜRLÜĞÜ;KİRAZLI MAHALLESİ MAHMUTBEY CADDE No: 140 A BAĞCILAR İSTANBUL;02125151170;34;İSTANBUL;;;;41.035333199;28.833767542;08:30-17:30;08:30-17:30;KAPALI;1;2026-09-21 08:30:12
5670;PTT_SUBE;2867;BAŞAKŞEHİR  MÜDÜRLÜĞÜ;İKİTELLİ OSB MAHALLESİ HÜRRİYET BULVAR No: 74 BAŞAKŞEHİR İSTANBUL;02126715893;34;İSTANBUL;;;;41.103373;28.79423;08:30-12:30/13:30-17:00;KAPALI;KAPALI;1;2026-09-21 08:30:12
5669;PTT_SUBE;6925;BAŞAKŞEHİR GÜMRÜK AMBARI  ŞUBESİ;İKİTELLİ OSB MAHALLESİ AYKOSAN SANAYİ SİTESİ SOKAK No: 42 BAŞAKŞEHİR İSTANBUL;02126717436;34;İSTANBUL;;;;41.08385;28.79699;08:30-12:30/13:30-17:00;KAPALI;KAPALI;1;2026-09-21 08:30:12
5668;PTT_SUBE;4554;BAŞAKŞEHİR KARGO DAĞITIM MÜDÜRLÜĞÜ;İKİTELLİ OSB MAHALLESİ AYKOSAN DİLEK PASTANESİ SOKAK No: 1 DİLEK BAŞAKŞEHİR İSTANBUL;02125492431;34;İSTANBUL;;;;41.074866569;28.7990165;08:30-17:30;08:30-17:30;KAPALI;1;2026-09-21 08:30:12
5667;PTT_SUBE;8334;BAŞAKŞEHİR POSTA DAĞITIM  MÜDÜRLÜĞÜ;İKİTELLİ OSB MAHALLESİ AYKOSAN SANAYİ SİTESİ YOLU SOKAK No: 1 /1 BAŞAKŞEHİR İSTANBUL;02126717436;34;İSTANBUL;;;;41.07333798;28.79873712;08:30-17:00;KAPALI;KAPALI;1;2026-09-21 08:30:12
5662;PTT_SUBE;8065;BEBEK  ŞUBESİ;RUMELİHİSARI MAHALLESİ ARPACI ÇEŞME SOKAK No: 2 SARIYER İSTANBUL;02122796100;34;İSTANBUL;;;;41.088651;29.056611;08:30-12:30/13:30-17:00;KAPALI;KAPALI;1;2026-09-21 08:30:12
5659;PTT_SUBE;6679;BEYAZIT  MÜDÜRLÜĞÜ;SARAÇ İSHAK MAHALLESİ İBRAHİMPAŞA YOKUŞU SOKAK No: 13 A FATİH İSTANBUL;02126380808;34;İSTANBUL;;;;41.00688099;28.96313796;08:30-12:30;KAPALI;KAPALI;1;2026-09-21 08:30:12
5658;PTT_SUBE;5267;BEYKENT  MÜDÜRLÜĞÜ;ADNAN KAHVECİ MAHALLESİ YAVUZ SULTAN SELİM BULVAR No: 4 A BEYLİKDÜZÜ İSTANBUL;02128562477;34;İSTANBUL;;;;41.007201;28.625549;08:30-17:00;KAPALI;KAPALI;1;2026-09-21 08:30:12
5657;PTT_SUBE;5964;BEYKOZ MÜDÜRLÜĞÜ;MERKEZ MAHALLESİ HACI ALİBEY SOKAK No: 11 BEYKOZ İSTANBUL;02163235450;34;İSTANBUL;;;;41.133851;29.093012;08:30-12:30/13:30-17:00;KAPALI;KAPALI;1;2026-09-21 08:30:12
5656;PTT_SUBE;5236;BEYKOZ POSTA DAĞITIM  MÜDÜRLÜĞÜ;ÇAMLIBAHÇE MAHALLESİ ALİ REİS SOKAK No: 2 BEYKOZ İSTANBUL;02165376062;34;İSTANBUL;;;;41.149097;29.085552;08:30-17:30;08:30-17:30;KAPALI;1;2026-09-21 08:30:12
5655;PTT_SUBE;5594;BEYLİCİUM  ŞUBESİ;BÜYÜKŞEHİR MAHALLESİ BELEDİYE CADDE No: 22 C BEYLİKDÜZÜ İSTANBUL;02128710927;34;İSTANBUL;;;;41.011859607;28.649245448;08:30-12:30/13:30-17:00;KAPALI;KAPALI;1;2026-09-21 08:30:12
5654;PTT_SUBE;5598;BEYLİKDÜZÜ  MÜDÜRLÜĞÜ;BARIŞ MAHALLESİ KARADENİZ CADDE No: 5 BEYLİKDÜZÜ İSTANBUL;02128710947;34;İSTANBUL;;;;41.007865;28.654573;08:30-12:30/13:30-17:00;KAPALI;KAPALI;1;2026-09-21 08:30:12
5653;PTT_SUBE;8197;BEYLİKDÜZÜ KARGO DAĞITIM MÜDÜRLÜĞÜ;ADNAN KAHVECİ MAHALLESİ ÇALIŞLAR CADDE No: 18 BEYLİKDÜZÜ İSTANBUL;02128238109;34;İSTANBUL;;;;40.990353;28.630247;08:30-12:30;08:30-12:30;KAPALI;1;2026-09-21 08:30:12
5652;PTT_SUBE;5609;BEYLİKDÜZÜ ORGANİZE SANAYİ   ŞUBESİ;BEYLİKDÜZÜOSB MAHALLESİ AÇELYA CADDE No: 7 BEYLİKDÜZÜ İSTANBUL;02128790752;34;İSTANBUL;;;;41.005942;28.66026;08:30-12:30/13:30-17:00;KAPALI;KAPALI;1;2026-09-21 08:30:12
5651;PTT_SUBE;5879;BEYLİKDÜZÜ POSTA DAĞITIM  MÜDÜRLÜĞÜ;BARIŞ MAHALLESİ KARADENİZ CADDE No: 5 BEYLİKDÜZÜ İSTANBUL;02128863111;34;İSTANBUL;;;;41.007865;28.654573;08:30-17:30;08:30-16:00;KAPALI;1;2026-09-21 08:30:12
5650;PTT_SUBE;6136;BEYOĞLU MÜDÜRLÜĞÜ;TOMTOM MAHALLESİ YENİ ÇARŞI CADDE No: 4 BEYOĞLU İSTANBUL;02122520140;34;İSTANBUL;;;;41.033092;28.977361;08:30-12:30;KAPALI;KAPALI;1;2026-09-21 08:30:12
5649;PTT_SUBE;5389;BEYOĞLU POSTA DAĞITIM  MÜDÜRLÜĞÜ;ARAP CAMİ MAHALLESİ KÜREKÇİLER  KAPISI SOKAK No: 5 BEYOĞLU İSTANBUL;02122512203;34;İSTANBUL;;;;41.022337315;28.973604295;08:30-17:30;08:30-17:30;KAPALI;1;2026-09-21 08:30:12
5661;PTT_SUBE;7890;BEŞİKTAŞ MÜDÜRLÜĞÜ;SİNANPAŞA MAHALLESİ ORTABAHÇE CADDE No: 26 A BEŞİKTAŞ İSTANBUL;02122369870;34;İSTANBUL;;;;41.043294269;29.003823195;08:30-12:30;KAPALI;KAPALI;1;2026-09-21 08:30:12
5660;PTT_SUBE;5584;BEŞİKTAŞ POSTA DAĞITIM  MÜDÜRLÜĞÜ;LEVENT MAHALLESİ KARAKOL SOKAK No: 14 BEŞİKTAŞ İSTANBUL;02123240405;34;İSTANBUL;;;;41.075689602;29.016748915;08:30-17:30/08:30-17:30;08:30-17:30/08:30-17:30;KAPALI;1;2026-09-21 08:30:12
5645;PTT_SUBE;3617;BOSTANCI MÜDÜRLÜĞÜ;BOSTANCI MAHALLESİ VUKELA CADDE No: 1 KADIKÖY İSTANBUL;02163610353;34;İSTANBUL;;;;40.95445;29.093833;08:30-17:00;KAPALI;KAPALI;1;2026-09-21 08:30:12
5644;PTT_SUBE;6717;BOYA VE VERNİK ORGANİZE SANAYİ BÖLGESİ  ŞUBESİ;AYDINLI - BİRLİK OSB MAHALLESİ 1 NOLU CADDE No: 10 TUZLA İSTANBUL;02165932238;34;İSTANBUL;;;;40.877546;29.395325;08:30-12:30/13:30-17:00;KAPALI;KAPALI;1;2026-09-21 08:30:12
5647;PTT_SUBE;5042;BOĞAZ KARGO DAĞITIM MÜDÜRLÜĞÜ;CUMHURİYET MAHALLESİ ARABA YOLU CADDE No: 30 A SARIYER İSTANBUL;02122232181;34;İSTANBUL;;;;41.144926;29.032806;08:30-17:00/13:30-17:00;08:30-17:00/13:30-17:00;KAPALI;1;2026-09-21 08:30:12
5646;PTT_SUBE;7558;BOĞAZKÖY  ŞUBESİ;YUNUS EMRE MAHALLESİ YENİDOĞAN SOKAK No: 1 B ARNAVUTKÖY İSTANBUL;02125977955;34;İSTANBUL;;;;41.184902;28.760002;08:30-12:30/13:30-17:00;KAPALI;KAPALI;1;2026-09-21 08:30:12
5643;PTT_SUBE;6723;BULVAR  ŞUBESİ;ATATÜRK MAHALLESİ ATAŞEHİR BULVAR No: 4 M ATAŞEHİR İSTANBUL;02165776801;34;İSTANBUL;;;;40.992222;29.117299;08:30-12:30/13:30-17:00;KAPALI;KAPALI;1;2026-09-21 08:30:12
5642;PTT_SUBE;7353;BURGAZADA  ŞUBESİ;BURGAZADA MAHALLESİ ÇINARLIK SOKAK No: 11 ADALAR İSTANBUL;02163811022;34;İSTANBUL;;;;40.87964403;29.06857692;08:30-12:30/13:30-16:30;KAPALI;KAPALI;1;2026-09-21 08:30:12
5641;PTT_SUBE;5986;BURHANİYE  ŞUBESİ;BURHANİYE MAHALLESİ KAĞITÇIBAŞI SOKAK No: 74 ÜSKÜDAR İSTANBUL;02163180978;34;İSTANBUL;;;;41.028127;29.051265;08:30-12:30/13:30-17:00;KAPALI;KAPALI;1;2026-09-21 08:30:12
5640;PTT_SUBE;4620;BÜYÜKADA MÜDÜRLÜĞÜ;NİZAM MAHALLESİ ŞEHİT RECEP KOÇ CADDE No: 7 ADALAR İSTANBUL;02163825971;34;İSTANBUL;;;;40.874704;29.129184;08:30-17:00;KAPALI;KAPALI;1;2026-09-21 08:30:12
5637;PTT_SUBE;6005;BÜYÜKDERE  ŞUBESİ;BÜYÜKDERE MAHALLESİ ÇAYIRBAŞI CADDE No: 130 A SARIYER İSTANBUL;02122421912;34;İSTANBUL;;;;41.161096;29.044719;08:30-12:30/13:30-17:30;KAPALI;KAPALI;1;2026-09-21 08:30:12
5639;PTT_SUBE;4589;BÜYÜKÇEKMECE   MÜDÜRLÜĞÜ;DİZDARİYE MAHALLESİ NUTUK CADDE No: 7 A BÜYÜKÇEKMECE İSTANBUL;02128833535;34;İSTANBUL;;;;41.020691087;28.578605377;08:30-12:30/13:30-17:00;KAPALI;KAPALI;1;2026-09-21 08:30:12
5638;PTT_SUBE;4619;BÜYÜKÇEKMECE ADLİYE  ŞUBESİ;EKİNOBA MAHALLESİ CEYHUN SOKAK No: 3 BÜYÜKÇEKMECE İSTANBUL;02128638828;34;İSTANBUL;;;;41.012992396;28.543402711;08:30-12:30/13:30-17:00;KAPALI;KAPALI;1;2026-09-21 08:30:12
5636;PTT_SUBE;5600;BÜYÜKŞEHİR  ŞUBESİ;BÜYÜKŞEHİR MAHALLESİ CUMHURİYET CADDE No: 5 BEYLİKDÜZÜ İSTANBUL;02128731351;34;İSTANBUL;;;;41.009977;28.6439;08:30-12:30/13:30-17:00;KAPALI;KAPALI;1;2026-09-21 08:30:12
5648;PTT_SUBE;5902;BİNKILIÇ  ŞUBESİ;ATATÜRK MAHALLESİ FATİH SULTAN MEHMET CADDE No: 30 ÇATALCA İSTANBUL;02127793004;34;İSTANBUL;;;;41.41076904;28.18374516;08:30-12:30/13:30-17:00;KAPALI;KAPALI;1;2026-09-21 08:30:12
5635;PTT_SUBE;5996;CAĞALOĞLU  ŞUBESİ;HOBYAR MAHALLESİ AŞİREFENDİ CADDE No: 9 FATİH İSTANBUL;02125228524;34;İSTANBUL;;;;41.013951;28.974048;08:30-12:30/13:30-17:00;KAPALI;KAPALI;1;2026-09-21 08:30:12
5634;PTT_SUBE;4632;CELALİYE  ŞUBESİ;CELALİYE MAHALLESİ ATATÜRK 1 CADDE No: 2 A BÜYÜKÇEKMECE İSTANBUL;02128851368;34;İSTANBUL;;;;41.04541701;28.41454512;08:30-12:30/13:30-17:00;KAPALI;KAPALI;1;2026-09-21 08:30:12
5633;PTT_SUBE;6893;CERRAHPAŞA ŞUBE ŞEFLİĞİ;SEYYİD ÖMER MAHALLESİ HEKİMOĞLU ALİPAŞA CADDE No: 112 A FATİH İSTANBUL;02125863093;34;İSTANBUL;;;;41.006968;28.934118;08:30-12:30/13:30-17:00;KAPALI;KAPALI;1;2026-09-21 08:30:12
5632;PTT_SUBE;8225;CEVATPAŞA ŞUBESİ;CEVATPAŞA MAHALLESİ ADEM YAVUZ CADDE No: 49 A BAYRAMPAŞA İSTANBUL;0;34;İSTANBUL;;;;41.071223;28.884973;08:30-12:30/13:30-17:00;KAPALI;KAPALI;1;2026-09-21 08:30:12
5631;PTT_SUBE;6139;CEVİZLİ  ŞUBESİ;CEVİZLİ MAHALLESİ ONAT SOKAK No: 9 KARTAL İSTANBUL;02164420191;34;İSTANBUL;;;;40.911731;29.172506;08:30-12:30/13:30-17:00;KAPALI;KAPALI;1;2026-09-21 08:30:12
5629;PTT_SUBE;7951;CUMHURİYET  ŞUBESİ;CUMHURİYET MAHALLESİ PELİN SOKAK No: 16 A KARTAL İSTANBUL;02165048571;34;İSTANBUL;;;;40.90933;29.220019;08:30-12:30/13:30-17:00;KAPALI;KAPALI;1;2026-09-21 08:30:12
5628;PTT_SUBE;8263;CUMHURİYET KURUMSAL ACENTELİĞİ;PİRİ REİS MAHALLESİ 2059. SOKAK No: 3 ESENYURT İSTANBUL;04441788000;34;İSTANBUL;;;;41.019493766;28.648738374;09:00-12:30/12:30-17:30;10:00-13:00/-;KAPALI;1;2026-09-21 08:30:12
5626;PTT_SUBE;8410;CUMHURİYET MAHALLESİ  ŞUBESİ;CUMHURİYET MAHALLESİ DEMOKRASİ CADDE No: 10 A ÇEKMEKÖY İSTANBUL;02164846943;34;İSTANBUL;;;;41.022267;29.223338;08:30-12:30/13:30-17:00;KAPALI;KAPALI;1;2026-09-21 08:30:12
5627;PTT_SUBE;5798;CUMHURİYET MAHALLESİ  ŞUBESİ;CUMHURİYET MAHALLESİ EMİR SULTAN SOKAK No: 22 SULTANGAZİ İSTANBUL;02126673891;34;İSTANBUL;;;;41.086538;28.876215;08:30-12:30/13:30-17:00;KAPALI;KAPALI;1;2026-09-21 08:30:12
5630;PTT_SUBE;5890;CİHANGİR  ŞUBESİ;CİHANGİR MAHALLESİ CİVA CADDE No: 9 AVCILAR İSTANBUL;02126953443;34;İSTANBUL;;;;40.988227;28.711295;08:30-12:30/13:30-17:00;KAPALI;KAPALI;1;2026-09-21 08:30:12
5611;PTT_SUBE;8579;DAVUTPAŞA KAMPÜSÜ ŞUBESİ;GENÇOSMAN MAHALLESİ DAVUTPAŞA CADDE No: 94 GÜNGÖREN İSTANBUL;0;34;İSTANBUL;;;;41.027077;28.888107;08:30-12:30/13:30-17:00;KAPALI;KAPALI;1;2026-09-21 08:30:12
5609;PTT_SUBE;2814;DEMİRKAPI MAHALLESİ  ŞUBESİ;DEMİRKAPI MAHALLESİ MASLAK CADDE No: 14 B BAĞCILAR İSTANBUL;02124450049;34;İSTANBUL;;;;41.053544;28.834247;08:30-12:30/13:30-17:00;KAPALI;KAPALI;1;2026-09-21 08:30:12
5608;PTT_SUBE;4208;DENİZKÖŞKLER  ŞUBESİ;DENİZKÖŞKLER MAHALLESİ MUHTAR KAZIM AKGÜL CADDE No: 45 AVCILAR İSTANBUL;02125930429;34;İSTANBUL;;;;40.977201;28.737467;08:30-12:30/13:30-17:00;KAPALI;KAPALI;1;2026-09-21 08:30:12
5607;PTT_SUBE;6495;DERVİŞ ALİ  ŞUBESİ;DERVİŞ ALİ MAHALLESİ KASIM ODALAR SOKAK No: 26 FATİH İSTANBUL;02126353882;34;İSTANBUL;;;;41.028282;28.940661;08:30-12:30/13:30-17:00;KAPALI;KAPALI;1;2026-09-21 08:30:12
5606;PTT_SUBE;4531;DES SANAYİ SİTESİ  ŞUBESİ;DUDULLU OSB MAHALLESİ DES-121 SOKAK No: 8 ÜMRANİYE İSTANBUL;02163642332;34;İSTANBUL;;;;40.99968;29.180754;08:30-12:30/13:30-17:00;KAPALI;KAPALI;1;2026-09-21 08:30:12
5610;PTT_SUBE;3045;DEĞİRMENKÖY  ŞUBESİ;DEĞİRMENKÖY FEVZİPAŞA MAHALLESİ KRİSTAL SOKAK No: 3 SİLİVRİ İSTANBUL;02127352430;34;İSTANBUL;;;;41.098249969;28.010459979;08:30-12:30/13:30-17:00;KAPALI;KAPALI;1;2026-09-21 08:30:12
5604;PTT_SUBE;7954;DOĞANEVLER KURUMSAL ACENTELİĞİ;ALTINŞEHİR MAHALLESİ CESUR SOKAK No: 3 -5B ÜMRANİYE İSTANBUL;02167841064;34;İSTANBUL;;;;41.013326;29.138021;08:30-12:30/13:30-17:00;KAPALI;KAPALI;1;2026-09-21 08:30:12
5603;PTT_SUBE;6385;DRAGOS  ŞUBESİ;ORHANTEPE MAHALLESİ ÜSKÜDAR CADDE No: 155 F KARTAL İSTANBUL;02163522089;34;İSTANBUL;;;;40.908003944;29.159156176;08:30-12:30/13:30-17:00;KAPALI;KAPALI;1;2026-09-21 08:30:12
5602;PTT_SUBE;5749;DUDULLU  MÜDÜRLÜĞÜ;AŞAĞI DUDULLU MAHALLESİ ALEMDAĞ CADDE No: 449 -457A ÜMRANİYE İSTANBUL;02166118883;34;İSTANBUL;;;;41.0167;29.159967;08:30-17:00;KAPALI;KAPALI;1;2026-09-21 08:30:12
5601;PTT_SUBE;5150;DURUSU  ŞUBESİ;TERKOS MAHALLESİ BAYIRGÜLÜ SOKAK No: 20 ARNAVUTKÖY İSTANBUL;02127678010;34;İSTANBUL;;;;41.30342604;28.67585004;08:30-12:30/13:30-17:00;KAPALI;KAPALI;1;2026-09-21 08:30:12
5600;PTT_SUBE;5242;DÜNYA TİCARET MERKEZİ   ŞUBESİ;YEŞİLKÖY MAHALLESİ ATATÜRK CADDE No: 12 BAKIRKÖY İSTANBUL;02124657136;34;İSTANBUL;;;;40.986717103;28.832117011;08:30-12:30/13:30-17:00;KAPALI;KAPALI;1;2026-09-21 08:30:12
5605;PTT_SUBE;4496;DİKİLİ  ŞUBESİ;ZUHURATBABA MAHALLESİ TURANLI SOKAK No: 3 BAKIRKÖY İSTANBUL;02125420809;34;İSTANBUL;;;;40.993229;28.869091;08:30-12:30/13:30-17:00;KAPALI;KAPALI;1;2026-09-21 08:30:12
5599;PTT_SUBE;5871;ELBASAN ŞUBESİ;ELBASAN MAHALLESİ KOOPERATİF SOKAK No: 3 A ÇATALCA İSTANBUL;02127788198;34;İSTANBUL;;;;41.14093896;28.414827;08:30-12:30/13:30-17:00;KAPALI;KAPALI;1;2026-09-21 08:30:12
5598;PTT_SUBE;2768;EMNİYET EVLERİ  ŞUBESİ;EMNİYET EVLERİ MAHALLESİ ÇELEBİ MEHMET CADDE No: 1 A KAĞITHANE İSTANBUL;02122690585;34;İSTANBUL;;;;41.085847;29.004747;08:30-12:30/13:30-17:00;KAPALI;KAPALI;1;2026-09-21 08:30:12
5597;PTT_SUBE;2444;ESATPAŞA  ŞUBESİ;ESATPAŞA MAHALLESİ ADNAN MENDERES CADDE No: 67 A ATAŞEHİR İSTANBUL;02162911145;34;İSTANBUL;;;;41.004723;29.082394;08:30-12:30/13:30-17:00;KAPALI;KAPALI;1;2026-09-21 08:30:12
5596;PTT_SUBE;8478;ESENKENT KURUMSAL ACENTELİĞİ;AŞIK VEYSEL MAHALLESİ RESNELİ NİYAZİ SOKAK No: 15 B ESENYURT İSTANBUL;4441788;34;İSTANBUL;;;;41.06201202;28.67590188;08:30-12:30/13:30-17:00;KAPALI;KAPALI;1;2026-09-21 08:30:12
5595;PTT_SUBE;3168;ESENLER  MÜDÜRLÜĞÜ;FEVZİ ÇAKMAK MAHALLESİ 1107. SOKAK No: 20 D ESENLER İSTANBUL;02125680161;34;İSTANBUL;;;;41.038429;28.882689;08:30-12:30/13:30-17:00;KAPALI;KAPALI;1;2026-09-21 08:30:12
5594;PTT_SUBE;7937;ESENLER KARGO DAĞITIM  MÜDÜRLÜĞÜ;MALTEPE MAHALLESİ FETİH CADDE No: 1 ZEYTİNBURNU İSTANBUL;02126124025;34;İSTANBUL;;;;41.020766;28.915659;08:30-12:30;08:30-12:30;KAPALI;1;2026-09-21 08:30:12
5593;PTT_SUBE;6605;ESENYALI  ŞUBESİ;ESENYALI MAHALLESİ İSTİKLAL CADDE No: 78 A PENDİK İSTANBUL;02162162166;34;İSTANBUL;;;;40.863834;29.291356;08:30-12:30/13:30-17:00;KAPALI;KAPALI;1;2026-09-21 08:30:12
5592;PTT_SUBE;6124;ESENYURT  MÜDÜRLÜĞÜ;ÜÇEVLER MAHALLESİ DOĞAN ARASLI BULVAR No: 111 ESENYURT İSTANBUL;02124503255;34;İSTANBUL;;;;41.030300136;28.682083442;08:30-12:30;KAPALI;KAPALI;1;2026-09-21 08:30:12
5591;PTT_SUBE;5835;ESENYURT POSTA DAĞITIM  MÜDÜRLÜĞÜ;TURGUT ÖZAL MAHALLESİ 67. SOKAK No: 10 A ESENYURT İSTANBUL;02124236829;34;İSTANBUL;;;;41.000979;28.697634;08:30-17:30;08:30-17:30;KAPALI;1;2026-09-21 08:30:12
5590;PTT_SUBE;7988;ESKİ EDİRNE YOLU  ŞUBESİ;YENİBOSNA MERKEZ MAHALLESİ ESKİ EDİRNE YOLU CADDE No: 51 C BAHÇELİEVLER İSTANBUL;02126556200;34;İSTANBUL;;;;41.019367;28.82939;08:30-12:30/13:30-17:00;KAPALI;KAPALI;1;2026-09-21 08:30:12
5589;PTT_SUBE;4187;EYÜP POSTA DAĞITIM MÜDÜRLÜĞÜ;DEFTERDAR MAHALLESİ EYÜP SULTAN BULVAR No: 38 EYÜPSULTAN İSTANBUL;02126132547;34;İSTANBUL;;;;41.03712696;28.925524469;08:30-17:30;08:30-16:00;KAPALI;1;2026-09-21 08:30:12
5588;PTT_SUBE;7574;EYÜP SULTAN  MÜDÜRLÜĞÜ;DEFTERDAR MAHALLESİ EYÜP SULTAN BULVAR No: 38 EYÜPSULTAN İSTANBUL;02125456948;34;İSTANBUL;;;;41.037256462;28.925599;08:30-12:30;KAPALI;KAPALI;1;2026-09-21 08:30:12
5586;PTT_SUBE;4067;FATİH MAHALLESİ  ŞUBESİ;FATİH MAHALLESİ HAMİDİYE CADDE No: 32 ESENLER İSTANBUL;02125690644;34;İSTANBUL;;;;41.042463;28.866898;08:30-12:30/13:30-17:00;KAPALI;KAPALI;1;2026-09-21 08:30:12
5587;PTT_SUBE;5861;FATİH MAHALLESİ  ŞUBESİ;FATİH MAHALLESİ PAZAR CADDE No: 31 BAĞCILAR İSTANBUL;02120000000;34;İSTANBUL;;;;41.050191;28.846021;08:30-12:30/13:30-17:00;KAPALI;KAPALI;1;2026-09-21 08:30:12
5585;PTT_SUBE;5055;FATİH MÜDÜRLÜĞÜ ;AKŞEMSETTİN MAHALLESİ FEVZİPAŞA CADDE No: 9 FATİH İSTANBUL;02126214546;34;İSTANBUL;;;;41.017493;28.949438;08:30-12:30/13:30-17:00;KAPALI;KAPALI;1;2026-09-21 08:30:12
5584;PTT_SUBE;5838;FATİH POSTA DAĞITIM  MÜDÜRLÜĞÜ;MALTEPE MAHALLESİ FETİH CADDE No: 2 ZEYTİNBURNU İSTANBUL;02125014000;34;İSTANBUL;;;;41.02039;28.91278;08:30-17:30;08:30-17:30;KAPALI;1;2026-09-21 08:30:12
5583;PTT_SUBE;2812;FATİH SULTAN MEHMET  ŞUBESİ;FATİH SULTAN MEHMET MAHALLESİ EVREN PAŞA CADDE No: 40 A SARIYER İSTANBUL;02122779393;34;İSTANBUL;;;;41.093078;29.038583;08:30-12:30/13:30-17:00;KAPALI;KAPALI;1;2026-09-21 08:30:12
5582;PTT_SUBE;6412;FENERBAHÇE  ŞUBESİ;FENERYOLU MAHALLESİ BAĞDAT CADDE No: 75 KADIKÖY İSTANBUL;02163484862;34;İSTANBUL;;;;40.980647;29.042696;08:30-12:30/13:30-17:00;KAPALI;KAPALI;1;2026-09-21 08:30:12
5581;PTT_SUBE;4396;FERAHEVLER  ŞUBESİ;FERAHEVLER MAHALLESİ MUHTAR CADDE No: 5 SARIYER İSTANBUL;02122627281;34;İSTANBUL;;;;41.132556;29.041452;08:30-12:30/13:30-17:00;KAPALI;KAPALI;1;2026-09-21 08:30:12
5580;PTT_SUBE;5805;FERHATPAŞA  MÜDÜRLÜĞÜ;FERHATPAŞA MAHALLESİ ÜSKÜDAR CADDE No: 76 ATAŞEHİR İSTANBUL;02164712144;34;İSTANBUL;;;;40.9876;29.16747;08:30-17:00;KAPALI;KAPALI;1;2026-09-21 08:30:12
5579;PTT_SUBE;3969;FERİKÖY   MÜDÜRLÜĞÜ;CUMHURİYET MAHALLESİ KAZIM ORBAY CADDE No: 3 FB ŞİŞLİ İSTANBUL;02122471823;34;İSTANBUL;;;;41.055016;28.981907;08:30-12:30/13:30-17:00;KAPALI;KAPALI;1;2026-09-21 08:30:12
5578;PTT_SUBE;6523;FETİH MAHALLESİ  ŞUBESİ;FETİH MAHALLESİ KAYISI SOKAK No: 2 ATAŞEHİR İSTANBUL;02163154442;34;İSTANBUL;;;;41.0054;29.074525;08:30-12:30/13:30-17:30;KAPALI;KAPALI;1;2026-09-21 08:30:12
5577;PTT_SUBE;1872;FINDIKLI ŞUBE ŞEFLİĞİ;FINDIKLI MAHALLESİ GAZİ MUSTAFA KEMAL CADDE No: 65 -67A MALTEPE İSTANBUL;02165756501;34;İSTANBUL;;;;40.971325;29.127463;08:30-12:30/13:30-17:00;KAPALI;KAPALI;1;2026-09-21 08:30:12
5573;PTT_SUBE;5212;FLORYA  ŞUBESİ;ŞENLİKKÖY MAHALLESİ FLORYA CADDE No: 46 /1A BAKIRKÖY İSTANBUL;02126631640;34;İSTANBUL;;;;40.980502;28.793368;08:30-12:30/13:30-17:00;KAPALI;KAPALI;1;2026-09-21 08:30:12
5576;PTT_SUBE;5741;FİKİRTEPE  ŞUBESİ;FİKİRTEPE MAHALLESİ MANDIRA CADDE No: 62 KADIKÖY İSTANBUL;02163370519;34;İSTANBUL;;;;40.993016;29.051451;08:30-12:30/13:30-17:00;KAPALI;KAPALI;1;2026-09-21 08:30:12
5575;PTT_SUBE;4471;FİLDAMI  ŞUBESİ;OSMANİYE MAHALLESİ AKSUN ÇIKMAZI SOKAK No: 6 BAKIRKÖY İSTANBUL;02124660086;34;İSTANBUL;;;;40.990605;28.885613;08:30-12:30/13:30-17:00;KAPALI;KAPALI;1;2026-09-21 08:30:12
5574;PTT_SUBE;5885;FİRUZKÖY  ŞUBESİ;FİRUZKÖY MAHALLESİ HASAN ÖNEL CADDE No: 53 AVCILAR İSTANBUL;02124238173;34;İSTANBUL;;;;41.009188;28.710301;08:30-12:30/13:30-17:00;KAPALI;KAPALI;1;2026-09-21 08:30:12
5572;PTT_SUBE;4380;GAZİ MAHALLESİ  MÜDÜRLÜĞÜ;GAZİ MAHALLESİ İSMETPAŞA CADDE No: 34 A SULTANGAZİ İSTANBUL;02125361682;34;İSTANBUL;;;;41.101744677;28.898529796;08:30-17:00;KAPALI;KAPALI;1;2026-09-21 08:30:12
5571;PTT_SUBE;5843;GAZİOSMANPAŞA MÜDÜRLÜĞÜ;MERKEZ MAHALLESİ EYÜP CADDE No: 3 GAZİOSMANPAŞA İSTANBUL;02126158282;34;İSTANBUL;;;;41.056959;28.914914;08:30-17:00/-;KAPALI;KAPALI;1;2026-09-21 08:30:12
5570;PTT_SUBE;8580;GENÇOSMAN ŞUBESİ;GENÇOSMAN MAHALLESİ GEÇİT SOKAK No: 9 A GÜNGÖREN İSTANBUL;0;34;İSTANBUL;;;;41.027478616;28.879588678;08:30-12:30/13:30-17:00;KAPALI;KAPALI;1;2026-09-21 08:30:12
5569;PTT_SUBE;8461;GOP ADLİYE  ŞUBESİ;GÜZELTEPE MAHALLESİ MAREŞAL FEVZİ ÇAKMAK CADDE No: 5 EYÜPSULTAN İSTANBUL;00000000000;34;İSTANBUL;;;;41.08323996;28.95168204;08:30-12:30/13:30-17:00;KAPALI;KAPALI;1;2026-09-21 08:30:12
5568;PTT_SUBE;8488;GÖKTÜRK MÜDÜRLÜĞÜ;GÖKTÜRK MERKEZ MAHALLESİ GÖKTÜRK CADDE No: 73 A EYÜPSULTAN İSTANBUL;02123226586;34;İSTANBUL;;;;41.18457798;28.88728704;08:30-12:30/13:30-17:00;KAPALI;KAPALI;1;2026-09-21 08:30:12
5567;PTT_SUBE;8326;GÖZTEPE  ŞUBESİ;GÖZTEPE MAHALLESİ TÜTÜNCÜ MEHMETEFENDİ CADDE No: 104 B KADIKÖY İSTANBUL;02163028486;34;İSTANBUL;;;;40.981316;29.068313;08:30-12:30/13:30-17:00;KAPALI;KAPALI;1;2026-09-21 08:30:12
5566;PTT_SUBE;6691;GÖZTEPE ŞUBESİ;GÖZTEPE MAHALLESİ 2296. SOKAK No: 5 A BAĞCILAR İSTANBUL;02124459921;34;İSTANBUL;;;;41.057822;28.837203;08:30-17:00/13:30-16:30;KAPALI;KAPALI;1;2026-09-21 08:30:12
5565;PTT_SUBE;5555;GÜLTEPE  ŞUBESİ;GÜLTEPE MAHALLESİ BAĞLAR CADDE No: 71 KÜÇÜKÇEKMECE İSTANBUL;02125934290;34;İSTANBUL;;;;40.995573;28.791494;08:30-12:30/13:30-17:30;KAPALI;KAPALI;1;2026-09-21 08:30:12
5564;PTT_SUBE;2755;GÜLTEPE ŞEHİT MEHMET ALİ KILIÇ MÜDÜRLÜĞÜ;HARMANTEPE MAHALLESİ TALATPAŞA CADDE No: 273 A KAĞITHANE İSTANBUL;02122796102;34;İSTANBUL;;;;41.081482;28.991878;08:30-12:30;KAPALI;KAPALI;1;2026-09-21 08:30:12
5563;PTT_SUBE;5888;GÜMÜŞPALA  ŞUBESİ;GÜMÜŞPALA MAHALLESİ MANOLYA SOKAK No: 3 AVCILAR İSTANBUL;02126946060;34;İSTANBUL;;;;40.98083697;28.73166912;08:30-12:30/13:30-17:00;KAPALI;KAPALI;1;2026-09-21 08:30:12
5562;PTT_SUBE;6293;GÜMÜŞSUYU  ŞUBESİ;GÜMÜŞSUYU MAHALLESİ DEREİÇİ CADDE No: 12 BEYKOZ İSTANBUL;02163310686;34;İSTANBUL;;;;41.128238;29.103351;08:30-12:30/13:30-17:00;KAPALI;KAPALI;1;2026-09-21 08:30:12
5561;PTT_SUBE;3047;GÜMÜŞYAKA  ŞUBESİ;GÜMÜŞYAKA MAHALLESİ MEHPARE SOKAK No: 10 A SİLİVRİ İSTANBUL;02127214430;34;İSTANBUL;;;;41.04910197;28.043775;08:30-12:30/13:30-17:00;KAPALI;KAPALI;1;2026-09-21 08:30:12
5560;PTT_SUBE;5071;GÜNEŞLİ MÜDÜRLÜĞÜ;HÜRRİYET MAHALLESİ ATATÜRK CADDE No: 11 A BAĞCILAR İSTANBUL;02126554848;34;İSTANBUL;;;;41.030658;28.827522;08:30-12:30;KAPALI;KAPALI;1;2026-09-21 08:30:12
5559;PTT_SUBE;8306;GÜNGÖREN MÜDÜRLÜĞÜ;MEHMET NESİH ÖZMEN MAHALLESİ FATİH CADDE No: 39 A GÜNGÖREN İSTANBUL;02126374890;34;İSTANBUL;;;;41.0155;28.883042;08:30-12:30/13:30-17:00;KAPALI;KAPALI;1;2026-09-21 08:30:12
5558;PTT_SUBE;5252;GÜRPINAR  ŞUBESİ;GÜRPINAR MAHALLESİ İNÖNÜ CADDE No: 8 A BEYLİKDÜZÜ İSTANBUL;02128801405;34;İSTANBUL;;;;40.991604;28.613074;08:30-12:30/13:30-17:00;KAPALI;KAPALI;1;2026-09-21 08:30:12
5557;PTT_SUBE;3307;GÜZELTEPE   ŞUBESİ;GÜZELTEPE MAHALLESİ ORBAY SOKAK No: 13 EYÜPSULTAN İSTANBUL;02126274344;34;İSTANBUL;;;;41.075611;28.954611;08:30-12:30/13:30-17:00;KAPALI;KAPALI;1;2026-09-21 08:30:12
5556;PTT_SUBE;6726;GÜZELTEPE  ŞUBESİ;GÜZELTEPE MAHALLESİ NAMAZGAH CADDE No: 5 ÜSKÜDAR İSTANBUL;02163212103;34;İSTANBUL;;;;41.046063;29.070733;08:30-12:30/13:30-17:00;KAPALI;KAPALI;1;2026-09-21 08:30:12
5555;PTT_SUBE;6719;GÜZELYALI  ŞUBESİ;GÜZELYALI MAHALLESİ YAVUZ SELİM CADDE No: 22 A PENDİK İSTANBUL;02163921288;34;İSTANBUL;;;;40.860721857;29.282192719;08:30-12:30/13:30-17:00;KAPALI;KAPALI;1;2026-09-21 08:30:12
5554;PTT_SUBE;8241;HABİBLER  ŞUBESİ;ESKİ HABİPLER MAHALLESİ YASEMİNLER SOKAK No: 15 A SULTANGAZİ İSTANBUL;02125951313;34;İSTANBUL;;;;41.131425;28.831475;08:30-12:30/13:30-17:00;KAPALI;KAPALI;1;2026-09-21 08:30:12
5553;PTT_SUBE;2886;HADIMKÖY MÜDÜRLÜĞÜ;HASTANE MAHALLESİ BURÇ SOKAK No: 8 B ARNAVUTKÖY İSTANBUL;02127712444;34;İSTANBUL;;;;41.155712978;28.618740204;08:30-12:30;KAPALI;KAPALI;1;2026-09-21 08:30:12
5552;PTT_SUBE;4296;HAL  ŞUBESİ;KOCATEPE MAHALLESİ HAL BAĞLANTI SOKAK No: 2 BAYRAMPAŞA İSTANBUL;02126407353;34;İSTANBUL;;;;41.0517;28.89239;08:30-12:30/13:30-17:00;KAPALI;KAPALI;1;2026-09-21 08:30:12
5551;PTT_SUBE;3201;HALICIOĞLU  ŞUBESİ;SÜTLÜCE MAHALLESİ MAHMUT DAYI SOKAK No: 5 -11A BEYOĞLU İSTANBUL;02123697905;34;İSTANBUL;;;;41.049847;28.945434;08:30-12:30/13:30-17:00;KAPALI;KAPALI;1;2026-09-21 08:30:12
5549;PTT_SUBE;6133;HALKALI  MÜDÜRLÜĞÜ;HALKALI MERKEZ MAHALLESİ FATİH CADDE No: 44 A KÜÇÜKÇEKMECE İSTANBUL;02126982400;34;İSTANBUL;;;;41.03398998;28.79615952;08:30-17:00;KAPALI;KAPALI;1;2026-09-21 08:30:12
5548;PTT_SUBE;6999;HALKALI TOPLU KONUTLAR  ŞUBESİ;ATAKENT MAHALLESİ 2.FATİH CADDE No: 5 KÜÇÜKÇEKMECE İSTANBUL;02126985707;34;İSTANBUL;;;;41.04788;28.795085;08:30-12:30/13:30-17:00;KAPALI;KAPALI;1;2026-09-21 08:30:12
5550;PTT_SUBE;7952;HALİÇ  ŞUBESİ;YAVUZ SULTAN SELİM MAHALLESİ HALİÇ CADDE No: 91 FATİH İSTANBUL;02126214546;34;İSTANBUL;;;;41.024459;28.951967;08:30-12:30/13:30-17:00;KAPALI;KAPALI;1;2026-09-21 08:30:12
5547;PTT_SUBE;4778;HAMİDİYE  ŞUBESİ;HAMİDİYE MAHALLESİ GİRNE CADDE No: 27 KAĞITHANE İSTANBUL;02122955318;34;İSTANBUL;;;;41.093078;28.972512;08:30-12:30/13:30-17:00;KAPALI;KAPALI;1;2026-09-21 08:30:12
5546;PTT_SUBE;5144;HARAÇCI  ŞUBESİ;HARAÇÇI MAHALLESİ HARAÇÇI-HADIMKÖY YOLU CADDE No: 26 ARNAVUTKÖY İSTANBUL;02126830617;34;İSTANBUL;;;;41.17871601;28.70208504;08:30-12:30/13:30-17:00;KAPALI;KAPALI;1;2026-09-21 08:30:12
5545;PTT_SUBE;5777;HEKİMBAŞI  ŞUBESİ;HEKİMBAŞI MAHALLESİ İMALAT SOKAK No: 1 ÜMRANİYE İSTANBUL;02163328308;34;İSTANBUL;;;;41.060994;29.098407;08:30-12:30/13:30-17:00;KAPALI;KAPALI;1;2026-09-21 08:30:12
5544;PTT_SUBE;5827;HEYBELİADA  ŞUBESİ;HEYBELİADA MAHALLESİ İŞGÜZAR SOKAK No: 7 ADALAR İSTANBUL;02163519626;34;İSTANBUL;;;;40.877456857;29.099593056;08:30-12:30/13:30-16:30;KAPALI;KAPALI;1;2026-09-21 08:30:12
5542;PTT_SUBE;5796;HUZUR  ŞUBESİ;PARSELLER MAHALLESİ KARADENİZ CADDE No: 23 A ÜMRANİYE İSTANBUL;02166118880;34;İSTANBUL;;;;41.026055;29.158903;08:30-12:30/13:30-17:00;KAPALI;KAPALI;1;2026-09-21 08:30:12
5541;PTT_SUBE;6544;HÜKÜMET KONAĞI  ŞUBESİ;DOĞU MAHALLESİ NEVBAHAR SOKAK No: 4 PENDİK İSTANBUL;02163542080;34;İSTANBUL;;;;40.88235;29.244761;08:30-12:00/13:00-17:00;KAPALI;KAPALI;1;2026-09-21 08:30:12
5540;PTT_SUBE;5595;HÜRRİYET  ŞUBESİ;MARMARA MAHALLESİ 9. SOKAK No: 2 BEYLİKDÜZÜ İSTANBUL;02128768709;34;İSTANBUL;;;;40.984485;28.671463;08:30-12:30/13:30-17:00;KAPALI;KAPALI;1;2026-09-21 08:30:12
5539;PTT_SUBE;5807;HÜRRİYET MAHALLESİ   ŞUBESİ;HÜRRİYET MAHALLESİ DR. CEMİL BENGÜ CADDE No: 68 D KAĞITHANE İSTANBUL;02122242125;34;İSTANBUL;;;;41.072483;28.986701;08:30-12:30/13:30-17:00;KAPALI;KAPALI;1;2026-09-21 08:30:12
5543;PTT_SUBE;2815;HİSARÜSTÜ  ŞUBESİ;RUMELİHİSARI MAHALLESİ CAMİ ARALIĞI ÇIKMAZI SOKAK No: 1 SARIYER İSTANBUL;02122652422;34;İSTANBUL;;;;41.08913;29.04987;08:30-12:30/13:30-17:00;KAPALI;KAPALI;1;2026-09-21 08:30:12
5538;PTT_SUBE;8491;IRMAK ACENTE;BOSTAN MAHALLESİ KAŞKAVAL SOKAK No: 23 BEYOĞLU İSTANBUL;02222222222;34;İSTANBUL;;;;41.039719;28.977994;09:00-12:30/12:30-18:00;10:00-12:30/12:30-16:00;KAPALI;1;2026-09-21 08:30:12
5537;PTT_SUBE;7080;ISPARTAKULE  ŞUBESİ;TAHTAKALE MAHALLESİ ABDİ İPEKÇİ CADDE No: 5 AVCILAR İSTANBUL;02128014329;34;İSTANBUL;;;;41.060448;28.714533;08:30-12:30/13:30-17:00;KAPALI;KAPALI;1;2026-09-21 08:30:12
5514;PTT_SUBE;5831;KADIKÖY MÜDÜRLÜĞÜ;CAFERAĞA MAHALLESİ ALBAY FAİK SÖZDENER CADDE No: 1 A KADIKÖY İSTANBUL;02163370519;34;İSTANBUL;;;;40.990328;29.02291;08:30-12:30/13:30-17:00;KAPALI;KAPALI;1;2026-09-21 08:30:12
5513;PTT_SUBE;2334;KADIKÖY POSTA DAĞITIM  MÜDÜRLÜĞÜ;ACIBADEM MAHALLESİ ACIBADEM CADDE No: 133 ÜSKÜDAR İSTANBUL;02165776200;34;İSTANBUL;;;;41.008847;29.050079;08:30-17:30;08:30-17:30;KAPALI;1;2026-09-21 08:30:12
5510;PTT_SUBE;5531;KANARYA  ŞUBESİ;KANARYA MAHALLESİ 2.ARIKUŞU SOKAK No: 15 KÜÇÜKÇEKMECE İSTANBUL;02125793791;34;İSTANBUL;;;;41.009393;28.775412;08:30-12:30/13:30-17:30;KAPALI;KAPALI;1;2026-09-21 08:30:12
5509;PTT_SUBE;6301;KANUNİ  ŞUBESİ;YAKUPLU MAHALLESİ YAKUPLU CADDE No: 31 BEYLİKDÜZÜ İSTANBUL;02128017985;34;İSTANBUL;;;;41.000105;28.669812;08:30-12:30/13:30-17:00;KAPALI;KAPALI;1;2026-09-21 08:30:12
5508;PTT_SUBE;5765;KAPTAN-I DERYA  ŞUBESİ;AHMET YESEVİ MAHALLESİ MÜCAHİT CADDE No: 51 B SULTANBEYLİ İSTANBUL;02165923947;34;İSTANBUL;;;;40.973615121;29.273954355;08:30-12:30/13:30-17:00;KAPALI;KAPALI;1;2026-09-21 08:30:12
5507;PTT_SUBE;5906;KARACAKÖY ŞUBESİ;KARACAKÖY MERKEZ MAHALLESİ CUMA SOKAK No: 3 ÇATALCA İSTANBUL;02127634480;34;İSTANBUL;;;;41.40210699;28.38102408;08:30-12:30/13:30-17:00;KAPALI;KAPALI;1;2026-09-21 08:30:12
5506;PTT_SUBE;5597;KARAKÖY MÜDÜRLÜĞÜ;ARAP CAMİ MAHALLESİ KÜREKÇİLER  KAPISI SOKAK No: 1 BEYOĞLU İSTANBUL;02122441545;34;İSTANBUL;;;;41.022381;28.974206;08:30-12:30/13:30-17:00;KAPALI;KAPALI;1;2026-09-21 08:30:12
5505;PTT_SUBE;8252;KARLIBAYIR KURUMSAL ACENTELİĞİ;KARLIBAYIR MAHALLESİ İHTİŞAM SOKAK No: 4 ARNAVUTKÖY İSTANBUL;02125976767;34;İSTANBUL;;;;41.184201;28.719025;08:30-12:30/12:30-19:00;09:30-12:30/12:30-16:00;KAPALI;1;2026-09-21 08:30:12
5504;PTT_SUBE;4306;KARLIKTEPE  ŞUBESİ;KARLIKTEPE MAHALLESİ TECERDAĞI CADDE No: 8 A KARTAL İSTANBUL;02164880989;34;İSTANBUL;;;;40.900665;29.183909;08:30-12:30/13:30-17:00;KAPALI;KAPALI;1;2026-09-21 08:30:12
5503;PTT_SUBE;6520;KARTAL KARGO DAĞITIM  MÜDÜRLÜĞÜ;KORDONBOYU MAHALLESİ ANKARA CADDE No: 163 KARTAL İSTANBUL;02163877073;34;İSTANBUL;;;;40.882151;29.214032;08:30-08:30/17:30-17:30;08:30-08:30/17:30-17:30;KAPALI;1;2026-09-21 08:30:12
5502;PTT_SUBE;1874;KARTAL MÜDÜRLÜĞÜ;YUKARI MAHALLESİ İSTASYON CADDE No: 14 KARTAL İSTANBUL;02164737100;34;İSTANBUL;;;;40.888151;29.183212;08:30-17:00/13:30-17:00;KAPALI;KAPALI;1;2026-09-21 08:30:12
5501;PTT_SUBE;5592;KARTAL POSTA DAĞITIM  MÜDÜRLÜĞÜ;KORDONBOYU MAHALLESİ ANKARA CADDE No: 163 KARTAL İSTANBUL;02164735100;34;İSTANBUL;;;;40.882151;29.214032;08:30-17:30;08:30-17:30;KAPALI;1;2026-09-21 08:30:12
5500;PTT_SUBE;4310;KARTALTEPE  ŞUBESİ;KARTALTEPE MAHALLESİ KÜLTÜR SOKAK No: 8 BAYRAMPAŞA İSTANBUL;02125646401;34;İSTANBUL;;;;41.05593;28.90407;08:30-12:30/13:30-17:00;KAPALI;KAPALI;1;2026-09-21 08:30:12
5499;PTT_SUBE;3195;KASIMPAŞA MÜDÜRLÜĞÜ;CAMİİKEBİR MAHALLESİ ZİYAFET SOKAK No: 18 -20A BEYOĞLU İSTANBUL;02122569748;34;İSTANBUL;;;;41.034274;28.968767;08:30-12:30;KAPALI;KAPALI;1;2026-09-21 08:30:12
5498;PTT_SUBE;2888;KAVACIK  MÜDÜRLÜĞÜ;KAVACIK MAHALLESİ OKUL CADDE No: 6 BEYKOZ İSTANBUL;02166802676;34;İSTANBUL;;;;41.094528;29.087006;08:30-17:00;KAPALI;KAPALI;1;2026-09-21 08:30:12
5497;PTT_SUBE;5266;KAVAKLI  ŞUBESİ;KAVAKLI MAHALLESİ BAĞLAR CADDE No: 15 BEYLİKDÜZÜ İSTANBUL;02128751416;34;İSTANBUL;;;;40.980161;28.639946;08:30-12:30/13:30-17:00;KAPALI;KAPALI;1;2026-09-21 08:30:12
5496;PTT_SUBE;3053;KAVAKLI (SİLİVRİ)  ŞUBESİ;KAVAKLI HÜRRİYET MAHALLESİ KAVAKLI CADDE No: 160 SİLİVRİ İSTANBUL;02127447490;34;İSTANBUL;;;;41.092173;28.334284;08:30-12:30/13:30-17:00;KAPALI;KAPALI;1;2026-09-21 08:30:12
5495;PTT_SUBE;6607;KAVAKPINAR  ŞUBESİ;KAVAKPINAR MAHALLESİ ABDİ İPEKÇİ CADDE No: 147 A PENDİK İSTANBUL;02162162161;34;İSTANBUL;;;;40.880085;29.28668;08:30-12:30/13:30-17:00;KAPALI;KAPALI;1;2026-09-21 08:30:12
5494;PTT_SUBE;5933;KAYAŞEHİR MÜDÜRLÜĞÜ;KAYABAŞI MAHALLESİ EFLATUN SOKAK No: 1 C BAŞAKŞEHİR İSTANBUL;02126877770;34;İSTANBUL;;;;41.105424;28.759419379;08:30-12:30;KAPALI;KAPALI;1;2026-09-21 08:30:12
5493;PTT_SUBE;5812;KAYIŞDAĞI  ŞUBESİ;KAYIŞDAĞI MAHALLESİ NASIR CADDE No: 33 A ATAŞEHİR İSTANBUL;02163642719;34;İSTANBUL;;;;40.983732;29.143735;08:30-12:30/13:30-17:00;KAPALI;KAPALI;1;2026-09-21 08:30:12
5491;PTT_SUBE;7578;KAYMAKAMLIK  ŞUBESİ;İSLAMBEY MAHALLESİ HZ. HALİD BULVAR No: 26 /1 EYÜPSULTAN İSTANBUL;02124181356;34;İSTANBUL;;;;41.048385838;28.930000544;08:30-12:30/13:30-17:00;KAPALI;KAPALI;1;2026-09-21 08:30:12
5492;PTT_SUBE;2941;KAYMAKAMLIK  ŞUBESİ;KARAGÜMRÜK MAHALLESİ ADNAN MENDERES VATAN BULVAR No: 66 FATİH İSTANBUL;02125346041;34;İSTANBUL;;;;41.02183;28.934147;08:30-12:30/13:30-17:00;KAPALI;KAPALI;1;2026-09-21 08:30:12
5490;PTT_SUBE;6198;KAYNARCA  MÜDÜRLÜĞÜ;FEVZİ ÇAKMAK MAHALLESİ TEVFİK İLERİ CADDE No: 175 B PENDİK İSTANBUL;02165962028;34;İSTANBUL;;;;40.873104;29.266718;08:30-17:00;KAPALI;KAPALI;1;2026-09-21 08:30:12
5489;PTT_SUBE;8258;KAZIM KARABEKİR KURUMSAL ACENTELİĞİ;KAZIM KARABEKİR MAHALLESİ 922. SOKAK No: 17 A GAZİOSMANPAŞA İSTANBUL;05355481571;34;İSTANBUL;;;;41.077574;28.912867;08:30-12:00/13:00-17:00;KAPALI;KAPALI;1;2026-09-21 08:30:12
5512;PTT_SUBE;4777;KAĞITHANE  MÜDÜRLÜĞÜ;MERKEZ MAHALLESİ SAİDE SOKAK No: 2 A KAĞITHANE İSTANBUL;02122958043;34;İSTANBUL;;;;41.083064;28.973887;08:30-12:30/13:30-17:00;KAPALI;KAPALI;1;2026-09-21 08:30:12
5511;PTT_SUBE;6415;KAĞITHANE POSTA DAĞITIM  MÜDÜRLÜĞÜ;YAHYA KEMAL MAHALLESİ MİTHATPAŞA CADDE No: 11 A KAĞITHANE İSTANBUL;02122102060;34;İSTANBUL;;;;41.084558;28.985692;08:30-17:30;08:30-17:30;KAPALI;1;2026-09-21 08:30:12
5488;PTT_SUBE;8248;KEMER KURUMSAL ACENTELİĞİ;KEMER MAHALLESİ ŞAHİNBEY CADDE No: 21 ESENLER İSTANBUL;02124295555;34;İSTANBUL;;;;41.049934;28.879211;08:30-12:30/13:30-19:00;10:00-12:30/13:30-16:00;KAPALI;1;2026-09-21 08:30:12
5487;PTT_SUBE;8489;KEMERBURGAZ  ŞUBESİ;MİTHATPAŞA MAHALLESİ ABDULHAMİT HAN CADDE No: 45 EYÜPSULTAN İSTANBUL;02123600806;34;İSTANBUL;;;;41.15685699;28.91463588;08:30-12:30/13:30-17:00;KAPALI;KAPALI;1;2026-09-21 08:30:12
5486;PTT_SUBE;5901;KESTANELİK ŞUBESİ;KESTANELİK MAHALLESİ KARACAKÖY CADDE No: 22 A ÇATALCA İSTANBUL;02127943400;34;İSTANBUL;;;;41.232195;28.49635296;08:30-12:30/13:30-17:00;KAPALI;KAPALI;1;2026-09-21 08:30:12
5485;PTT_SUBE;5829;KINALIADA  ŞUBESİ;KINALIADA MAHALLESİ KINALIBAĞ SOKAK No: 27 ADALAR İSTANBUL;02163814445;34;İSTANBUL;;;;40.90776498;29.05420608;08:30-12:30/13:30-16:30;KAPALI;KAPALI;1;2026-09-21 08:30:12
5484;PTT_SUBE;6155;KIRAÇ KARGO DAĞITIM MÜDÜRLÜĞÜ;BARBAROS HAYRETTİN PAŞA MAHALLESİ 2300. SOKAK No: 6 ESENYURT İSTANBUL;02128303147;34;İSTANBUL;;;;41.023641;28.639182;08:30-17:30;08:30-17:30;KAPALI;1;2026-09-21 08:30:12
5483;PTT_SUBE;6844;KISIKLI CADDESİ ŞUBESİ;KISIKLI MAHALLESİ KISIKLI CADDE No: 105 ÜSKÜDAR İSTANBUL;02167719310;34;İSTANBUL;;;;41.02246;29.06189;08:30-12:30/13:30-17:00;KAPALI;KAPALI;1;2026-09-21 08:30:12
5480;PTT_SUBE;6891;KOCA MUSTAFA PAŞA  ŞUBESİ;SİLİVRİKAPI MAHALLESİ KOCA MUSTAFAPAŞA CADDE No: 252 FATİH İSTANBUL;02125897040;34;İSTANBUL;;;;41.004202;28.929192;08:30-12:30/13:30-17:00;KAPALI;KAPALI;1;2026-09-21 08:30:12
5479;PTT_SUBE;6744;KOCASİNAN  ŞUBESİ;HÜRRİYET MAHALLESİ MAHMUTBEY CADDE No: 187 C BAHÇELİEVLER İSTANBUL;02124511563;34;İSTANBUL;;;;41.00657;28.841262;08:30-12:30/13:30-17:00;KAPALI;KAPALI;1;2026-09-21 08:30:12
5478;PTT_SUBE;4302;KOCATEPE  ŞUBESİ;KOCATEPE MAHALLESİ KOCATEPE CADDE No: 12 BAYRAMPAŞA İSTANBUL;02126400293;34;İSTANBUL;;;;41.049914;28.896959;08:30-12:30/13:30-17:00;KAPALI;KAPALI;1;2026-09-21 08:30:12
5477;PTT_SUBE;4663;KONGRE  ŞUBESİ;ÇINAR MAHALLESİ 1464. SOKAK No: 2 ESENYURT İSTANBUL;02128582392;34;İSTANBUL;;;;41.043656;28.664549;08:30-12:30/13:30-17:00;KAPALI;KAPALI;1;2026-09-21 08:30:12
1799;PTT_SUBE;5744;KOŞUYOLU ŞUBESİ;KOŞUYOLU MAHALLESİ SALİH OMURTAK SOKAK No: 97 KADIKÖY İSTANBUL;02163370519;34;İSTANBUL;;;;41.00681;29.03649;08:30-12:30/13:30-17:00;KAPALI;KAPALI;1;2026-09-14 08:28:26
5475;PTT_SUBE;7682;KUMKÖY (KİLYOS)  ŞUBESİ;KUMKÖY (KİLYOS) MAHALLESİ KAHYAOĞLU CADDE No: 4 SARIYER İSTANBUL;02122012523;34;İSTANBUL;;;;41.24545;29.036222;08:30-12:30/13:30-17:30;KAPALI;KAPALI;1;2026-09-21 08:30:12
5474;PTT_SUBE;6001;KUMRULUKEMER  ŞUBESİ;50. YIL MAHALLESİ B CADDE No: 2 SULTANGAZİ İSTANBUL;02126673892;34;İSTANBUL;;;;41.089722;28.869541;08:30-12:30/13:30-17:00;KAPALI;KAPALI;1;2026-09-21 08:30:12
5473;PTT_SUBE;1931;KURFALLI  ŞUBESİ;HÜRRİYET MAHALLESİ ABDİ İPEKÇİ CADDE No: 27 KARTAL İSTANBUL;02165048571;34;İSTANBUL;;;;40.90176;29.22839;08:30-12:30/13:30-17:00;KAPALI;KAPALI;1;2026-09-21 08:30:12
5472;PTT_SUBE;5761;KURTKÖY  MÜDÜRLÜĞÜ;KURTKÖY MAHALLESİ ANKARA CADDE No: 309 PENDİK İSTANBUL;02165953315;34;İSTANBUL;;;;40.913841;29.298347;08:30-12:30;KAPALI;KAPALI;1;2026-09-21 08:30:12
5471;PTT_SUBE;5684;KURTKÖY POSTA DAĞITIM  MÜDÜRLÜĞÜ;ŞEYHLİ MAHALLESİ YUNUS EMRE CADDE No: 10 A PENDİK İSTANBUL;02163783640;34;İSTANBUL;;;;40.906686475;29.278955642;08:30-17:30;08:30-17:30;KAPALI;1;2026-09-21 08:30:12
5470;PTT_SUBE;8375;KUYUMCULAR  ŞUBESİ;YENİBOSNA MERKEZ MAHALLESİ 29 EKİM CADDE LADİN SOK KUYUMCUKENT SİTESİ AVM BLOK NO: 4 / B02 BAHÇELİEVLER İSTANBUL;02124519843;34;İSTANBUL;;;;41.003275;28.817065;08:30-12:30/13:30-17:00;KAPALI;KAPALI;1;2026-09-21 08:30:12
5476;PTT_SUBE;8581;KÖYİÇİ ŞUBESİ;GÜNEŞTEPE MAHALLESİ SOĞANLI CADDE No: 139 GÜNGÖREN İSTANBUL;0;34;İSTANBUL;;;;41.024652194;28.869599431;08:30-12:30/13:30-17:00;KAPALI;KAPALI;1;2026-09-21 08:30:12
5466;PTT_SUBE;5742;KÜÇÜKYALI  MÜDÜRLÜĞÜ;KÜÇÜKYALI MERKEZ MAHALLESİ AHMET KUTSİ TECER SOKAK No: 5 MALTEPE İSTANBUL;02164898283;34;İSTANBUL;;;;40.947526;29.108644;08:30-17:00;KAPALI;KAPALI;1;2026-09-21 08:30:12
5469;PTT_SUBE;6749;KÜÇÜKÇEKMECE  MÜDÜRLÜĞÜ;CENNET MAHALLESİ BARBAROS CADDE No: 69 B KÜÇÜKÇEKMECE İSTANBUL;02125790674;34;İSTANBUL;;;;40.99069072;28.77834424;08:30-12:30;KAPALI;KAPALI;1;2026-09-21 08:30:12
5468;PTT_SUBE;4174;KÜÇÜKÇEKMECE ADLİYE  ŞUBESİ;KARTALTEPE MAHALLESİ 1.MALAZGİRT CADDE No: 2 -4 KÜÇÜKÇEKMECE İSTANBUL;02125402582;34;İSTANBUL;;;;41.000481;28.811601;08:30-12:30/13:30-17:00;KAPALI;KAPALI;1;2026-09-21 08:30:12
5467;PTT_SUBE;7695;KÜÇÜKÇEKMECE POSTA DAĞITIM  MÜDÜRLÜĞÜ;İKİTELLİ OSB MAHALLESİ AYKOSAN DİLEK PASTANESİ SOKAK No: 1 DİLEK BAŞAKŞEHİR İSTANBUL;02125491806;34;İSTANBUL;;;;41.074894488;28.799479753;08:30-17:30/08:30-17:30;08:30-17:30/08:30-17:30;KAPALI;1;2026-09-21 08:30:12
5482;PTT_SUBE;4165;KİPTAŞ SEFAKÖY EVLERİ ŞUBESİ;SÖĞÜTLÜ ÇEŞME MAHALLESİ 1.FEVZİ ÇAKMAK CADDE No: 12 KÜÇÜKÇEKMECE İSTANBUL;02124246580;34;İSTANBUL;;;;41.012931043;28.790311305;08:30-12:30/13:30-17:00;KAPALI;KAPALI;1;2026-09-21 08:30:12
5481;PTT_SUBE;8031;KİRAZLI ŞUBESİ;KİRAZLI MAHALLESİ MAHMUTBEY CADDE No: 140 A BAĞCILAR İSTANBUL;02125153322;34;İSTANBUL;;;;41.03488;28.833789;08:30-12:30/13:30-17:00;KAPALI;KAPALI;1;2026-09-21 08:30:12
5465;PTT_SUBE;6121;LEVENT   MÜDÜRLÜĞÜ;LEVENT MAHALLESİ BİNBİRÇİÇEK SOKAK No: 13 BEŞİKTAŞ İSTANBUL;02122708359;34;İSTANBUL;;;;41.075359;29.016833;08:30-12:30/13:30-17:00;KAPALI;KAPALI;1;2026-09-21 08:30:12
5464;PTT_SUBE;6141;MADENLER  ŞUBESİ;MADENLER MAHALLESİ BERRAK SOKAK No: 9 A ÜMRANİYE İSTANBUL;02163134012;34;İSTANBUL;;;;41.013563;29.1884;08:30-12:30/13:30-17:00;KAPALI;KAPALI;1;2026-09-21 08:30:12
5463;PTT_SUBE;8289;MAHMUTBEY  ŞUBESİ;MAHMUTBEY MAHALLESİ 2562. SOKAK No: 20 A BAĞCILAR İSTANBUL;02128772482;34;İSTANBUL;;;;41.05260152;28.82931327;08:30-12:30/13:30-17:00;KAPALI;KAPALI;1;2026-09-21 08:30:12
5462;PTT_SUBE;7855;MALKOÇOĞLU  ŞUBESİ;MALKOÇOĞLU MAHALLESİ 307. SOKAK No: 28 SULTANGAZİ İSTANBUL;02126673893;34;İSTANBUL;;;;41.115998165;28.84561464;08:30-12:30/13:30-17:00;KAPALI;KAPALI;1;2026-09-21 08:30:12
5461;PTT_SUBE;5969;MALTEPE  MÜDÜRLÜĞÜ;BAĞLARBAŞI MAHALLESİ MOR LALE SOKAK No: 19 A MALTEPE İSTANBUL;02163991157;34;İSTANBUL;;;;40.923291;29.132615;08:30-12:30/13:30-17:00;KAPALI;KAPALI;1;2026-09-21 08:30:12
5460;PTT_SUBE;2292;MALTEPE CEZAEVİ  ŞUBESİ;BÜYÜKBAKKALKÖY MAHALLESİ YAKACIK YOLU SOKAK No: 13 MALTEPE İSTANBUL;02163110442;34;İSTANBUL;;;;40.965617;29.202453;08:30-12:30/13:30-17:00;KAPALI;KAPALI;1;2026-09-21 08:30:12
5459;PTT_SUBE;6105;MALTEPE POSTA DAĞITIM  MÜDÜRLÜĞÜ;BAĞLARBAŞI MAHALLESİ İNÖNÜ CADDE No: 121 MALTEPE İSTANBUL;02163525712;34;İSTANBUL;;;;40.927438;29.141077;08:30-17:30;08:30-17:00;KAPALI;1;2026-09-21 08:30:12
5458;PTT_SUBE;2962;MASKO  ŞUBESİ;İKİTELLİ OSB MAHALLESİ MASKO 10B BLOK SOKAK No: 38 BAŞAKŞEHİR İSTANBUL;02126752020;34;İSTANBUL;;;;41.066664;28.794014;08:30-12:30/13:30-17:00;KAPALI;KAPALI;1;2026-09-21 08:30:12
5457;PTT_SUBE;4239;MAVİGÖL  ŞUBESİ;MAVİGÖL MAHALLESİ KOCA YUSUF CADDE No: 15 B ARNAVUTKÖY İSTANBUL;02128127380;34;İSTANBUL;;;;41.201238099;28.765756272;08:30-12:30/13:30-17:00;KAPALI;KAPALI;1;2026-09-21 08:30:12
5456;PTT_SUBE;4322;MECİDİYE  ŞUBESİ;MECİDİYE MAHALLESİ FATİH BULVAR No: 430 SULTANBEYLİ İSTANBUL;02163981620;34;İSTANBUL;;;;40.960224082;29.292622626;08:30-12:30/13:30-17:00;KAPALI;KAPALI;1;2026-09-21 08:30:12
5455;PTT_SUBE;4150;MECİDİYEKÖY MÜDÜRLÜĞÜ;MECİDİYEKÖY MAHALLESİ NACİ KASIM SOKAK No: 8 A ŞİŞLİ İSTANBUL;02122126535;34;İSTANBUL;;;;41.067438;28.998878;08:30-12:30;KAPALI;KAPALI;1;2026-09-21 08:30:12
5454;PTT_SUBE;4427;MEHMET AKİF  ŞUBESİ;MEHMET AKİF MAHALLESİ ŞAİR AHMET SOKAK No: 11 A KÜÇÜKÇEKMECE İSTANBUL;02124943986;34;İSTANBUL;;;;41.057744544;28.80473997;08:30-12:30/13:30-17:00;KAPALI;KAPALI;1;2026-09-21 08:30:12
5453;PTT_SUBE;8118;MEHTERÇEŞME  ŞUBESİ;MEHTERÇEŞME MAHALLESİ HACI BAYRAM VELİ CADDE No: 49 -53 ESENYURT İSTANBUL;02126897727;34;İSTANBUL;;;;41.023664;28.665003;08:30-12:30/13:30-17:00;KAPALI;KAPALI;1;2026-09-21 08:30:12
5452;PTT_SUBE;5998;MERCAN  ŞUBESİ;SÜLEYMANİYE MAHALLESİ ŞAHENDE SOKAK No: 5 FATİH İSTANBUL;02125228524;34;İSTANBUL;;;;41.015659;28.966773;08:30-12:30/13:30-17:00;KAPALI;KAPALI;1;2026-09-21 08:30:12
5450;PTT_SUBE;6019;MERKEZ MAHALLESİ  ŞUBESİ;MERKEZ MAHALLESİ ESENYURT SOKAK No: 29 B ÇEKMEKÖY İSTANBUL;02166413879;34;İSTANBUL;;;;41.04053;29.181843;08:30-12:30/13:30-17:00;KAPALI;KAPALI;1;2026-09-21 08:30:12
5451;PTT_SUBE;2760;MERKEZ MAHALLESİ  ŞUBESİ;ARNAVUTKÖY MERKEZ MAHALLESİ KARATAY SOKAK No: 6 ARNAVUTKÖY İSTANBUL;02125979420;34;İSTANBUL;;;;41.182923;28.740793;08:30-12:30/13:30-17:00;KAPALI;KAPALI;1;2026-09-21 08:30:12
5448;PTT_SUBE;3085;MEVLANA  ŞUBESİ;MEVLANA MAHALLESİ VEYSEL KARANİ CADDE No: 228 A SANCAKTEPE İSTANBUL;02163120238;34;İSTANBUL;;;;41.011756;29.258902;08:30-12:30/13:30-17:00;KAPALI;KAPALI;1;2026-09-21 08:30:12
5449;PTT_SUBE;5846;MEVLANA  ŞUBESİ;MEVLANA MAHALLESİ SEFA CADDE No: 51 A GAZİOSMANPAŞA İSTANBUL;02126505064;34;İSTANBUL;;;;41.085609;28.912429;08:30-12:30/13:30-17:00;KAPALI;KAPALI;1;2026-09-21 08:30:12
5447;PTT_SUBE;8246;MEYDAN KURUMSAL ACENTELİĞİ;SÖĞÜTLÜ ÇEŞME MAHALLESİ BAŞKUMANDAN ATATÜRK CADDE No: 75 A KÜÇÜKÇEKMECE İSTANBUL;02125790574;34;İSTANBUL;;;;41.020517;28.787053;08:30-12:30/12:30-19:00;10:00-12:30/12:30-16:00;KAPALI;1;2026-09-21 08:30:12
5443;PTT_SUBE;7801;MURAT ÇEŞME MAHALLESİ KURUMSAL ACENTELİĞİ;MURAT ÇESME MAHALLESİ YUNUS EMRE 2 CADDE No: 27 B BÜYÜKÇEKMECE İSTANBUL;02128630313;34;İSTANBUL;;;;41.01362;28.53558;08:30-12:30/13:30-17:00;KAPALI;KAPALI;1;2026-09-21 08:30:12
5442;PTT_SUBE;5830;MUSTAFA KEMAL MAHALLESİ ŞUBESİ;MUSTAFA KEMAL MAHALLESİ 3001. CADDE No: 29 A ATAŞEHİR İSTANBUL;02164435165;34;İSTANBUL;;;;41.00600997;29.09640708;08:30-12:30/13:30-17:00;KAPALI;KAPALI;1;2026-09-21 08:30:12
5445;PTT_SUBE;1998;MİMAR SİNAN  ŞUBESİ;MİMAR SİNAN MAHALLESİ EMİROĞLU CADDE No: 76 TUZLA İSTANBUL;02164232304;34;İSTANBUL;;;;40.833855;29.361623;08:30-12:30/13:30-17:00;KAPALI;KAPALI;1;2026-09-21 08:30:12
5446;PTT_SUBE;8325;MİMAR SİNAN  ŞUBESİ;MİMAR SİNAN MAHALLESİ ULUBATLI HASAN CADDE No: 127 A ÇEKMEKÖY İSTANBUL;02166411683;34;İSTANBUL;;;;41.030374242;29.182274555;08:30-12:30/13:30-17:00;KAPALI;KAPALI;1;2026-09-21 08:30:12
5444;PTT_SUBE;4640;MİMAR SİNAN ŞUBESİ;MİMARSİNAN MAHALLESİ İNÖNÜ 2 CADDE No: 30 B BÜYÜKÇEKMECE İSTANBUL;02128837460;34;İSTANBUL;;;;41.015492723;28.560072558;08:30-12:30/13:30-17:00;KAPALI;KAPALI;1;2026-09-21 08:30:12
5441;PTT_SUBE;5770;NECİP FAZIL  ŞUBESİ;ORHANGAZİ MAHALLESİ SEMANUR SOKAK No: 2 A SULTANBEYLİ İSTANBUL;02164874553;34;İSTANBUL;;;;40.946212822;29.284267901;08:30-12:30/13:30-17:00;KAPALI;KAPALI;1;2026-09-21 08:30:12
5440;PTT_SUBE;4780;NURTEPE  ŞUBESİ;NURTEPE MAHALLESİ ARI CADDE No: 2 KAĞITHANE İSTANBUL;02122942065;34;İSTANBUL;;;;41.080104;28.964342;08:30-12:30/13:30-17:00;KAPALI;KAPALI;1;2026-09-21 08:30:12
5439;PTT_SUBE;4782;OKMEYDANI  ŞUBESİ;TALATPAŞA MAHALLESİ ASLANGAZİ CADDE No: 3 KAĞITHANE İSTANBUL;02122212216;34;İSTANBUL;;;;41.063678;28.967669;08:30-12:30/13:30-17:00;KAPALI;KAPALI;1;2026-09-21 08:30:12
5438;PTT_SUBE;5973;ORHANGAZİ  ŞUBESİ;CEVİZLİ MAHALLESİ ZUHAL CADDE No: 71 MALTEPE İSTANBUL;02164171018;34;İSTANBUL;;;;40.922359;29.157201;08:30-12:30/13:30-17:00;KAPALI;KAPALI;1;2026-09-21 08:30:12
5437;PTT_SUBE;1940;ORHANLI  ŞUBESİ;ORHANLI MAHALLESİ ÇEŞME CADDE No: 4 TUZLA İSTANBUL;02163944786;34;İSTANBUL;;;;40.895346;29.35657;08:30-12:30/13:30-17:00;KAPALI;KAPALI;1;2026-09-21 08:30:12
5436;PTT_SUBE;1955;ORTA MAHALLE  ŞUBESİ;ORTA MAHALLESİ GAZİ CADDE No: 20 TUZLA İSTANBUL;02163042717;34;İSTANBUL;;;;40.90238;29.37789;08:30-12:30/13:30-17:00;KAPALI;KAPALI;1;2026-09-21 08:30:12
5435;PTT_SUBE;7892;ORTAKÖY  ŞUBESİ; İSKELE SOKAK No: 11 BEŞİKTAŞ İSTANBUL;02122369870;34;İSTANBUL;;;;41.047733;29.026319;08:30-12:30/13:30-17:00;KAPALI;KAPALI;1;2026-09-21 08:30:12
5434;PTT_SUBE;2294;OSMANGAZİ  ŞUBESİ;OSMANGAZİ MAHALLESİ AYDOĞDU SOKAK No: 11 SANCAKTEPE İSTANBUL;02163119183;34;İSTANBUL;;;;40.990293;29.247107;08:30-12:30/13:30-17:00;KAPALI;KAPALI;1;2026-09-21 08:30:12
5429;PTT_SUBE;5997;PAŞABAHÇE  ŞUBESİ;PAŞABAHÇE MAHALLESİ İSKELE CADDE No: 6 BEYKOZ İSTANBUL;02163311950;34;İSTANBUL;;;;41.116155;29.095428;08:30-12:30/13:30-17:00;KAPALI;KAPALI;1;2026-09-21 08:30:12
5428;PTT_SUBE;6012;PENDİK MÜDÜRLÜĞÜ;BATI MAHALLESİ AKASYA SOKAK No: 19 A PENDİK İSTANBUL;02164913980;34;İSTANBUL;;;;40.87923;29.229678;08:30-12:30/13:30-17:00;KAPALI;KAPALI;1;2026-09-21 08:30:12
5427;PTT_SUBE;5068;PENDİK POSTA DAĞITIM  MÜDÜRLÜĞÜ;KORDONBOYU MAHALLESİ ANKARA CADDE No: 163 KARTAL İSTANBUL;02165112300;34;İSTANBUL;;;;40.881899539;29.21375305;08:30-17:30;08:30-17:30;KAPALI;1;2026-09-21 08:30:12
5426;PTT_SUBE;1964;PENDİK-FATİH MAHALLESİ  ŞUBESİ;FATİH MAHALLESİ İMAMI AZAM CADDE No: 57 A PENDİK İSTANBUL;02164931953;34;İSTANBUL;;;;40.865265;29.301357;08:30-12:30/13:30-17:00;KAPALI;KAPALI;1;2026-09-21 08:30:12
5425;PTT_SUBE;5809;PERPA  ŞUBESİ;HALİL RIFAT PAŞA MAHALLESİ YÜZER HAVUZ SOKAK No: 1 ŞİŞLİ İSTANBUL;02123205987;34;İSTANBUL;;;;41.06050532;28.969917644;08:30-12:30/13:30-17:00;KAPALI;KAPALI;1;2026-09-21 08:30:12
5424;PTT_SUBE;7767;PINAR MAHALLESİ  ŞUBESİ;PINAR MAHALLESİ ÇAMLIBEL CADDE No: 88 B SARIYER İSTANBUL;02122850803;34;İSTANBUL;;;;41.11294785;29.030642675;08:30-12:30/13:30-17:00;KAPALI;KAPALI;1;2026-09-21 08:30:12
5423;PTT_SUBE;4665;PINARLI  ŞUBESİ;TURGUT ÖZAL MAHALLESİ 67. SOKAK No: 10 A ESENYURT İSTANBUL;02125969499;34;İSTANBUL;;;;41.00097897;28.697634;08:30-12:30/13:30-17:00;KAPALI;KAPALI;1;2026-09-21 08:30:12
5422;PTT_SUBE;7577;RAMİ  ŞUBESİ;RAMİ CUMA MAHALLESİ BAĞLAR CADDE No: 8 EYÜPSULTAN İSTANBUL;02125456912;34;İSTANBUL;;;;41.049412368;28.920733101;08:30-12:30/13:30-17:00;KAPALI;KAPALI;1;2026-09-21 08:30:12
5421;PTT_SUBE;4312;REŞİTPAŞA  ŞUBESİ;REŞİTPAŞA MAHALLESİ TUNCAY ARTUN CADDE No: 25 A SARIYER İSTANBUL;02123233445;34;İSTANBUL;;;;41.104361;29.046385;08:30-12:30/13:30-17:00;KAPALI;KAPALI;1;2026-09-21 08:30:12
5419;PTT_SUBE;7552;RUMELİKAVAĞI  ŞUBESİ;RUMELİKAVAĞI MAHALLESİ KALYON ÇIKMAZI SOKAK No: 6 SARIYER İSTANBUL;02125121607;34;İSTANBUL;;;;41.181494;29.073471;08:30-12:30/13:30-17:30;KAPALI;KAPALI;1;2026-09-21 08:30:12
5418;PTT_SUBE;2906;RÜZGARLIBAHÇE  ŞUBESİ;RÜZGARLIBAHÇE MAHALLESİ FERİT İNAL CADDE No: 8 BEYKOZ İSTANBUL;02166802675;34;İSTANBUL;;;;41.095493371;29.098318681;08:30-12:30/13:30-17:00;KAPALI;KAPALI;1;2026-09-21 08:30:12
5420;PTT_SUBE;5995;RİVA MAHALLESİ  ŞUBESİ;RİVA MAHALLESİ ŞEHİT MEHMET ALİ ŞENER CADDE No: 18 BEYKOZ İSTANBUL;02163191860;34;İSTANBUL;;;;41.223538508;29.217760257;08:30-12:30/13:30-17:00;KAPALI;KAPALI;1;2026-09-21 08:30:12
5417;PTT_SUBE;6660;SABİHA GÖKÇEN HAVALİMANI DIŞ HATLAR TERMİNALİ ŞUB ŞUBESİ;SANAYİ MAHALLESİ HAVAALANI İÇ YOLU CADDE No: 1  /2- PENDİK İSTANBUL;02165885146;34;İSTANBUL;;;;40.90217;29.31271;08:30-12:30/13:30-17:00;KAPALI;KAPALI;1;2026-09-21 08:30:12
5415;PTT_SUBE;1980;SAHRAYICEDİT MÜDÜRLÜĞÜ;ERENKÖY MAHALLESİ ETHEMEFENDİ CADDE No: 65 KADIKÖY İSTANBUL;02163028486;34;İSTANBUL;;;;40.973239;29.074447;08:30-17:00;KAPALI;KAPALI;1;2026-09-21 08:30:12
5416;PTT_SUBE;4634;SAHİL  ŞUBESİ;FATİH MAHALLESİ TURGUT ÖZAL BULVAR No: 21 A BÜYÜKÇEKMECE İSTANBUL;02128813263;34;İSTANBUL;;;;41.01752165;28.597209707;08:30-12:30/13:30-17:00;KAPALI;KAPALI;1;2026-09-21 08:30:12
5414;PTT_SUBE;6003;SAMANDIRA  MÜDÜRLÜĞÜ;EYÜP SULTAN MAHALLESİ MERKEZ CADDE No: 22 SANCAKTEPE İSTANBUL;02163114133;34;İSTANBUL;;;;40.985125762;29.226100728;08:30-12:30/13:30-17:00;KAPALI;KAPALI;1;2026-09-21 08:30:12
5413;PTT_SUBE;4345;SANAYİ MAHALLESİ  ŞUBESİ;SULTAN SELİM MAHALLESİ ŞENKARDEŞLER SOKAK No: 20 KAĞITHANE İSTANBUL;02122796101;34;İSTANBUL;;;;41.089378;28.999448;08:30-12:30/13:30-17:00;KAPALI;KAPALI;1;2026-09-21 08:30:12
5412;PTT_SUBE;7385;SANCAKTEPE KARGO DAĞITIM  MÜDÜRLÜĞÜ;OSMANGAZİ MAHALLESİ HİLAL CADDE No: 17 /1A SANCAKTEPE İSTANBUL;02166296301;34;İSTANBUL;;;;40.986613;29.235333;08:30-12:30/13:30-17:00;08:30-12:30/13:30-17:00;KAPALI;1;2026-09-21 08:30:12
5411;PTT_SUBE;3075;SANCAKTEPE MÜDÜRLÜĞÜ;KEMAL TÜRKLER MAHALLESİ PROF. NURETTİN TANRIVERDİ SOKAK No: 2 -4A SANCAKTEPE İSTANBUL;02166226527;34;İSTANBUL;;;;41.007879;29.217179;08:30-12:30;KAPALI;KAPALI;1;2026-09-21 08:30:12
5410;PTT_SUBE;4126;SANCAKTEPE POSTA  DAĞITIM  MÜDÜRLÜĞÜ;OSMANGAZİ MAHALLESİ HİLAL CADDE No: 17 /1A SANCAKTEPE İSTANBUL;02166226375;34;İSTANBUL;;;;40.9865;29.23512;08:30-17:30;08:30-17:30;KAPALI;1;2026-09-21 08:30:12
5409;PTT_SUBE;6026;SAPANBAĞLARI  ŞUBESİ;YENİ MAHALLESİ YENİ MİTHATPAŞA CADDE No: 42 B PENDİK İSTANBUL;02163545022;34;İSTANBUL;;;;40.884224;29.224932;08:30-12:30/13:30-17:00;KAPALI;KAPALI;1;2026-09-21 08:30:12
5408;PTT_SUBE;3891;SARIYER MÜDÜRLÜĞÜ;SARIYER MERKEZ MAHALLESİ SARI HÜSEYİN SOKAK No: 16 SARIYER İSTANBUL;02122713891;34;İSTANBUL;;;;41.169776;29.055867;08:30-12:30;KAPALI;KAPALI;1;2026-09-21 08:30:12
5407;PTT_SUBE;5619;SARIYER POSTA DAĞITIM  MÜDÜRLÜĞÜ;CUMHURİYET MAHALLESİ ARABAYOLU CADDE No: 30 SARIYER İSTANBUL;02122239710;34;İSTANBUL;;;;41.145098192;29.03281248;08:30-17:30;08:30-17:30;KAPALI;1;2026-09-21 08:30:12
5406;PTT_SUBE;4155;SEFAKÖY  MÜDÜRLÜĞÜ;FEVZİ ÇAKMAK MAHALLESİ AHMET KOCABIYIK SOKAK No: 6 KÜÇÜKÇEKMECE İSTANBUL;02125790574;34;İSTANBUL;;;;41.005829;28.796178;08:30-12:30/13:30-17:00;KAPALI;KAPALI;1;2026-09-21 08:30:12
5404;PTT_SUBE;3741;SEYRANTEPE  MÜDÜRLÜĞÜ;SEYRANTEPE MAHALLESİ İBRAHİM KARAOĞLANOĞLU CADDE No: 18 A KAĞITHANE İSTANBUL;02122816222;34;İSTANBUL;;;;41.099507;28.992376;08:30-12:30/13:30-17:00;KAPALI;KAPALI;1;2026-09-21 08:30:12
5405;PTT_SUBE;4337;SEYİT NİZAM  ŞUBESİ;SEYİTNİZAM MAHALLESİ G/13. SOKAK No: 1 ZEYTİNBURNU İSTANBUL;02125461513;34;İSTANBUL;;;;41.00515172;28.907253441;08:30-12:30/13:30-17:00;KAPALI;KAPALI;1;2026-09-21 08:30:12
5395;PTT_SUBE;2430;SOYAK SİTESİ  ŞUBESİ;ÜNALAN MAHALLESİ SOYAK CAMİİ SOKAK No: 5 ÜSKÜDAR İSTANBUL;02164724155;34;İSTANBUL;;;;41.000915;29.070043;08:30-12:30/13:30-17:00;KAPALI;KAPALI;1;2026-09-21 08:30:12
5398;PTT_SUBE;5824;SOĞANLI  ŞUBESİ;SOĞANLI MAHALLESİ MUSTAFA KEMALPAŞA CADDE No: 123 BAHÇELİEVLER İSTANBUL;02126448653;34;İSTANBUL;;;;41.012623191;28.856551457;08:30-12:30/13:30-17:00;KAPALI;KAPALI;1;2026-09-21 08:30:12
5397;PTT_SUBE;2040;SOĞANLIK  MÜDÜRLÜĞÜ;GÜMÜŞPINAR MAHALLESİ MİLLET CADDE No: 9 A KARTAL İSTANBUL;02165048571;34;İSTANBUL;;;;40.917216315;29.20567534;08:30-17:00;KAPALI;KAPALI;1;2026-09-21 08:30:12
5396;PTT_SUBE;5994;SOĞUKSU  ŞUBESİ;SOĞUKSU MAHALLESİ MEHMET AKİF ERSOY CADDE No: 70 BEYKOZ İSTANBUL;02163310699;34;İSTANBUL;;;;41.113736;29.106573;08:30-12:30/13:30-17:00;KAPALI;KAPALI;1;2026-09-21 08:30:12
5393;PTT_SUBE;6010;SULTANAHMET AYASOFYA;CANKURTARAN MAHALLESİ KABASAKAL CADDE No: 3 FATİH İSTANBUL;02125174966;34;İSTANBUL;;;;41.006708;28.979055;08:30-12:30/13:30-17:00;KAPALI;KAPALI;1;2026-09-21 08:30:12
5392;PTT_SUBE;6134;SULTANBEYLİ  MÜDÜRLÜĞÜ;MEHMET AKİF MAHALLESİ GÜN CADDE No: 2 SULTANBEYLİ İSTANBUL;02163984210;34;İSTANBUL;;;;40.966056;29.269796;08:30-12:30/13:30-17:00;KAPALI;KAPALI;1;2026-09-21 08:30:12
5391;PTT_SUBE;4188;SULTANBEYLİ POSTA DAĞITIM  MÜDÜRLÜĞÜ;MEHMET AKİF MAHALLESİ ZİYA ÜLHAK CADDE No: 33 SULTANBEYLİ İSTANBUL;02163981614;34;İSTANBUL;;;;40.962922;29.270395;08:30-17:30;08:30-17:30;00:00-00:00;1;2026-09-21 08:30:12
5389;PTT_SUBE;5943;SULTANGAZİ  MÜDÜRLÜĞÜ;CEBECİ MAHALLESİ 1. CEBECİ CADDE No: 59 A SULTANGAZİ İSTANBUL;02124768837;34;İSTANBUL;;;;41.109288;28.866884;08:30-17:00;KAPALI;KAPALI;1;2026-09-21 08:30:12
5388;PTT_SUBE;5342;SULTANGAZİ POSTA DAĞITIM  MÜDÜRLÜĞÜ;CEBECİ MAHALLESİ 1. CEBECİ CADDE No: 59 SULTANGAZİ İSTANBUL;02124761673;34;İSTANBUL;;;;41.109151;28.866842;08:30-17:30;08:30-17:30;KAPALI;1;2026-09-21 08:30:12
5387;PTT_SUBE;4171;SULTANMURAT  ŞUBESİ;SULTAN MURAT MAHALLESİ EMSAL SOKAK No: 14 -18 KÜÇÜKÇEKMECE İSTANBUL;02125987525;34;İSTANBUL;;;;40.999561244;28.785615153;08:30-12:30/13:30-17:00;KAPALI;KAPALI;1;2026-09-21 08:30:12
5386;PTT_SUBE;8030;SULTANYERİ KURUMSAL ACENTELİĞİ;50. YIL MAHALLESİ 2095. SOKAK No: 35 SULTANGAZİ İSTANBUL;0;34;İSTANBUL;;;;41.09242;28.867606;08:30-18:00/-;09:30-16:00/-;KAPALI;1;2026-09-21 08:30:12
5390;PTT_SUBE;5948;SULTANÇİFTLİĞİ  ŞUBESİ;SULTANÇİFTLİĞİ MAHALLESİ 170. SOKAK No: 34 SULTANGAZİ İSTANBUL;02126673890;34;İSTANBUL;;;;41.101156;28.858783;08:30-12:30/13:30-17:00;KAPALI;KAPALI;1;2026-09-21 08:30:12
5394;PTT_SUBE;8380;SÖĞÜTLÜÇEŞME  ŞUBESİ;SÖĞÜTLÜ ÇEŞME MAHALLESİ CAMİALTI SOKAK No: 5 KÜÇÜKÇEKMECE İSTANBUL;02124713616;34;İSTANBUL;;;;41.017545;28.78530084;08:30-12:30/13:30-17:00;KAPALI;KAPALI;1;2026-09-21 08:30:12
5385;PTT_SUBE;4666;SÜLEYMANİYE MAHALLESİ  ŞUBESİ;SÜLEYMANİYE MAHALLESİ 744. SOKAK No: 23 ESENYURT İSTANBUL;02128037226;34;İSTANBUL;;;;41.044619;28.683399;08:30-12:30/13:30-17:00;KAPALI;KAPALI;1;2026-09-21 08:30:12
5384;PTT_SUBE;6261;SÜMER SEMT KONAĞI  ŞUBESİ;SÜMER MAHALLESİ ŞEHİT PİYADE ER YAŞAR YEŞİLKIR SOKAK No: 8 ZEYTİNBURNU İSTANBUL;02126642541;34;İSTANBUL;;;;40.986398722;28.896226982;08:30-12:30/13:00-16:30;KAPALI;KAPALI;1;2026-09-21 08:30:12
5403;PTT_SUBE;3040;SİLİVRİ  MÜDÜRLÜĞÜ;PİRİ MEHMET PAŞA MAHALLESİ ALBAY YUNUS DİRİK CADDE No: 50 /2 SİLİVRİ İSTANBUL;02127272020;34;İSTANBUL;;;;41.075924437;28.248391955;08:30-17:00;KAPALI;KAPALI;1;2026-09-21 08:30:12
5402;PTT_SUBE;6171;SİLİVRİ CEZAEVİ ŞUBESİ;SEMİZKUMLAR MAHALLESİ ÇANTA CADDE No: 166 H2 SİLİVRİ İSTANBUL;02127260101;34;İSTANBUL;;;;41.0939;28.15493;08:00-12:00/13:00-16:30;KAPALI;KAPALI;1;2026-09-21 08:30:12
5401;PTT_SUBE;6022;SİLİVRİ POSTA DAĞITIM  MÜDÜRLÜĞÜ;PİRİ MEHMET PAŞA MAHALLESİ ALBAY YUNUS DİRİK CADDE No: 50 /2 SİLİVRİ İSTANBUL;02127900165;34;İSTANBUL;;;;41.075918417;28.248386591;08:30-17:30;08:30-17:30;KAPALI;1;2026-09-21 08:30:12
5400;PTT_SUBE;6007;SİRKECİ  MÜDÜRLÜĞÜ;RÜSTEMPAŞA MAHALLESİ KALÇIN SOKAK No: 7 FATİH İSTANBUL;02125111113;34;İSTANBUL;;;;41.016974;28.970237;08:30-12:30/12:30-17:00;KAPALI;KAPALI;1;2026-09-21 08:30:12
5399;PTT_SUBE;5825;SİYAVUŞPAŞA  ŞUBESİ;SİYAVUŞPAŞA MAHALLESİ MUSTAFA KEMALPAŞA CADDE No: 17 BAHÇELİEVLER İSTANBUL;02125545637;34;İSTANBUL;;;;41.00336;28.852074;08:30-12:30/13:30-17:00;KAPALI;KAPALI;1;2026-09-21 08:30:12
5372;PTT_SUBE;8578;T.SOSYAL KONUTLARI ŞUBESİ;TOZKOPARAN MAHALLESİ CEVAT AÇIKALIN CADDE No: 6 /1 GÜNGÖREN İSTANBUL;0;34;İSTANBUL;;;;41.01663204;28.89719388;08:30-12:30/13:30-17:00;KAPALI;KAPALI;1;2026-09-21 08:30:12
5371;PTT_SUBE;5856;TABYA  ŞUBESİ;FEVZİ ÇAKMAK MAHALLESİ OSMAN GAZİ CADDE No: 85 A BAĞCILAR İSTANBUL;02124351019;34;İSTANBUL;;;;41.041209;28.859072;08:30-12:30/13:30-17:00;KAPALI;KAPALI;1;2026-09-21 08:30:12
5370;PTT_SUBE;5750;TAKSİM  MÜDÜRLÜĞÜ;KATİPMUSTAFA ÇELEBİ MAHALLESİ SIRASELVİLER CADDE No: 28 A BEYOĞLU İSTANBUL;02122923650;34;İSTANBUL;;;;41.033879;28.984337;08:30-12:30/13:30-17:00;KAPALI;KAPALI;1;2026-09-21 08:30:12
5369;PTT_SUBE;4414;TARABYA  ŞUBESİ;TARABYA MAHALLESİ TARABYA BAYIRI CADDE No: 5 SARIYER İSTANBUL;02122620085;34;İSTANBUL;;;;41.137758;29.053577;08:30-12:30/13:30-17:00;KAPALI;KAPALI;1;2026-09-21 08:30:12
5367;PTT_SUBE;5799;TAVUKÇUYOLU  ŞUBESİ;MEHMET AKİF MAHALLESİ ASYA SOKAK No: 39 ÜMRANİYE İSTANBUL;02165403689;34;İSTANBUL;;;;41.009071;29.137575;08:30-12:30/13:30-17:00;KAPALI;KAPALI;1;2026-09-21 08:30:12
5368;PTT_SUBE;5145;TAŞOLUK  ŞUBESİ;TAŞOLUK MAHALLESİ KAYRA SOKAK No: 4 ARNAVUTKÖY İSTANBUL;02126822078;34;İSTANBUL;;;;41.195305;28.716712;08:30-12:30/13:30-17:00;KAPALI;KAPALI;1;2026-09-21 08:30:12
5366;PTT_SUBE;5756;TEKNİK ÜNİVERSİTE  ŞUBESİ;GÜMÜŞSUYU MAHALLESİ İNÖNÜ CADDE No: 65 BEYOĞLU İSTANBUL;02122521125;34;İSTANBUL;;;;41.037242;28.991657;08:30-12:30/13:30-17:00;KAPALI;KAPALI;1;2026-09-21 08:30:12
5365;PTT_SUBE;7666;TEKSTİLKENT ;ORUÇREİS MAHALLESİ TEKSTİLKENT CADDE No: 10 T ESENLER İSTANBUL;02124382600;34;İSTANBUL;;;;41.067261;28.864385;KAPALI;KAPALI;KAPALI;1;2026-09-21 08:30:12
5364;PTT_SUBE;4608;TEPECİK  ŞUBESİ;HÜRRİYET MAHALLESİ ATATÜRK 2 CADDE No: 59 BÜYÜKÇEKMECE İSTANBUL;02128612077;34;İSTANBUL;;;;41.030857;28.548466;08:30-12:30/13:30-17:00;KAPALI;KAPALI;1;2026-09-21 08:30:12
5363;PTT_SUBE;5553;TEPEÜSTÜ  ŞUBESİ;YENİ MAHALLE MAHALLESİ 1.ER SOKAK No: 40 KÜÇÜKÇEKMECE İSTANBUL;02125790561;34;İSTANBUL;;;;40.998119844;28.778607186;08:30-12:30/13:30-17:30;KAPALI;KAPALI;1;2026-09-21 08:30:12
5362;PTT_SUBE;5993;TOKATKÖY  ŞUBESİ;TOKATKÖY MAHALLESİ SULTAN AZİZ CADDE No: 155 BEYKOZ İSTANBUL;02163239061;34;İSTANBUL;;;;41.155314;29.094141;08:30-12:30/13:30-17:00;KAPALI;KAPALI;1;2026-09-21 08:30:12
5361;PTT_SUBE;8305;TOPKAPI  ŞUBE ŞEFLİĞİ;MALTEPE MAHALLESİ FETİH CADDE No: 1 ZEYTİNBURNU İSTANBUL;02126374890;34;İSTANBUL;;;;41.020613431;28.915718869;08:30-12:30/13:30-17:00;KAPALI;KAPALI;1;2026-09-21 08:30:12
5360;PTT_SUBE;6083;TOPKAPI KARGO DAĞITIM MÜDÜRLÜĞÜ;MALTEPE MAHALLESİ FETİH CADDE No: 1 ZEYTİNBURNU İSTANBUL;02125654003;34;İSTANBUL;;;;41.020766;28.915659;08:30-12:30/13:30-17:30;08:30-12:30/13:30-17:30;KAPALI;1;2026-09-21 08:30:12
5359;PTT_SUBE;4074;TURGUTREİS  ŞUBESİ;TURGUT REİS MAHALLESİ CENGİZ TOPEL CADDE No: 8 A ESENLER İSTANBUL;02126282802;34;İSTANBUL;;;;41.055172;28.86344;08:30-12:30/13:30-17:00;KAPALI;KAPALI;1;2026-09-21 08:30:12
5358;PTT_SUBE;1921;TUZLA  MÜDÜRLÜĞÜ;POSTANE MAHALLESİ MUHACİR SOKAK No: 9 TUZLA İSTANBUL;02163951942;34;İSTANBUL;;;;40.818336;29.304533;08:30-12:30/13:30-17:30;KAPALI;KAPALI;1;2026-09-21 08:30:12
5357;PTT_SUBE;5630;TUZLA POSTA DAĞITIM  MÜDÜRLÜĞÜ;EVLİYA ÇELEBİ MAHALLESİ HIZIR REİS CADDE No: 57 A TUZLA İSTANBUL;02167012830;34;İSTANBUL;;;;40.840173;29.300561;08:30-17:30;08:30-17:30;KAPALI;1;2026-09-21 08:30:12
5354;PTT_SUBE;5837;ULUSLARARASI POSTA KARGO İŞLEME MÜDÜRLÜĞÜ;TAYAKADIN MAHALLESİ NURİ DEMİRAĞ CADDE No: 60 - ARNAVUTKÖY İSTANBUL;02124655519;34;İSTANBUL;;;;41.27226804;28.71587988;00:01-23:59;00:01-23:59;00:01-23:59;1;2026-09-21 08:30:12
5353;PTT_SUBE;6927;UPİM KARGO TERMİNAL  ŞUBESİ;TAYAKADIN MAHALLESİ TERMİNAL CADDE No: 1 ARNAVUTKÖY İSTANBUL;02126636346;34;İSTANBUL;;;;41.259472;28.741768;08:30-12:30/13:30-17:00;KAPALI;KAPALI;1;2026-09-21 08:30:12
5352;PTT_SUBE;5818;USLU CADDESİ  ŞUBESİ;KAYIŞDAĞI MAHALLESİ CANAN SOKAK No: 2 ATAŞEHİR İSTANBUL;02164715088;34;İSTANBUL;;;;40.980546;29.154644;08:30-12:30/13:30-17:00;KAPALI;KAPALI;1;2026-09-21 08:30:12
5356;PTT_SUBE;2022;UĞUR MUMCU  ŞUBESİ;UĞUR MUMCU MAHALLESİ ŞEYH ŞAMİL CADDE No: 17 KARTAL İSTANBUL;02164752604;34;İSTANBUL;;;;40.930815;29.214523;08:30-12:30/13:30-17:00;KAPALI;KAPALI;1;2026-09-21 08:30:12
5355;PTT_SUBE;5790;UĞUR MUMCU ŞUBESİ;UĞUR MUMCU MAHALLESİ 2291. SOKAK No: 31 SULTANGAZİ İSTANBUL;02126673892;34;İSTANBUL;;;;41.100724;28.866671;08:30-12:30/13:30-17:00;KAPALI;KAPALI;1;2026-09-21 08:30:12
5346;PTT_SUBE;5783;VELİBABA  ŞUBESİ;VELİBABA MAHALLESİ ZİYAÜLHAK SOKAK No: 11 - PENDİK İSTANBUL;02165965158;34;İSTANBUL;;;;40.908252449;29.257185815;08:30-12:30/13:30-17:00;KAPALI;KAPALI;1;2026-09-21 08:30:12
5345;PTT_SUBE;6742;YAKACIK  ŞUBESİ;YAKACIK YENİ MAHALLESİ GÖKDEMİR SOKAK No: 1 KARTAL İSTANBUL;02165048571;34;İSTANBUL;;;;40.919104;29.225184;08:30-12:30/13:30-17:00;KAPALI;KAPALI;1;2026-09-21 08:30:12
5344;PTT_SUBE;5606;YAKUPLU  ŞUBESİ;YAKUPLU MAHALLESİ KİRAZ SOKAK No: 8 BEYLİKDÜZÜ İSTANBUL;02128754570;34;İSTANBUL;;;;40.988393;28.668894;08:30-12:30/13:30-17:00;KAPALI;KAPALI;1;2026-09-21 08:30:12
5343;PTT_SUBE;5909;YALIKÖY  ŞUBESİ;YALIKÖY MAHALLESİ YALIKÖY CADDE No: 22 A ÇATALCA İSTANBUL;02127618491;34;İSTANBUL;;;;41.475561;28.296808;08:30-12:30/13:30-17:00;KAPALI;KAPALI;1;2026-09-21 08:30:12
5342;PTT_SUBE;4111;YAVUZ SELİM  ŞUBESİ;YAVUZ SELİM MAHALLESİ İSTANBUL CADDE No: 125 B ESENLER İSTANBUL;02126471666;34;İSTANBUL;;;;41.034044;28.894442;08:30-12:30/13:30-17:00;KAPALI;KAPALI;1;2026-09-21 08:30:12
5341;PTT_SUBE;7643;YAYALAR  ŞUBESİ;YAYALAR MAHALLESİ YAYALAR CADDE No: 83 A PENDİK İSTANBUL;02165830727;34;İSTANBUL;;;;40.903477;29.269307;08:30-12:30/13:30-17:00;KAPALI;KAPALI;1;2026-09-21 08:30:12
5340;PTT_SUBE;5950;YAYLA MAHALLESİ ŞUBESİ;YAYLA MAHALLESİ YAYLA BULVAR No: 79 SULTANGAZİ İSTANBUL;02125952022;34;İSTANBUL;;;;41.14843289;28.85329678;08:30-12:30/13:30-17:00;KAPALI;KAPALI;1;2026-09-21 08:30:12
5338;PTT_SUBE;6732;YEDPA KARGO  ŞUBESİ;MİMAR SİNAN MAHALLESİ ÜSKÜDAR CADDE No: 1 E ATAŞEHİR İSTANBUL;02163254210;34;İSTANBUL;;;;40.984205172;29.166139066;08:30-12:30/13:30-17:00;KAPALI;KAPALI;1;2026-09-21 08:30:12
5339;PTT_SUBE;6894;YEDİKULE  ŞUBESİ;YEDİKULE MAHALLESİ HACI EVHADDİN CADDE No: 69 FATİH İSTANBUL;02126329337;34;İSTANBUL;;;;40.998893;28.924012;08:30-12:30/13:30-17:00;KAPALI;KAPALI;1;2026-09-21 08:30:12
5337;PTT_SUBE;7340;YENİBOSNA ADLİYE  ŞUBESİ;FEVZİ ÇAKMAK MAHALLESİ AHMET TANER KIŞLALI CADDE No: 6 BAHÇELİEVLER İSTANBUL;02124660865;34;İSTANBUL;;;;40.994925;28.833267;08:30-12:30/13:30-17:00;00:00-00:00/00:00-00:00;00:00-00:00/00:00-00:00;1;2026-09-21 08:30:12
5336;PTT_SUBE;7192;YENİDOĞAN  ŞUBESİ;YENİDOĞAN MAHALLESİ ŞEVVAL SOKAK No: 4 -6 SANCAKTEPE İSTANBUL;02164299023;34;İSTANBUL;;;;41.01268;29.244308;08:30-12:30/13:30-17:00;KAPALI;KAPALI;1;2026-09-21 08:30:12
5335;PTT_SUBE;4655;YENİKENT  ŞUBESİ;YENİKENT MAHALLESİ 688. SOKAK No: 59 ESENYURT İSTANBUL;02125961575;34;İSTANBUL;;;;41.039223;28.685754;08:30-12:30/13:30-17:00;KAPALI;KAPALI;1;2026-09-21 08:30:12
5334;PTT_SUBE;5560;YENİMAHALLE  ŞUBESİ;YENİ MAHALLE MAHALLESİ İNÖNÜ CADDE No: 12 KÜÇÜKÇEKMECE İSTANBUL;02125419735;34;İSTANBUL;;;;40.992804;28.77209604;08:30-12:30/13:30-17:30;KAPALI;KAPALI;1;2026-09-21 08:30:12
5333;PTT_SUBE;1878;YENİŞEHİR  ŞUBESİ;YENİŞEHİR MAHALLESİ BARAJ YOLU CADDE No: 2 /2 ATAŞEHİR İSTANBUL;02164552212;34;İSTANBUL;;;;40.994057;29.144907;08:30-12:30/13:30-17:00;KAPALI;KAPALI;1;2026-09-21 08:30:12
5332;PTT_SUBE;8262;YEŞİLKENT-2 KURUMSAL ACENTELİĞİ;YEŞİLKENT MAHALLESİ G-627 SOKAK No: 5 AVCILAR İSTANBUL;02127587030;34;İSTANBUL;;;;41.036619;28.703656;08:30-12:30/12:30-18:30;KAPALI;KAPALI;1;2026-09-21 08:30:12
5331;PTT_SUBE;5205;YEŞİLKÖY MÜDÜRLÜĞÜ;YEŞİLKÖY MAHALLESİ ZÜMRÜT SOKAK No: 5 BAKIRKÖY İSTANBUL;02126631780;34;İSTANBUL;;;;40.96026;28.825062;08:30-17:00;KAPALI;KAPALI;1;2026-09-21 08:30:12
5330;PTT_SUBE;3308;YEŞİLPINAR  ŞUBESİ;YEŞİLPINAR MAHALLESİ GİRNE CADDE No: 30 EYÜPSULTAN İSTANBUL;02126173827;34;İSTANBUL;;;;41.080022;28.919104;08:30-12:30/13:30-17:00;KAPALI;KAPALI;1;2026-09-21 08:30:12
5329;PTT_SUBE;6262;YEŞİLTEPE  ŞUBESİ;SÜMER MAHALLESİ 56. SOKAK No: 67 ZEYTİNBURNU İSTANBUL;02126794540;34;İSTANBUL;;;;40.99120504;28.897898309;08:30-12:30/13:00-16:30;KAPALI;KAPALI;1;2026-09-21 08:30:12
5328;PTT_SUBE;2946;YILDIRIM MÜDÜRLÜĞÜ;HÜRRİYET MAHALLESİ 258. SOKAK No: 15 A GAZİOSMANPAŞA İSTANBUL;02124972828;34;İSTANBUL;;;;41.066552;28.899061;08:30-17:00/13:30-17:00;KAPALI;KAPALI;1;2026-09-21 08:30:12
5327;PTT_SUBE;5858;YILDIZTEPE  ŞUBESİ;YILDIZTEPE MAHALLESİ ŞEHİT TEĞMEN HASAN HÜSEYİN AKSOY CADDE No: 23 B BAĞCILAR İSTANBUL;02124333265;34;İSTANBUL;;;;41.024208;28.85507;08:30-12:30/13:30-17:00;KAPALI;KAPALI;1;2026-09-21 08:30:12
5326;PTT_SUBE;3083;YUNUS EMRE  ŞUBESİ;YUNUS EMRE MAHALLESİ VEYSEL KARANİ CADDE No: 86 B SANCAKTEPE İSTANBUL;02164842097;34;İSTANBUL;;;;41.019439871;29.252025761;08:30-12:30/13:30-17:00;KAPALI;KAPALI;1;2026-09-21 08:30:12
5325;PTT_SUBE;6434;ZEKERİYAKÖY  ŞUBESİ;ZEKERİYAKÖY MAHALLESİ 4. CADDE No: 6 SARIYER İSTANBUL;02122026018;34;İSTANBUL;;;;41.208244;29.021184;08:30-12:30/13:30-17:30;KAPALI;KAPALI;1;2026-09-21 08:30:12
5324;PTT_SUBE;6640;ZEYTİNBURNU  MÜDÜRLÜĞÜ;YENİDOĞAN MAHALLESİ ŞEHİT KOMİSER GÜNAYDIN SOKAK No: 136 A ZEYTİNBURNU İSTANBUL;02125474480;34;İSTANBUL;;;;40.98989304;28.90521288;08:30-12:30/13:30-17:00;KAPALI;KAPALI;1;2026-09-21 08:30:12
5323;PTT_SUBE;1939;ZÜMRÜTEVLER MÜDÜRLÜĞÜ;ZÜMRÜTEVLER MAHALLESİ NİL CADDE No: 64 B MALTEPE İSTANBUL;02164278876;34;İSTANBUL;;;;40.941442;29.153621;08:30-17:00;KAPALI;KAPALI;1;2026-09-21 08:30:12
5623;PTT_SUBE;7955;ÇAKMAK KURUMSAL ACENTELİĞİ;ÇAKMAK MAHALLESİ İKBAL CADDE No: 17 A ÜMRANİYE İSTANBUL;05386711015;34;İSTANBUL;;;;41.013318;29.128431;09:00-12:30/13:30-18:00;KAPALI;KAPALI;1;2026-09-21 08:30:12
5622;PTT_SUBE;2446;ÇAMLICA  ŞUBESİ;CUMHURİYET MAHALLESİ CEYLAN SOKAK No: 2 ÜSKÜDAR İSTANBUL;02164819394;34;İSTANBUL;;;;41.01458;29.08561;08:30-12:30/13:30-17:00;KAPALI;KAPALI;1;2026-09-21 08:30:12
5621;PTT_SUBE;8249;ÇAMLIK KURUMSAL ACENTELİĞİ;AHMET YESEVİ MAHALLESİ ÇAMLIK CADDE No: 19 SULTANBEYLİ İSTANBUL;02163984210;34;İSTANBUL;;;;40.96856;29.275926;09:00-12:30/13:30-17:00;10:00-12:30/13:30-16:00;KAPALI;1;2026-09-21 08:30:12
5620;PTT_SUBE;3043;ÇANTA  ŞUBESİ;ÇANTA SANCAKTEPE MAHALLESİ ÜÇÜNCÜ SOKAK No: 3 SİLİVRİ İSTANBUL;02127465490;34;İSTANBUL;;;;41.07906702;28.08428004;08:30-12:30/13:30-17:00;KAPALI;KAPALI;1;2026-09-21 08:30:12
5619;PTT_SUBE;5722;ÇARŞI   ŞUBESİ;ATATÜRK MAHALLESİ UFUK SOKAK No: 5 B ÜMRANİYE İSTANBUL;02165211275;34;İSTANBUL;;;;41.025422;29.088334;08:30-12:30/13:30-17:00;KAPALI;KAPALI;1;2026-09-21 08:30:12
5618;PTT_SUBE;3061;ÇARŞI  ŞUBESİ;PİRİ MEHMET PAŞA MAHALLESİ BAŞKOMUTAN CADDE No: 16 SİLİVRİ İSTANBUL;02127271292;34;İSTANBUL;;;;41.074414;28.244927;08:30-12:30/13:30-17:00;KAPALI;KAPALI;1;2026-09-21 08:30:12
5617;PTT_SUBE;2803;ÇATALCA  MÜDÜRLÜĞÜ;KALEİÇİ MAHALLESİ ŞEHİT ALPER SÜRÜCÜOĞLU SOKAK No: 16 A ÇATALCA İSTANBUL;02127891950;34;İSTANBUL;;;;41.146229;28.458743;08:30-12:30;KAPALI;KAPALI;1;2026-09-21 08:30:12
5625;PTT_SUBE;7615;ÇAĞLAYAN ADLİYE  ŞUBESİ;KUŞTEPE MAHALLESİ İNÖNÜ CADDE No: 1 ŞİŞLİ İSTANBUL;02122400423;34;İSTANBUL;;;;41.068202;28.98877;08:30-12:30/13:30-17:00;KAPALI;KAPALI;1;2026-09-21 08:30:12
5624;PTT_SUBE;6424;ÇAĞLAYAN KARGO DAĞITIM MÜDÜRLÜĞÜ  MÜDÜRLÜĞÜ;MALTEPE MAHALLESİ FETİH CADDE No: 2  /1- ZEYTİNBURNU İSTANBUL;02122207796;34;İSTANBUL;;;;41.02037;28.91294;08:30-17:30;08:30-17:30;KAPALI;1;2026-09-21 08:30:12
5616;PTT_SUBE;8133;ÇEKMEKÖY MÜDÜRLÜĞÜ;GÜNGÖREN MAHALLESİ TURGUT ÖZAL CADDE No: 22 A ÇEKMEKÖY İSTANBUL;02126400060;34;İSTANBUL;;;;41.024641;29.217591;08:30-17:00;KAPALI;KAPALI;1;2026-09-21 08:30:12
5615;PTT_SUBE;8187;ÇEKMEKÖY POSTA DAĞITIM MÜDÜRLÜĞÜ;GÜNGÖREN MAHALLESİ TURGUT ÖZAL CADDE No: 22 A ÇEKMEKÖY İSTANBUL;05074565244;34;İSTANBUL;;;;41.024641;29.217591;08:30-12:30;08:30-12:30;KAPALI;1;2026-09-21 08:30:12
5614;PTT_SUBE;6027;ÇINARDERE  ŞUBESİ;ÇINARDERE MAHALLESİ AYAZMA CADDE No: 10 /1A PENDİK İSTANBUL;02163792433;34;İSTANBUL;;;;40.894583229;29.240335836;08:30-12:30/13:30-17:00;KAPALI;KAPALI;1;2026-09-21 08:30:12
5613;PTT_SUBE;4157;ÇINARYOLU  ŞUBESİ;İNÖNÜ MAHALLESİ MUAMMER AKSOY CADDE No: 72 KÜÇÜKÇEKMECE İSTANBUL;02124715438;34;İSTANBUL;;;;41.016193;28.804199;08:30-12:30/13:30-17:00;KAPALI;KAPALI;1;2026-09-21 08:30:12
5612;PTT_SUBE;5853;ÇİFTLİK  ŞUBESİ;YAVUZ SELİM MAHALLESİ 1094. SOKAK No: 12 A BAĞCILAR İSTANBUL;02125503380;34;İSTANBUL;;;;41.042138;28.849266;08:30-12:30/13:30-17:00;KAPALI;KAPALI;1;2026-09-21 08:30:12
5433;PTT_SUBE;8029;ÖMERLİ KURUMSAL ACENTELİĞİ;ÖMERLİ MAHALLESİ HADIMKÖY-ÖMERLİ CADDE No: 60 B ARNAVUTKÖY İSTANBUL;0;34;İSTANBUL;;;;41.115878;28.637797;08:30-17:00/-;KAPALI;KAPALI;1;2026-09-21 08:30:12
5432;PTT_SUBE;8134;ÖMERLİ ŞUBESİ;ÖMERLİ MAHALLESİ ÖMERLİ CADDE No: 36 ÇEKMEKÖY İSTANBUL;02166410589;34;İSTANBUL;;;;41.07711501;29.32998588;08:30-12:30/13:30-17:00;KAPALI;KAPALI;1;2026-09-21 08:30:12
5431;PTT_SUBE;2433;ÖRNEK MAHALLESİ  ŞUBESİ;ÖRNEK MAHALLESİ ZEMZEME SOKAK No: 29 ATAŞEHİR İSTANBUL;02163245531;34;İSTANBUL;;;;40.99788;29.077784;08:30-12:30/13:30-17:00;KAPALI;KAPALI;1;2026-09-21 08:30:12
5430;PTT_SUBE;4786;ÖRNEKTEPE  ŞUBESİ;MEHMET AKİF ERSOY MAHALLESİ ETİBANK CADDE No: 76 KAĞITHANE İSTANBUL;02122209045;34;İSTANBUL;;;;41.058084;28.955205;08:30-12:30/13:30-17:00;KAPALI;KAPALI;1;2026-09-21 08:30:12
5350;PTT_SUBE;5800;ÜMRANİYE  MÜDÜRLÜĞÜ;İSTİKLAL MAHALLESİ MİTHATPAŞA CADDE No: 1 ÜMRANİYE İSTANBUL;02165053540;34;İSTANBUL;;;;41.024674;29.098699;08:30-12:30/13:30-17:00;KAPALI;KAPALI;1;2026-09-21 08:30:12
5349;PTT_SUBE;6021;ÜMRANİYE POSTA DAĞITIM  MÜDÜRLÜĞÜ;ATAKENT MAHALLESİ BURÇ CADDE No: 11 A ÜMRANİYE İSTANBUL;02165214309;34;İSTANBUL;;;;41.020728;29.109369;08:30-17:30;08:30-17:30;KAPALI;1;2026-09-21 08:30:12
5348;PTT_SUBE;5979;ÜSKÜDAR MÜDÜRLÜĞÜ;AZİZ MAHMUT HÜDAYİ MAHALLESİ HAKİMİYETİ MİLLİYE CADDE No: 86 ÜSKÜDAR İSTANBUL;02163414646;34;İSTANBUL;;;;41.02188598;29.015901662;08:30-12:30;KAPALI;KAPALI;1;2026-09-21 08:30:12
5347;PTT_SUBE;6352;ÜSKÜDAR POSTA DAĞITIM  MÜDÜRLÜĞÜ;ACIBADEM MAHALLESİ ACIBADEM CADDE No: 133 ÜSKÜDAR İSTANBUL;02163254210;34;İSTANBUL;;;;41.00919513;29.049692761;08:30-17:30;08:30-17:30;KAPALI;1;2026-09-21 08:30:12
5351;PTT_SUBE;4098;ÜÇYÜZLÜ  ŞUBESİ;NİNE HATUN MAHALLESİ İNÖNÜ CADDE No: 53 A ESENLER İSTANBUL;02126100910;34;İSTANBUL;;;;41.038904;28.878558;08:30-12:30/13:30-17:00;KAPALI;KAPALI;1;2026-09-21 08:30:12
5534;PTT_SUBE;2767;İDARE MAHKEMESİ  ŞUBESİ;MAHMUTBEY MAHALLESİ 2459. SOKAK No: 6 BAĞCILAR İSTANBUL;02126395767;34;İSTANBUL;;;;41.062992;28.832097;08:30-12:30/13:30-16:30;KAPALI;KAPALI;1;2026-09-21 08:30:12
5533;PTT_SUBE;5915;İHSANİYE ŞUBESİ;İHSANİYE MAHALLESİ GAZİ MUSTAFA KEMALPAŞA CADDE No: 21 ÇATALCA İSTANBUL;02127821800;34;İSTANBUL;;;;41.25446802;28.35907308;08:30-12:30/13:30-17:00;KAPALI;KAPALI;1;2026-09-21 08:30:12
5532;PTT_SUBE;5083;İKİTELLİ MÜDÜRLÜĞÜ;ATATÜRK MAHALLESİ İKİTELLİ CADDE No: 80 -82 KÜÇÜKÇEKMECE İSTANBUL;02125483218;34;İSTANBUL;;;;41.049573912;28.799515644;08:30-17:00;KAPALI;KAPALI;1;2026-09-21 08:30:12
5530;PTT_SUBE;5794;İMES SANAYİ SİTESİ  ŞUBESİ;DUDULLU OSB MAHALLESİ İMES-1.SOSYAL TESİSLER SOKAK No: 28 ÜMRANİYE İSTANBUL;02163646639;34;İSTANBUL;;;;41.00355382;29.164063041;08:30-12:30/13:30-17:00;KAPALI;KAPALI;1;2026-09-21 08:30:12
5531;PTT_SUBE;2852;İMÇ BLOKLARI  ŞUBESİ;HACI KADIN MAHALLESİ ATATÜRK BULVAR No: 66 FATİH İSTANBUL;02125145769;34;İSTANBUL;;;;41.020515;28.960116;08:30-12:30/13:30-17:00;KAPALI;KAPALI;1;2026-09-21 08:30:12
5529;PTT_SUBE;5715;İNKILAP MAHALLESİ  ŞUBESİ;İNKILAP MAHALLESİ YILDIRIM CADDE No: 3 -5A ÜMRANİYE İSTANBUL;02166343365;34;İSTANBUL;;;;41.033441117;29.10407808;08:30-12:30/13:30-17:00;KAPALI;KAPALI;1;2026-09-21 08:30:12
5528;PTT_SUBE;5053;İNÖNÜ  ŞUBESİ;CEVİZLİ MAHALLESİ BAĞDAT CADDE No: 512 MALTEPE İSTANBUL;02163991167;34;İSTANBUL;;;;40.916037;29.146455;08:30-12:30/13:30-17:00;KAPALI;KAPALI;1;2026-09-21 08:30:12
5527;PTT_SUBE;1882;İNÖNÜ MAHALLESİ  ŞUBESİ;İNÖNÜ MAHALLESİ ULUSU CADDE No: 87 ATAŞEHİR İSTANBUL;02165723551;34;İSTANBUL;;;;40.976242;29.137741;08:30-12:30/13:30-17:00;KAPALI;KAPALI;1;2026-09-21 08:30:12
5526;PTT_SUBE;2763;İNÖNÜ MAHALLESİ ŞUBESİ;İNÖNÜ MAHALLESİ MASLAK ÇEŞME CADDE No: 103 KÜÇÜKÇEKMECE İSTANBUL;02125489997;34;İSTANBUL;;;;41.019603;28.797449;08:30-12:30/13:30-17:30;KAPALI;KAPALI;1;2026-09-21 08:30:12
5525;PTT_SUBE;7696;İSKELE  ŞUBESİ;MERKEZ MAHALLESİ EYÜP İSKELE CADDE No: 13 EYÜPSULTAN İSTANBUL;02125450931;34;İSTANBUL;;;;41.047268;28.936056;08:30-12:30/13:30-17:00;KAPALI;KAPALI;1;2026-09-21 08:30:12
5524;PTT_SUBE;2939;İSKENDERPAŞA  ŞUBESİ;AKŞEMSETTİN MAHALLESİ HİSSEDAR SOKAK No: 18 A FATİH İSTANBUL;02125315656;34;İSTANBUL;;;;41.014985;28.945174;08:30-12:30/13:30-17:00;KAPALI;KAPALI;1;2026-09-21 08:30:12
5523;PTT_SUBE;5946;İSMETPAŞA  ŞUBESİ;İSMETPAŞA MAHALLESİ 63. SOKAK No: 3 -1 SULTANGAZİ İSTANBUL;02124760541;34;İSTANBUL;;;;41.109693;28.858255;08:30-12:30/13:30-17:00;KAPALI;KAPALI;1;2026-09-21 08:30:12
5522;PTT_SUBE;5550;İSTANBUL ADALET SARAYI  MÜDÜRLÜĞÜ;MERKEZ MAHALLESİ ABİDE-İ HÜRRİYET CADDE No: 223 ŞİŞLİ İSTANBUL;02122400426;34;İSTANBUL;;;;41.066811;28.985586;08:30-12:30/13:30-17:00;KAPALI;KAPALI;1;2026-09-21 08:30:12
5521;PTT_SUBE;4247;İSTANBUL ANADOLU ADALET SARAYI MÜDÜRLÜĞÜ;CEVİZLİ MAHALLESİ CEVİZLİ D-100 GÜNEY YANYOL CADDE No: 39 KARTAL İSTANBUL;02163031023;34;İSTANBUL;;;;40.91579;29.17905;08:30-17:00;KAPALI;KAPALI;1;2026-09-21 08:30:12
5520;PTT_SUBE;2685;İSTANBUL BÖLGE İSTİNAF MAHKEMELERİ  MÜDÜRLÜĞÜ;ORHANTEPE MAHALLESİ ÜSKÜDAR CADDE No: 236 KARTAL İSTANBUL;02164574007;34;İSTANBUL;;;;40.909863;29.157274;08:30-12:30/13:30-17:30;KAPALI;KAPALI;1;2026-09-21 08:30:12
5519;PTT_SUBE;5514;İSTANBUL TEKNİK ÜNİVERSİTESİ KAMPÜS  ŞUBESİ;REŞİTPAŞA MAHALLESİ ESKİ BÜYÜKDERE CADDE No: 2 SARIYER İSTANBUL;02122762026;34;İSTANBUL;;;;41.10784;29.01466;08:30-12:30/13:30-17:00;KAPALI;KAPALI;1;2026-09-21 08:30:12
5518;PTT_SUBE;6724;İSTASYON MAHALLESİ ŞUBESİ;İSTASYON MAHALLESİ KÖMÜRCÜ YOLU CADDE No: 28 A KÜÇÜKÇEKMECE İSTANBUL;02163254210;34;İSTANBUL;;;;41.033430352;28.769588879;08:30-12:30/13:30-17:00;KAPALI;KAPALI;1;2026-09-21 08:30:12
5515;PTT_SUBE;6668;İSTOÇ  MÜDÜRLÜĞÜ;MAHMUTBEY MAHALLESİ 2416. SOKAK No: 2 BAĞCILAR İSTANBUL;02126598484;34;İSTANBUL;;;;41.064902;28.829844;08:30-17:00;KAPALI;KAPALI;1;2026-09-21 08:30:12
5517;PTT_SUBE;5895;İSTİKLAL  ŞUBESİ;ÜNİVERSİTE MAHALLESİ İSTİKLAL CADDE No: 28 A AVCILAR İSTANBUL;02124230752;34;İSTANBUL;;;;40.998444;28.710126;08:30-12:30/13:30-17:00;KAPALI;KAPALI;1;2026-09-21 08:30:12
5516;PTT_SUBE;4278;İSTİNYE  MÜDÜRLÜĞÜ;İSTİNYE MAHALLESİ KURŞUNLU SOKAK No: 5 SARIYER İSTANBUL;02122622624;34;İSTANBUL;;;;41.113527;29.053277;08:30-17:00/08:30-17:00;KAPALI;KAPALI;1;2026-09-21 08:30:12
5536;PTT_SUBE;1831;İÇERENKÖY  ŞUBE ŞEFLİĞİ;İÇERENKÖY MAHALLESİ ALANALDI CADDE No: 20 ATAŞEHİR İSTANBUL;02165741966;34;İSTANBUL;;;;40.96681;29.11438;08:30-12:30/13:30-17:00;KAPALI;KAPALI;1;2026-09-21 08:30:12
5535;PTT_SUBE;1929;İÇMELER   ŞUBESİ TUZLA;AYDINTEPE MAHALLESİ 100. YIL CADDE No: 16 TUZLA İSTANBUL;02163929322;34;İSTANBUL;;;;40.856024;29.293454;08:30-12:30/13:30-17:00;KAPALI;KAPALI;1;2026-09-21 08:30:12
5383;PTT_SUBE;7078;ŞAHİNTEPE  ŞUBESİ;ŞAHİNTEPE MAHALLESİ KARTAL SOKAK No: 2 BAŞAKŞEHİR İSTANBUL;02126484841;34;İSTANBUL;;;;41.072177;28.726388;08:30-12:30/13:30-17:00;KAPALI;KAPALI;1;2026-09-21 08:30:12
5381;PTT_SUBE;8302;ŞEHREMİNİ KURUMSAL ACENTELİĞİ;ŞEHREMİNİ MAHALLESİ SECCADECİ ÇIKMAZI SOKAK No: 7 FATİH İSTANBUL;02126359038;34;İSTANBUL;;;;41.01407703;28.93183092;08:30-12:30/13:30-18:00;09:00-12:30/12:30-16:00;KAPALI;1;2026-09-21 08:30:12
5382;PTT_SUBE;5787;ŞEHİT MAKSUT AKTAŞ UYDUKENT ŞUBESİ;YENİŞEHİR MAHALLESİ MUSTAFA AKYOL SOKAK No: 12 /1 PENDİK İSTANBUL;02164829282;34;İSTANBUL;;;;40.926687;29.305865;08:30-12:30/13:30-17:00;KAPALI;KAPALI;1;2026-09-21 08:30:12
5380;PTT_SUBE;5852;ŞEMSİPAŞA  ŞUBESİ;ŞEMSİPAŞA MAHALLESİ CENGİZ TOPEL CADDE No: 122 A GAZİOSMANPAŞA İSTANBUL;02126161313;34;İSTANBUL;;;;41.067924;28.903462;08:30-12:30/13:30-17:00;KAPALI;KAPALI;1;2026-09-21 08:30:12
5379;PTT_SUBE;5797;ŞERİFALİ  ŞUBESİ;ŞERİFALİ MAHALLESİ GARİP SOKAK No: 11 ÜMRANİYE İSTANBUL;02165405447;34;İSTANBUL;;;;41.005046677;29.144821424;08:30-12:30/13:30-17:00;KAPALI;KAPALI;1;2026-09-21 08:30:12
5378;PTT_SUBE;5785;ŞEYHLİ  ŞUBESİ;ŞEYHLİ MAHALLESİ AKŞEMSEDDİN CADDE No: 31 A PENDİK İSTANBUL;02165950949;34;İSTANBUL;;;;40.907555;29.284739;08:30-12:30/13:30-17:00;KAPALI;KAPALI;1;2026-09-21 08:30:12
5377;PTT_SUBE;7793;ŞİFA MAHALLESİ  ŞUBESİ;ŞİFA MAHALLESİ EGEMENLİK CADDE No: 38 B TUZLA İSTANBUL;02167599992;34;İSTANBUL;;;;40.828721;29.355009;08:30-12:30/13:30-17:00;KAPALI;KAPALI;1;2026-09-21 08:30:12
5376;PTT_SUBE;3536;ŞİLE  MÜDÜRLÜĞÜ;ÇAVUŞ MAHALLESİ CUMHURİYET CADDE No: 99 ŞİLE İSTANBUL;02167113334;34;İSTANBUL;;;;41.169474;29.609073;08:30-17:00/-;KAPALI;KAPALI;1;2026-09-21 08:30:12
5375;PTT_SUBE;2907;ŞİRİNEVLER MÜDÜRLÜĞÜ;ŞİRİNEVLER MAHALLESİ MAREŞAL FEVZİ ÇAKMAK 2. SOKAK No: 18 A BAHÇELİEVLER İSTANBUL;02125035353;34;İSTANBUL;;;;40.994217063;28.847519017;08:30-17:00;KAPALI;KAPALI;1;2026-09-21 08:30:12
5374;PTT_SUBE;4845;ŞİŞLİ  MÜDÜRLÜĞÜ;19 MAYIS MAHALLESİ BÜYÜKDERE CADDE No: 6 ŞİŞLİ İSTANBUL;02122471642;34;İSTANBUL;;;;41.061220407;28.988357187;08:30-12:30/13:30-17:00;KAPALI;KAPALI;1;2026-09-21 08:30:12
5373;PTT_SUBE;5716;ŞİŞLİ POSTA DAĞITIM  MÜDÜRLÜĞÜ;TALATPAŞA MAHALLESİ AKÇALI SOKAK No: 1 KAĞITHANE İSTANBUL;02123202583;34;İSTANBUL;;;;41.063887;28.968014;08:30-17:30;08:30-17:30;KAPALI;1;2026-09-21 08:30:12
6041;PTT_KARGOMAT;246;150.YIL KARGOMAT;ÇANKAYA MAHALLESİ MUSTAFA KEMAL SAHİL BULVAR No: 363 KONAK İZMİR;;35;İZMİR;;;;38.407;27.10307;7/24 Açık;7/24 Açık;7/24 Açık;1;2026-09-21 08:30:12
6019;PTT_KARGOMAT;434;9 EYLÜL ÜNİVERSİTESİ HASTANESİ;İNCİRALTI MAHALLESİ MİTHATPAŞA CADDE No: 56 BALÇOVA İZMİR;;35;İZMİR;;;;38.394379;27.033925;7/24 Açık;7/24 Açık;7/24 Açık;1;2026-09-21 08:30:12
2353;PTT_KARGOMAT;395;AHMET YESEVİ ÖĞRENCİ YURDU;KURUÇEŞME MAHALLESİ HOCA AHMET YESEVİ CADDE No: 185 -187 BUCA İZMİR;;35;İZMİR;;;;38.372984;27.189824;7/24 Açık;7/24 Açık;7/24 Açık;1;2026-09-14 08:28:26
6029;PTT_KARGOMAT;449;ALAÇATI KARGOMAT;ALAÇATI MAHALLESİ KEMALPAŞA CADDE No: 10 ÇEŞME İZMİR;;35;İZMİR;;;;38.284953;26.371805;7/24 Açık;7/24 Açık;7/24 Açık;1;2026-09-21 08:30:12
2341;PTT_KARGOMAT;466;ALİAĞA DAĞITIM;ATATÜRK MAHALLESİ 395 SOKAK No: 1 C ALİAĞA İZMİR;;35;İZMİR;;;;38.799433;26.962978;7/24 Açık;7/24 Açık;7/24 Açık;1;2026-09-14 08:28:26
6018;PTT_KARGOMAT;466;ALİAĞA KARGOMAT;ATATÜRK MAHALLESİ 395 SOKAK NO: 1 C ALİAĞA İZMİR;;35;İZMİR;;;;38.799433;26.962978;7/24 Açık;7/24 Açık;7/24 Açık;1;2026-09-21 08:30:12
2365;PTT_KARGOMAT;311;ATATÜRK EĞİTİM VE ARAŞTIRMA HASTANESİ;BASIN SİTESİ MAHALLESİ GAZETECİ HASAN TAHSİN CADDE No: 143 KARABAĞLAR İZMİR;;35;İZMİR;;;;38.3983;27.10311;7/24 Açık;7/24 Açık;7/24 Açık;1;2026-09-14 08:28:26
6044;PTT_KARGOMAT;226;BAKIRÇAY ÜNİVERSİTESİ SEYREK YERLEŞKESİ KARGOMAT;GAZİ MUSTAFA KEMAL MAHALLESİ KAYNAKLAR CADDE No: 115 MENEMEN İZMİR;;35;İZMİR;;;;38.58152;26.96378;7/24 Açık;7/24 Açık;7/24 Açık;1;2026-09-21 08:30:12
2348;PTT_KARGOMAT;519;BORNOVA KARGOMAT;KAZIMDİRİK MAHALLESİ SÜVARİ CADDE No: 5 BORNOVA İZMİR;;35;İZMİR;;;;38.459098723;27.210865183;7/24 Açık;7/24 Açık;7/24 Açık;1;2026-09-14 08:28:26
2352;PTT_KARGOMAT;224;BUCA EĞİTİM FAKÜLTESİ;DUMLUPINAR MAHALLESİ UĞUR MUMCU CADDE No: 39 BUCA İZMİR;;35;İZMİR;;;;38.385718;27.17065;7/24 Açık;7/24 Açık;7/24 Açık;1;2026-09-14 08:28:26
6027;PTT_KARGOMAT;224;BUCA EĞİTİM FAKÜLTESİ KARGOMAT;DUMLUPINAR MAHALLESİ UĞUR MUMCU CADDE No: 39 BUCA İZMİR;;35;İZMİR;;;;38.385718;27.17065;7/24 Açık;7/24 Açık;7/24 Açık;1;2026-09-21 08:30:12
6024;PTT_KARGOMAT;74;DEÜ DOKUZÇEŞMELER KAMPÜSÜ KARGOMAT;ADATEPE MAHALLESİ 24 SOKAK No: 2 BUCA İZMİR;;35;İZMİR;;;;38.386391;27.180355;7/24 Açık;7/24 Açık;7/24 Açık;1;2026-09-21 08:30:12
6034;PTT_KARGOMAT;296;DİKİLİ KARGOMAT;İSMETPAŞA MAHALLESİ 9 SOKAK No: 1 DİKİLİ İZMİR;;35;İZMİR;;;;39.071099;26.888613;7/24 Açık;7/24 Açık;7/24 Açık;1;2026-09-21 08:30:12
6022;PTT_KARGOMAT;346;EGE ÜNİVERSİTESİ KARGOMAT;ERZENE MAHALLESİ ANKARA CADDE NO: 172 /17 BORNOVA İZMİR;;35;İZMİR;;;;38.46123;27.22659;7/24 Açık;7/24 Açık;7/24 Açık;1;2026-09-21 08:30:12
2346;PTT_KARGOMAT;346;EGE ÜNİVERSİTESİ SOSYAL TESİSLER;ERZENE MAHALLESİ ANKARA CADDE No: 172 /17 BORNOVA İZMİR;;35;İZMİR;;;;38.46123;27.22659;7/24 Açık;7/24 Açık;7/24 Açık;1;2026-09-14 08:28:26
6023;PTT_KARGOMAT;421;EVKA 3 KARGOMAT;EVKA 3 MAHALLESİ 126/5 SOKAK No: 2 BORNOVA İZMİR;;35;İZMİR;;;;38.464962397;27.247681669;7/24 Açık;7/24 Açık;7/24 Açık;1;2026-09-21 08:30:12
6035;PTT_KARGOMAT;337;FOÇA KARGOMAT;ATATÜRK MAHALLESİ REHA MİDİLLİ CADDE No: 17 FOÇA İZMİR;;35;İZMİR;;;;38.666958744;26.754649449;7/24 Açık;7/24 Açık;7/24 Açık;1;2026-09-21 08:30:12
6036;PTT_KARGOMAT;450;GAZİEMİR KARGOMAT;GAZİ MAHALLESİ ÖNDER CADDE No: 61 GAZİEMİR İZMİR;;35;İZMİR;;;;38.323634;27.131486;7/24 Açık;7/24 Açık;7/24 Açık;1;2026-09-21 08:30:12
6037;PTT_KARGOMAT;388;GÜZELBAHÇE KARGOMAT;YALI MAHALLESİ İSTİKBAL CADDE No: 4 A GÜZELBAHÇE İZMİR;;35;İZMİR;;;;38.377866;26.892286;7/24 Açık;7/24 Açık;7/24 Açık;1;2026-09-21 08:30:12
6038;PTT_KARGOMAT;202;KARABAĞLAR ;YUNUS EMRE MAHALLESİ 4158 SOKAK No: 1 KARABAĞLAR İZMİR;;35;İZMİR;;;;38.372369;27.134267;7/24 Açık;7/24 Açık;7/24 Açık;1;2026-09-21 08:30:12
2367;PTT_KARGOMAT;173;KARŞIYAKA;TUNA MAHALLESİ İSMAİL ÖZKUNT SOKAK No: 3 KARŞIYAKA İZMİR;;35;İZMİR;;;;38.456371;27.120259;7/24 Açık;7/24 Açık;7/24 Açık;1;2026-09-14 08:28:26
6030;PTT_KARGOMAT;174;KATİP ÇELEBİ;BALATÇIK MAHALLESİ HAVAALANI ŞOSESİ CADDE No: 33 -3 ÇİĞLİ İZMİR;;35;İZMİR;;;;38.51277;27.03182;7/24 Açık;7/24 Açık;7/24 Açık;1;2026-09-21 08:30:12
6033;PTT_KARGOMAT;615;KATİP ÇELEBİ ÜNİVERSİTESİ KARGOMAT;KÜÇÜK ÇİĞLİ MAHALLESİ 8708 SOKAK No: 2 ÇİĞLİ İZMİR;;35;İZMİR;;;;38.496812;27.060409;7/24 Açık;7/24 Açık;7/24 Açık;1;2026-09-21 08:30:12
6031;PTT_KARGOMAT;617;KAYİP ÇELEBİ ÜNİVERSİTESİ;BALATÇIK MAHALLESİ HAVAALANI ŞOSESİ CADDE No: 33 /2 ÇİĞLİ İZMİR;;35;İZMİR;;;;38.515302;27.03123;7/24 Açık;7/24 Açık;7/24 Açık;1;2026-09-21 08:30:12
6043;PTT_KARGOMAT;245;KONAK KARGOMAT;KONAK MAHALLESİ 858 SOKAK No: 2 A KONAK İZMİR;;35;İZMİR;;;;38.419534753;27.130363017;7/24 Açık;7/24 Açık;7/24 Açık;1;2026-09-21 08:30:12
6046;PTT_KARGOMAT;171;NARLIDERE;ÇAMTEPE MAHALLESİ BARIŞ SOKAK No: 9 NARLIDERE İZMİR;;35;İZMİR;;;;38.393764;27.008927;7/24 Açık;7/24 Açık;7/24 Açık;1;2026-09-21 08:30:12
6040;PTT_KARGOMAT;70;PASAPORT KARGOMAT;AKDENİZ MAHALLESİ CUMHURİYET BULVAR No: 117 KONAK İZMİR;;35;İZMİR;;;;38.428349;27.133813;7/24 Açık;7/24 Açık;7/24 Açık;1;2026-09-21 08:30:12
2342;PTT_KARGOMAT;168;PETKİM ;SİTELER MAHALLESİ SİTE 1 SOKAK ATM BÖLGESİ KÜME EVLER  ALİAĞA İZMİR;;35;İZMİR;;;;41.257604;31.481166;7/24 Açık;7/24 Açık;7/24 Açık;1;2026-09-14 08:28:26
6048;PTT_KARGOMAT;290;SEFERİHİSAR PTT KARGOMAT;HIDIRLIK MAHALLESİ NECAT HEPKON CADDE No: 6 SEFERİHİSAR İZMİR;;35;İZMİR;;;;38.194991;26.83961;7/24 Açık;7/24 Açık;7/24 Açık;1;2026-09-21 08:30:12
2376;PTT_KARGOMAT;451;SELÇUK KARGOMAT;ATATÜRK MAHALLESİ CENGİZ TOPEL CADDE No: 3 SELÇUK İZMİR;;35;İZMİR;;;;37.950313991;27.371295518;7/24 Açık;7/24 Açık;7/24 Açık;1;2026-09-14 08:28:26
6026;PTT_KARGOMAT;464;TINAZTEPE KARGOMAT;ADATEPE MAHALLESİ DOĞUŞ CADDE No: 207 A BUCA İZMİR;;35;İZMİR;;;;38.371834;27.201789;7/24 Açık;7/24 Açık;7/24 Açık;1;2026-09-21 08:30:12
6049;PTT_KARGOMAT;204;TİRE ;YENİ MAHALLESİ İSTASYON CADDE No: 2 TİRE İZMİR;;35;İZMİR;;;;38.090245;27.731749;7/24 Açık;7/24 Açık;7/24 Açık;1;2026-09-21 08:30:12
6045;PTT_KARGOMAT;467;ULUKENT (PARK İÇİ);30 AĞUSTOS MAHALLESİ 7124 SOKAK No: 8 - MENEMEN İZMİR;;35;İZMİR;;;;38.55467502;27.05019516;7/24 Açık;7/24 Açık;7/24 Açık;1;2026-09-21 08:30:12
6050;PTT_KARGOMAT;418;URLA KARGOMAT;HACI İSA MAHALLESİ BÜLENT BARATALI BULVAR No: 5 A URLA İZMİR;;35;İZMİR;;;;38.324190106;26.766946678;7/24 Açık;7/24 Açık;7/24 Açık;1;2026-09-21 08:30:12
6028;PTT_KARGOMAT;452;ÇEŞME KARGOMAT;16 EYLÜL MAHALLESİ 3052 SOKAK No: 26 ÇEŞME İZMİR;;35;İZMİR;;;;38.326027;26.301925;7/24 Açık;7/24 Açık;7/24 Açık;1;2026-09-21 08:30:12
6032;PTT_KARGOMAT;616;ÇIĞLI PTT;ATAŞEHİR MAHALLESİ ESKİ HAVAALANI CADDE No: 21 ÇİĞLİ İZMİR;;35;İZMİR;;;;38.493293;27.060169;7/24 Açık;7/24 Açık;7/24 Açık;1;2026-09-21 08:30:12
6047;PTT_KARGOMAT;223;ÖDEMİŞ;AKINCILAR MAHALLESİ DR.MUSTAFA BEY CADDE No: 2 ÖDEMİŞ İZMİR;;35;İZMİR;;;;38.22804198;27.97016508;7/24 Açık;7/24 Açık;7/24 Açık;1;2026-09-21 08:30:12
6021;PTT_KARGOMAT;312;ÖZKANLAR;MANSUROĞLU MAHALLESİ 258 SOKAK No: 18 A BAYRAKLI İZMİR;;35;İZMİR;;;;38.458947;27.197377;7/24 Açık;7/24 Açık;7/24 Açık;1;2026-09-21 08:30:12
6020;PTT_KARGOMAT;394;İNCİRALTI ÖĞRENCİ YURDU;İNCİRALTI MAHALLESİ İNCİRALTI CADDE No: 69 BALÇOVA İZMİR;;35;İZMİR;;;;38.412664;27.030175;7/24 Açık;7/24 Açık;7/24 Açık;1;2026-09-21 08:30:12
6042;PTT_KARGOMAT;624;İPKİM PTT;ÇINARLI MAHALLESİ MANAS BULVAR No: 1 KONAK İZMİR;;35;İZMİR;;;;38.449232;27.179409;7/24 Açık;7/24 Açık;7/24 Açık;1;2026-09-21 08:30:12
6039;PTT_KARGOMAT;173;İZMİR KARŞIYAKA KARGOMAT;TUNA MAHALLESİ İSMAİL ÖZKUNT SOKAK No: 3 KARŞIYAKA İZMİR;;35;İZMİR;;;;38.456371;27.120259;7/24 Açık;7/24 Açık;7/24 Açık;1;2026-09-21 08:30:12
6025;PTT_KARGOMAT;435;İZMİR KIZ ÖĞRENCİ YURDU;ADATEPE MAHALLESİ DOĞUŞ CADDE No: 195 BUCA İZMİR;;35;İZMİR;;;;38.377672;27.189652;7/24 Açık;7/24 Açık;7/24 Açık;1;2026-09-21 08:30:12
6017;PTT_SUBE;4562;ADALET SARAYI  ŞUBESİ;ANAFARTALAR MAHALLESİ ŞEHİT ADNAN MENDERES BULVAR No: 145 ÖDEMİŞ İZMİR;02325460383;35;İZMİR;;;;38.238156948;27.985599198;08:30-12:30/13:30-17:00;KAPALI;KAPALI;1;2026-09-21 08:30:12
6016;PTT_SUBE;3562;ADLİYE  ŞUBESİ;TORBALI MAHALLESİ AYDIN CADDE No: 100 TORBALI İZMİR;02328531315;35;İZMİR;;;;38.175652;27.355973;08:30-12:30/13:30-17:00;KAPALI;KAPALI;1;2026-09-21 08:30:12
6015;PTT_SUBE;7908;ADLİYE MENEMEN  ŞUBESİ;KASIMPAŞA MAHALLESİ ATATÜRK CADDE No: 1 MENEMEN İZMİR;02328321484;35;İZMİR;;;;38.609138023;27.071760957;08:30-12:30/12:30-12:30;KAPALI;KAPALI;1;2026-09-21 08:30:12
6014;PTT_SUBE;2652;ADLİYESARAYI  ŞUBESİ;SAKARYA MAHALLESİ 2001 SOKAK No: 103 ÇEŞME İZMİR;02327120113;35;İZMİR;;;;38.326474;26.309873;08:30-12:30/13:30-17:00;KAPALI;KAPALI;1;2026-09-21 08:30:12
6013;PTT_SUBE;4447;AHMETLİ ACENTELİĞİ;AHMETLİ MAHALLESİ 6104 SOKAK No: 10 TORBALI İZMİR;02328610044;35;İZMİR;;;;38.083536;27.35355384;08:30-12:30/13:30-17:00;KAPALI;KAPALI;1;2026-09-21 08:30:12
6012;PTT_SUBE;2378;AKTEPE  ŞUBESİ;EMREZ MAHALLESİ 195 SOKAK No: 2 /1 GAZİEMİR İZMİR;02322546061;35;İZMİR;;;;38.356132;27.128409;08:30-12:30/13:30-17:00;KAPALI;KAPALI;1;2026-09-21 08:30:12
6010;PTT_SUBE;7267;ALAYBEY  ŞUBESİ;BAHÇELİEVLER MAHALLESİ 1851 SOKAK No: 22 KARŞIYAKA İZMİR;02323666683;35;İZMİR;;;;38.464245;27.122113;08:30-12:30/13:30-17:00;KAPALI;KAPALI;1;2026-09-21 08:30:12
6011;PTT_SUBE;4057;ALAÇATI ŞUBESİ;ALAÇATI MAHALLESİ KEMALPAŞA CADDE No: 10 ÇEŞME İZMİR;02327168208;35;İZMİR;;;;38.284957395;26.37174228;08:30-12:30/13:30-17:00;KAPALI;KAPALI;1;2026-09-21 08:30:12
6006;PTT_SUBE;7989;ALPASLAN  ŞUBESİ;ALPASLAN MAHALLESİ 1620/1 SOKAK No: 24 B BAYRAKLI İZMİR;02322024631;35;İZMİR;;;;38.470375555;27.166903585;08:30-12:30/13:30-17:00;KAPALI;KAPALI;1;2026-09-21 08:30:12
6005;PTT_SUBE;7350;ALPKENT MAHALLESİ  ŞUBESİ;TORBALI MAHALLESİ 5088 SOKAK No: 2 - TORBALI İZMİR;02328567525;35;İZMİR;;;;38.172177;27.347762;08:30-12:30/13:30-17:00;KAPALI;KAPALI;1;2026-09-21 08:30:12
6004;PTT_SUBE;8167;ALSANCAK ŞUBE ŞEFLİĞİ;ALSANCAK MAHALLESİ ATATÜRK CADDE No: 434 KONAK İZMİR;02324640141;35;İZMİR;;;;38.438938;27.147251;08:30-12:30/13:30-17:00;KAPALI;KAPALI;1;2026-09-21 08:30:12
6003;PTT_SUBE;2452;ALTINDAĞ  ŞUBESİ;ZAFER MAHALLESİ 4293 SOKAK No: 24 -26B BORNOVA İZMİR;02324570531;35;İZMİR;;;;38.424409;27.200766;08:30-12:30/13:30-17:00;KAPALI;KAPALI;1;2026-09-21 08:30:12
6009;PTT_SUBE;3162;ALİAĞA CEZA İNFAZ KURUMU ŞUBESİ;BAHÇEDERE MAHALLESİ BAHÇEDERE KÜME EVLER No: 63 ALİAĞA İZMİR;02326281027;35;İZMİR;;;;38.90446;27.11244;08:30-12:30/13:30-17:00;KAPALI;KAPALI;1;2026-09-21 08:30:12
6008;PTT_SUBE;8477;ALİAĞA KARGO ŞUBE ŞEFLİĞİ;ATATÜRK MAHALLESİ LOZAN CADDE No: 1 A ALİAĞA İZMİR;02326161480;35;İZMİR;;;;38.79915201;26.96307912;08:30-12:30/13:30-17:00;08:30-12:30/13:30-17:00;KAPALI;1;2026-09-21 08:30:12
6007;PTT_SUBE;4018;ALİAĞA MÜDÜRLÜĞÜ;KÜLTÜR MAHALLESİ İSTİKLAL CADDE No: 3 A ALİAĞA İZMİR;02326161480;35;İZMİR;;;;38.803375;26.974891;08:30-12:30;KAPALI;KAPALI;1;2026-09-21 08:30:12
6002;PTT_SUBE;2497;ARMUTLU  ŞUBESİ;ARMUTLU 85.YIL CUMHURİYET MAHALLESİ ARMUTLU İZMİR CADDE No: 48 A KEMALPAŞA İZMİR;02328866241;35;İZMİR;;;;38.40746103;27.52747596;08:30-12:30/13:30-17:00;KAPALI;KAPALI;1;2026-09-21 08:30:12
6001;PTT_SUBE;1603;ASARLIK  ŞUBESİ;IRMAK MAHALLESİ DR. BURHAN ÖZFATURA CADDE No: 67 MENEMEN İZMİR;02328411151;35;İZMİR;;;;38.588606;27.078305;08:30-12:30/13:30-17:00;KAPALI;KAPALI;1;2026-09-21 08:30:12
6000;PTT_SUBE;7840;ATATÜRK MAHALLESİ  ŞUBESİ;ATATÜRK MAHALLESİ 858 SOKAK No: 31 BORNOVA İZMİR;02323883512;35;İZMİR;;;;38.476922;27.204972;08:30-12:30/13:30-17:00;KAPALI;KAPALI;1;2026-09-21 08:30:12
5999;PTT_SUBE;1735;ATATÜRK ORGANİZE SANAYİ   ŞUBESİ;AOSB MAHALLESİ M. KEMAL ATATÜRK BULVAR No: 42 /10 ÇİĞLİ İZMİR;02323767266;35;İZMİR;;;;38.492285;27.037818;08:30-12:30/13:30-17:00;KAPALI;KAPALI;1;2026-09-21 08:30:12
5998;PTT_SUBE;7633;AYRANCILAR MÜDÜRLÜĞÜ;FEVZİ ÇAKMAK MAHALLESİ İZMİR AYDIN CADDE No: 36 D TORBALI İZMİR;02328548016;35;İZMİR;;;;38.23808796;27.28268892;08:30-17:00;KAPALI;KAPALI;1;2026-09-21 08:30:12
5995;PTT_SUBE;2007;BALÇOVA MÜDÜRLÜĞÜ;ONUR MAHALLESİ 2. HAYIT SOKAK No: 8 /A BALÇOVA İZMİR;02322590313;35;İZMİR;;;;38.390515;27.057093;08:30-12:30/13:30-17:00;KAPALI;KAPALI;1;2026-09-21 08:30:12
5994;PTT_SUBE;2317;BASMANE MÜDÜRLÜĞÜ;HURŞİDİYE MAHALLESİ FEVZİPAŞA BULVAR No: 170 A KONAK İZMİR;02324256381;35;İZMİR;;;;38.422327;27.140544;08:30-17:00;KAPALI;KAPALI;1;2026-09-21 08:30:12
5993;PTT_SUBE;2332;BAYINDIR MÜDÜRLÜĞÜ;MİTHATPAŞA MAHALLESİ ATATÜRK CADDE No: 40 BAYINDIR İZMİR;02325813480;35;İZMİR;;;;38.220148;27.647552;08:30-17:00;KAPALI;KAPALI;1;2026-09-21 08:30:12
5992;PTT_SUBE;2686;BAYRAKLI MÜDÜRLÜĞÜ;ADALET MAHALLESİ YÜZBAŞI İBRAHİM HAKKI CADDE No: 58 A BAYRAKLI İZMİR;02323414535;35;İZMİR;;;;38.463814;27.179071;08:30-17:00;KAPALI;KAPALI;1;2026-09-21 08:30:12
5991;PTT_SUBE;3377;BAYRAKLI POSTA DAĞITIM  MÜDÜRLÜĞÜ;ÇINARLI MAHALLESİ MANAS BULVAR No: 1 KONAK İZMİR;02324625554;35;İZMİR;;;;38.449232;27.179409;08:30-17:30;08:30-17:30;KAPALI;1;2026-09-21 08:30:12
5997;PTT_SUBE;4225;BAĞARASI  ŞUBESİ;KAZIM DİRİK MAHALLESİ FOÇA İZMİR KARAYOLU SOKAK No: 112 FOÇA İZMİR;02328227640;35;İZMİR;;;;38.658687;26.852549;08:30-12:30/12:30-12:30;KAPALI;KAPALI;1;2026-09-21 08:30:12
5996;PTT_SUBE;2528;BAĞYURDU  ŞUBESİ;BAĞYURDU YENİ MAHALLESİ ŞEHİT ER BEKİR VAROL CADDE No: 5 KEMALPAŞA İZMİR;02328841241;35;İZMİR;;;;38.415633;27.63648;08:30-12:30/13:30-17:00;KAPALI;KAPALI;1;2026-09-21 08:30:12
5990;PTT_SUBE;2612;BERGAMA MÜDÜRLÜĞÜ;ERTUĞRUL MAHALLESİ ERTUĞRUL CADDE No: 1 BERGAMA İZMİR;02326323990;35;İZMİR;;;;39.118181;27.177457;08:30-17:00;KAPALI;KAPALI;1;2026-09-21 08:30:12
5989;PTT_SUBE;4560;BEYDAĞ  ŞUBESİ;CUMHURİYET MAHALLESİ BEYDAĞ LOZAN MEYDAN No: 9 BEYDAĞ İZMİR;02325926480;35;İZMİR;;;;38.08578303;28.20885696;08:30-12:30/13:30-17:00;KAPALI;KAPALI;1;2026-09-21 08:30:12
5987;PTT_SUBE;7839;BORNOVA MEYDAN  ŞUBESİ;ERGENE MAHALLESİ 541 SOKAK No: 3 BORNOVA İZMİR;02323740772;35;İZMİR;;;;38.466183;27.218248;08:30-12:30/13:30-17:00;KAPALI;KAPALI;1;2026-09-21 08:30:12
5986;PTT_SUBE;316;BORNOVA POSTA DAĞITIM  MÜDÜRLÜĞÜ;ÇINARLI MAHALLESİ MANAS BULVAR No: 1 KONAK İZMİR;02324622022;35;İZMİR;;;;38.449232;27.179409;08:30-17:30;KAPALI;KAPALI;1;2026-09-21 08:30:12
5984;PTT_SUBE;1022;BUCA MÜDÜRLÜĞÜ;MENDERES MAHALLESİ MENDERES CADDE No: 60 BUCA İZMİR;02324484549;35;İZMİR;;;;38.389967;27.166963;08:30-17:00;KAPALI;KAPALI;1;2026-09-21 08:30:12
5983;PTT_SUBE;3178;BUCA POSTA DAĞITIM  MÜDÜRLÜĞÜ;BUCAOSB MAHALLESİ YAHYA KEMAL BEYATLI CADDE No: 128 BUCA İZMİR;02322757591;35;İZMİR;;;;38.394485;27.203453;08:30-17:30;08:30-17:30;KAPALI;1;2026-09-21 08:30:12
5985;PTT_SUBE;7265;BÖLGE ADLİYE  ŞUBESİ;ÇINARLI MAHALLESİ ALİ TELLİ SOKAK No: 2 KONAK İZMİR;02324624561;35;İZMİR;;;;38.443684975;27.178971118;08:30-12:30/13:30-17:00;KAPALI;KAPALI;1;2026-09-21 08:30:12
5988;PTT_SUBE;8081;BİRİNCİ SANAYİ  ŞUBESİ;MERSİNLİ MAHALLESİ 2822 SOKAK No: 71 KONAK İZMİR;02324336005;35;İZMİR;;;;38.431077;27.175546;08:30-12:30/13:30-17:00;KAPALI;KAPALI;1;2026-09-21 08:30:12
5982;PTT_SUBE;3990;CANLI ŞUBESİ;ATATÜRK MAHALLESİ İNÖNÜ CADDE No: 4 BAYINDIR İZMİR;02325858437;35;İZMİR;;;;38.19256596;27.555615;08:30-12:30/13:30-17:00;KAPALI;KAPALI;1;2026-09-21 08:30:12
5971;PTT_SUBE;1734;DİKİLİ MÜDÜRLÜĞÜ;İSMETPAŞA MAHALLESİ 9 SOKAK No: 1 DİKİLİ İZMİR;02326714480;35;İZMİR;;;;39.071099;26.888613;08:30-17:00;KAPALI;KAPALI;1;2026-09-21 08:30:12
5970;PTT_SUBE;7512;EGEKENT  ŞUBESİ;EGEKENT MAHALLESİ 8831 SOKAK No: 2 ÇİĞLİ İZMİR;02323763015;35;İZMİR;;;;38.506217873;27.061577279;08:30-12:30/13:30-17:00;KAPALI;KAPALI;1;2026-09-21 08:30:12
5968;PTT_SUBE;6264;EMİRALEM ŞUBESİ;DEĞİRMENDERE MAHALLESİ 23 NİSAN CADDE No: 13 MENEMEN İZMİR;02328438882;35;İZMİR;;;;38.625149;27.147491;08:30-12:30/13:30-17:00;KAPALI;KAPALI;1;2026-09-21 08:30:12
5967;PTT_SUBE;1304;EVKA 1  ŞUBESİ;ÇAĞDAŞ MAHALLESİ KAZAKİSTAN CADDE No: 2 /4 BUCA İZMİR;02324204273;35;İZMİR;;;;38.398445;27.194866;08:30-12:30/13:30-17:00;KAPALI;KAPALI;1;2026-09-21 08:30:12
5966;PTT_SUBE;7514;EVKA 2  ŞUBESİ;AHMET TANER KIŞLALI MAHALLESİ 6762 SOKAK No: 19 /1B ÇİĞLİ İZMİR;02323701482;35;İZMİR;;;;38.496193;27.088631;08:30-12:30/13:30-17:00;KAPALI;KAPALI;1;2026-09-21 08:30:12
5965;PTT_SUBE;7927;EVKA-3  ŞUBESİ;EVKA 3 MAHALLESİ 126/5 SOKAK No: 2 BORNOVA İZMİR;02323751801;35;İZMİR;;;;38.464962397;27.247681669;08:30-12:30/13:30-17:00;KAPALI;KAPALI;1;2026-09-21 08:30:12
5964;PTT_SUBE;1762;EVKA-5  ŞUBESİ;EVKA-5 MAHALLESİ 8809 SOKAK No: 141 B ÇİĞLİ İZMİR;02323844623;35;İZMİR;;;;38.517493;27.056181;08:30-12:30/13:30-17:00;KAPALI;KAPALI;1;2026-09-21 08:30:12
5969;PTT_SUBE;1316;EĞİTİM FAKÜLTESİ  ŞUBESİ;DUMLUPINAR MAHALLESİ UĞUR MUMCU CADDE No: 39 BUCA İZMİR;02324200140;35;İZMİR;;;;38.385718;27.17065;08:30-12:30/13:30-17:00;KAPALI;KAPALI;1;2026-09-21 08:30:12
5963;PTT_SUBE;2282;FAHRETTİN ALTAY MEYDANI  ŞUBESİ;MEHMET ALİ AKMAN MAHALLESİ MİTHATPAŞA CADDE No: 1161 A KONAK İZMİR;02322241024;35;İZMİR;;;;38.397458;27.071131;08:30-12:30/13:30-17:00;KAPALI;KAPALI;1;2026-09-21 08:30:12
5962;PTT_SUBE;2663;FIRAT  ŞUBESİ;FIRAT MAHALLESİ 289 SOKAK No: 17 A BUCA İZMİR;02322752425;35;İZMİR;;;;38.3773;27.147716;08:30-12:30/13:30-17:00;KAPALI;KAPALI;1;2026-09-21 08:30:12
5961;PTT_SUBE;4025;FOÇA MÜDÜRLÜĞÜ;ATATÜRK MAHALLESİ REHA MİDİLLİ CADDE No: 17 FOÇA İZMİR;02328121075;35;İZMİR;;;;38.666958744;26.754649449;08:30-17:00;KAPALI;KAPALI;1;2026-09-21 08:30:12
5960;PTT_SUBE;2358;GAZİEMİR MÜDÜRLÜĞÜ;GAZİ MAHALLESİ ÖNDER CADDE No: 61 GAZİEMİR İZMİR;02322510001;35;İZMİR;;;;38.323634;27.131486;KAPALI;KAPALI;KAPALI;1;2026-09-21 08:30:12
5959;PTT_SUBE;8370;GAZİEMİR POSTA DAĞITIM  MERKEZİ;DOKUZ EYLÜL MAHALLESİ 695 SOKAK No: 7 V GAZİEMİR İZMİR;02322644600;35;İZMİR;;;;38.314078;27.146664;08:30-12:30/12:30-17:00;08:30-12:30/12:30-17:00;KAPALI;1;2026-09-21 08:30:12
5957;PTT_SUBE;7402;GÖKÇEN ACENTELİĞİ;GÖKÇEN MAHALLESİ GAZİ ATATÜRK CADDE No: 87 TİRE İZMİR;02320000000;35;İZMİR;;;;38.12480802;27.86713488;09:00-12:00/13:00-17:00;KAPALI;KAPALI;1;2026-09-21 08:30:12
5958;PTT_SUBE;2598;GÖÇBEYLİ  ŞUBESİ;GÖÇBEYLİ MAHALLESİ GAZİ ATATÜRK MEYDAN No: 12 A BERGAMA İZMİR;02326435441;35;İZMİR;;;;39.22200999;27.40384188;08:30-12:30/13:30-17:00;KAPALI;KAPALI;1;2026-09-21 08:30:12
5956;PTT_SUBE;8077;GÜLTEPE  ŞUBESİ;HUZUR MAHALLESİ YENİ PLEVNE CADDE No: 69 A KONAK İZMİR;03245245000;35;İZMİR;;;;38.417152;27.172179;08:30-12:30/13:30-17:00;KAPALI;KAPALI;1;2026-09-21 08:30:12
5955;PTT_SUBE;6652;GÜMÜLDÜR MÜDÜRLÜĞÜ;GÜMÜLDÜR FEVZİ ÇAKMAK MAHALLESİ GÜMÜLDÜR İZMİR CADDE No: 147 MENDERES İZMİR;02327931480;35;İZMİR;;;;38.074573;27.017709;08:30-17:00;KAPALI;KAPALI;1;2026-09-21 08:30:12
5954;PTT_SUBE;7859;GÜMÜŞPALA  ŞUBESİ;GÜMÜŞPALA MAHALLESİ 7030 SOKAK No: 2 A BAYRAKLI İZMİR;02323729200;35;İZMİR;;;;38.468012;27.136753;08:30-12:30/13:30-17:00;KAPALI;KAPALI;1;2026-09-21 08:30:12
5953;PTT_SUBE;2582;GÜZELBAHÇE  ŞUBESİ;YALI MAHALLESİ İSTİKBAL CADDE No: 4 A GÜZELBAHÇE İZMİR;02322341242;35;İZMİR;;;;38.377866;26.892286;08:30-12:30/13:30-17:00;KAPALI;KAPALI;1;2026-09-21 08:30:12
5952;PTT_SUBE;7885;GÜZELYALI  ŞUBESİ;GÜZELYALI MAHALLESİ MİTHATPAŞA CADDE No: 931 KONAK İZMİR;02322472147;35;İZMİR;;;;38.397376;27.086113;08:30-12:30/13:30-17:00;KAPALI;KAPALI;1;2026-09-21 08:30:12
5951;PTT_SUBE;1410;HAMAMKÖY ACENTELİĞİ;HAMAM MAHALLESİ MENDEGÜME KÜME EVLER No: 165 ÖDEMİŞ İZMİR;05373552923;35;İZMİR;;;;38.01339;27.99279;08:30-12:30/13:30-15:30;KAPALI;KAPALI;1;2026-09-21 08:30:12
5950;PTT_SUBE;766;HATAY MÜDÜRLÜĞÜ;ARAP HASAN MAHALLESİ İNÖNÜ CADDE No: 295 A KARABAĞLAR İZMİR;02322439192;35;İZMİR;;;;38.401556;27.110282;08:30-12:30/13:30-17:00;KAPALI;KAPALI;1;2026-09-21 08:30:12
5949;PTT_SUBE;3149;HELVACI  ŞUBESİ;MİMAR SİNAN MAHALLESİ MUSTAFA KEMAL ATATÜRK CADDE No: 107 A ALİAĞA İZMİR;02326278221;35;İZMİR;;;;38.702392;27.028117;08:30-12:30/13:30-17:00;KAPALI;KAPALI;1;2026-09-21 08:30:12
5948;PTT_SUBE;2462;IŞIKKENT  ŞUBESİ;EGEMENLİK MAHALLESİ 6135 SOKAK No: 46 BORNOVA İZMİR;02324362295;35;İZMİR;;;;38.429687;27.239028;08:30-12:30/13:30-17:00;KAPALI;KAPALI;1;2026-09-21 08:30:12
5940;PTT_SUBE;3151;KARABAĞLAR MÜDÜRLÜĞÜ;YUNUS EMRE MAHALLESİ 4158 SOKAK No: 1 KARABAĞLAR İZMİR;02322654118;35;İZMİR;;;;38.372369;27.134267;08:30-17:00;KAPALI;KAPALI;1;2026-09-21 08:30:12
5939;PTT_SUBE;1136;KARABAĞLAR POSTA DAĞITIM  MÜDÜRLÜĞÜ;AŞIK VEYSEL MAHALLESİ 4047/1 SOKAK No: 14 KARABAĞLAR İZMİR;02322644700;35;İZMİR;;;;38.376622;27.136681;08:30-17:30;08:30-17:30;KAPALI;1;2026-09-21 08:30:12
5938;PTT_SUBE;6089;KARABURUN MÜDÜRLÜĞÜ;MERKEZ MAHALLESİ BAŞKOMUTAN ATATÜRK CADDE No: 3 KARABURUN İZMİR;02327313480;35;İZMİR;;;;38.636407514;26.510466169;08:30-17:00;KAPALI;KAPALI;1;2026-09-21 08:30:12
5937;PTT_SUBE;2404;KARŞIYAKA MÜDÜRLÜĞÜ;TUNA MAHALLESİ İSMAİL ÖZKUNT SOKAK No: 3 KARŞIYAKA İZMİR;02323684609;35;İZMİR;;;;38.456371;27.120259;08:30-12:30;KAPALI;KAPALI;1;2026-09-21 08:30:12
5936;PTT_SUBE;3199;KARŞIYAKA POSTA DAĞITIM  MÜDÜRLÜĞÜ;ÇINARLI MAHALLESİ MANAS BULVAR No: 1 KONAK İZMİR;02324627639;35;İZMİR;;;;38.449232;27.179409;KAPALI;KAPALI;KAPALI;1;2026-09-21 08:30:12
5935;PTT_SUBE;8393;KAYMAKÇI  ŞUBESİ;KAYMAKÇI MAHALLESİ 29 EKİM CADDE No: 26 ÖDEMİŞ İZMİR;02325571024;35;İZMİR;;;;38.165097;28.116842;08:30-12:30/13:30-17:00;KAPALI;KAPALI;1;2026-09-21 08:30:12
5934;PTT_SUBE;4022;KEMALPAŞA MÜDÜRLÜĞÜ;MEHMET AKİF ERSOY MAHALLESİ MESERETÇİOĞLU CADDE No: 1 KEMALPAŞA İZMİR;02328782480;35;İZMİR;;;;38.427187;27.418577;08:30-12:30;KAPALI;KAPALI;1;2026-09-21 08:30:12
5933;PTT_SUBE;8470;KEMALPAŞA ORGANİZE SANAYİ  ŞUBESİ;SEKİZ EYLÜL MAHALLESİ KEMALPAŞA STADI CADDE No: 49 A KEMALPAŞA İZMİR;02328782580;35;İZMİR;;;;38.43271701;27.416268;08:30-12:30/13:30-17:00;KAPALI;KAPALI;1;2026-09-21 08:30:12
5932;PTT_SUBE;8088;KINIK  ŞUBESİ;AŞAĞI MAHALLESİ ŞEHİT SEZAİ GEÇKİN CADDE No: 26 KINIK İZMİR;02326871480;35;İZMİR;;;;39.086822;27.379674;08:30-12:30/13:30-17:00;KAPALI;KAPALI;1;2026-09-21 08:30:12
5931;PTT_SUBE;7162;KIRIKLAR ACENTELİĞİ;KIRKLAR MAHALLESİ MEVLANA CADDE No: 27 BUCA İZMİR;02324271165;35;İZMİR;;;;38.318523;27.318133;09:00-12:30/13:30-17:00;KAPALI;KAPALI;1;2026-09-21 08:30:12
5930;PTT_SUBE;3339;KISIK SANAYİ SİTESİ ŞUBESİ;OĞLANANASI ATATÜRK MAHALLESİ KOCA MİMAR SİNAN CADDE No: 4 MENDERES İZMİR;02322575763;35;İZMİR;;;;38.27791;27.193015;08:30-12:30/13:30-17:00;KAPALI;KAPALI;1;2026-09-21 08:30:12
5928;PTT_SUBE;6205;KONAK MÜDÜRLÜĞÜ;KONAK MAHALLESİ 858 SOKAK No: 2 A KONAK İZMİR;02324419899;35;İZMİR;;;;38.419534753;27.130363017;08:30-17:00;KAPALI;KAPALI;1;2026-09-21 08:30:12
5927;PTT_SUBE;1547;KONAK POSTA DAĞITIM  MÜDÜRLÜĞÜ;AKINCI MAHALLESİ FEVZİPAŞA BULVAR No: 170 /1A KONAK İZMİR;02324251533;35;İZMİR;;;;38.422345;27.140743;08:30-17:30;08:30-17:30;KAPALI;1;2026-09-21 08:30:12
5926;PTT_SUBE;7829;KOOPERATİF EVLERİ  ŞUBESİ;TAHSİN YAZICI MAHALLESİ 9125/21 SOKAK No: 1 A KARABAĞLAR İZMİR;02322452040;35;İZMİR;;;;38.386468;27.110987;08:30-12:30/13:30-17:00;KAPALI;KAPALI;1;2026-09-21 08:30:12
5925;PTT_SUBE;8122;KOYUNDERE  ŞUBESİ;ZEYTİNLİK MAHALLESİ EROL TARAKÇIOĞLU CADDE No: 15 A MENEMEN İZMİR;02328321481;35;İZMİR;;;;38.581883;27.070673;08:30-12:30/13:30-17:00;KAPALI;KAPALI;1;2026-09-21 08:30:12
5923;PTT_SUBE;3451;KOZAK ACENTELİĞİ;YUKARIBEY MAHALLESİ KOCA KÜME EVLER No: 180 BERGAMA İZMİR;02326515346;35;İZMİR;;;;39.25102;27.09294;KAPALI;KAPALI;KAPALI;1;2026-09-21 08:30:12
5924;PTT_SUBE;1326;KOZAĞAÇ  ŞUBESİ;YENİGÜN MAHALLESİ 222/11 SOKAK No: 26 BUCA İZMİR;02324422579;35;İZMİR;;;;38.376641;27.166269;08:30-12:30/13:30-17:00;KAPALI;KAPALI;1;2026-09-21 08:30:12
5929;PTT_SUBE;8084;KİRAZ  ŞUBESİ;İSTİKLAL MAHALLESİ YENİGÜN SOKAK No: 6 KİRAZ İZMİR;02325722080;35;İZMİR;;;;38.231971;28.206126;08:30-12:30/13:30-17:00;KAPALI;KAPALI;1;2026-09-21 08:30:12
5922;PTT_SUBE;7994;MAVİŞEHİR  ŞUBESİ;YALI MAHALLESİ 6439 SOKAK No: 60 A KARŞIYAKA İZMİR;02323373254;35;İZMİR;;;;38.468161;27.088735;08:30-12:30/13:30-17:00;KAPALI;KAPALI;1;2026-09-21 08:30:12
5921;PTT_SUBE;398;MENDERES  MÜDÜRLÜĞÜ;CÜNEYTBEY MAHALLESİ DOĞAN SOKAK No: 1 MENDERES İZMİR;02327821494;35;İZMİR;;;;38.251416;27.135978;08:30-17:00;KAPALI;KAPALI;1;2026-09-21 08:30:12
5920;PTT_SUBE;384;MENEMEN MÜDÜRLÜĞÜ;TÜLBENTLİ MAHALLESİ ADNAN MENDERES CADDE No: 44 MENEMEN İZMİR;02328321481;35;İZMİR;;;;38.60836;27.0692;08:30-17:00;KAPALI;KAPALI;1;2026-09-21 08:30:12
5919;PTT_SUBE;8280;MENEMEN POSTA DAĞITIM MÜDÜRLÜĞÜ;ZEYTİNLİK MAHALLESİ EROL TARAKÇIOĞLU CADDE No: 15 A MENEMEN İZMİR;02328321481;35;İZMİR;;;;38.581883;27.070673;08:30-17:30;08:30-17:30;KAPALI;1;2026-09-21 08:30:12
5917;PTT_SUBE;2189;MORDOĞAN  ŞUBESİ;MORDOĞAN MAHALLESİ ATATÜRK CADDE No: 14 KARABURUN İZMİR;02327378451;35;İZMİR;;;;38.515061;26.619583;08:30-12:30/13:30-17:00;KAPALI;KAPALI;1;2026-09-21 08:30:12
5918;PTT_SUBE;6299;MİMAR KEMALETTİN KARGO  ŞUBESİ;AKDENİZ MAHALLESİ 1335 SOKAK No: 13 KONAK İZMİR;02324418112;35;İZMİR;;;;38.423745;27.136899;10:00-13:00/14:00-19:00;10:00-13:00/14:00-16:00;KAPALI;1;2026-09-21 08:30:12
5916;PTT_SUBE;433;NARLIDERE MÜDÜRLÜĞÜ;ÇAMTEPE MAHALLESİ BARIŞ SOKAK No: 9 NARLIDERE İZMİR;02322383306;35;İZMİR;;;;38.393764;27.008927;08:30-12:30/13:30-17:00;KAPALI;KAPALI;1;2026-09-21 08:30:12
5915;PTT_SUBE;1710;NARLIDERE POSTA DAĞITIM  MÜDÜRLÜĞÜ;NARLI MAHALLESİ İSMET İNÖNÜ CADDE No: 7 D NARLIDERE İZMİR;02322397059;35;İZMİR;;;;38.393154;27.006589;08:30-17:30;08:30-16:30;KAPALI;1;2026-09-21 08:30:12
5914;PTT_SUBE;3293;NATO KARARGAHI  ŞUBESİ;İNKILAP MAHALLESİ 448/1 SOKAK No: 1 BUCA İZMİR;02324262907;35;İZMİR;;;;38.392762;27.144958;08:30-00:00/00:00-12:30;KAPALI;KAPALI;1;2026-09-21 08:30:12
5913;PTT_SUBE;7993;NERGİS  ŞUBESİ;AKSOY MAHALLESİ 1671 SOKAK No: 161 A KARŞIYAKA İZMİR;02323680918;35;İZMİR;;;;38.457852;27.107687;08:30-12:30/13:30-17:00;KAPALI;KAPALI;1;2026-09-21 08:30:12
5912;PTT_SUBE;2447;ONUR MAHALLESİ  ŞUBESİ;ONUR MAHALLESİ 7370 SOKAK No: 66 /1A BAYRAKLI İZMİR;02323633635;35;İZMİR;;;;38.483342;27.131103;08:30-12:30/13:30-17:00;KAPALI;KAPALI;1;2026-09-21 08:30:12
5911;PTT_SUBE;5604;ORCANER  ŞUBESİ;CENNETOĞLU MAHALLESİ YEŞİLLİK CADDE No: 228 -230 KARABAĞLAR İZMİR;02322544288;35;İZMİR;;;;38.389547;27.134144;08:30-12:30/13:30-17:00;KAPALI;KAPALI;1;2026-09-21 08:30:12
5910;PTT_SUBE;2488;OTOGAR  ŞUBESİ;KARACAOĞLAN MAHALLESİ KEMALPAŞA CADDE No: 285 /2 BORNOVA İZMİR;02324720383;35;İZMİR;;;;38.430684875;27.213577695;08:30-12:30/13:30-17:00;KAPALI;KAPALI;1;2026-09-21 08:30:12
5909;PTT_SUBE;1307;OTOKENT  ŞUBESİ;İNÖNÜ MAHALLESİ 677/19 SOKAK No: 123 BUCA İZMİR;02322822023;35;İZMİR;;;;38.350231;27.140789;08:30-12:30/13:30-17:00;KAPALI;KAPALI;1;2026-09-21 08:30:12
5905;PTT_SUBE;7638;PANCAR ŞUBESİ;KAZIM KARABEKİR MAHALLESİ İSTASYON CADDE No: 11 B TORBALI İZMİR;02328641450;35;İZMİR;;;;38.19732201;27.23642784;08:30-12:30/13:30-17:00;KAPALI;KAPALI;1;2026-09-21 08:30:12
5904;PTT_SUBE;2301;PASAPORT MÜDÜRLÜĞÜ;AKDENİZ MAHALLESİ CUMHURİYET BULVAR No: 117 KONAK İZMİR;02324469442;35;İZMİR;;;;38.428349;27.133813;08:30-17:00;KAPALI;KAPALI;1;2026-09-21 08:30:12
5903;PTT_SUBE;2480;PAZARYERİ  ŞUBESİ;BARBAROS MAHALLESİ REFİK TULGA CADDE No: 83 D BORNOVA İZMİR;02324616436;35;İZMİR;;;;38.434965;27.191638;08:30-12:30/13:30-17:00;KAPALI;KAPALI;1;2026-09-21 08:30:12
5902;PTT_SUBE;8457;POYRACIK ACENTELİĞİ;POYRACIK MAHALLESİ BERGAMA CADDE No: 1 KINIK İZMİR;00000000000;35;İZMİR;;;;39.09035997;27.34960392;09:00-12:30/13:30-16:30;KAPALI;KAPALI;1;2026-09-21 08:30:12
5901;PTT_SUBE;1490;SEFERİHİSAR MÜDÜRLÜĞÜ;HIDIRLIK MAHALLESİ NECAT HEPKON CADDE No: 6 SEFERİHİSAR İZMİR;02327435780;35;İZMİR;;;;38.194991;26.83961;08:30-17:00;KAPALI;KAPALI;1;2026-09-21 08:30:12
5900;PTT_SUBE;4028;SELÇUK MÜDÜRLÜĞÜ;ATATÜRK MAHALLESİ CENGİZ TOPEL CADDE No: 3 SELÇUK İZMİR;02328926480;35;İZMİR;;;;37.950313991;27.371295518;08:30-17:00;KAPALI;KAPALI;1;2026-09-21 08:30:12
5899;PTT_SUBE;2701;SEVGİ YOLU  ŞUBESİ;BAYRAKLI MAHALLESİ 1921 SOKAK No: 11 BAYRAKLI İZMİR;02323717699;35;İZMİR;;;;38.463097;27.166892;08:30-12:30/13:30-17:00;KAPALI;KAPALI;1;2026-09-21 08:30:12
5898;PTT_SUBE;3285;SUBAŞI  ŞUBESİ;19 MAYIS MAHALLESİ OSMAN DİRİK CADDE No: 62 TORBALI İZMİR;02328685763;35;İZMİR;;;;38.106003;27.436814;08:30-12:30/13:30-17:00;KAPALI;KAPALI;1;2026-09-21 08:30:12
5895;PTT_SUBE;1447;TINAZTEPE YERLEŞKESİ   ŞUBESİ;ADATEPE MAHALLESİ DOĞUŞ CADDE No: 207 A BUCA İZMİR;02324535390;35;İZMİR;;;;38.371834;27.201789;08:30-12:30/13:30-17:00;KAPALI;KAPALI;1;2026-09-21 08:30:12
5893;PTT_SUBE;8483;TORBALI KARGO ŞUBE ŞEFLİĞİ;ALPKENT MAHALLESİ CEMALİ TUNCER BULVAR No: 8 A TORBALI İZMİR;02328567778;35;İZMİR;;;;38.168019;27.356034;08:30-12:30/13:30-17:00;08:30-12:30/13:30-17:00;KAPALI;1;2026-09-21 08:30:12
5892;PTT_SUBE;4030;TORBALI MÜDÜRLÜĞÜ;ERTUĞRUL MAHALLESİ 3002 SOKAK No: 4 TORBALI İZMİR;02328567778;35;İZMİR;;;;38.15528;27.356808;08:30-17:00;KAPALI;KAPALI;1;2026-09-21 08:30:12
5891;PTT_SUBE;8080;TOROS  ŞUBESİ;ULUBATLI MAHALLESİ 2740 SOKAK No: 81 KONAK İZMİR;02324330656;35;İZMİR;;;;38.41006;27.170618;08:30-12:30/13:30-17:00;KAPALI;KAPALI;1;2026-09-21 08:30:12
5894;PTT_SUBE;7173;TİRE MÜDÜRLÜĞÜ;YENİ MAHALLESİ İSTASYON CADDE No: 2 TİRE İZMİR;02325121438;35;İZMİR;;;;38.090245;27.731749;08:30-17:00;KAPALI;KAPALI;1;2026-09-21 08:30:12
5890;PTT_SUBE;6475;ULAMIŞ ACENTELİĞİ;ULAMIŞ MAHALLESİ HAMAM CADDE No: 1 B SEFERİHİSAR İZMİR;02327468084;35;İZMİR;;;;38.24692;26.842628;09:00-12:30/13:30-17:00;KAPALI;KAPALI;1;2026-09-21 08:30:12
5889;PTT_SUBE;2516;ULUCAK  ŞUBESİ;ULUCAK İSTİKLAL MAHALLESİ 9299 SOKAK No: 6 KEMALPAŞA İZMİR;02328734241;35;İZMİR;;;;38.47927896;27.35853516;08:30-12:30/13:30-17:00;KAPALI;KAPALI;1;2026-09-21 08:30:12
5888;PTT_SUBE;2499;URLA ADLİYE  ŞUBESİ;RÜSTEM MAHALLESİ YILDIZTEPE SOKAK No: 12 URLA İZMİR;02327545470;35;İZMİR;;;;38.328703911;26.762165556;KAPALI;KAPALI;KAPALI;1;2026-09-21 08:30:12
5887;PTT_SUBE;1306;URLA MÜDÜRLÜĞÜ;HACI İSA MAHALLESİ BÜLENT BARATALI BULVAR No: 5 A URLA İZMİR;02327541480;35;İZMİR;;;;38.324190106;26.766946678;08:30-17:00;KAPALI;KAPALI;1;2026-09-21 08:30:12
5884;PTT_SUBE;8456;YAYAKENT ACENTELİĞİ;YAYAKENT MAHALLESİ YAYAKENT CUMHURİYET MEYDAN No: 34 KINIK İZMİR;00000000000;35;İZMİR;;;;39.08659401;27.30733092;08:30-12:30/13:30-16:30;KAPALI;KAPALI;1;2026-09-21 08:30:12
5883;PTT_SUBE;6600;YELKİ ŞUBESİ;YELKİ MAHALLESİ 2251 SOKAK No: 1 C GÜZELBAHÇE İZMİR;02322368056;35;İZMİR;;;;38.341177;26.866558;08:30-12:30/13:30-17:00;KAPALI;KAPALI;1;2026-09-21 08:30:12
5882;PTT_SUBE;2456;YENİ GİRNE  ŞUBESİ;ÖRNEKKÖY MAHALLESİ 7465 SOKAK No: 18 /1B KARŞIYAKA İZMİR;02323630073;35;İZMİR;;;;38.479266;27.11464;08:30-12:30/13:30-17:00;KAPALI;KAPALI;1;2026-09-21 08:30:12
5881;PTT_SUBE;4232;YENİFOÇA  ŞUBESİ;FEVZİ ÇAKMAK MAHALLESİ KURTULUŞ CADDE No: 1 FOÇA İZMİR;02328146286;35;İZMİR;;;;38.74177701;26.83648188;08:30-12:30/13:30-17:00;KAPALI;KAPALI;1;2026-09-21 08:30:12
5880;PTT_SUBE;7920;YENİŞAKRAN ŞUBESİ;ŞAKRAN SAYFİYE MAHALLESİ ŞAİR NAMIK KEMAL CADDE No: 37 /1A ALİAĞA İZMİR;02326161480;35;İZMİR;;;;38.88444699;27.06712596;08:30-12:30/13:30-17:00;KAPALI;KAPALI;1;2026-09-21 08:30:12
5879;PTT_SUBE;7784;YEŞİLYURT  ŞUBESİ;ESENLİK MAHALLESİ ANT CADDE No: 61 -63 KARABAĞLAR İZMİR;02322447898;35;İZMİR;;;;38.395381;27.112069;08:30-12:30/13:30-17:00;KAPALI;KAPALI;1;2026-09-21 08:30:12
5878;PTT_SUBE;2604;ZEYTİNDAĞ  ŞUBESİ;ZEYTİNDAĞ MAHALLESİ POSTANE SOKAK No: 1 /1 BERGAMA İZMİR;02326427139;35;İZMİR;;;;38.968415;27.071838;08:30-12:30/13:30-17:00;KAPALI;KAPALI;1;2026-09-21 08:30:12
5876;PTT_SUBE;2445;ZÜBEYDE HANIM  ŞUBESİ;ZÜBEYDE HANIM MAHALLESİ 7532 SOKAK No: 122 A KARŞIYAKA İZMİR;02323618084;35;İZMİR;;;;38.490313;27.108838;08:30-12:30/13:30-17:00;KAPALI;KAPALI;1;2026-09-21 08:30:12
5877;PTT_SUBE;7830;ZİNCİRLİKUYU  ŞUBESİ;GÜLYAKA MAHALLESİ ESKİİZMİR CADDE No: 248 KARABAĞLAR İZMİR;02322567071;35;İZMİR;;;;38.389692;27.12069;08:30-12:30/13:30-17:00;KAPALI;KAPALI;1;2026-09-21 08:30:12
5981;PTT_SUBE;2440;ÇAMDİBİ MÜDÜRLÜĞÜ;RAFET PAŞA MAHALLESİ 5256 SOKAK No: 9 BORNOVA İZMİR;02324610526;35;İZMİR;;;;38.440265;27.199764;08:30-17:00;KAPALI;KAPALI;1;2026-09-21 08:30:12
5980;PTT_SUBE;1738;ÇANDARLI  ŞUBESİ;ÇANDARLI MAHALLESİ POSTANE SOKAK No: 13 DİKİLİ İZMİR;02326733451;35;İZMİR;;;;38.935366;26.935334;08:30-12:30/13:30-17:00;KAPALI;KAPALI;1;2026-09-21 08:30:12
5979;PTT_SUBE;7017;ÇARŞI  ŞUBESİ;DONANMACI MAHALLESİ KEMALPAŞA CADDE No: 165 KARŞIYAKA İZMİR;02323810053;35;İZMİR;;;;38.457629;27.115798;08:30-12:30/13:30-17:00;KAPALI;KAPALI;1;2026-09-21 08:30:12
5978;PTT_SUBE;3284;ÇAYBAŞI  ŞUBESİ;YENİ MAHALLESİ MENDERES CADDE No: 46 C TORBALI İZMİR;02328651565;35;İZMİR;;;;38.13762996;27.377811;08:30-12:30/13:30-17:00;KAPALI;KAPALI;1;2026-09-21 08:30:12
5977;PTT_SUBE;2636;ÇEŞME MÜDÜRLÜĞÜ;16 EYLÜL MAHALLESİ 3053 SOKAK No: 24 ÇEŞME İZMİR;02327126348;35;İZMİR;;;;38.326073;26.301384;08:30-17:00;KAPALI;KAPALI;1;2026-09-21 08:30:12
5975;PTT_SUBE;4053;ÇEŞME-ILICA  ŞUBESİ;ILICA MAHALLESİ 5082 SOKAK No: 6 /1 ÇEŞME İZMİR;02327232449;35;İZMİR;;;;38.308352;26.360328;08:30-12:30/13:30-17:00;KAPALI;KAPALI;1;2026-09-21 08:30:12
5976;PTT_SUBE;1501;ÇEŞMEALTI ŞUBESİ;GÜVENDİK MAHALLESİ GÜVENDİK OKUL CADDE No: 22 A URLA İZMİR;02327554184;35;İZMİR;;;;38.394423;26.744747;08:30-12:30/13:30-17:00;KAPALI;KAPALI;1;2026-09-21 08:30:12
5974;PTT_SUBE;4005;ÇIRPI ŞUBESİ;ÇIRPI CAMİ MAHALLESİ ABDİ YALÇIN CADDE No: 14 BAYINDIR İZMİR;02325836393;35;İZMİR;;;;38.16816399;27.49887684;08:30-12:30/13:30-17:00;KAPALI;KAPALI;1;2026-09-21 08:30:12
5973;PTT_SUBE;1729;ÇİĞLİ MÜDÜRLÜĞÜ;ATAŞEHİR MAHALLESİ ESKİ HAVAALANI CADDE No: 21 ÇİĞLİ İZMİR;02323763015;35;İZMİR;;;;38.493293;27.060169;08:30-00:00;KAPALI;KAPALI;1;2026-09-21 08:30:12
5972;PTT_SUBE;7800;ÇİĞLİ POSTA DAĞITIM  MÜDÜRLÜĞÜ;KÜÇÜK ÇİĞLİ MAHALLESİ 8708 SOKAK No: 2 ÇİĞLİ İZMİR;02324611430;35;İZMİR;;;;38.496812;27.060409;08:30-17:00;KAPALI;KAPALI;1;2026-09-21 08:30:12
5908;PTT_SUBE;1018;ÖDEMİŞ MÜDÜRLÜĞÜ;AKINCILAR MAHALLESİ DR.MUSTAFA BEY CADDE No: 2 ÖDEMİŞ İZMİR;02325448400;35;İZMİR;;;;38.22804198;27.97016508;08:30-17:00;KAPALI;KAPALI;1;2026-09-21 08:30:12
5907;PTT_SUBE;969;ÖZDERE  ŞUBESİ;ÇUKURALTI MAHALLESİ POSTACI ÇETİN BAYSAN SOKAK No: 2 MENDERES İZMİR;02327976191;35;İZMİR;;;;38.021678;27.097011;08:30-12:30/13:30-17:00;KAPALI;KAPALI;1;2026-09-21 08:30:12
5906;PTT_SUBE;2698;ÖZKANLAR SİTESİ  ŞUBESİ;MANSUROĞLU MAHALLESİ 258 SOKAK No: 18 A BAYRAKLI İZMİR;02323476062;35;İZMİR;;;;38.458947;27.197377;08:30-12:30/13:30-17:00;KAPALI;KAPALI;1;2026-09-21 08:30:12
5885;PTT_SUBE;988;ÜRKMEZ ŞUBESİ;BENGİLER MAHALLESİ 6201 SOKAK No: 4 SEFERİHİSAR İZMİR;02327421690;35;İZMİR;;;;38.07852903;26.95655196;08:30-12:30/13:30-17:00;KAPALI;KAPALI;1;2026-09-21 08:30:12
5886;PTT_SUBE;8040;ÜÇKUYULAR KURUMSAL ACENTELİĞİ;ATATÜRK MAHALLESİ 207 SOKAK No: 7 -9 BUCA İZMİR;05546929391;35;İZMİR;;;;38.381089218;27.177253309;08:30-12:30/13:30-19:00;09:00-00:00/00:00-14:00;KAPALI;1;2026-09-21 08:30:12
5947;PTT_SUBE;1314;İSKELE  ŞUBESİ;İSKELE MAHALLESİ MİTHATPAŞA CADDE No: 107 URLA İZMİR;02327521453;35;İZMİR;;;;38.363148;26.771895;08:30-12:30/13:30-17:00;KAPALI;KAPALI;1;2026-09-21 08:30:12
5946;PTT_SUBE;8407;İSTİHKAM OKULU VE EĞİTİM MERKEZİ  ŞUBESİ;HUZUR MAHALLESİ MİTHATPAŞA CADDE No: 585 /1 NARLIDERE İZMİR;02322384000;35;İZMİR;;;;38.393269386;26.973062456;08:30-12:30/13:30-17:00;KAPALI;KAPALI;1;2026-09-21 08:30:12
5945;PTT_SUBE;8287;İTOB OSB ŞUBESİ;İTOB OSB MAHALLESİ İTOB DOKUZEYLÜL BULVAR No: 1 B MENDERES İZMİR;0;35;İZMİR;;;;38.200748;27.202622;08:30-12:30/13:30-17:00;KAPALI;KAPALI;1;2026-09-21 08:30:12
5944;PTT_SUBE;694;İZMİR ADLİYE MÜDÜRLÜĞÜ;ÇINARLI MAHALLESİ MANAS BULVAR No: 1 KONAK İZMİR;02324624561;35;İZMİR;;;;38.449232;27.179409;08:30-17:00;KAPALI;KAPALI;1;2026-09-21 08:30:12
5943;PTT_SUBE;7373;İZMİR KARGO DAĞITIM  MÜDÜRLÜĞÜ;ÇINARLI MAHALLESİ MANAS BULVAR No: 1 KONAK İZMİR;02324869235;35;İZMİR;;;;38.449232;27.179409;08:30-12:30;08:30-12:30;KAPALI;1;2026-09-21 08:30:12
5942;PTT_SUBE;7929;İZMİR POSTA KARGO İŞLEME  MÜDÜRLÜĞÜ;ÇINARLI MAHALLESİ MANAS BULVAR No: 1 KONAK İZMİR;02324350494;35;İZMİR;;;;38.449232;27.179409;08:30-17:00;KAPALI;KAPALI;1;2026-09-21 08:30:12
5941;PTT_SUBE;6336;İZMİR YÜKSEK TEKNOLOJİ ENSTİTÜSÜ   ŞUBESİ;GÜLBAHÇE MAHALLESİ GÜLBAHÇE CADDE No: 2 URLA İZMİR;02327659007;35;İZMİR;;;;38.32172703;26.64676008;KAPALI;KAPALI;KAPALI;1;2026-09-21 08:30:12
5897;PTT_SUBE;2634;ŞEHİT FETHİ SEKİN  ŞUBESİ;ÇINARLI MAHALLESİ ŞEHİT POLİS FETHİ SEKİN CADDE No: 7  -9- KONAK İZMİR;02324621178;35;İZMİR;;;;38.449352;27.177005;08:30-12:30/13:30-17:00;KAPALI;KAPALI;1;2026-09-21 08:30:12
5896;PTT_SUBE;2622;ŞİRİNYER MÜDÜRLÜĞÜ;GÜVEN MAHALLESİ MENDERES CADDE No: 252 A BUCA İZMİR;02324872595;35;İZMİR;;;;38.393052398;27.151557262;08:30-12:30/13:30-17:00;KAPALI;KAPALI;1;2026-09-21 08:30:12
7084;PTT_SUBE;7473;ADLİYE SARAYI  ŞUBESİ;PAŞABAĞI MAHALLESİ 775 SOKAK No: 28 HALİLİYE ŞANLIURFA;04142154698;63;ŞANLIURFA;;;;37.159998;38.80281;08:30-12:30/13:30-17:00;KAPALI;KAPALI;1;2026-09-21 08:30:26
7083;PTT_SUBE;6487;ADLİYESARAYI  ŞUBESİ;GÜNEY MAHALLESİ ATATÜRK BULVAR No: 2 SİVEREK ŞANLIURFA;04145522170;63;ŞANLIURFA;;;;37.749953294;39.31795906;08:30-12:30/13:30-17:30;KAPALI;KAPALI;1;2026-09-21 08:30:26
7082;PTT_SUBE;3249;AKÇAKALE MÜDÜRLÜĞÜ;FATİH SULTAN MEHMET MAHALLESİ MEHMET AKİF ERSOY CADDE No: 8 AKÇAKALE ŞANLIURFA;04144112001;63;ŞANLIURFA;;;;36.713593;38.94697;08:30-17:30;KAPALI;KAPALI;1;2026-09-21 08:30:26
7081;PTT_SUBE;7270;BALIKLIGÖL POSTA KARGO DAĞITIM  MÜDÜRLÜĞÜ;YUSUFPAŞA MAHALLESİ SARAYÖNÜ CADDE No: 62 EYYÜBİYE ŞANLIURFA;04142154766;63;ŞANLIURFA;;;;37.153827;38.790643;08:30-12:30;08:30-12:30;KAPALI;1;2026-09-21 08:30:26
7079;PTT_SUBE;4862;BOZOVA MÜDÜRLÜĞÜ;FEVZİ ÇAKMAK MAHALLESİ İNÖNÜ CADDE No: 5 A BOZOVA ŞANLIURFA;04147115150;63;ŞANLIURFA;;;;37.36505;38.53154;08:30-17:00;KAPALI;KAPALI;1;2026-09-21 08:30:26
7080;PTT_SUBE;3265;BİRECİK MÜDÜRLÜĞÜ;MEYDAN MAHALLESİ P.T.T CADDE No: 4 A BİRECİK ŞANLIURFA;04146521001;63;ŞANLIURFA;;;;37.023514;37.978486;08:30-17:30;KAPALI;KAPALI;1;2026-09-21 08:30:26
7078;PTT_SUBE;1937;CEYLANPINAR MÜDÜRLÜĞÜ;ULUCAMİ MAHALLESİ 15 TEMMUZ DEMOKRASİ CADDE No: 30 CEYLANPINAR ŞANLIURFA;04144714001;63;ŞANLIURFA;;;;36.845583;40.053214;08:30-17:00;KAPALI;KAPALI;1;2026-09-21 08:30:26
7076;PTT_SUBE;6193;EYYÜBİYE  MÜDÜRLÜĞÜ;SÜLEYMANŞAH MAHALLESİ HAYATİ HARRANİ CADDE No: 25 A EYYÜBİYE ŞANLIURFA;04142473525;63;ŞANLIURFA;;;;37.121606;38.799041;08:30-17:00;KAPALI;KAPALI;1;2026-09-21 08:30:26
7075;PTT_SUBE;245;HALFETİ MÜDÜRLÜĞÜ;KARAOTLAK MAHALLESİ İNÖNÜ CADDE No: 2 HALFETİ ŞANLIURFA;05358307764;63;ŞANLIURFA;;;;37.232142;37.942581;08:30-17:00;KAPALI;KAPALI;1;2026-09-21 08:30:26
7074;PTT_SUBE;4828;HALİLİYE  MÜDÜRLÜĞÜ;YEŞİLDİREK MAHALLESİ EMNİYET CADDE No: 86 A HALİLİYE ŞANLIURFA;04143130133;63;ŞANLIURFA;;;;37.172176;38.812225;08:30-17:30;KAPALI;KAPALI;1;2026-09-21 08:30:26
7073;PTT_SUBE;4855;HARRAN MÜDÜRLÜĞÜ;CUMHURİYET MAHALLESİ 1052 SOKAK No: 4 HARRAN ŞANLIURFA;04144412221;63;ŞANLIURFA;;;;36.862221;39.021739;08:00-17:00;KAPALI;KAPALI;1;2026-09-21 08:30:26
7072;PTT_SUBE;4832;HARRAN ÜNİVERSİTESİ  ŞUBESİ;OSMANBEY MAHALLESİ OSMANBEY MERKEZ KÜME EVLER No: 56 HALİLİYE ŞANLIURFA;04143440090;63;ŞANLIURFA;;;;37.19457099;38.96302788;08:30-12:30/13:30-17:00;KAPALI;KAPALI;1;2026-09-21 08:30:26
7071;PTT_SUBE;3013;HİLVAN MÜDÜRLÜĞÜ;YENİ MAHALLESİ EMİN GÜNER CADDE No: 2 HİLVAN ŞANLIURFA;04146812001;63;ŞANLIURFA;;;;37.58545701;38.95560396;08:30-17:00;KAPALI;KAPALI;1;2026-09-21 08:30:26
7069;PTT_SUBE;7752;KARAALİ ACENTELİĞİ;KARAALİ MAHALLESİ KARAALİ KÜME EVLER No: 148 EYYÜBİYE ŞANLIURFA;00000000000;63;ŞANLIURFA;;;;37.015092;39.15286596;09:00-12:30/13:30-17:00;KAPALI;KAPALI;1;2026-09-21 08:30:26
7068;PTT_SUBE;6290;KARAKÖPRÜ  MÜDÜRLÜĞÜ;ŞENEVLER MAHALLESİ NARLIK CADDE No: 18 KARAKÖPRÜ ŞANLIURFA;04143471179;63;ŞANLIURFA;;;;37.21889502;38.80181988;08:30-17:00;KAPALI;KAPALI;1;2026-09-21 08:30:26
7067;PTT_SUBE;4870;ONBİR NİSAN ŞUBESİ;ALİGÖR MAHALLESİ NAMIK KEMAL CADDE No: 11 SURUÇ ŞANLIURFA;04146215001;63;ŞANLIURFA;;;;37.028205;38.43846396;13:30-17:00/00:00-17:00;KAPALI;KAPALI;1;2026-09-21 08:30:26
7066;PTT_SUBE;8035;OSMANLI KURUMSAL ACENTELİĞİ;HAYATİ HARRANİ MAHALLESİ HAYATİ HARRANİ CADDE No: 93 A EYYÜBİYE ŞANLIURFA;05427102829;63;ŞANLIURFA;;;;37.117514;38.802286;08:30-12:30/13:30-05:30;KAPALI;KAPALI;1;2026-09-21 08:30:26
7065;PTT_SUBE;3038;POSTA İŞLEME VE DAĞITIM  MÜDÜRLÜĞÜ;ATAKENT MAHALLESİ GAP BULVAR No: 128 KARAKÖPRÜ ŞANLIURFA;04142151001;63;ŞANLIURFA;;;;37.225999;38.796046;08:30-20:00;08:30-20:00;KAPALI;1;2026-09-21 08:30:26
7063;PTT_SUBE;136;SURUÇ MÜDÜRLÜĞÜ;AYDIN MAHALLESİ ŞİLAN SOKAK No: 2 SURUÇ ŞANLIURFA;04146114001;63;ŞANLIURFA;;;;36.975553514;38.426346899;08:30-17:30/13:30-17:00;KAPALI;KAPALI;1;2026-09-21 08:30:26
7062;PTT_SUBE;7999;SÜLEYMANİYE  ŞUBESİ;SÜLEYMANİYE MAHALLESİ SÜLEYMANİYE CADDE No: 73 B HALİLİYE ŞANLIURFA;04143516727;63;ŞANLIURFA;;;;37.162581;38.775868;08:30-12:30/13:30-17:00;KAPALI;KAPALI;1;2026-09-21 08:30:26
7064;PTT_SUBE;6357;SİVEREK MÜDÜRLÜĞÜ;CAMİKEBİR MAHALLESİ HÜRRİYET CADDE No: 64 A SİVEREK ŞANLIURFA;04145522170;63;ŞANLIURFA;;;;37.752598848;39.322836651;08:30-17:30;KAPALI;KAPALI;1;2026-09-21 08:30:26
7059;PTT_SUBE;7468;TOKİ  ŞUBESİ;BATIKENT MAHALLESİ 8115 SOKAK No: 45 EYYÜBİYE ŞANLIURFA;04142154698;63;ŞANLIURFA;;;;37.1382;38.739581;08:30-12:30/13:30-17:00;KAPALI;KAPALI;1;2026-09-21 08:30:26
7058;PTT_SUBE;4833;TUGAY  ŞUBESİ;İPEKYOL MAHALLESİ NECMETTİN CEVHERİ CADDE No: 1 /1 HALİLİYE ŞANLIURFA;04143143820;63;ŞANLIURFA;;;;37.171724;38.796324;08:30-12:30/13:30-17:00;KAPALI;KAPALI;1;2026-09-21 08:30:26
7057;PTT_SUBE;4829;VİRANŞEHİR MÜDÜRLÜĞÜ;KIŞLA MAHALLESİ 137 SOKAK No: 5 VİRANŞEHİR ŞANLIURFA;04145114009;63;ŞANLIURFA;;;;37.231847978;39.761109525;08:30-17:00;KAPALI;KAPALI;1;2026-09-21 08:30:26
7056;PTT_SUBE;8259;YAYLAK ACENTESİ;YAYLAK MAHALLESİ MENDERES CADDE No: 49 /1 BOZOVA ŞANLIURFA;05418814238;63;ŞANLIURFA;;;;37.38628404;38.34303588;08:30-12:30/13:30-17:00;KAPALI;KAPALI;1;2026-09-21 08:30:26
7055;PTT_SUBE;4831;YENİŞEHİR  ŞUBESİ;SELAHADDİN EYYÜBİ MAHALLESİ 218 SOKAK No: 2 A HALİLİYE ŞANLIURFA;04143158867;63;ŞANLIURFA;;;;37.166896963;38.800692932;08:30-12:30/13:30-17:00;KAPALI;KAPALI;1;2026-09-21 08:30:26
7054;PTT_SUBE;4863;YUKARGÖKLÜ ŞUBESİ;YUKARIGÖKLÜ MAHALLESİ SAĞLIK OCAĞI CADDE No: 11 HALFETİ ŞANLIURFA;05358307764;63;ŞANLIURFA;;;;37.337741;37.988454;08:30-17:00/08:30-17:00;KAPALI;KAPALI;1;2026-09-21 08:30:26
7077;PTT_SUBE;7462;ÇARŞI MÜDÜRLÜĞÜ;YUSUFPAŞA MAHALLESİ SARAYÖNÜ CADDE No: 62 EYYÜBİYE ŞANLIURFA;04142154698;63;ŞANLIURFA;;;;37.153827;38.790643;08:30-17:00;KAPALI;KAPALI;1;2026-09-21 08:30:26
7070;PTT_SUBE;7705;İPEKYOL  ŞUBESİ;İPEKYOL MAHALLESİ İPEKYOLU BULVAR No: 36 B HALİLİYE ŞANLIURFA;04143130133;63;ŞANLIURFA;;;;37.166092;38.789828;08:30-12:30/13:30-17:00;KAPALI;KAPALI;1;2026-09-21 08:30:26
7061;PTT_SUBE;4868;ŞAİR İBRAHİM RAFET  ŞUBESİ;HAYRİYE MAHALLESİ ŞEYH LÜTFÜ CADDE No: 23 SİVEREK ŞANLIURFA;04145522175;63;ŞANLIURFA;;;;37.758772216;39.316479084;08:30-12:30/13:30-17:30;KAPALI;KAPALI;1;2026-09-21 08:30:26
7060;PTT_SUBE;4930;ŞEHİT NUSRETBEY  ŞUBESİ;YENİ MAHALLESİ İSTASYON CADDE No: 89 AKÇAKALE ŞANLIURFA;05069472021;63;ŞANLIURFA;;;;36.70684;38.94878;08:30-17:30/08:30-17:30;KAPALI;KAPALI;1;2026-09-21 08:30:26
7100;PTT_SUBE;3343;1.TEK.JAN.TUGAY KOMUTANLIĞI  ŞUBESİ;ŞEHRİNUH MAHALLESİ ÖMERLİ CADDE No: 22 MERKEZ ŞIRNAK;04862161988;73;ŞIRNAK;;;;37.530776382;42.451062621;08:30-12:30/13:30-17:30;KAPALI;KAPALI;1;2026-09-21 08:30:26
7099;PTT_SUBE;3345;23.JAN.SINIR TÜM.KOMUTANLIĞI  ŞUBESİ;YEŞİLYURT MAHALLESİ ŞHT.TÜMGENERAL AYDOĞAN AYDIN CADDE No: 1 MERKEZ ŞIRNAK;04862161618;73;ŞIRNAK;;;;37.513189;42.470363;08:30-12:30/13:30-17:30;KAPALI;KAPALI;1;2026-09-21 08:30:26
7098;PTT_SUBE;3372;BEYTÜŞŞEBAP MÜDÜRLÜĞÜ;ELKİ MAHALLESİ 5. CADDE No: 36 BEYTÜŞŞEBAP ŞIRNAK;04863112035;73;ŞIRNAK;;;;37.570758;43.168085;08:30-12:30/13:30-17:30;KAPALI;KAPALI;1;2026-09-21 08:30:26
7097;PTT_SUBE;3357;CİZRE MÜDÜRLÜĞÜ;ŞAH MAHALLESİ MEM U ZİN BULVAR No: 61 CİZRE ŞIRNAK;04866161115;73;ŞIRNAK;;;;37.330548;42.18415;08:30-12:30/13:30-17:30;KAPALI;KAPALI;1;2026-09-21 08:30:26
7096;PTT_SUBE;5791;FINDIK ACENTELİĞİ;FINDIK BELDESİ/BAHÇELİEVLER MAHALLESİ 111 SOKAK No: 8 GÜÇLÜKONAK ŞIRNAK;04860000000;73;ŞIRNAK;;;;37.513984;41.971261;08:30-12:30/13:30-17:30;KAPALI;KAPALI;1;2026-09-21 08:30:26
7095;PTT_SUBE;3368;GENERAL ZEKİ DURLANIK KIŞLASI   ŞUBESİ;ŞHT. HARUN BOY MAHALLESİ İPEKYOLU BULVAR No: 21 C2-12 SİLOPİ ŞIRNAK;04865183310;73;ŞIRNAK;;;;37.243201058;42.476379999;08:30-12:30/13:30-17:30;KAPALI;KAPALI;1;2026-09-21 08:30:26
7094;PTT_SUBE;5810;GÜÇLÜKONAK  ŞUBESİ;YENİ MAHALLESİ SİİRT CADDE No: 6 GÜÇLÜKONAK ŞIRNAK;04866813220;73;ŞIRNAK;;;;37.472847064;41.909129945;08:30-12:30/13:30-17:30;KAPALI;KAPALI;1;2026-09-21 08:30:26
7093;PTT_SUBE;3370;HABUR MÜDÜRLÜĞÜ;CUMHURİYET MAHALLESİ 36 CADDE No: 43 SİLOPİ ŞIRNAK;04865287070;73;ŞIRNAK;;;;37.216185;42.497646;08:30-12:30;KAPALI;KAPALI;1;2026-09-21 08:30:26
7091;PTT_SUBE;3365;SİLOPİ MÜDÜRLÜĞÜ;YEŞİLTEPE MAHALLESİ 628 SOKAK No: 4 SİLOPİ ŞIRNAK;04865181174;73;ŞIRNAK;;;;37.25035;42.46997;08:30-12:30/13:30-17:30;KAPALI;KAPALI;1;2026-09-21 08:30:26
7088;PTT_SUBE;3352;TOKİ  ŞUBESİ;BAHÇELİEVLER MAHALLESİ NUJİN CADDE No: 12 A MERKEZ ŞIRNAK;04862161618;73;ŞIRNAK;;;;37.516805;42.445075;08:30-12:30/13:30-17:30;KAPALI;KAPALI;1;2026-09-21 08:30:26
7087;PTT_SUBE;3374;ULUDERE MÜDÜRLÜĞÜ;KILABAN MAHALLESİ CUMHURİYET CADDE No: 58 A ULUDERE ŞIRNAK;04863512013;73;ŞIRNAK;;;;37.446865737;42.850766087;08:30-12:30/13:30-17:30;KAPALI;KAPALI;1;2026-09-21 08:30:26
7086;PTT_SUBE;3378;UZUNGEÇİT ŞUBESİ;UZUNGEÇİT BELDESİ/YENİŞEHİR MAHALLESİ BEYTÜŞŞEBAP CADDE No: 19 B ULUDERE ŞIRNAK;04863654044;73;ŞIRNAK;;;;37.49227803;42.99515604;08:30-12:30/13:30-17:30;KAPALI;KAPALI;1;2026-09-21 08:30:26
7085;PTT_SUBE;3399;YEMİŞLİ ACENTELİĞİ;YEMİŞLİ KÖYÜ YEMİŞLİ KÜME EVLER No: 30 ULUDERE ŞIRNAK;04863592008;73;ŞIRNAK;;;;37.39444101;43.10100612;08:30-12:30/13:30-17:30;KAPALI;KAPALI;1;2026-09-21 08:30:26
7092;PTT_SUBE;3363;İDİL MÜDÜRLÜĞÜ;AŞAĞI MAHALLESİ HÜKÜMET CADDE No: 66 A İDİL ŞIRNAK;04865512075;73;ŞIRNAK;;;;37.339933;41.893182;08:30-12:30/13:30-17:30;KAPALI;KAPALI;1;2026-09-21 08:30:26
7090;PTT_SUBE;3376;ŞENOBA ŞUBESİ;ŞENOBA BELDESİ/GAZİ MAHALLESİ ŞEHİT YARBAY SONGÜL YAKUT CADDE No: 12 ULUDERE ŞIRNAK;04863544100;73;ŞIRNAK;;;;37.45949;42.722108;08:30-12:30/13:30-17:30;KAPALI;KAPALI;1;2026-09-21 08:30:26
7089;PTT_SUBE;3338;ŞIRNAK MÜDÜRLÜĞÜ;VAKIFKENT MAHALLESİ YENİŞEHİR CADDE No: 42 MERKEZ ŞIRNAK;04862161220;73;ŞIRNAK;;;;37.516186721;42.459252177;08:30-12:30/13:30-17:30;KAPALI;KAPALI;1;2026-09-21 08:30:26
