{
  "type": "FeatureCollection",
  "features": [
    {
      "type": "Feature",
      "geometry": {
        "type": "Point",
        "coordinates": [
          -53.2914,
          -23.7485
        ]
      },
      "properties": {
        "katman": "AIRBNB_ILANI",
        "id": "1772527657678867534",
        "ad": "Ev - Umuarama, Brezilya",
        "alt_tur": "Özel Oda",
        "fiyat_tl": 1796,
        "fiyat_1_gun_tl": 1796,
        "fiyat_1_hafta_tl": null,
        "fiyat_1_ay_tl": null,
        "fiyat_3_ay_tl": null,
        "puan": null,
        "yorum": 0,
        "url": "https://www.airbnb.com.tr/rooms/1772527657678867534"
      }
    },
    {
      "type": "Feature",
      "geometry": {
        "type": "Point",
        "coordinates": [
          105.8482,
          21.0234
        ]
      },
      "properties": {
        "katman": "AIRBNB_ILANI",
        "id": "1772447769218795907",
        "ad": "Cua Nam, Vietnam bölgesinde konaklama yeri",
        "alt_tur": "Özel Oda",
        "fiyat_tl": 788,
        "fiyat_1_gun_tl": 788,
        "fiyat_1_hafta_tl": null,
        "fiyat_1_ay_tl": null,
        "fiyat_3_ay_tl": null,
        "puan": 5.0,
        "yorum": 3,
        "url": "https://www.airbnb.com.tr/rooms/1772447769218795907"
      }
    },
    {
      "type": "Feature",
      "geometry": {
        "type": "Point",
        "coordinates": [
          -48.5516,
          -27.5899
        ]
      },
      "properties": {
        "katman": "AIRBNB_ILANI",
        "id": "1729754015062049142",
        "ad": "Daire - Florianópolis, Brezilya",
        "alt_tur": "Daire",
        "fiyat_tl": 2797,
        "fiyat_1_gun_tl": 2797,
        "fiyat_1_hafta_tl": null,
        "fiyat_1_ay_tl": null,
        "fiyat_3_ay_tl": null,
        "puan": 5.0,
        "yorum": 10,
        "url": "https://www.airbnb.com.tr/rooms/1729754015062049142"
      }
    },
    {
      "type": "Feature",
      "geometry": {
        "type": "Point",
        "coordinates": [
          -76.5257,
          3.4779
        ]
      },
      "properties": {
        "katman": "AIRBNB_ILANI",
        "id": "1759671512234236626",
        "ad": "Daire - Cali, Kolombiya",
        "alt_tur": "Daire",
        "fiyat_tl": 1417,
        "fiyat_1_gun_tl": 1417,
        "fiyat_1_hafta_tl": null,
        "fiyat_1_ay_tl": null,
        "fiyat_3_ay_tl": null,
        "puan": null,
        "yorum": 0,
        "url": "https://www.airbnb.com.tr/rooms/1759671512234236626"
      }
    },
    {
      "type": "Feature",
      "geometry": {
        "type": "Point",
        "coordinates": [
          98.3177,
          7.7771
        ]
      },
      "properties": {
        "katman": "AIRBNB_ILANI",
        "id": "1762524085068576501",
        "ad": "Daire - Rawai, Tayland",
        "alt_tur": "Daire",
        "fiyat_tl": 730,
        "fiyat_1_gun_tl": 730,
        "fiyat_1_hafta_tl": null,
        "fiyat_1_ay_tl": null,
        "fiyat_3_ay_tl": null,
        "puan": 5.0,
        "yorum": 3,
        "url": "https://www.airbnb.com.tr/rooms/1762524085068576501"
      }
    },
    {
      "type": "Feature",
      "geometry": {
        "type": "Point",
        "coordinates": [
          -55.5249,
          -11.8633
        ]
      },
      "properties": {
        "katman": "AIRBNB_ILANI",
        "id": "1766815316199294172",
        "ad": "Ev - Sinop, Brezilya",
        "alt_tur": "Özel Oda",
        "fiyat_tl": 3190,
        "fiyat_1_gun_tl": 3190,
        "fiyat_1_hafta_tl": 3095,
        "fiyat_1_ay_tl": null,
        "fiyat_3_ay_tl": null,
        "puan": null,
        "yorum": 0,
        "url": "https://www.airbnb.com.tr/rooms/1766815316199294172"
      }
    },
    {
      "type": "Feature",
      "geometry": {
        "type": "Point",
        "coordinates": [
          -46.6679,
          -23.614
        ]
      },
      "properties": {
        "katman": "AIRBNB_ILANI",
        "id": "1767495340432691449",
        "ad": "Daire - São Paulo, Brezilya",
        "alt_tur": "Daire",
        "fiyat_tl": 2651,
        "fiyat_1_gun_tl": 2651,
        "fiyat_1_hafta_tl": null,
        "fiyat_1_ay_tl": null,
        "fiyat_3_ay_tl": null,
        "puan": null,
        "yorum": 0,
        "url": "https://www.airbnb.com.tr/rooms/1767495340432691449"
      }
    },
    {
      "type": "Feature",
      "geometry": {
        "type": "Point",
        "coordinates": [
          77.0459,
          28.444
        ]
      },
      "properties": {
        "katman": "AIRBNB_ILANI",
        "id": "1771079262172103969",
        "ad": "Site içi konut - Gurugram, Hindistan",
        "alt_tur": "Daire / Ev",
        "fiyat_tl": 1215,
        "fiyat_1_gun_tl": 1215,
        "fiyat_1_hafta_tl": 968,
        "fiyat_1_ay_tl": null,
        "fiyat_3_ay_tl": null,
        "puan": null,
        "yorum": 0,
        "url": "https://www.airbnb.com.tr/rooms/1771079262172103969"
      }
    },
    {
      "type": "Feature",
      "geometry": {
        "type": "Point",
        "coordinates": [
          -70.6486,
          -33.4532
        ]
      },
      "properties": {
        "katman": "AIRBNB_ILANI",
        "id": "1723184310230119903",
        "ad": "Site içi konut - Santiago, Şili",
        "alt_tur": "Daire / Ev",
        "fiyat_tl": 1681,
        "fiyat_1_gun_tl": 1681,
        "fiyat_1_hafta_tl": null,
        "fiyat_1_ay_tl": null,
        "fiyat_3_ay_tl": null,
        "puan": 5.0,
        "yorum": 22,
        "url": "https://www.airbnb.com.tr/rooms/1723184310230119903"
      }
    },
    {
      "type": "Feature",
      "geometry": {
        "type": "Point",
        "coordinates": [
          -45.8768,
          -22.9423
        ]
      },
      "properties": {
        "katman": "AIRBNB_ILANI",
        "id": "1738490225466305733",
        "ad": "Dağ evi - Monteiro Lobato, Brezilya",
        "alt_tur": "Daire / Ev",
        "fiyat_tl": 8019,
        "fiyat_1_gun_tl": 8019,
        "fiyat_1_hafta_tl": 7485,
        "fiyat_1_ay_tl": null,
        "fiyat_3_ay_tl": null,
        "puan": 5.0,
        "yorum": 7,
        "url": "https://www.airbnb.com.tr/rooms/1738490225466305733"
      }
    },
    {
      "type": "Feature",
      "geometry": {
        "type": "Point",
        "coordinates": [
          -8.0307,
          31.5997
        ]
      },
      "properties": {
        "katman": "AIRBNB_ILANI",
        "id": "1770550704024746886",
        "ad": "Marakeş, Fas bölgesinde oda",
        "alt_tur": "Özel Oda",
        "fiyat_tl": 993,
        "fiyat_1_gun_tl": 993,
        "fiyat_1_hafta_tl": null,
        "fiyat_1_ay_tl": null,
        "fiyat_3_ay_tl": null,
        "puan": 4.67,
        "yorum": 3,
        "url": "https://www.airbnb.com.tr/rooms/1770550704024746886"
      }
    },
    {
      "type": "Feature",
      "geometry": {
        "type": "Point",
        "coordinates": [
          106.9997,
          20.8
        ]
      },
      "properties": {
        "katman": "AIRBNB_ILANI",
        "id": "1713798617060059407",
        "ad": "Tatil köyü - Cat Hai, Vietnam",
        "alt_tur": "Daire / Ev",
        "fiyat_tl": 4044,
        "fiyat_1_gun_tl": 4044,
        "fiyat_1_hafta_tl": null,
        "fiyat_1_ay_tl": null,
        "fiyat_3_ay_tl": null,
        "puan": 5.0,
        "yorum": 9,
        "url": "https://www.airbnb.com.tr/rooms/1713798617060059407"
      }
    },
    {
      "type": "Feature",
      "geometry": {
        "type": "Point",
        "coordinates": [
          -75.5186,
          10.4461
        ]
      },
      "properties": {
        "katman": "AIRBNB_ILANI",
        "id": "1762047221175925340",
        "ad": "Daire - Cartagena, Kolombiya",
        "alt_tur": "Daire",
        "fiyat_tl": 2338,
        "fiyat_1_gun_tl": 2338,
        "fiyat_1_hafta_tl": null,
        "fiyat_1_ay_tl": null,
        "fiyat_3_ay_tl": null,
        "puan": 5.0,
        "yorum": 3,
        "url": "https://www.airbnb.com.tr/rooms/1762047221175925340"
      }
    },
    {
      "type": "Feature",
      "geometry": {
        "type": "Point",
        "coordinates": [
          73.6875,
          24.5866
        ]
      },
      "properties": {
        "katman": "AIRBNB_ILANI",
        "id": "1770157655694420240",
        "ad": "Otel - Udaipur, Hindistan",
        "alt_tur": "Özel Oda",
        "fiyat_tl": 555,
        "fiyat_1_gun_tl": 555,
        "fiyat_1_hafta_tl": null,
        "fiyat_1_ay_tl": null,
        "fiyat_3_ay_tl": null,
        "puan": null,
        "yorum": 0,
        "url": "https://www.airbnb.com.tr/rooms/1770157655694420240"
      }
    },
    {
      "type": "Feature",
      "geometry": {
        "type": "Point",
        "coordinates": [
          91.8086,
          26.1395
        ]
      },
      "properties": {
        "katman": "AIRBNB_ILANI",
        "id": "1770937400011862959",
        "ad": "Ev - Guwahati, Hindistan",
        "alt_tur": "Özel Oda",
        "fiyat_tl": 976,
        "fiyat_1_gun_tl": 976,
        "fiyat_1_hafta_tl": null,
        "fiyat_1_ay_tl": null,
        "fiyat_3_ay_tl": null,
        "puan": null,
        "yorum": 0,
        "url": "https://www.airbnb.com.tr/rooms/1770937400011862959"
      }
    },
    {
      "type": "Feature",
      "geometry": {
        "type": "Point",
        "coordinates": [
          30.103,
          -1.9373
        ]
      },
      "properties": {
        "katman": "AIRBNB_ILANI",
        "id": "1763939380949890031",
        "ad": "Daire - Kigali, Ruanda",
        "alt_tur": "Daire",
        "fiyat_tl": 1703,
        "fiyat_1_gun_tl": 1703,
        "fiyat_1_hafta_tl": null,
        "fiyat_1_ay_tl": null,
        "fiyat_3_ay_tl": null,
        "puan": null,
        "yorum": 0,
        "url": "https://www.airbnb.com.tr/rooms/1763939380949890031"
      }
    },
    {
      "type": "Feature",
      "geometry": {
        "type": "Point",
        "coordinates": [
          125.6099,
          7.088
        ]
      },
      "properties": {
        "katman": "AIRBNB_ILANI",
        "id": "1764205132622242338",
        "ad": "Daire - Davao Şehri, Filipinler",
        "alt_tur": "Daire",
        "fiyat_tl": 1791,
        "fiyat_1_gun_tl": 1791,
        "fiyat_1_hafta_tl": null,
        "fiyat_1_ay_tl": null,
        "fiyat_3_ay_tl": null,
        "puan": null,
        "yorum": 0,
        "url": "https://www.airbnb.com.tr/rooms/1764205132622242338"
      }
    },
    {
      "type": "Feature",
      "geometry": {
        "type": "Point",
        "coordinates": [
          74.4477,
          31.5025
        ]
      },
      "properties": {
        "katman": "AIRBNB_ILANI",
        "id": "1769558909515375783",
        "ad": "Daire - Lahor, Pakistan",
        "alt_tur": "Daire",
        "fiyat_tl": 1581,
        "fiyat_1_gun_tl": 1581,
        "fiyat_1_hafta_tl": null,
        "fiyat_1_ay_tl": null,
        "fiyat_3_ay_tl": null,
        "puan": null,
        "yorum": 0,
        "url": "https://www.airbnb.com.tr/rooms/1769558909515375783"
      }
    },
    {
      "type": "Feature",
      "geometry": {
        "type": "Point",
        "coordinates": [
          -71.4459,
          -41.1003
        ]
      },
      "properties": {
        "katman": "AIRBNB_ILANI",
        "id": "1729224940812598013",
        "ad": "Ev - Bariloche, Arjantin",
        "alt_tur": "Daire / Ev",
        "fiyat_tl": 14596,
        "fiyat_1_gun_tl": null,
        "fiyat_1_hafta_tl": null,
        "fiyat_1_ay_tl": 14596,
        "fiyat_3_ay_tl": null,
        "puan": 5.0,
        "yorum": 7,
        "url": "https://www.airbnb.com.tr/rooms/1729224940812598013"
      }
    },
    {
      "type": "Feature",
      "geometry": {
        "type": "Point",
        "coordinates": [
          -53.4647,
          47.3994
        ]
      },
      "properties": {
        "katman": "AIRBNB_ILANI",
        "id": "1709679121747383812",
        "ad": "Kulübe - Whitbourne, Kanada",
        "alt_tur": "Daire / Ev",
        "fiyat_tl": 13102,
        "fiyat_1_gun_tl": null,
        "fiyat_1_hafta_tl": null,
        "fiyat_1_ay_tl": 13102,
        "fiyat_3_ay_tl": null,
        "puan": 5.0,
        "yorum": 8,
        "url": "https://www.airbnb.com.tr/rooms/1709679121747383812"
      }
    },
    {
      "type": "Feature",
      "geometry": {
        "type": "Point",
        "coordinates": [
          -76.784,
          -12.3787
        ]
      },
      "properties": {
        "katman": "AIRBNB_ILANI",
        "id": "1765244384974122474",
        "ad": "Ev - Punta Negra, Peru",
        "alt_tur": "Daire / Ev",
        "fiyat_tl": 18272,
        "fiyat_1_gun_tl": null,
        "fiyat_1_hafta_tl": null,
        "fiyat_1_ay_tl": 18272,
        "fiyat_3_ay_tl": null,
        "puan": null,
        "yorum": 0,
        "url": "https://www.airbnb.com.tr/rooms/1765244384974122474"
      }
    },
    {
      "type": "Feature",
      "geometry": {
        "type": "Point",
        "coordinates": [
          -7.4588,
          41.0972
        ]
      },
      "properties": {
        "katman": "AIRBNB_ILANI",
        "id": "1765876049215006267",
        "ad": "Ev - Várzea de Trevões, Portekiz",
        "alt_tur": "Daire / Ev",
        "fiyat_tl": 5557,
        "fiyat_1_gun_tl": null,
        "fiyat_1_hafta_tl": 6175,
        "fiyat_1_ay_tl": 5557,
        "fiyat_3_ay_tl": 6175,
        "puan": null,
        "yorum": 0,
        "url": "https://www.airbnb.com.tr/rooms/1765876049215006267"
      }
    },
    {
      "type": "Feature",
      "geometry": {
        "type": "Point",
        "coordinates": [
          -84.91003029958023,
          32.427270764782335
        ]
      },
      "properties": {
        "katman": "AIRBNB_ILANI",
        "id": "1733344099913664451",
        "ad": "Ev - Columbus, Georgia, Amerika Birleşik Devletleri",
        "alt_tur": "Özel Oda",
        "fiyat_tl": 26207,
        "fiyat_1_gun_tl": null,
        "fiyat_1_hafta_tl": null,
        "fiyat_1_ay_tl": 26207,
        "fiyat_3_ay_tl": 23961,
        "puan": null,
        "yorum": 0,
        "url": "https://www.airbnb.com.tr/rooms/1733344099913664451"
      }
    },
    {
      "type": "Feature",
      "geometry": {
        "type": "Point",
        "coordinates": [
          -105.75036,
          53.18378
        ]
      },
      "properties": {
        "katman": "AIRBNB_ILANI",
        "id": "1557302803956054080",
        "ad": "Ev - Prince Albert, Kanada",
        "alt_tur": "Özel Oda",
        "fiyat_tl": 9888,
        "fiyat_1_gun_tl": null,
        "fiyat_1_hafta_tl": null,
        "fiyat_1_ay_tl": 9888,
        "fiyat_3_ay_tl": null,
        "puan": 4.95,
        "yorum": 22,
        "url": "https://www.airbnb.com.tr/rooms/1557302803956054080"
      }
    },
    {
      "type": "Feature",
      "geometry": {
        "type": "Point",
        "coordinates": [
          103.8349,
          22.3345
        ]
      },
      "properties": {
        "katman": "AIRBNB_ILANI",
        "id": "1762166961257401290",
        "ad": "Daire - Sa Pa, Vietnam",
        "alt_tur": "Daire",
        "fiyat_tl": 1714,
        "fiyat_1_gun_tl": null,
        "fiyat_1_hafta_tl": null,
        "fiyat_1_ay_tl": 1714,
        "fiyat_3_ay_tl": 1633,
        "puan": null,
        "yorum": 0,
        "url": "https://www.airbnb.com.tr/rooms/1762166961257401290"
      }
    },
    {
      "type": "Feature",
      "geometry": {
        "type": "Point",
        "coordinates": [
          -95.4251,
          30.087
        ]
      },
      "properties": {
        "katman": "AIRBNB_ILANI",
        "id": "1661669226864307400",
        "ad": "Ev - Spring, Teksas, Amerika Birleşik Devletleri",
        "alt_tur": "Daire / Ev",
        "fiyat_tl": 15155,
        "fiyat_1_gun_tl": null,
        "fiyat_1_hafta_tl": null,
        "fiyat_1_ay_tl": 15155,
        "fiyat_3_ay_tl": 10995,
        "puan": null,
        "yorum": 0,
        "url": "https://www.airbnb.com.tr/rooms/1661669226864307400"
      }
    },
    {
      "type": "Feature",
      "geometry": {
        "type": "Point",
        "coordinates": [
          11.4635,
          59.9867
        ]
      },
      "properties": {
        "katman": "AIRBNB_ILANI",
        "id": "1735718397418810763",
        "ad": "Kulübe - Aurskog-Høland, Norveç",
        "alt_tur": "Daire / Ev",
        "fiyat_tl": 13008,
        "fiyat_1_gun_tl": null,
        "fiyat_1_hafta_tl": null,
        "fiyat_1_ay_tl": 13008,
        "fiyat_3_ay_tl": null,
        "puan": null,
        "yorum": 0,
        "url": "https://www.airbnb.com.tr/rooms/1735718397418810763"
      }
    },
    {
      "type": "Feature",
      "geometry": {
        "type": "Point",
        "coordinates": [
          -90.53961,
          38.7938
        ]
      },
      "properties": {
        "katman": "AIRBNB_ILANI",
        "id": "1767602564275244373",
        "ad": "Ev - St. Charles, Missouri, Amerika Birleşik Devletleri",
        "alt_tur": "Özel Oda",
        "fiyat_tl": 10721,
        "fiyat_1_gun_tl": null,
        "fiyat_1_hafta_tl": null,
        "fiyat_1_ay_tl": 10721,
        "fiyat_3_ay_tl": null,
        "puan": null,
        "yorum": 0,
        "url": "https://www.airbnb.com.tr/rooms/1767602564275244373"
      }
    },
    {
      "type": "Feature",
      "geometry": {
        "type": "Point",
        "coordinates": [
          -71.1837,
          -32.9939
        ]
      },
      "properties": {
        "katman": "AIRBNB_ILANI",
        "id": "1329667442354481942",
        "ad": "Ev - Olmué, Şili",
        "alt_tur": "Daire / Ev",
        "fiyat_tl": 14389,
        "fiyat_1_gun_tl": null,
        "fiyat_1_hafta_tl": null,
        "fiyat_1_ay_tl": 14389,
        "fiyat_3_ay_tl": null,
        "puan": 5.0,
        "yorum": 3,
        "url": "https://www.airbnb.com.tr/rooms/1329667442354481942"
      }
    },
    {
      "type": "Feature",
      "geometry": {
        "type": "Point",
        "coordinates": [
          36.5267,
          -1.3615
        ]
      },
      "properties": {
        "katman": "AIRBNB_ILANI",
        "id": "1715069802583018599",
        "ad": "Villa - Saikeri, Kenya",
        "alt_tur": "Müstakil Villa",
        "fiyat_tl": 8772,
        "fiyat_1_gun_tl": null,
        "fiyat_1_hafta_tl": null,
        "fiyat_1_ay_tl": 8772,
        "fiyat_3_ay_tl": null,
        "puan": 5.0,
        "yorum": 3,
        "url": "https://www.airbnb.com.tr/rooms/1715069802583018599"
      }
    },
    {
      "type": "Feature",
      "geometry": {
        "type": "Point",
        "coordinates": [
          136.86464355100682,
          35.199833362989025
        ]
      },
      "properties": {
        "katman": "AIRBNB_ILANI",
        "id": "1666494564588657870",
        "ad": "Ev - Kiyosu, Japonya",
        "alt_tur": "Daire / Ev",
        "fiyat_tl": 5953,
        "fiyat_1_gun_tl": null,
        "fiyat_1_hafta_tl": null,
        "fiyat_1_ay_tl": 5953,
        "fiyat_3_ay_tl": null,
        "puan": null,
        "yorum": 0,
        "url": "https://www.airbnb.com.tr/rooms/1666494564588657870"
      }
    },
    {
      "type": "Feature",
      "geometry": {
        "type": "Point",
        "coordinates": [
          -105.2413,
          20.6445
        ]
      },
      "properties": {
        "katman": "AIRBNB_ILANI",
        "id": "1751934497596680246",
        "ad": "Daire - Puerto Vallarta, Meksika",
        "alt_tur": "Daire",
        "fiyat_tl": 37447,
        "fiyat_1_gun_tl": null,
        "fiyat_1_hafta_tl": null,
        "fiyat_1_ay_tl": 37447,
        "fiyat_3_ay_tl": 35745,
        "puan": 5.0,
        "yorum": 4,
        "url": "https://www.airbnb.com.tr/rooms/1751934497596680246"
      }
    },
    {
      "type": "Feature",
      "geometry": {
        "type": "Point",
        "coordinates": [
          13.5655,
          52.7597
        ]
      },
      "properties": {
        "katman": "AIRBNB_ILANI",
        "id": "1765439216057492939",
        "ad": "Şato - Wandlitz, Almanya",
        "alt_tur": "Özel Oda",
        "fiyat_tl": 10946,
        "fiyat_1_gun_tl": null,
        "fiyat_1_hafta_tl": null,
        "fiyat_1_ay_tl": 10946,
        "fiyat_3_ay_tl": null,
        "puan": null,
        "yorum": 0,
        "url": "https://www.airbnb.com.tr/rooms/1765439216057492939"
      }
    },
    {
      "type": "Feature",
      "geometry": {
        "type": "Point",
        "coordinates": [
          -114.27722,
          34.46698
        ]
      },
      "properties": {
        "katman": "AIRBNB_ILANI",
        "id": "1703314472780252122",
        "ad": "Ev - Lake Havasu City, Arizona, Amerika Birleşik Devletleri",
        "alt_tur": "Daire / Ev",
        "fiyat_tl": 15812,
        "fiyat_1_gun_tl": null,
        "fiyat_1_hafta_tl": null,
        "fiyat_1_ay_tl": 15812,
        "fiyat_3_ay_tl": null,
        "puan": null,
        "yorum": 0,
        "url": "https://www.airbnb.com.tr/rooms/1703314472780252122"
      }
    },
    {
      "type": "Feature",
      "geometry": {
        "type": "Point",
        "coordinates": [
          -111.34631888570712,
          44.44226620260497
        ]
      },
      "properties": {
        "katman": "AIRBNB_ILANI",
        "id": "1756762207786429869",
        "ad": "Kulübe - Island Park, Idaho, Amerika Birleşik Devletleri",
        "alt_tur": "Daire / Ev",
        "fiyat_tl": 16663,
        "fiyat_1_gun_tl": null,
        "fiyat_1_hafta_tl": null,
        "fiyat_1_ay_tl": 16663,
        "fiyat_3_ay_tl": null,
        "puan": 5.0,
        "yorum": 3,
        "url": "https://www.airbnb.com.tr/rooms/1756762207786429869"
      }
    },
    {
      "type": "Feature",
      "geometry": {
        "type": "Point",
        "coordinates": [
          -76.8304,
          -12.3304
        ]
      },
      "properties": {
        "katman": "AIRBNB_ILANI",
        "id": "1583484577893436674",
        "ad": "Ev - Lima, Peru",
        "alt_tur": "Daire / Ev",
        "fiyat_tl": 11602,
        "fiyat_1_gun_tl": null,
        "fiyat_1_hafta_tl": null,
        "fiyat_1_ay_tl": 11602,
        "fiyat_3_ay_tl": null,
        "puan": 5.0,
        "yorum": 22,
        "url": "https://www.airbnb.com.tr/rooms/1583484577893436674"
      }
    },
    {
      "type": "Feature",
      "geometry": {
        "type": "Point",
        "coordinates": [
          26.6595,
          39.3422
        ]
      },
      "properties": {
        "katman": "AIRBNB_ILANI",
        "id": "1392180299998469252",
        "ad": "Villa - Ayvalık",
        "alt_tur": "Müstakil Villa",
        "fiyat_tl": 8474,
        "fiyat_1_gun_tl": 8474,
        "fiyat_1_hafta_tl": 8474,
        "fiyat_1_ay_tl": null,
        "fiyat_3_ay_tl": null,
        "puan": 4.98,
        "yorum": 41,
        "url": "https://www.airbnb.com.tr/rooms/1392180299998469252"
      }
    },
    {
      "type": "Feature",
      "geometry": {
        "type": "Point",
        "coordinates": [
          26.6588,
          39.3338
        ]
      },
      "properties": {
        "katman": "AIRBNB_ILANI",
        "id": "52139321",
        "ad": "Sıra ev - Ayvalık",
        "alt_tur": "Daire / Ev",
        "fiyat_tl": 4806,
        "fiyat_1_gun_tl": 5595,
        "fiyat_1_hafta_tl": 5329,
        "fiyat_1_ay_tl": null,
        "fiyat_3_ay_tl": 3494,
        "puan": 4.94,
        "yorum": 35,
        "url": "https://www.airbnb.com.tr/rooms/52139321"
      }
    },
    {
      "type": "Feature",
      "geometry": {
        "type": "Point",
        "coordinates": [
          26.6917,
          39.3123
        ]
      },
      "properties": {
        "katman": "AIRBNB_ILANI",
        "id": "971115007512323118",
        "ad": "Butik otel - Ayvalık",
        "alt_tur": "Daire / Ev",
        "fiyat_tl": 2625,
        "fiyat_1_gun_tl": 2625,
        "fiyat_1_hafta_tl": null,
        "fiyat_1_ay_tl": null,
        "fiyat_3_ay_tl": null,
        "puan": 4.57,
        "yorum": 70,
        "url": "https://www.airbnb.com.tr/rooms/971115007512323118"
      }
    },
    {
      "type": "Feature",
      "geometry": {
        "type": "Point",
        "coordinates": [
          26.65879,
          39.33389
        ]
      },
      "properties": {
        "katman": "AIRBNB_ILANI",
        "id": "1224758228836120166",
        "ad": "Otel - Ayvalık",
        "alt_tur": "Daire / Ev",
        "fiyat_tl": 3839,
        "fiyat_1_gun_tl": 3839,
        "fiyat_1_hafta_tl": null,
        "fiyat_1_ay_tl": null,
        "fiyat_3_ay_tl": null,
        "puan": 4.9,
        "yorum": 21,
        "url": "https://www.airbnb.com.tr/rooms/1224758228836120166"
      }
    },
    {
      "type": "Feature",
      "geometry": {
        "type": "Point",
        "coordinates": [
          26.6601,
          39.3405
        ]
      },
      "properties": {
        "katman": "AIRBNB_ILANI",
        "id": "1231798876810924510",
        "ad": "Sıra ev - Altıeylül",
        "alt_tur": "Özel Oda",
        "fiyat_tl": 9001,
        "fiyat_1_gun_tl": 9001,
        "fiyat_1_hafta_tl": null,
        "fiyat_1_ay_tl": null,
        "fiyat_3_ay_tl": null,
        "puan": 5.0,
        "yorum": 6,
        "url": "https://www.airbnb.com.tr/rooms/1231798876810924510"
      }
    },
    {
      "type": "Feature",
      "geometry": {
        "type": "Point",
        "coordinates": [
          26.65877,
          39.33358
        ]
      },
      "properties": {
        "katman": "AIRBNB_ILANI",
        "id": "1245721746706952009",
        "ad": "Misafir evi - Ayvalık",
        "alt_tur": "Daire / Ev",
        "fiyat_tl": 9500,
        "fiyat_1_gun_tl": 9500,
        "fiyat_1_hafta_tl": null,
        "fiyat_1_ay_tl": null,
        "fiyat_3_ay_tl": null,
        "puan": 4.86,
        "yorum": 42,
        "url": "https://www.airbnb.com.tr/rooms/1245721746706952009"
      }
    },
    {
      "type": "Feature",
      "geometry": {
        "type": "Point",
        "coordinates": [
          26.6591,
          39.3343
        ]
      },
      "properties": {
        "katman": "AIRBNB_ILANI",
        "id": "52552482",
        "ad": "Misafir evi - Ayvalık",
        "alt_tur": "Daire / Ev",
        "fiyat_tl": 9750,
        "fiyat_1_gun_tl": 9750,
        "fiyat_1_hafta_tl": null,
        "fiyat_1_ay_tl": null,
        "fiyat_3_ay_tl": null,
        "puan": 4.85,
        "yorum": 95,
        "url": "https://www.airbnb.com.tr/rooms/52552482"
      }
    },
    {
      "type": "Feature",
      "geometry": {
        "type": "Point",
        "coordinates": [
          26.66446,
          39.3304
        ]
      },
      "properties": {
        "katman": "AIRBNB_ILANI",
        "id": "44430570",
        "ad": "Ev - Ayvalık",
        "alt_tur": "Daire / Ev",
        "fiyat_tl": 7000,
        "fiyat_1_gun_tl": 7000,
        "fiyat_1_hafta_tl": 7000,
        "fiyat_1_ay_tl": null,
        "fiyat_3_ay_tl": 7000,
        "puan": 4.95,
        "yorum": 58,
        "url": "https://www.airbnb.com.tr/rooms/44430570"
      }
    },
    {
      "type": "Feature",
      "geometry": {
        "type": "Point",
        "coordinates": [
          26.6572,
          39.3335
        ]
      },
      "properties": {
        "katman": "AIRBNB_ILANI",
        "id": "956911376759718403",
        "ad": "Misafir evi - Ayvalık",
        "alt_tur": "Daire / Ev",
        "fiyat_tl": 9250,
        "fiyat_1_gun_tl": 9250,
        "fiyat_1_hafta_tl": null,
        "fiyat_1_ay_tl": null,
        "fiyat_3_ay_tl": null,
        "puan": 4.87,
        "yorum": 94,
        "url": "https://www.airbnb.com.tr/rooms/956911376759718403"
      }
    },
    {
      "type": "Feature",
      "geometry": {
        "type": "Point",
        "coordinates": [
          26.6617,
          39.3348
        ]
      },
      "properties": {
        "katman": "AIRBNB_ILANI",
        "id": "1720307018321908451",
        "ad": "Otel - Ayvalık",
        "alt_tur": "Özel Oda",
        "fiyat_tl": 9134,
        "fiyat_1_gun_tl": 9134,
        "fiyat_1_hafta_tl": null,
        "fiyat_1_ay_tl": null,
        "fiyat_3_ay_tl": null,
        "puan": 5.0,
        "yorum": 3,
        "url": "https://www.airbnb.com.tr/rooms/1720307018321908451"
      }
    },
    {
      "type": "Feature",
      "geometry": {
        "type": "Point",
        "coordinates": [
          26.6943,
          39.3196
        ]
      },
      "properties": {
        "katman": "AIRBNB_ILANI",
        "id": "1497764487495527849",
        "ad": "Ev - Ayvalık",
        "alt_tur": "Daire / Ev",
        "fiyat_tl": 4730,
        "fiyat_1_gun_tl": 4730,
        "fiyat_1_hafta_tl": null,
        "fiyat_1_ay_tl": null,
        "fiyat_3_ay_tl": null,
        "puan": 4.8,
        "yorum": 10,
        "url": "https://www.airbnb.com.tr/rooms/1497764487495527849"
      }
    },
    {
      "type": "Feature",
      "geometry": {
        "type": "Point",
        "coordinates": [
          26.695321134731003,
          39.319133861557816
        ]
      },
      "properties": {
        "katman": "AIRBNB_ILANI",
        "id": "1699809086854606564",
        "ad": "Ayvalık bölgesinde oda",
        "alt_tur": "Özel Oda",
        "fiyat_tl": 2500,
        "fiyat_1_gun_tl": 2500,
        "fiyat_1_hafta_tl": null,
        "fiyat_1_ay_tl": null,
        "fiyat_3_ay_tl": null,
        "puan": 4.33,
        "yorum": 6,
        "url": "https://www.airbnb.com.tr/rooms/1699809086854606564"
      }
    },
    {
      "type": "Feature",
      "geometry": {
        "type": "Point",
        "coordinates": [
          26.6914,
          39.3151
        ]
      },
      "properties": {
        "katman": "AIRBNB_ILANI",
        "id": "1675988788568598528",
        "ad": "Otel - Ayvalık",
        "alt_tur": "Daire / Ev",
        "fiyat_tl": 3499,
        "fiyat_1_gun_tl": 3499,
        "fiyat_1_hafta_tl": null,
        "fiyat_1_ay_tl": null,
        "fiyat_3_ay_tl": null,
        "puan": 4.55,
        "yorum": 11,
        "url": "https://www.airbnb.com.tr/rooms/1675988788568598528"
      }
    },
    {
      "type": "Feature",
      "geometry": {
        "type": "Point",
        "coordinates": [
          26.690417518010037,
          39.31303909994167
        ]
      },
      "properties": {
        "katman": "AIRBNB_ILANI",
        "id": "1491375786442343227",
        "ad": "Misafir evi - Ayvalık",
        "alt_tur": "Özel Oda",
        "fiyat_tl": 3100,
        "fiyat_1_gun_tl": 3100,
        "fiyat_1_hafta_tl": null,
        "fiyat_1_ay_tl": null,
        "fiyat_3_ay_tl": null,
        "puan": 4.91,
        "yorum": 11,
        "url": "https://www.airbnb.com.tr/rooms/1491375786442343227"
      }
    },
    {
      "type": "Feature",
      "geometry": {
        "type": "Point",
        "coordinates": [
          26.6887,
          39.2891
        ]
      },
      "properties": {
        "katman": "AIRBNB_ILANI",
        "id": "1614001328889875014",
        "ad": "Otel - Küçükköy",
        "alt_tur": "Daire / Ev",
        "fiyat_tl": 3600,
        "fiyat_1_gun_tl": 3600,
        "fiyat_1_hafta_tl": null,
        "fiyat_1_ay_tl": null,
        "fiyat_3_ay_tl": null,
        "puan": 5.0,
        "yorum": 5,
        "url": "https://www.airbnb.com.tr/rooms/1614001328889875014"
      }
    },
    {
      "type": "Feature",
      "geometry": {
        "type": "Point",
        "coordinates": [
          26.6832,
          39.3372
        ]
      },
      "properties": {
        "katman": "AIRBNB_ILANI",
        "id": "1413695217027928967",
        "ad": "Ev - Ayvalık",
        "alt_tur": "Daire / Ev",
        "fiyat_tl": 6033,
        "fiyat_1_gun_tl": 6033,
        "fiyat_1_hafta_tl": null,
        "fiyat_1_ay_tl": null,
        "fiyat_3_ay_tl": null,
        "puan": null,
        "yorum": 0,
        "url": "https://www.airbnb.com.tr/rooms/1413695217027928967"
      }
    },
    {
      "type": "Feature",
      "geometry": {
        "type": "Point",
        "coordinates": [
          26.66106,
          39.33337
        ]
      },
      "properties": {
        "katman": "AIRBNB_ILANI",
        "id": "871557853496176207",
        "ad": "Otel - Ayvalık",
        "alt_tur": "Özel Oda",
        "fiyat_tl": 5250,
        "fiyat_1_gun_tl": 5250,
        "fiyat_1_hafta_tl": null,
        "fiyat_1_ay_tl": null,
        "fiyat_3_ay_tl": null,
        "puan": 4.78,
        "yorum": 32,
        "url": "https://www.airbnb.com.tr/rooms/871557853496176207"
      }
    },
    {
      "type": "Feature",
      "geometry": {
        "type": "Point",
        "coordinates": [
          26.67333531517292,
          39.31209445015676
        ]
      },
      "properties": {
        "katman": "AIRBNB_ILANI",
        "id": "1456801730378656288",
        "ad": "Otel - Ayvalık",
        "alt_tur": "Özel Oda",
        "fiyat_tl": 5250,
        "fiyat_1_gun_tl": 5250,
        "fiyat_1_hafta_tl": null,
        "fiyat_1_ay_tl": null,
        "fiyat_3_ay_tl": null,
        "puan": 4.76,
        "yorum": 29,
        "url": "https://www.airbnb.com.tr/rooms/1456801730378656288"
      }
    },
    {
      "type": "Feature",
      "geometry": {
        "type": "Point",
        "coordinates": [
          26.69547,
          39.32107
        ]
      },
      "properties": {
        "katman": "AIRBNB_ILANI",
        "id": "43520934",
        "ad": "Villa - Ayvalık",
        "alt_tur": "Müstakil Villa",
        "fiyat_tl": 8012,
        "fiyat_1_gun_tl": null,
        "fiyat_1_hafta_tl": 9079,
        "fiyat_1_ay_tl": null,
        "fiyat_3_ay_tl": 6945,
        "puan": 4.86,
        "yorum": 316,
        "url": "https://www.airbnb.com.tr/rooms/43520934"
      }
    },
    {
      "type": "Feature",
      "geometry": {
        "type": "Point",
        "coordinates": [
          26.659,
          39.3351
        ]
      },
      "properties": {
        "katman": "AIRBNB_ILANI",
        "id": "1690573649678933173",
        "ad": "Ev - Ayvalık",
        "alt_tur": "Müstakil Villa",
        "fiyat_tl": 11488,
        "fiyat_1_gun_tl": null,
        "fiyat_1_hafta_tl": 12317,
        "fiyat_1_ay_tl": null,
        "fiyat_3_ay_tl": 10660,
        "puan": 4.8,
        "yorum": 15,
        "url": "https://www.airbnb.com.tr/rooms/1690573649678933173"
      }
    },
    {
      "type": "Feature",
      "geometry": {
        "type": "Point",
        "coordinates": [
          26.660100257067658,
          39.33895890757323
        ]
      },
      "properties": {
        "katman": "AIRBNB_ILANI",
        "id": "1472361762476150301",
        "ad": "Ev - Ayvalık",
        "alt_tur": "Daire / Ev",
        "fiyat_tl": 9500,
        "fiyat_1_gun_tl": null,
        "fiyat_1_hafta_tl": 9000,
        "fiyat_1_ay_tl": null,
        "fiyat_3_ay_tl": 10000,
        "puan": 4.94,
        "yorum": 16,
        "url": "https://www.airbnb.com.tr/rooms/1472361762476150301"
      }
    },
    {
      "type": "Feature",
      "geometry": {
        "type": "Point",
        "coordinates": [
          26.6959,
          39.3195
        ]
      },
      "properties": {
        "katman": "AIRBNB_ILANI",
        "id": "1135987683751248443",
        "ad": "Ayvalık bölgesinde oda",
        "alt_tur": "Özel Oda",
        "fiyat_tl": 1500,
        "fiyat_1_gun_tl": null,
        "fiyat_1_hafta_tl": 1500,
        "fiyat_1_ay_tl": null,
        "fiyat_3_ay_tl": null,
        "puan": 4.91,
        "yorum": 46,
        "url": "https://www.airbnb.com.tr/rooms/1135987683751248443"
      }
    },
    {
      "type": "Feature",
      "geometry": {
        "type": "Point",
        "coordinates": [
          26.66405,
          39.33011
        ]
      },
      "properties": {
        "katman": "AIRBNB_ILANI",
        "id": "873620618892460573",
        "ad": "Otel - Ayvalık",
        "alt_tur": "Özel Oda",
        "fiyat_tl": 5900,
        "fiyat_1_gun_tl": null,
        "fiyat_1_hafta_tl": 5900,
        "fiyat_1_ay_tl": null,
        "fiyat_3_ay_tl": null,
        "puan": 4.83,
        "yorum": 23,
        "url": "https://www.airbnb.com.tr/rooms/873620618892460573"
      }
    },
    {
      "type": "Feature",
      "geometry": {
        "type": "Point",
        "coordinates": [
          26.695024448318016,
          39.32141402549532
        ]
      },
      "properties": {
        "katman": "AIRBNB_ILANI",
        "id": "1479498140084148374",
        "ad": "Otel - Ayvalık",
        "alt_tur": "Özel Oda",
        "fiyat_tl": 3999,
        "fiyat_1_gun_tl": null,
        "fiyat_1_hafta_tl": 3999,
        "fiyat_1_ay_tl": null,
        "fiyat_3_ay_tl": null,
        "puan": 4.95,
        "yorum": 19,
        "url": "https://www.airbnb.com.tr/rooms/1479498140084148374"
      }
    },
    {
      "type": "Feature",
      "geometry": {
        "type": "Point",
        "coordinates": [
          26.6798,
          39.3327
        ]
      },
      "properties": {
        "katman": "AIRBNB_ILANI",
        "id": "52683617",
        "ad": "Butik otel - Ayvalık",
        "alt_tur": "Daire / Ev",
        "fiyat_tl": 2900,
        "fiyat_1_gun_tl": null,
        "fiyat_1_hafta_tl": 2900,
        "fiyat_1_ay_tl": null,
        "fiyat_3_ay_tl": null,
        "puan": 4.96,
        "yorum": 27,
        "url": "https://www.airbnb.com.tr/rooms/52683617"
      }
    },
    {
      "type": "Feature",
      "geometry": {
        "type": "Point",
        "coordinates": [
          26.6617,
          39.3348
        ]
      },
      "properties": {
        "katman": "AIRBNB_ILANI",
        "id": "1723923370097204072",
        "ad": "Otel - Ayvalık",
        "alt_tur": "Özel Oda",
        "fiyat_tl": 6999,
        "fiyat_1_gun_tl": null,
        "fiyat_1_hafta_tl": 6999,
        "fiyat_1_ay_tl": null,
        "fiyat_3_ay_tl": null,
        "puan": 4.5,
        "yorum": 4,
        "url": "https://www.airbnb.com.tr/rooms/1723923370097204072"
      }
    },
    {
      "type": "Feature",
      "geometry": {
        "type": "Point",
        "coordinates": [
          26.69533,
          39.31768
        ]
      },
      "properties": {
        "katman": "AIRBNB_ILANI",
        "id": "1411506906390883702",
        "ad": "Otel - Ayvalık",
        "alt_tur": "Özel Oda",
        "fiyat_tl": 3500,
        "fiyat_1_gun_tl": null,
        "fiyat_1_hafta_tl": 3500,
        "fiyat_1_ay_tl": null,
        "fiyat_3_ay_tl": null,
        "puan": 4.9,
        "yorum": 61,
        "url": "https://www.airbnb.com.tr/rooms/1411506906390883702"
      }
    },
    {
      "type": "Feature",
      "geometry": {
        "type": "Point",
        "coordinates": [
          26.697,
          39.318
        ]
      },
      "properties": {
        "katman": "AIRBNB_ILANI",
        "id": "43833069",
        "ad": "Ev - Ayvalık",
        "alt_tur": "Daire / Ev",
        "fiyat_tl": 7500,
        "fiyat_1_gun_tl": null,
        "fiyat_1_hafta_tl": 7500,
        "fiyat_1_ay_tl": null,
        "fiyat_3_ay_tl": null,
        "puan": 4.78,
        "yorum": 143,
        "url": "https://www.airbnb.com.tr/rooms/43833069"
      }
    },
    {
      "type": "Feature",
      "geometry": {
        "type": "Point",
        "coordinates": [
          26.69067280151315,
          39.31576306586469
        ]
      },
      "properties": {
        "katman": "AIRBNB_ILANI",
        "id": "1442854085709720550",
        "ad": "Otel - Ayvalık",
        "alt_tur": "Daire / Ev",
        "fiyat_tl": 2925,
        "fiyat_1_gun_tl": null,
        "fiyat_1_hafta_tl": 3500,
        "fiyat_1_ay_tl": null,
        "fiyat_3_ay_tl": 2350,
        "puan": 4.67,
        "yorum": 30,
        "url": "https://www.airbnb.com.tr/rooms/1442854085709720550"
      }
    },
    {
      "type": "Feature",
      "geometry": {
        "type": "Point",
        "coordinates": [
          26.6943,
          39.3219
        ]
      },
      "properties": {
        "katman": "AIRBNB_ILANI",
        "id": "731212793999018960",
        "ad": "Villa - Ayvalık",
        "alt_tur": "Müstakil Villa",
        "fiyat_tl": 2652,
        "fiyat_1_gun_tl": null,
        "fiyat_1_hafta_tl": 2652,
        "fiyat_1_ay_tl": null,
        "fiyat_3_ay_tl": null,
        "puan": 4.48,
        "yorum": 198,
        "url": "https://www.airbnb.com.tr/rooms/731212793999018960"
      }
    },
    {
      "type": "Feature",
      "geometry": {
        "type": "Point",
        "coordinates": [
          26.661392036548794,
          39.33390977161149
        ]
      },
      "properties": {
        "katman": "AIRBNB_ILANI",
        "id": "1243536935851400404",
        "ad": "Misafir evi - Ayvalık",
        "alt_tur": "Daire / Ev",
        "fiyat_tl": 11500,
        "fiyat_1_gun_tl": null,
        "fiyat_1_hafta_tl": 12000,
        "fiyat_1_ay_tl": null,
        "fiyat_3_ay_tl": 11000,
        "puan": 4.85,
        "yorum": 41,
        "url": "https://www.airbnb.com.tr/rooms/1243536935851400404"
      }
    },
    {
      "type": "Feature",
      "geometry": {
        "type": "Point",
        "coordinates": [
          26.66069,
          39.33411
        ]
      },
      "properties": {
        "katman": "AIRBNB_ILANI",
        "id": "1161367803397075088",
        "ad": "Ev - Ayvalık",
        "alt_tur": "Daire / Ev",
        "fiyat_tl": 5740,
        "fiyat_1_gun_tl": null,
        "fiyat_1_hafta_tl": 5740,
        "fiyat_1_ay_tl": null,
        "fiyat_3_ay_tl": null,
        "puan": 4.76,
        "yorum": 41,
        "url": "https://www.airbnb.com.tr/rooms/1161367803397075088"
      }
    },
    {
      "type": "Feature",
      "geometry": {
        "type": "Point",
        "coordinates": [
          26.6886,
          39.3454
        ]
      },
      "properties": {
        "katman": "AIRBNB_ILANI",
        "id": "1676273984840247377",
        "ad": "Daire - Ayvalık",
        "alt_tur": "Müstakil Villa",
        "fiyat_tl": 4000,
        "fiyat_1_gun_tl": null,
        "fiyat_1_hafta_tl": 4000,
        "fiyat_1_ay_tl": null,
        "fiyat_3_ay_tl": null,
        "puan": 5.0,
        "yorum": 15,
        "url": "https://www.airbnb.com.tr/rooms/1676273984840247377"
      }
    },
    {
      "type": "Feature",
      "geometry": {
        "type": "Point",
        "coordinates": [
          26.6605,
          39.3313
        ]
      },
      "properties": {
        "katman": "AIRBNB_ILANI",
        "id": "672358453682036791",
        "ad": "Ev - Ayvalık",
        "alt_tur": "Daire / Ev",
        "fiyat_tl": 6000,
        "fiyat_1_gun_tl": null,
        "fiyat_1_hafta_tl": null,
        "fiyat_1_ay_tl": null,
        "fiyat_3_ay_tl": 6000,
        "puan": 4.88,
        "yorum": 128,
        "url": "https://www.airbnb.com.tr/rooms/672358453682036791"
      }
    },
    {
      "type": "Feature",
      "geometry": {
        "type": "Point",
        "coordinates": [
          26.66595,
          39.33083
        ]
      },
      "properties": {
        "katman": "AIRBNB_ILANI",
        "id": "1441173813950458000",
        "ad": "Villa - Ayvalık",
        "alt_tur": "Müstakil Villa",
        "fiyat_tl": 7500,
        "fiyat_1_gun_tl": null,
        "fiyat_1_hafta_tl": null,
        "fiyat_1_ay_tl": null,
        "fiyat_3_ay_tl": 7500,
        "puan": 5.0,
        "yorum": 19,
        "url": "https://www.airbnb.com.tr/rooms/1441173813950458000"
      }
    },
    {
      "type": "Feature",
      "geometry": {
        "type": "Point",
        "coordinates": [
          26.6938,
          39.3139
        ]
      },
      "properties": {
        "katman": "AIRBNB_ILANI",
        "id": "1610296544501858092",
        "ad": "Ev - Ayvalık",
        "alt_tur": "Daire / Ev",
        "fiyat_tl": 7460,
        "fiyat_1_gun_tl": null,
        "fiyat_1_hafta_tl": null,
        "fiyat_1_ay_tl": null,
        "fiyat_3_ay_tl": 7460,
        "puan": 4.95,
        "yorum": 55,
        "url": "https://www.airbnb.com.tr/rooms/1610296544501858092"
      }
    },
    {
      "type": "Feature",
      "geometry": {
        "type": "Point",
        "coordinates": [
          26.693146340813342,
          39.32242634102487
        ]
      },
      "properties": {
        "katman": "AIRBNB_ILANI",
        "id": "1690818825582856018",
        "ad": "Ev - Ayvalık",
        "alt_tur": "Daire / Ev",
        "fiyat_tl": 7032,
        "fiyat_1_gun_tl": null,
        "fiyat_1_hafta_tl": null,
        "fiyat_1_ay_tl": null,
        "fiyat_3_ay_tl": 7032,
        "puan": 5.0,
        "yorum": 22,
        "url": "https://www.airbnb.com.tr/rooms/1690818825582856018"
      }
    },
    {
      "type": "Feature",
      "geometry": {
        "type": "Point",
        "coordinates": [
          26.692519202921893,
          39.31818777506828
        ]
      },
      "properties": {
        "katman": "AIRBNB_ILANI",
        "id": "1181167208562247802",
        "ad": "Otel - Ayvalık",
        "alt_tur": "Özel Oda",
        "fiyat_tl": 2500,
        "fiyat_1_gun_tl": null,
        "fiyat_1_hafta_tl": null,
        "fiyat_1_ay_tl": null,
        "fiyat_3_ay_tl": 2500,
        "puan": 4.77,
        "yorum": 62,
        "url": "https://www.airbnb.com.tr/rooms/1181167208562247802"
      }
    },
    {
      "type": "Feature",
      "geometry": {
        "type": "Point",
        "coordinates": [
          26.6981,
          39.3173
        ]
      },
      "properties": {
        "katman": "AIRBNB_ILANI",
        "id": "1741518083660892703",
        "ad": "Ev - Ayvalık",
        "alt_tur": "Daire / Ev",
        "fiyat_tl": 7500,
        "fiyat_1_gun_tl": null,
        "fiyat_1_hafta_tl": null,
        "fiyat_1_ay_tl": null,
        "fiyat_3_ay_tl": 7500,
        "puan": 5.0,
        "yorum": 6,
        "url": "https://www.airbnb.com.tr/rooms/1741518083660892703"
      }
    },
    {
      "type": "Feature",
      "geometry": {
        "type": "Point",
        "coordinates": [
          26.69095,
          39.31374
        ]
      },
      "properties": {
        "katman": "AIRBNB_ILANI",
        "id": "1442532494004871284",
        "ad": "Otel - Ayvalık",
        "alt_tur": "Daire / Ev",
        "fiyat_tl": 2100,
        "fiyat_1_gun_tl": null,
        "fiyat_1_hafta_tl": null,
        "fiyat_1_ay_tl": null,
        "fiyat_3_ay_tl": 2100,
        "puan": 4.32,
        "yorum": 25,
        "url": "https://www.airbnb.com.tr/rooms/1442532494004871284"
      }
    },
    {
      "type": "Feature",
      "geometry": {
        "type": "Point",
        "coordinates": [
          26.6943,
          39.3229
        ]
      },
      "properties": {
        "katman": "AIRBNB_ILANI",
        "id": "1332515980319290495",
        "ad": "Ev - Ayvalık",
        "alt_tur": "Daire / Ev",
        "fiyat_tl": 3500,
        "fiyat_1_gun_tl": null,
        "fiyat_1_hafta_tl": null,
        "fiyat_1_ay_tl": null,
        "fiyat_3_ay_tl": 3500,
        "puan": 4.78,
        "yorum": 68,
        "url": "https://www.airbnb.com.tr/rooms/1332515980319290495"
      }
    },
    {
      "type": "Feature",
      "geometry": {
        "type": "Point",
        "coordinates": [
          26.6959,
          39.312
        ]
      },
      "properties": {
        "katman": "AIRBNB_ILANI",
        "id": "1194188520988955239",
        "ad": "Ev - Ayvalık",
        "alt_tur": "Daire / Ev",
        "fiyat_tl": 5200,
        "fiyat_1_gun_tl": null,
        "fiyat_1_hafta_tl": null,
        "fiyat_1_ay_tl": null,
        "fiyat_3_ay_tl": 5200,
        "puan": 4.91,
        "yorum": 86,
        "url": "https://www.airbnb.com.tr/rooms/1194188520988955239"
      }
    },
    {
      "type": "Feature",
      "geometry": {
        "type": "Point",
        "coordinates": [
          26.65934,
          39.33706
        ]
      },
      "properties": {
        "katman": "AIRBNB_ILANI",
        "id": "1460712838602405836",
        "ad": "Ev - Ayvalık",
        "alt_tur": "Daire / Ev",
        "fiyat_tl": 7965,
        "fiyat_1_gun_tl": null,
        "fiyat_1_hafta_tl": null,
        "fiyat_1_ay_tl": null,
        "fiyat_3_ay_tl": 7965,
        "puan": 4.8,
        "yorum": 10,
        "url": "https://www.airbnb.com.tr/rooms/1460712838602405836"
      }
    },
    {
      "type": "Feature",
      "geometry": {
        "type": "Point",
        "coordinates": [
          26.69237,
          39.31543
        ]
      },
      "properties": {
        "katman": "AIRBNB_ILANI",
        "id": "7580815",
        "ad": "Sıra ev - Ayvalık",
        "alt_tur": "Daire / Ev",
        "fiyat_tl": 8346,
        "fiyat_1_gun_tl": null,
        "fiyat_1_hafta_tl": null,
        "fiyat_1_ay_tl": null,
        "fiyat_3_ay_tl": 8346,
        "puan": 4.96,
        "yorum": 113,
        "url": "https://www.airbnb.com.tr/rooms/7580815"
      }
    },
    {
      "type": "Feature",
      "geometry": {
        "type": "Point",
        "coordinates": [
          -85.47989,
          32.65858
        ]
      },
      "properties": {
        "katman": "AIRBNB_ILANI",
        "id": "1770423246804311017",
        "ad": "Ev - Auburn, Alabama, Amerika Birleşik Devletleri",
        "alt_tur": "Daire / Ev",
        "fiyat_tl": 14172,
        "fiyat_1_gun_tl": null,
        "fiyat_1_hafta_tl": 16131,
        "fiyat_1_ay_tl": null,
        "fiyat_3_ay_tl": 12212,
        "puan": null,
        "yorum": 0,
        "url": "https://www.airbnb.com.tr/rooms/1770423246804311017"
      }
    },
    {
      "type": "Feature",
      "geometry": {
        "type": "Point",
        "coordinates": [
          23.22206,
          61.42046
        ]
      },
      "properties": {
        "katman": "AIRBNB_ILANI",
        "id": "1763894056569402065",
        "ad": "Kulübe - Nokia, Finlandiya",
        "alt_tur": "Daire / Ev",
        "fiyat_tl": 3929,
        "fiyat_1_gun_tl": null,
        "fiyat_1_hafta_tl": 3929,
        "fiyat_1_ay_tl": null,
        "fiyat_3_ay_tl": null,
        "puan": null,
        "yorum": 0,
        "url": "https://www.airbnb.com.tr/rooms/1763894056569402065"
      }
    },
    {
      "type": "Feature",
      "geometry": {
        "type": "Point",
        "coordinates": [
          -74.1711,
          4.9618
        ]
      },
      "properties": {
        "katman": "AIRBNB_ILANI",
        "id": "1760434315767082920",
        "ad": "Ev - Subachoque, Kolombiya",
        "alt_tur": "Daire / Ev",
        "fiyat_tl": 9351,
        "fiyat_1_gun_tl": null,
        "fiyat_1_hafta_tl": 9351,
        "fiyat_1_ay_tl": 15585,
        "fiyat_3_ay_tl": 21819,
        "puan": null,
        "yorum": 0,
        "url": "https://www.airbnb.com.tr/rooms/1760434315767082920"
      }
    },
    {
      "type": "Feature",
      "geometry": {
        "type": "Point",
        "coordinates": [
          -89.6948,
          13.8504
        ]
      },
      "properties": {
        "katman": "AIRBNB_ILANI",
        "id": "1766762655356081778",
        "ad": "Kubbe - Juayúa, El Salvador",
        "alt_tur": "Daire / Ev",
        "fiyat_tl": 4622,
        "fiyat_1_gun_tl": null,
        "fiyat_1_hafta_tl": 4622,
        "fiyat_1_ay_tl": 6082,
        "fiyat_3_ay_tl": null,
        "puan": null,
        "yorum": 0,
        "url": "https://www.airbnb.com.tr/rooms/1766762655356081778"
      }
    },
    {
      "type": "Feature",
      "geometry": {
        "type": "Point",
        "coordinates": [
          -90.61804253593152,
          14.648450420595427
        ]
      },
      "properties": {
        "katman": "AIRBNB_ILANI",
        "id": "1702625089867601310",
        "ad": "Kulübe - Guatemala şehri, Guatemala",
        "alt_tur": "Daire / Ev",
        "fiyat_tl": 9566,
        "fiyat_1_gun_tl": null,
        "fiyat_1_hafta_tl": 9566,
        "fiyat_1_ay_tl": null,
        "fiyat_3_ay_tl": null,
        "puan": 5.0,
        "yorum": 21,
        "url": "https://www.airbnb.com.tr/rooms/1702625089867601310"
      }
    },
    {
      "type": "Feature",
      "geometry": {
        "type": "Point",
        "coordinates": [
          -81.268,
          37.3191
        ]
      },
      "properties": {
        "katman": "AIRBNB_ILANI",
        "id": "1764554668334724760",
        "ad": "Ev - Bluefield, Batı Virginia, Amerika Birleşik Devletleri",
        "alt_tur": "Daire / Ev",
        "fiyat_tl": 10582,
        "fiyat_1_gun_tl": null,
        "fiyat_1_hafta_tl": 10582,
        "fiyat_1_ay_tl": null,
        "fiyat_3_ay_tl": null,
        "puan": 5.0,
        "yorum": 3,
        "url": "https://www.airbnb.com.tr/rooms/1764554668334724760"
      }
    },
    {
      "type": "Feature",
      "geometry": {
        "type": "Point",
        "coordinates": [
          -73.1671,
          46.48319
        ]
      },
      "properties": {
        "katman": "AIRBNB_ILANI",
        "id": "1752916384130211868",
        "ad": "Dağ evi - Saint-Alexis-des-Monts, Kanada",
        "alt_tur": "Daire / Ev",
        "fiyat_tl": 10831,
        "fiyat_1_gun_tl": null,
        "fiyat_1_hafta_tl": 10831,
        "fiyat_1_ay_tl": null,
        "fiyat_3_ay_tl": null,
        "puan": null,
        "yorum": 0,
        "url": "https://www.airbnb.com.tr/rooms/1752916384130211868"
      }
    },
    {
      "type": "Feature",
      "geometry": {
        "type": "Point",
        "coordinates": [
          -84.5902,
          10.4741
        ]
      },
      "properties": {
        "katman": "AIRBNB_ILANI",
        "id": "1749636625958723797",
        "ad": "Ev - La Fortuna, Kosta Rika",
        "alt_tur": "Daire / Ev",
        "fiyat_tl": 6203,
        "fiyat_1_gun_tl": null,
        "fiyat_1_hafta_tl": 6203,
        "fiyat_1_ay_tl": 6203,
        "fiyat_3_ay_tl": null,
        "puan": 5.0,
        "yorum": 3,
        "url": "https://www.airbnb.com.tr/rooms/1749636625958723797"
      }
    },
    {
      "type": "Feature",
      "geometry": {
        "type": "Point",
        "coordinates": [
          -89.05841,
          42.37542
        ]
      },
      "properties": {
        "katman": "AIRBNB_ILANI",
        "id": "1753832344104306454",
        "ad": "Ev - Rockford, Illinois, Amerika Birleşik Devletleri",
        "alt_tur": "Özel Oda",
        "fiyat_tl": 21650,
        "fiyat_1_gun_tl": null,
        "fiyat_1_hafta_tl": 21650,
        "fiyat_1_ay_tl": 23353,
        "fiyat_3_ay_tl": null,
        "puan": 5.0,
        "yorum": 5,
        "url": "https://www.airbnb.com.tr/rooms/1753832344104306454"
      }
    },
    {
      "type": "Feature",
      "geometry": {
        "type": "Point",
        "coordinates": [
          -75.46804,
          41.26398
        ]
      },
      "properties": {
        "katman": "AIRBNB_ILANI",
        "id": "1765967771385326190",
        "ad": "Kulübe - Big Bass Lake, Pensilvanya, Amerika Birleşik Devletleri",
        "alt_tur": "Daire / Ev",
        "fiyat_tl": 20678,
        "fiyat_1_gun_tl": null,
        "fiyat_1_hafta_tl": 19461,
        "fiyat_1_ay_tl": null,
        "fiyat_3_ay_tl": 21894,
        "puan": 5.0,
        "yorum": 3,
        "url": "https://www.airbnb.com.tr/rooms/1765967771385326190"
      }
    },
    {
      "type": "Feature",
      "geometry": {
        "type": "Point",
        "coordinates": [
          -104.947,
          50.8002
        ]
      },
      "properties": {
        "katman": "AIRBNB_ILANI",
        "id": "1768207389896170194",
        "ad": "Kulübe - Saskatchewan Beach, Kanada",
        "alt_tur": "Daire / Ev",
        "fiyat_tl": 8840,
        "fiyat_1_gun_tl": null,
        "fiyat_1_hafta_tl": 8840,
        "fiyat_1_ay_tl": null,
        "fiyat_3_ay_tl": null,
        "puan": null,
        "yorum": 0,
        "url": "https://www.airbnb.com.tr/rooms/1768207389896170194"
      }
    },
    {
      "type": "Feature",
      "geometry": {
        "type": "Point",
        "coordinates": [
          139.5079,
          35.7775
        ]
      },
      "properties": {
        "katman": "AIRBNB_ILANI",
        "id": "1755863045145438498",
        "ad": "Ev - Kiyose, Japonya",
        "alt_tur": "Daire / Ev",
        "fiyat_tl": 9086,
        "fiyat_1_gun_tl": null,
        "fiyat_1_hafta_tl": 7519,
        "fiyat_1_ay_tl": null,
        "fiyat_3_ay_tl": 10652,
        "puan": null,
        "yorum": 0,
        "url": "https://www.airbnb.com.tr/rooms/1755863045145438498"
      }
    },
    {
      "type": "Feature",
      "geometry": {
        "type": "Point",
        "coordinates": [
          -50.9287,
          -29.3604
        ]
      },
      "properties": {
        "katman": "AIRBNB_ILANI",
        "id": "1698475591055664637",
        "ad": "Kulübe - Gramado, Brezilya",
        "alt_tur": "Daire / Ev",
        "fiyat_tl": 6521,
        "fiyat_1_gun_tl": null,
        "fiyat_1_hafta_tl": 6521,
        "fiyat_1_ay_tl": null,
        "fiyat_3_ay_tl": null,
        "puan": 5.0,
        "yorum": 25,
        "url": "https://www.airbnb.com.tr/rooms/1698475591055664637"
      }
    },
    {
      "type": "Feature",
      "geometry": {
        "type": "Point",
        "coordinates": [
          -101.88425,
          35.05195
        ]
      },
      "properties": {
        "katman": "AIRBNB_ILANI",
        "id": "1669000010788439094",
        "ad": "Çiftlikte konaklama - Amarillo, Teksas, Amerika Birleşik Devletleri",
        "alt_tur": "Daire / Ev",
        "fiyat_tl": 14109,
        "fiyat_1_gun_tl": null,
        "fiyat_1_hafta_tl": 14109,
        "fiyat_1_ay_tl": null,
        "fiyat_3_ay_tl": 14109,
        "puan": 5.0,
        "yorum": 9,
        "url": "https://www.airbnb.com.tr/rooms/1669000010788439094"
      }
    },
    {
      "type": "Feature",
      "geometry": {
        "type": "Point",
        "coordinates": [
          21.09714,
          45.83686
        ]
      },
      "properties": {
        "katman": "AIRBNB_ILANI",
        "id": "1763285912153174948",
        "ad": "Küçük ev - Dudeștii Noi, Romanya",
        "alt_tur": "Daire / Ev",
        "fiyat_tl": 4586,
        "fiyat_1_gun_tl": 5018,
        "fiyat_1_hafta_tl": 4586,
        "fiyat_1_ay_tl": null,
        "fiyat_3_ay_tl": 5066,
        "puan": null,
        "yorum": 0,
        "url": "https://www.airbnb.com.tr/rooms/1763285912153174948"
      }
    },
    {
      "type": "Feature",
      "geometry": {
        "type": "Point",
        "coordinates": [
          -98.8733,
          30.2118
        ]
      },
      "properties": {
        "katman": "AIRBNB_ILANI",
        "id": "1746147166656720452",
        "ad": "Ev - Fredericksburg, Teksas, Amerika Birleşik Devletleri",
        "alt_tur": "Özel Oda",
        "fiyat_tl": 12200,
        "fiyat_1_gun_tl": null,
        "fiyat_1_hafta_tl": 11263,
        "fiyat_1_ay_tl": null,
        "fiyat_3_ay_tl": 13136,
        "puan": null,
        "yorum": 0,
        "url": "https://www.airbnb.com.tr/rooms/1746147166656720452"
      }
    },
    {
      "type": "Feature",
      "geometry": {
        "type": "Point",
        "coordinates": [
          -97.91435,
          30.39217
        ]
      },
      "properties": {
        "katman": "AIRBNB_ILANI",
        "id": "1721866581707097558",
        "ad": "Ev - Austin, Teksas, Amerika Birleşik Devletleri",
        "alt_tur": "Daire / Ev",
        "fiyat_tl": 34251,
        "fiyat_1_gun_tl": null,
        "fiyat_1_hafta_tl": null,
        "fiyat_1_ay_tl": null,
        "fiyat_3_ay_tl": 34251,
        "puan": null,
        "yorum": 0,
        "url": "https://www.airbnb.com.tr/rooms/1721866581707097558"
      }
    },
    {
      "type": "Feature",
      "geometry": {
        "type": "Point",
        "coordinates": [
          -97.6024,
          30.1684
        ]
      },
      "properties": {
        "katman": "AIRBNB_ILANI",
        "id": "1764165176254103642",
        "ad": "Ev - Travis County, Teksas, Amerika Birleşik Devletleri",
        "alt_tur": "Daire / Ev",
        "fiyat_tl": 7492,
        "fiyat_1_gun_tl": null,
        "fiyat_1_hafta_tl": null,
        "fiyat_1_ay_tl": null,
        "fiyat_3_ay_tl": 7492,
        "puan": null,
        "yorum": 0,
        "url": "https://www.airbnb.com.tr/rooms/1764165176254103642"
      }
    },
    {
      "type": "Feature",
      "geometry": {
        "type": "Point",
        "coordinates": [
          -81.0152,
          35.5312
        ]
      },
      "properties": {
        "katman": "AIRBNB_ILANI",
        "id": "1761886300727490322",
        "ad": "Ev - Denver, Kuzey Carolina, Amerika Birleşik Devletleri",
        "alt_tur": "Daire / Ev",
        "fiyat_tl": 25299,
        "fiyat_1_gun_tl": null,
        "fiyat_1_hafta_tl": null,
        "fiyat_1_ay_tl": null,
        "fiyat_3_ay_tl": 25299,
        "puan": 5.0,
        "yorum": 4,
        "url": "https://www.airbnb.com.tr/rooms/1761886300727490322"
      }
    },
    {
      "type": "Feature",
      "geometry": {
        "type": "Point",
        "coordinates": [
          -87.254,
          40.5214
        ]
      },
      "properties": {
        "katman": "AIRBNB_ILANI",
        "id": "1733004882170292804",
        "ad": "Ev - Oxford, Indiana, Amerika Birleşik Devletleri",
        "alt_tur": "Daire / Ev",
        "fiyat_tl": 18245,
        "fiyat_1_gun_tl": null,
        "fiyat_1_hafta_tl": null,
        "fiyat_1_ay_tl": null,
        "fiyat_3_ay_tl": 18245,
        "puan": 5.0,
        "yorum": 5,
        "url": "https://www.airbnb.com.tr/rooms/1733004882170292804"
      }
    },
    {
      "type": "Feature",
      "geometry": {
        "type": "Point",
        "coordinates": [
          76.9242,
          9.0289
        ]
      },
      "properties": {
        "katman": "AIRBNB_ILANI",
        "id": "1770328951483370162",
        "ad": "Ev - Punalur, Hindistan",
        "alt_tur": "Daire / Ev",
        "fiyat_tl": 2681,
        "fiyat_1_gun_tl": null,
        "fiyat_1_hafta_tl": null,
        "fiyat_1_ay_tl": 2635,
        "fiyat_3_ay_tl": 2681,
        "puan": 5.0,
        "yorum": 3,
        "url": "https://www.airbnb.com.tr/rooms/1770328951483370162"
      }
    },
    {
      "type": "Feature",
      "geometry": {
        "type": "Point",
        "coordinates": [
          -75.9453,
          39.8907
        ]
      },
      "properties": {
        "katman": "AIRBNB_ILANI",
        "id": "1745125654389251406",
        "ad": "Ev - Cochranville, Pensilvanya, Amerika Birleşik Devletleri",
        "alt_tur": "Daire / Ev",
        "fiyat_tl": 39871,
        "fiyat_1_gun_tl": null,
        "fiyat_1_hafta_tl": null,
        "fiyat_1_ay_tl": null,
        "fiyat_3_ay_tl": 39871,
        "puan": 5.0,
        "yorum": 7,
        "url": "https://www.airbnb.com.tr/rooms/1745125654389251406"
      }
    },
    {
      "type": "Feature",
      "geometry": {
        "type": "Point",
        "coordinates": [
          -113.44168,
          37.15909
        ]
      },
      "properties": {
        "katman": "AIRBNB_ILANI",
        "id": "1754722506538725898",
        "ad": "Ev - Washington, Utah, Amerika Birleşik Devletleri",
        "alt_tur": "Daire / Ev",
        "fiyat_tl": 6325,
        "fiyat_1_gun_tl": null,
        "fiyat_1_hafta_tl": null,
        "fiyat_1_ay_tl": null,
        "fiyat_3_ay_tl": 6325,
        "puan": null,
        "yorum": 0,
        "url": "https://www.airbnb.com.tr/rooms/1754722506538725898"
      }
    },
    {
      "type": "Feature",
      "geometry": {
        "type": "Point",
        "coordinates": [
          -46.1697,
          -22.9681
        ]
      },
      "properties": {
        "katman": "AIRBNB_ILANI",
        "id": "1765575761858588395",
        "ad": "Kulübe - Joanópolis, Brezilya",
        "alt_tur": "Daire / Ev",
        "fiyat_tl": 4716,
        "fiyat_1_gun_tl": null,
        "fiyat_1_hafta_tl": 4716,
        "fiyat_1_ay_tl": null,
        "fiyat_3_ay_tl": 4716,
        "puan": 5.0,
        "yorum": 3,
        "url": "https://www.airbnb.com.tr/rooms/1765575761858588395"
      }
    },
    {
      "type": "Feature",
      "geometry": {
        "type": "Point",
        "coordinates": [
          -75.5678,
          41.0967
        ]
      },
      "properties": {
        "katman": "AIRBNB_ILANI",
        "id": "1765281837384241833",
        "ad": "Ev - Tobyhanna Township, Pensilvanya, Amerika Birleşik Devletleri",
        "alt_tur": "Özel Oda",
        "fiyat_tl": 19948,
        "fiyat_1_gun_tl": null,
        "fiyat_1_hafta_tl": null,
        "fiyat_1_ay_tl": null,
        "fiyat_3_ay_tl": 19948,
        "puan": null,
        "yorum": 0,
        "url": "https://www.airbnb.com.tr/rooms/1765281837384241833"
      }
    },
    {
      "type": "Feature",
      "geometry": {
        "type": "Point",
        "coordinates": [
          76.6433,
          10.7518
        ]
      },
      "properties": {
        "katman": "AIRBNB_ILANI",
        "id": "1723358220835513661",
        "ad": "Ev - Palakkad, Hindistan",
        "alt_tur": "Özel Oda",
        "fiyat_tl": 634,
        "fiyat_1_gun_tl": null,
        "fiyat_1_hafta_tl": null,
        "fiyat_1_ay_tl": null,
        "fiyat_3_ay_tl": 634,
        "puan": 5.0,
        "yorum": 9,
        "url": "https://www.airbnb.com.tr/rooms/1723358220835513661"
      }
    },
    {
      "type": "Feature",
      "geometry": {
        "type": "Point",
        "coordinates": [
          -85.1157,
          41.1716
        ]
      },
      "properties": {
        "katman": "AIRBNB_ILANI",
        "id": "1723413162599316711",
        "ad": "Ev - Fort Wayne, Indiana, Amerika Birleşik Devletleri",
        "alt_tur": "Daire / Ev",
        "fiyat_tl": 17855,
        "fiyat_1_gun_tl": null,
        "fiyat_1_hafta_tl": null,
        "fiyat_1_ay_tl": null,
        "fiyat_3_ay_tl": 17855,
        "puan": 5.0,
        "yorum": 4,
        "url": "https://www.airbnb.com.tr/rooms/1723413162599316711"
      }
    },
    {
      "type": "Feature",
      "geometry": {
        "type": "Point",
        "coordinates": [
          -97.9954,
          30.4496
        ]
      },
      "properties": {
        "katman": "AIRBNB_ILANI",
        "id": "1745667546426383772",
        "ad": "Ev - Lago Vista, Teksas, Amerika Birleşik Devletleri",
        "alt_tur": "Daire / Ev",
        "fiyat_tl": 19169,
        "fiyat_1_gun_tl": null,
        "fiyat_1_hafta_tl": null,
        "fiyat_1_ay_tl": null,
        "fiyat_3_ay_tl": 19169,
        "puan": null,
        "yorum": 0,
        "url": "https://www.airbnb.com.tr/rooms/1745667546426383772"
      }
    },
    {
      "type": "Feature",
      "geometry": {
        "type": "Point",
        "coordinates": [
          -122.9139,
          46.95909
        ]
      },
      "properties": {
        "katman": "AIRBNB_ILANI",
        "id": "1050777884404976917",
        "ad": "Küçük ev - Olympia",
        "alt_tur": "Daire / Ev",
        "fiyat_tl": 5695,
        "fiyat_1_gun_tl": null,
        "fiyat_1_hafta_tl": 5454,
        "fiyat_1_ay_tl": null,
        "fiyat_3_ay_tl": 5936,
        "puan": 5.0,
        "yorum": 139,
        "url": "https://www.airbnb.com.tr/rooms/1050777884404976917"
      }
    },
    {
      "type": "Feature",
      "geometry": {
        "type": "Point",
        "coordinates": [
          -122.88318,
          47.06349
        ]
      },
      "properties": {
        "katman": "AIRBNB_ILANI",
        "id": "4385770",
        "ad": "Olympia bölgesinde oda",
        "alt_tur": "Özel Oda",
        "fiyat_tl": 2214,
        "fiyat_1_gun_tl": null,
        "fiyat_1_hafta_tl": 2214,
        "fiyat_1_ay_tl": null,
        "fiyat_3_ay_tl": null,
        "puan": 4.91,
        "yorum": 488,
        "url": "https://www.airbnb.com.tr/rooms/4385770"
      }
    },
    {
      "type": "Feature",
      "geometry": {
        "type": "Point",
        "coordinates": [
          -122.8696,
          47.0347
        ]
      },
      "properties": {
        "katman": "AIRBNB_ILANI",
        "id": "1529972031041637074",
        "ad": "Olympia bölgesinde oda",
        "alt_tur": "Özel Oda",
        "fiyat_tl": 3089,
        "fiyat_1_gun_tl": null,
        "fiyat_1_hafta_tl": 3089,
        "fiyat_1_ay_tl": null,
        "fiyat_3_ay_tl": null,
        "puan": 4.93,
        "yorum": 57,
        "url": "https://www.airbnb.com.tr/rooms/1529972031041637074"
      }
    },
    {
      "type": "Feature",
      "geometry": {
        "type": "Point",
        "coordinates": [
          -122.92579,
          47.04804
        ]
      },
      "properties": {
        "katman": "AIRBNB_ILANI",
        "id": "18721430",
        "ad": "Ev - Olympia",
        "alt_tur": "Daire / Ev",
        "fiyat_tl": 5340,
        "fiyat_1_gun_tl": 5327,
        "fiyat_1_hafta_tl": 4890,
        "fiyat_1_ay_tl": 5790,
        "fiyat_3_ay_tl": 4768,
        "puan": 4.97,
        "yorum": 302,
        "url": "https://www.airbnb.com.tr/rooms/18721430"
      }
    },
    {
      "type": "Feature",
      "geometry": {
        "type": "Point",
        "coordinates": [
          -122.8255011149123,
          47.034289075641986
        ]
      },
      "properties": {
        "katman": "AIRBNB_ILANI",
        "id": "1387042941055044791",
        "ad": "Ev - Lacey",
        "alt_tur": "Özel Oda",
        "fiyat_tl": 11855,
        "fiyat_1_gun_tl": null,
        "fiyat_1_hafta_tl": 11450,
        "fiyat_1_ay_tl": null,
        "fiyat_3_ay_tl": 12260,
        "puan": 4.98,
        "yorum": 55,
        "url": "https://www.airbnb.com.tr/rooms/1387042941055044791"
      }
    },
    {
      "type": "Feature",
      "geometry": {
        "type": "Point",
        "coordinates": [
          -122.91401,
          47.04428
        ]
      },
      "properties": {
        "katman": "AIRBNB_ILANI",
        "id": "50748845",
        "ad": "Küçük ev - Olympia",
        "alt_tur": "Daire / Ev",
        "fiyat_tl": 6300,
        "fiyat_1_gun_tl": null,
        "fiyat_1_hafta_tl": 6300,
        "fiyat_1_ay_tl": 6300,
        "fiyat_3_ay_tl": null,
        "puan": 4.99,
        "yorum": 246,
        "url": "https://www.airbnb.com.tr/rooms/50748845"
      }
    },
    {
      "type": "Feature",
      "geometry": {
        "type": "Point",
        "coordinates": [
          -122.75459,
          47.02038
        ]
      },
      "properties": {
        "katman": "AIRBNB_ILANI",
        "id": "52112759",
        "ad": "Olympia bölgesinde oda",
        "alt_tur": "Özel Oda",
        "fiyat_tl": 2773,
        "fiyat_1_gun_tl": null,
        "fiyat_1_hafta_tl": 2773,
        "fiyat_1_ay_tl": null,
        "fiyat_3_ay_tl": null,
        "puan": 4.93,
        "yorum": 103,
        "url": "https://www.airbnb.com.tr/rooms/52112759"
      }
    },
    {
      "type": "Feature",
      "geometry": {
        "type": "Point",
        "coordinates": [
          -122.88439,
          47.06284
        ]
      },
      "properties": {
        "katman": "AIRBNB_ILANI",
        "id": "3819546",
        "ad": "Olympia bölgesinde oda",
        "alt_tur": "Özel Oda",
        "fiyat_tl": 2943,
        "fiyat_1_gun_tl": null,
        "fiyat_1_hafta_tl": 2943,
        "fiyat_1_ay_tl": 2943,
        "fiyat_3_ay_tl": 2943,
        "puan": 4.9,
        "yorum": 520,
        "url": "https://www.airbnb.com.tr/rooms/3819546"
      }
    },
    {
      "type": "Feature",
      "geometry": {
        "type": "Point",
        "coordinates": [
          -122.8144,
          47.0272
        ]
      },
      "properties": {
        "katman": "AIRBNB_ILANI",
        "id": "1688694277960011271",
        "ad": "Ev - Lacey",
        "alt_tur": "Özel Oda",
        "fiyat_tl": 6811,
        "fiyat_1_gun_tl": null,
        "fiyat_1_hafta_tl": 6811,
        "fiyat_1_ay_tl": null,
        "fiyat_3_ay_tl": null,
        "puan": 4.8,
        "yorum": 15,
        "url": "https://www.airbnb.com.tr/rooms/1688694277960011271"
      }
    },
    {
      "type": "Feature",
      "geometry": {
        "type": "Point",
        "coordinates": [
          -122.92653580667924,
          47.04894825550239
        ]
      },
      "properties": {
        "katman": "AIRBNB_ILANI",
        "id": "1278295081094970357",
        "ad": "Ev - Olympia",
        "alt_tur": "Daire / Ev",
        "fiyat_tl": 13915,
        "fiyat_1_gun_tl": null,
        "fiyat_1_hafta_tl": 13915,
        "fiyat_1_ay_tl": 13915,
        "fiyat_3_ay_tl": null,
        "puan": 4.99,
        "yorum": 88,
        "url": "https://www.airbnb.com.tr/rooms/1278295081094970357"
      }
    },
    {
      "type": "Feature",
      "geometry": {
        "type": "Point",
        "coordinates": [
          -122.9012,
          47.0318
        ]
      },
      "properties": {
        "katman": "AIRBNB_ILANI",
        "id": "1760230571173662167",
        "ad": "Ev - Olympia",
        "alt_tur": "Daire / Ev",
        "fiyat_tl": 19144,
        "fiyat_1_gun_tl": null,
        "fiyat_1_hafta_tl": 17928,
        "fiyat_1_ay_tl": 18471,
        "fiyat_3_ay_tl": 20361,
        "puan": null,
        "yorum": 0,
        "url": "https://www.airbnb.com.tr/rooms/1760230571173662167"
      }
    },
    {
      "type": "Feature",
      "geometry": {
        "type": "Point",
        "coordinates": [
          -122.88836,
          47.0538
        ]
      },
      "properties": {
        "katman": "AIRBNB_ILANI",
        "id": "966978620027175342",
        "ad": "Olympia bölgesinde oda",
        "alt_tur": "Özel Oda",
        "fiyat_tl": 2554,
        "fiyat_1_gun_tl": null,
        "fiyat_1_hafta_tl": 2433,
        "fiyat_1_ay_tl": 2676,
        "fiyat_3_ay_tl": null,
        "puan": 4.78,
        "yorum": 9,
        "url": "https://www.airbnb.com.tr/rooms/966978620027175342"
      }
    },
    {
      "type": "Feature",
      "geometry": {
        "type": "Point",
        "coordinates": [
          -122.9486,
          47.0613
        ]
      },
      "properties": {
        "katman": "AIRBNB_ILANI",
        "id": "1721259759578085073",
        "ad": "Olympia bölgesinde oda",
        "alt_tur": "Özel Oda",
        "fiyat_tl": 2676,
        "fiyat_1_gun_tl": 2796,
        "fiyat_1_hafta_tl": 2676,
        "fiyat_1_ay_tl": null,
        "fiyat_3_ay_tl": null,
        "puan": 5.0,
        "yorum": 12,
        "url": "https://www.airbnb.com.tr/rooms/1721259759578085073"
      }
    },
    {
      "type": "Feature",
      "geometry": {
        "type": "Point",
        "coordinates": [
          -122.8926,
          47.09906
        ]
      },
      "properties": {
        "katman": "AIRBNB_ILANI",
        "id": "33046174",
        "ad": "Misafir evi - Olympia",
        "alt_tur": "Daire / Ev",
        "fiyat_tl": 14961,
        "fiyat_1_gun_tl": null,
        "fiyat_1_hafta_tl": 14961,
        "fiyat_1_ay_tl": null,
        "fiyat_3_ay_tl": 14961,
        "puan": 4.96,
        "yorum": 285,
        "url": "https://www.airbnb.com.tr/rooms/33046174"
      }
    },
    {
      "type": "Feature",
      "geometry": {
        "type": "Point",
        "coordinates": [
          -122.86831,
          47.04671
        ]
      },
      "properties": {
        "katman": "AIRBNB_ILANI",
        "id": "41864770",
        "ad": "Ev - Olympia",
        "alt_tur": "Özel Oda",
        "fiyat_tl": 11847,
        "fiyat_1_gun_tl": null,
        "fiyat_1_hafta_tl": 11847,
        "fiyat_1_ay_tl": null,
        "fiyat_3_ay_tl": null,
        "puan": 4.85,
        "yorum": 89,
        "url": "https://www.airbnb.com.tr/rooms/41864770"
      }
    },
    {
      "type": "Feature",
      "geometry": {
        "type": "Point",
        "coordinates": [
          -122.82665,
          47.10856
        ]
      },
      "properties": {
        "katman": "AIRBNB_ILANI",
        "id": "1012612715930409707",
        "ad": "Ev - Olympia",
        "alt_tur": "Daire / Ev",
        "fiyat_tl": 10533,
        "fiyat_1_gun_tl": null,
        "fiyat_1_hafta_tl": 10533,
        "fiyat_1_ay_tl": null,
        "fiyat_3_ay_tl": null,
        "puan": 4.99,
        "yorum": 167,
        "url": "https://www.airbnb.com.tr/rooms/1012612715930409707"
      }
    },
    {
      "type": "Feature",
      "geometry": {
        "type": "Point",
        "coordinates": [
          -122.7908,
          47.0865
        ]
      },
      "properties": {
        "katman": "AIRBNB_ILANI",
        "id": "673313693905640579",
        "ad": "Olympia bölgesinde oda",
        "alt_tur": "Özel Oda",
        "fiyat_tl": 3308,
        "fiyat_1_gun_tl": null,
        "fiyat_1_hafta_tl": 3308,
        "fiyat_1_ay_tl": null,
        "fiyat_3_ay_tl": null,
        "puan": 4.92,
        "yorum": 108,
        "url": "https://www.airbnb.com.tr/rooms/673313693905640579"
      }
    },
    {
      "type": "Feature",
      "geometry": {
        "type": "Point",
        "coordinates": [
          -122.94863,
          46.98524
        ]
      },
      "properties": {
        "katman": "AIRBNB_ILANI",
        "id": "40468276",
        "ad": "Ev - Olympia",
        "alt_tur": "Daire / Ev",
        "fiyat_tl": 8684,
        "fiyat_1_gun_tl": null,
        "fiyat_1_hafta_tl": 8684,
        "fiyat_1_ay_tl": null,
        "fiyat_3_ay_tl": null,
        "puan": 4.93,
        "yorum": 120,
        "url": "https://www.airbnb.com.tr/rooms/40468276"
      }
    },
    {
      "type": "Feature",
      "geometry": {
        "type": "Point",
        "coordinates": [
          -122.88813,
          47.01425
        ]
      },
      "properties": {
        "katman": "AIRBNB_ILANI",
        "id": "37500173",
        "ad": "Tumwater bölgesinde oda",
        "alt_tur": "Özel Oda",
        "fiyat_tl": 2725,
        "fiyat_1_gun_tl": null,
        "fiyat_1_hafta_tl": null,
        "fiyat_1_ay_tl": 2725,
        "fiyat_3_ay_tl": null,
        "puan": 4.99,
        "yorum": 145,
        "url": "https://www.airbnb.com.tr/rooms/37500173"
      }
    },
    {
      "type": "Feature",
      "geometry": {
        "type": "Point",
        "coordinates": [
          -122.94275205823725,
          46.98602144092696
        ]
      },
      "properties": {
        "katman": "AIRBNB_ILANI",
        "id": "1420684623098468649",
        "ad": "Sıra ev - Tumwater",
        "alt_tur": "Daire / Ev",
        "fiyat_tl": 13488,
        "fiyat_1_gun_tl": null,
        "fiyat_1_hafta_tl": null,
        "fiyat_1_ay_tl": 14132,
        "fiyat_3_ay_tl": 12844,
        "puan": null,
        "yorum": 0,
        "url": "https://www.airbnb.com.tr/rooms/1420684623098468649"
      }
    },
    {
      "type": "Feature",
      "geometry": {
        "type": "Point",
        "coordinates": [
          -122.88949,
          46.98376
        ]
      },
      "properties": {
        "katman": "AIRBNB_ILANI",
        "id": "15236213",
        "ad": "Misafir evi - Olympia",
        "alt_tur": "Daire / Ev",
        "fiyat_tl": 4524,
        "fiyat_1_gun_tl": null,
        "fiyat_1_hafta_tl": null,
        "fiyat_1_ay_tl": 4865,
        "fiyat_3_ay_tl": 4184,
        "puan": 4.89,
        "yorum": 717,
        "url": "https://www.airbnb.com.tr/rooms/15236213"
      }
    },
    {
      "type": "Feature",
      "geometry": {
        "type": "Point",
        "coordinates": [
          -122.85896590874778,
          47.024290778196736
        ]
      },
      "properties": {
        "katman": "AIRBNB_ILANI",
        "id": "53773710",
        "ad": "Olympia bölgesinde oda",
        "alt_tur": "Özel Oda",
        "fiyat_tl": 2554,
        "fiyat_1_gun_tl": null,
        "fiyat_1_hafta_tl": null,
        "fiyat_1_ay_tl": 3016,
        "fiyat_3_ay_tl": 2092,
        "puan": 4.95,
        "yorum": 94,
        "url": "https://www.airbnb.com.tr/rooms/53773710"
      }
    },
    {
      "type": "Feature",
      "geometry": {
        "type": "Point",
        "coordinates": [
          -122.9075695,
          47.0059931
        ]
      },
      "properties": {
        "katman": "AIRBNB_ILANI",
        "id": "1760015696708053481",
        "ad": "Otel odası - Tumwater",
        "alt_tur": "Özel Oda",
        "fiyat_tl": 8508,
        "fiyat_1_gun_tl": null,
        "fiyat_1_hafta_tl": 8484,
        "fiyat_1_ay_tl": 8508,
        "fiyat_3_ay_tl": null,
        "puan": null,
        "yorum": 0,
        "url": "https://www.airbnb.com.tr/rooms/1760015696708053481"
      }
    },
    {
      "type": "Feature",
      "geometry": {
        "type": "Point",
        "coordinates": [
          -122.9136,
          47.045
        ]
      },
      "properties": {
        "katman": "AIRBNB_ILANI",
        "id": "19315702",
        "ad": "Daire - Olympia",
        "alt_tur": "Daire",
        "fiyat_tl": 10168,
        "fiyat_1_gun_tl": null,
        "fiyat_1_hafta_tl": null,
        "fiyat_1_ay_tl": 10168,
        "fiyat_3_ay_tl": null,
        "puan": 4.93,
        "yorum": 310,
        "url": "https://www.airbnb.com.tr/rooms/19315702"
      }
    },
    {
      "type": "Feature",
      "geometry": {
        "type": "Point",
        "coordinates": [
          -122.89906,
          47.03267
        ]
      },
      "properties": {
        "katman": "AIRBNB_ILANI",
        "id": "47758356",
        "ad": "Daire - Olympia",
        "alt_tur": "Daire",
        "fiyat_tl": 8003,
        "fiyat_1_gun_tl": null,
        "fiyat_1_hafta_tl": null,
        "fiyat_1_ay_tl": 8003,
        "fiyat_3_ay_tl": null,
        "puan": 5.0,
        "yorum": 97,
        "url": "https://www.airbnb.com.tr/rooms/47758356"
      }
    },
    {
      "type": "Feature",
      "geometry": {
        "type": "Point",
        "coordinates": [
          -122.81592,
          47.0265
        ]
      },
      "properties": {
        "katman": "AIRBNB_ILANI",
        "id": "28390892",
        "ad": "Lacey bölgesinde oda",
        "alt_tur": "Özel Oda",
        "fiyat_tl": 2554,
        "fiyat_1_gun_tl": null,
        "fiyat_1_hafta_tl": null,
        "fiyat_1_ay_tl": 2554,
        "fiyat_3_ay_tl": 2554,
        "puan": 4.92,
        "yorum": 236,
        "url": "https://www.airbnb.com.tr/rooms/28390892"
      }
    },
    {
      "type": "Feature",
      "geometry": {
        "type": "Point",
        "coordinates": [
          -122.8143,
          47.02504
        ]
      },
      "properties": {
        "katman": "AIRBNB_ILANI",
        "id": "27658975",
        "ad": "Lacey bölgesinde oda",
        "alt_tur": "Özel Oda",
        "fiyat_tl": 2652,
        "fiyat_1_gun_tl": null,
        "fiyat_1_hafta_tl": null,
        "fiyat_1_ay_tl": 2652,
        "fiyat_3_ay_tl": null,
        "puan": 4.94,
        "yorum": 202,
        "url": "https://www.airbnb.com.tr/rooms/27658975"
      }
    },
    {
      "type": "Feature",
      "geometry": {
        "type": "Point",
        "coordinates": [
          -122.9075695,
          47.0059931
        ]
      },
      "properties": {
        "katman": "AIRBNB_ILANI",
        "id": "1760015738326218604",
        "ad": "Otel odası - Tumwater",
        "alt_tur": "Özel Oda",
        "fiyat_tl": 8921,
        "fiyat_1_gun_tl": null,
        "fiyat_1_hafta_tl": null,
        "fiyat_1_ay_tl": 8921,
        "fiyat_3_ay_tl": null,
        "puan": null,
        "yorum": 0,
        "url": "https://www.airbnb.com.tr/rooms/1760015738326218604"
      }
    },
    {
      "type": "Feature",
      "geometry": {
        "type": "Point",
        "coordinates": [
          -122.8977,
          47.0321
        ]
      },
      "properties": {
        "katman": "AIRBNB_ILANI",
        "id": "39913009",
        "ad": "Daire - Olympia",
        "alt_tur": "Daire",
        "fiyat_tl": 7492,
        "fiyat_1_gun_tl": null,
        "fiyat_1_hafta_tl": null,
        "fiyat_1_ay_tl": 7492,
        "fiyat_3_ay_tl": null,
        "puan": 4.95,
        "yorum": 150,
        "url": "https://www.airbnb.com.tr/rooms/39913009"
      }
    },
    {
      "type": "Feature",
      "geometry": {
        "type": "Point",
        "coordinates": [
          -122.9075695,
          47.0059931
        ]
      },
      "properties": {
        "katman": "AIRBNB_ILANI",
        "id": "1760015694889755597",
        "ad": "Otel odası - Tumwater",
        "alt_tur": "Özel Oda",
        "fiyat_tl": 9140,
        "fiyat_1_gun_tl": 9748,
        "fiyat_1_hafta_tl": 8824,
        "fiyat_1_ay_tl": 9140,
        "fiyat_3_ay_tl": 6221,
        "puan": null,
        "yorum": 0,
        "url": "https://www.airbnb.com.tr/rooms/1760015694889755597"
      }
    },
    {
      "type": "Feature",
      "geometry": {
        "type": "Point",
        "coordinates": [
          -122.8803,
          47.0548
        ]
      },
      "properties": {
        "katman": "AIRBNB_ILANI",
        "id": "43524487",
        "ad": "Olympia bölgesinde oda",
        "alt_tur": "Özel Oda",
        "fiyat_tl": 3625,
        "fiyat_1_gun_tl": 3625,
        "fiyat_1_hafta_tl": null,
        "fiyat_1_ay_tl": 3625,
        "fiyat_3_ay_tl": 3625,
        "puan": 4.95,
        "yorum": 148,
        "url": "https://www.airbnb.com.tr/rooms/43524487"
      }
    },
    {
      "type": "Feature",
      "geometry": {
        "type": "Point",
        "coordinates": [
          -122.7624,
          47.0114
        ]
      },
      "properties": {
        "katman": "AIRBNB_ILANI",
        "id": "925110556651022528",
        "ad": "Ev - Lacey",
        "alt_tur": "Daire / Ev",
        "fiyat_tl": 40187,
        "fiyat_1_gun_tl": null,
        "fiyat_1_hafta_tl": null,
        "fiyat_1_ay_tl": null,
        "fiyat_3_ay_tl": 40187,
        "puan": 5.0,
        "yorum": 49,
        "url": "https://www.airbnb.com.tr/rooms/925110556651022528"
      }
    },
    {
      "type": "Feature",
      "geometry": {
        "type": "Point",
        "coordinates": [
          -122.9103,
          46.99363
        ]
      },
      "properties": {
        "katman": "AIRBNB_ILANI",
        "id": "41258124",
        "ad": "Tumwater bölgesinde oda",
        "alt_tur": "Özel Oda",
        "fiyat_tl": 4184,
        "fiyat_1_gun_tl": null,
        "fiyat_1_hafta_tl": null,
        "fiyat_1_ay_tl": null,
        "fiyat_3_ay_tl": 4184,
        "puan": 4.78,
        "yorum": 54,
        "url": "https://www.airbnb.com.tr/rooms/41258124"
      }
    },
    {
      "type": "Feature",
      "geometry": {
        "type": "Point",
        "coordinates": [
          -122.8948,
          47.01882
        ]
      },
      "properties": {
        "katman": "AIRBNB_ILANI",
        "id": "765883112645028428",
        "ad": "Ev - Tumwater",
        "alt_tur": "Daire / Ev",
        "fiyat_tl": 8563,
        "fiyat_1_gun_tl": null,
        "fiyat_1_hafta_tl": null,
        "fiyat_1_ay_tl": null,
        "fiyat_3_ay_tl": 8563,
        "puan": 4.89,
        "yorum": 167,
        "url": "https://www.airbnb.com.tr/rooms/765883112645028428"
      }
    },
    {
      "type": "Feature",
      "geometry": {
        "type": "Point",
        "coordinates": [
          -122.81493,
          47.02656
        ]
      },
      "properties": {
        "katman": "AIRBNB_ILANI",
        "id": "28362174",
        "ad": "Lacey bölgesinde oda",
        "alt_tur": "Özel Oda",
        "fiyat_tl": 2360,
        "fiyat_1_gun_tl": null,
        "fiyat_1_hafta_tl": null,
        "fiyat_1_ay_tl": 2652,
        "fiyat_3_ay_tl": 2360,
        "puan": 4.94,
        "yorum": 293,
        "url": "https://www.airbnb.com.tr/rooms/28362174"
      }
    },
    {
      "type": "Feature",
      "geometry": {
        "type": "Point",
        "coordinates": [
          -122.8885,
          47.0693
        ]
      },
      "properties": {
        "katman": "AIRBNB_ILANI",
        "id": "1139101047713091334",
        "ad": "Ev - Olympia",
        "alt_tur": "Özel Oda",
        "fiyat_tl": 10995,
        "fiyat_1_gun_tl": null,
        "fiyat_1_hafta_tl": null,
        "fiyat_1_ay_tl": null,
        "fiyat_3_ay_tl": 10995,
        "puan": 5.0,
        "yorum": 76,
        "url": "https://www.airbnb.com.tr/rooms/1139101047713091334"
      }
    },
    {
      "type": "Feature",
      "geometry": {
        "type": "Point",
        "coordinates": [
          -122.79374,
          47.02603
        ]
      },
      "properties": {
        "katman": "AIRBNB_ILANI",
        "id": "53969585",
        "ad": "Misafir evi - Lacey",
        "alt_tur": "Daire / Ev",
        "fiyat_tl": 7663,
        "fiyat_1_gun_tl": null,
        "fiyat_1_hafta_tl": null,
        "fiyat_1_ay_tl": 10339,
        "fiyat_3_ay_tl": 7663,
        "puan": 4.96,
        "yorum": 368,
        "url": "https://www.airbnb.com.tr/rooms/53969585"
      }
    },
    {
      "type": "Feature",
      "geometry": {
        "type": "Point",
        "coordinates": [
          -122.92101,
          47.05561
        ]
      },
      "properties": {
        "katman": "AIRBNB_ILANI",
        "id": "26755250",
        "ad": "Ev - Olympia",
        "alt_tur": "Özel Oda",
        "fiyat_tl": 16688,
        "fiyat_1_gun_tl": null,
        "fiyat_1_hafta_tl": null,
        "fiyat_1_ay_tl": null,
        "fiyat_3_ay_tl": 16688,
        "puan": 4.94,
        "yorum": 295,
        "url": "https://www.airbnb.com.tr/rooms/26755250"
      }
    },
    {
      "type": "Feature",
      "geometry": {
        "type": "Point",
        "coordinates": [
          -122.90258,
          47.03341
        ]
      },
      "properties": {
        "katman": "AIRBNB_ILANI",
        "id": "47785075",
        "ad": "Ev - Olympia",
        "alt_tur": "Daire / Ev",
        "fiyat_tl": 15398,
        "fiyat_1_gun_tl": null,
        "fiyat_1_hafta_tl": null,
        "fiyat_1_ay_tl": null,
        "fiyat_3_ay_tl": 15398,
        "puan": 4.92,
        "yorum": 178,
        "url": "https://www.airbnb.com.tr/rooms/47785075"
      }
    },
    {
      "type": "Feature",
      "geometry": {
        "type": "Point",
        "coordinates": [
          -122.9182,
          47.0448
        ]
      },
      "properties": {
        "katman": "AIRBNB_ILANI",
        "id": "903192334759740403",
        "ad": "Daire - Olympia",
        "alt_tur": "Özel Oda",
        "fiyat_tl": 8757,
        "fiyat_1_gun_tl": null,
        "fiyat_1_hafta_tl": null,
        "fiyat_1_ay_tl": null,
        "fiyat_3_ay_tl": 8757,
        "puan": 4.89,
        "yorum": 256,
        "url": "https://www.airbnb.com.tr/rooms/903192334759740403"
      }
    },
    {
      "type": "Feature",
      "geometry": {
        "type": "Point",
        "coordinates": [
          -122.87485,
          47.05908
        ]
      },
      "properties": {
        "katman": "AIRBNB_ILANI",
        "id": "1754113473676957426",
        "ad": "Daire - Olympia",
        "alt_tur": "Daire",
        "fiyat_tl": 5109,
        "fiyat_1_gun_tl": null,
        "fiyat_1_hafta_tl": null,
        "fiyat_1_ay_tl": null,
        "fiyat_3_ay_tl": 5109,
        "puan": 4.89,
        "yorum": 9,
        "url": "https://www.airbnb.com.tr/rooms/1754113473676957426"
      }
    },
    {
      "type": "Feature",
      "geometry": {
        "type": "Point",
        "coordinates": [
          -122.9345,
          47.0854
        ]
      },
      "properties": {
        "katman": "AIRBNB_ILANI",
        "id": "1740732278040983377",
        "ad": "Ev - Olympia",
        "alt_tur": "Daire / Ev",
        "fiyat_tl": 27270,
        "fiyat_1_gun_tl": null,
        "fiyat_1_hafta_tl": null,
        "fiyat_1_ay_tl": 25119,
        "fiyat_3_ay_tl": 27270,
        "puan": null,
        "yorum": 0,
        "url": "https://www.airbnb.com.tr/rooms/1740732278040983377"
      }
    },
    {
      "type": "Feature",
      "geometry": {
        "type": "Point",
        "coordinates": [
          -87.6538,
          41.9376
        ]
      },
      "properties": {
        "katman": "AIRBNB_ILANI",
        "id": "1734233297639507627",
        "ad": "Lake View bölgesinde oda",
        "alt_tur": "Özel Oda",
        "fiyat_tl": 5838,
        "fiyat_1_gun_tl": null,
        "fiyat_1_hafta_tl": 5838,
        "fiyat_1_ay_tl": null,
        "fiyat_3_ay_tl": null,
        "puan": 4.78,
        "yorum": 9,
        "url": "https://www.airbnb.com.tr/rooms/1734233297639507627"
      }
    },
    {
      "type": "Feature",
      "geometry": {
        "type": "Point",
        "coordinates": [
          -87.64445,
          41.93439
        ]
      },
      "properties": {
        "katman": "AIRBNB_ILANI",
        "id": "1401280455431040849",
        "ad": "Daire - Lake View",
        "alt_tur": "Özel Oda",
        "fiyat_tl": 6690,
        "fiyat_1_gun_tl": null,
        "fiyat_1_hafta_tl": 6690,
        "fiyat_1_ay_tl": null,
        "fiyat_3_ay_tl": null,
        "puan": 4.7,
        "yorum": 40,
        "url": "https://www.airbnb.com.tr/rooms/1401280455431040849"
      }
    },
    {
      "type": "Feature",
      "geometry": {
        "type": "Point",
        "coordinates": [
          -87.65394,
          41.93649
        ]
      },
      "properties": {
        "katman": "AIRBNB_ILANI",
        "id": "1403231465011651820",
        "ad": "Daire - Lake View",
        "alt_tur": "Özel Oda",
        "fiyat_tl": 7711,
        "fiyat_1_gun_tl": null,
        "fiyat_1_hafta_tl": 7711,
        "fiyat_1_ay_tl": null,
        "fiyat_3_ay_tl": null,
        "puan": 4.32,
        "yorum": 47,
        "url": "https://www.airbnb.com.tr/rooms/1403231465011651820"
      }
    },
    {
      "type": "Feature",
      "geometry": {
        "type": "Point",
        "coordinates": [
          -87.6624,
          41.9378
        ]
      },
      "properties": {
        "katman": "AIRBNB_ILANI",
        "id": "1421099382072409518",
        "ad": "Daire - Lake View",
        "alt_tur": "Daire",
        "fiyat_tl": 11896,
        "fiyat_1_gun_tl": null,
        "fiyat_1_hafta_tl": 11896,
        "fiyat_1_ay_tl": null,
        "fiyat_3_ay_tl": null,
        "puan": 4.91,
        "yorum": 78,
        "url": "https://www.airbnb.com.tr/rooms/1421099382072409518"
      }
    },
    {
      "type": "Feature",
      "geometry": {
        "type": "Point",
        "coordinates": [
          -87.64591,
          41.93579
        ]
      },
      "properties": {
        "katman": "AIRBNB_ILANI",
        "id": "1253629821077866493",
        "ad": "Sıra ev - Lake View",
        "alt_tur": "Daire / Ev",
        "fiyat_tl": 14839,
        "fiyat_1_gun_tl": null,
        "fiyat_1_hafta_tl": 14839,
        "fiyat_1_ay_tl": null,
        "fiyat_3_ay_tl": null,
        "puan": 4.96,
        "yorum": 71,
        "url": "https://www.airbnb.com.tr/rooms/1253629821077866493"
      }
    },
    {
      "type": "Feature",
      "geometry": {
        "type": "Point",
        "coordinates": [
          -87.6515,
          41.9392
        ]
      },
      "properties": {
        "katman": "AIRBNB_ILANI",
        "id": "1424129600477029929",
        "ad": "Daire - Lake View",
        "alt_tur": "Daire",
        "fiyat_tl": 19412,
        "fiyat_1_gun_tl": null,
        "fiyat_1_hafta_tl": 19412,
        "fiyat_1_ay_tl": null,
        "fiyat_3_ay_tl": null,
        "puan": 4.8,
        "yorum": 35,
        "url": "https://www.airbnb.com.tr/rooms/1424129600477029929"
      }
    },
    {
      "type": "Feature",
      "geometry": {
        "type": "Point",
        "coordinates": [
          -87.64691,
          41.94452
        ]
      },
      "properties": {
        "katman": "AIRBNB_ILANI",
        "id": "1401814775288445641",
        "ad": "Daire - Lake View",
        "alt_tur": "Özel Oda",
        "fiyat_tl": 9366,
        "fiyat_1_gun_tl": null,
        "fiyat_1_hafta_tl": 9366,
        "fiyat_1_ay_tl": null,
        "fiyat_3_ay_tl": null,
        "puan": 4.81,
        "yorum": 73,
        "url": "https://www.airbnb.com.tr/rooms/1401814775288445641"
      }
    },
    {
      "type": "Feature",
      "geometry": {
        "type": "Point",
        "coordinates": [
          -87.67058,
          41.93898
        ]
      },
      "properties": {
        "katman": "AIRBNB_ILANI",
        "id": "1400960681746151744",
        "ad": "Daire - Lake View",
        "alt_tur": "Daire",
        "fiyat_tl": 7395,
        "fiyat_1_gun_tl": null,
        "fiyat_1_hafta_tl": 7395,
        "fiyat_1_ay_tl": null,
        "fiyat_3_ay_tl": null,
        "puan": 4.85,
        "yorum": 67,
        "url": "https://www.airbnb.com.tr/rooms/1400960681746151744"
      }
    },
    {
      "type": "Feature",
      "geometry": {
        "type": "Point",
        "coordinates": [
          -87.65802,
          41.94887
        ]
      },
      "properties": {
        "katman": "AIRBNB_ILANI",
        "id": "609426723980234879",
        "ad": "Wrigleyville bölgesinde oda",
        "alt_tur": "Özel Oda",
        "fiyat_tl": 3214,
        "fiyat_1_gun_tl": null,
        "fiyat_1_hafta_tl": 3214,
        "fiyat_1_ay_tl": null,
        "fiyat_3_ay_tl": null,
        "puan": 4.7,
        "yorum": 182,
        "url": "https://www.airbnb.com.tr/rooms/609426723980234879"
      }
    },
    {
      "type": "Feature",
      "geometry": {
        "type": "Point",
        "coordinates": [
          -87.6504,
          41.9348
        ]
      },
      "properties": {
        "katman": "AIRBNB_ILANI",
        "id": "20425593",
        "ad": "Daire - Lake View",
        "alt_tur": "Özel Oda",
        "fiyat_tl": 20361,
        "fiyat_1_gun_tl": null,
        "fiyat_1_hafta_tl": 20361,
        "fiyat_1_ay_tl": null,
        "fiyat_3_ay_tl": null,
        "puan": 4.89,
        "yorum": 194,
        "url": "https://www.airbnb.com.tr/rooms/20425593"
      }
    },
    {
      "type": "Feature",
      "geometry": {
        "type": "Point",
        "coordinates": [
          -87.64719,
          41.94119
        ]
      },
      "properties": {
        "katman": "AIRBNB_ILANI",
        "id": "8953380",
        "ad": "Lake View bölgesinde oda",
        "alt_tur": "Özel Oda",
        "fiyat_tl": 10582,
        "fiyat_1_gun_tl": null,
        "fiyat_1_hafta_tl": 10582,
        "fiyat_1_ay_tl": null,
        "fiyat_3_ay_tl": null,
        "puan": 4.96,
        "yorum": 255,
        "url": "https://www.airbnb.com.tr/rooms/8953380"
      }
    },
    {
      "type": "Feature",
      "geometry": {
        "type": "Point",
        "coordinates": [
          -87.64049,
          41.92835
        ]
      },
      "properties": {
        "katman": "AIRBNB_ILANI",
        "id": "1559148020701285489",
        "ad": "Daire - Lincoln Park",
        "alt_tur": "Daire",
        "fiyat_tl": 8889,
        "fiyat_1_gun_tl": null,
        "fiyat_1_hafta_tl": 8889,
        "fiyat_1_ay_tl": null,
        "fiyat_3_ay_tl": null,
        "puan": 4.72,
        "yorum": 39,
        "url": "https://www.airbnb.com.tr/rooms/1559148020701285489"
      }
    },
    {
      "type": "Feature",
      "geometry": {
        "type": "Point",
        "coordinates": [
          -87.64039,
          41.92962
        ]
      },
      "properties": {
        "katman": "AIRBNB_ILANI",
        "id": "1562645928431841442",
        "ad": "Daire - Lincoln Park",
        "alt_tur": "Daire",
        "fiyat_tl": 8266,
        "fiyat_1_gun_tl": null,
        "fiyat_1_hafta_tl": 8266,
        "fiyat_1_ay_tl": null,
        "fiyat_3_ay_tl": null,
        "puan": 4.6,
        "yorum": 20,
        "url": "https://www.airbnb.com.tr/rooms/1562645928431841442"
      }
    },
    {
      "type": "Feature",
      "geometry": {
        "type": "Point",
        "coordinates": [
          -87.67064,
          41.94318
        ]
      },
      "properties": {
        "katman": "AIRBNB_ILANI",
        "id": "1402593656848200267",
        "ad": "Daire - Lake View",
        "alt_tur": "Özel Oda",
        "fiyat_tl": 6471,
        "fiyat_1_gun_tl": null,
        "fiyat_1_hafta_tl": 6471,
        "fiyat_1_ay_tl": null,
        "fiyat_3_ay_tl": null,
        "puan": 4.75,
        "yorum": 69,
        "url": "https://www.airbnb.com.tr/rooms/1402593656848200267"
      }
    },
    {
      "type": "Feature",
      "geometry": {
        "type": "Point",
        "coordinates": [
          -87.64303,
          41.93454
        ]
      },
      "properties": {
        "katman": "AIRBNB_ILANI",
        "id": "45712121",
        "ad": "Lake View bölgesinde oda",
        "alt_tur": "Özel Oda",
        "fiyat_tl": 10631,
        "fiyat_1_gun_tl": null,
        "fiyat_1_hafta_tl": 10631,
        "fiyat_1_ay_tl": null,
        "fiyat_3_ay_tl": null,
        "puan": 4.89,
        "yorum": 165,
        "url": "https://www.airbnb.com.tr/rooms/45712121"
      }
    },
    {
      "type": "Feature",
      "geometry": {
        "type": "Point",
        "coordinates": [
          -87.6698,
          41.9441
        ]
      },
      "properties": {
        "katman": "AIRBNB_ILANI",
        "id": "1459725530483838410",
        "ad": "Daire - Lake View",
        "alt_tur": "Özel Oda",
        "fiyat_tl": 6471,
        "fiyat_1_gun_tl": null,
        "fiyat_1_hafta_tl": 6471,
        "fiyat_1_ay_tl": null,
        "fiyat_3_ay_tl": null,
        "puan": 4.64,
        "yorum": 61,
        "url": "https://www.airbnb.com.tr/rooms/1459725530483838410"
      }
    },
    {
      "type": "Feature",
      "geometry": {
        "type": "Point",
        "coordinates": [
          -87.66882,
          41.92605
        ]
      },
      "properties": {
        "katman": "AIRBNB_ILANI",
        "id": "1450904260625556721",
        "ad": "Daire - Lincoln Park",
        "alt_tur": "Daire",
        "fiyat_tl": 13222,
        "fiyat_1_gun_tl": null,
        "fiyat_1_hafta_tl": 8247,
        "fiyat_1_ay_tl": 18196,
        "fiyat_3_ay_tl": null,
        "puan": 4.9,
        "yorum": 49,
        "url": "https://www.airbnb.com.tr/rooms/1450904260625556721"
      }
    },
    {
      "type": "Feature",
      "geometry": {
        "type": "Point",
        "coordinates": [
          -87.67094,
          41.93889
        ]
      },
      "properties": {
        "katman": "AIRBNB_ILANI",
        "id": "764599477754096242",
        "ad": "Ev - Lake View",
        "alt_tur": "Müstakil Villa",
        "fiyat_tl": 10460,
        "fiyat_1_gun_tl": null,
        "fiyat_1_hafta_tl": 10460,
        "fiyat_1_ay_tl": null,
        "fiyat_3_ay_tl": null,
        "puan": 4.96,
        "yorum": 178,
        "url": "https://www.airbnb.com.tr/rooms/764599477754096242"
      }
    },
    {
      "type": "Feature",
      "geometry": {
        "type": "Point",
        "coordinates": [
          -87.6538,
          41.9376
        ]
      },
      "properties": {
        "katman": "AIRBNB_ILANI",
        "id": "773277395382707715",
        "ad": "Lake View bölgesinde oda",
        "alt_tur": "Özel Oda",
        "fiyat_tl": 5304,
        "fiyat_1_gun_tl": null,
        "fiyat_1_hafta_tl": null,
        "fiyat_1_ay_tl": 6155,
        "fiyat_3_ay_tl": 4452,
        "puan": 4.92,
        "yorum": 170,
        "url": "https://www.airbnb.com.tr/rooms/773277395382707715"
      }
    },
    {
      "type": "Feature",
      "geometry": {
        "type": "Point",
        "coordinates": [
          -87.6526,
          41.93656
        ]
      },
      "properties": {
        "katman": "AIRBNB_ILANI",
        "id": "1403236499896175253",
        "ad": "Daire - Lake View",
        "alt_tur": "Özel Oda",
        "fiyat_tl": 19850,
        "fiyat_1_gun_tl": null,
        "fiyat_1_hafta_tl": null,
        "fiyat_1_ay_tl": 19850,
        "fiyat_3_ay_tl": null,
        "puan": 4.4,
        "yorum": 58,
        "url": "https://www.airbnb.com.tr/rooms/1403236499896175253"
      }
    },
    {
      "type": "Feature",
      "geometry": {
        "type": "Point",
        "coordinates": [
          -87.71364,
          41.94878
        ]
      },
      "properties": {
        "katman": "AIRBNB_ILANI",
        "id": "46107325",
        "ad": "Irving Park bölgesinde oda",
        "alt_tur": "Özel Oda",
        "fiyat_tl": 2902,
        "fiyat_1_gun_tl": null,
        "fiyat_1_hafta_tl": null,
        "fiyat_1_ay_tl": 2902,
        "fiyat_3_ay_tl": null,
        "puan": 4.61,
        "yorum": 153,
        "url": "https://www.airbnb.com.tr/rooms/46107325"
      }
    },
    {
      "type": "Feature",
      "geometry": {
        "type": "Point",
        "coordinates": [
          -87.6588,
          41.9449
        ]
      },
      "properties": {
        "katman": "AIRBNB_ILANI",
        "id": "1737010983177218512",
        "ad": "Wrigleyville bölgesinde oda",
        "alt_tur": "Özel Oda",
        "fiyat_tl": 4290,
        "fiyat_1_gun_tl": null,
        "fiyat_1_hafta_tl": null,
        "fiyat_1_ay_tl": 4290,
        "fiyat_3_ay_tl": null,
        "puan": 5.0,
        "yorum": 7,
        "url": "https://www.airbnb.com.tr/rooms/1737010983177218512"
      }
    },
    {
      "type": "Feature",
      "geometry": {
        "type": "Point",
        "coordinates": [
          -87.6694,
          41.9552
        ]
      },
      "properties": {
        "katman": "AIRBNB_ILANI",
        "id": "816631703010132041",
        "ad": "Daire - Lake View",
        "alt_tur": "Daire",
        "fiyat_tl": 10441,
        "fiyat_1_gun_tl": null,
        "fiyat_1_hafta_tl": null,
        "fiyat_1_ay_tl": 10441,
        "fiyat_3_ay_tl": null,
        "puan": 4.78,
        "yorum": 60,
        "url": "https://www.airbnb.com.tr/rooms/816631703010132041"
      }
    },
    {
      "type": "Feature",
      "geometry": {
        "type": "Point",
        "coordinates": [
          -87.66628,
          41.89865
        ]
      },
      "properties": {
        "katman": "AIRBNB_ILANI",
        "id": "1416682936680054688",
        "ad": "Misafir evi - West Town",
        "alt_tur": "Özel Oda",
        "fiyat_tl": 7427,
        "fiyat_1_gun_tl": null,
        "fiyat_1_hafta_tl": null,
        "fiyat_1_ay_tl": 7427,
        "fiyat_3_ay_tl": null,
        "puan": 4.86,
        "yorum": 43,
        "url": "https://www.airbnb.com.tr/rooms/1416682936680054688"
      }
    },
    {
      "type": "Feature",
      "geometry": {
        "type": "Point",
        "coordinates": [
          -87.66004,
          41.9455
        ]
      },
      "properties": {
        "katman": "AIRBNB_ILANI",
        "id": "724631926443392810",
        "ad": "Wrigleyville bölgesinde oda",
        "alt_tur": "Özel Oda",
        "fiyat_tl": 4014,
        "fiyat_1_gun_tl": null,
        "fiyat_1_hafta_tl": null,
        "fiyat_1_ay_tl": 4014,
        "fiyat_3_ay_tl": null,
        "puan": 4.83,
        "yorum": 6,
        "url": "https://www.airbnb.com.tr/rooms/724631926443392810"
      }
    },
    {
      "type": "Feature",
      "geometry": {
        "type": "Point",
        "coordinates": [
          -87.64455,
          41.92912
        ]
      },
      "properties": {
        "katman": "AIRBNB_ILANI",
        "id": "44213093",
        "ad": "Daire - Lincoln Park",
        "alt_tur": "Daire",
        "fiyat_tl": 20799,
        "fiyat_1_gun_tl": null,
        "fiyat_1_hafta_tl": null,
        "fiyat_1_ay_tl": 20799,
        "fiyat_3_ay_tl": null,
        "puan": 4.91,
        "yorum": 55,
        "url": "https://www.airbnb.com.tr/rooms/44213093"
      }
    },
    {
      "type": "Feature",
      "geometry": {
        "type": "Point",
        "coordinates": [
          -87.69594,
          41.90348
        ]
      },
      "properties": {
        "katman": "AIRBNB_ILANI",
        "id": "7989457",
        "ad": "West Town bölgesinde oda",
        "alt_tur": "Özel Oda",
        "fiyat_tl": 6033,
        "fiyat_1_gun_tl": null,
        "fiyat_1_hafta_tl": null,
        "fiyat_1_ay_tl": 6033,
        "fiyat_3_ay_tl": null,
        "puan": 4.82,
        "yorum": 204,
        "url": "https://www.airbnb.com.tr/rooms/7989457"
      }
    },
    {
      "type": "Feature",
      "geometry": {
        "type": "Point",
        "coordinates": [
          -87.6429,
          41.9393
        ]
      },
      "properties": {
        "katman": "AIRBNB_ILANI",
        "id": "1302287090687096948",
        "ad": "Daire - Lake View",
        "alt_tur": "Daire",
        "fiyat_tl": 27270,
        "fiyat_1_gun_tl": null,
        "fiyat_1_hafta_tl": null,
        "fiyat_1_ay_tl": 27270,
        "fiyat_3_ay_tl": null,
        "puan": 4.82,
        "yorum": 55,
        "url": "https://www.airbnb.com.tr/rooms/1302287090687096948"
      }
    },
    {
      "type": "Feature",
      "geometry": {
        "type": "Point",
        "coordinates": [
          -87.6697,
          41.9372
        ]
      },
      "properties": {
        "katman": "AIRBNB_ILANI",
        "id": "1767593912332900201",
        "ad": "Lake View bölgesinde oda",
        "alt_tur": "Özel Oda",
        "fiyat_tl": 6325,
        "fiyat_1_gun_tl": null,
        "fiyat_1_hafta_tl": null,
        "fiyat_1_ay_tl": 6325,
        "fiyat_3_ay_tl": null,
        "puan": null,
        "yorum": 0,
        "url": "https://www.airbnb.com.tr/rooms/1767593912332900201"
      }
    },
    {
      "type": "Feature",
      "geometry": {
        "type": "Point",
        "coordinates": [
          -87.65416,
          41.94717
        ]
      },
      "properties": {
        "katman": "AIRBNB_ILANI",
        "id": "721653073458172332",
        "ad": "Site içi konut - Wrigleyville",
        "alt_tur": "Daire / Ev",
        "fiyat_tl": 28183,
        "fiyat_1_gun_tl": null,
        "fiyat_1_hafta_tl": null,
        "fiyat_1_ay_tl": 28183,
        "fiyat_3_ay_tl": null,
        "puan": 4.91,
        "yorum": 186,
        "url": "https://www.airbnb.com.tr/rooms/721653073458172332"
      }
    },
    {
      "type": "Feature",
      "geometry": {
        "type": "Point",
        "coordinates": [
          -87.69292,
          41.92883
        ]
      },
      "properties": {
        "katman": "AIRBNB_ILANI",
        "id": "1028397038137814793",
        "ad": "Logan Square bölgesinde oda",
        "alt_tur": "Özel Oda",
        "fiyat_tl": 5692,
        "fiyat_1_gun_tl": null,
        "fiyat_1_hafta_tl": null,
        "fiyat_1_ay_tl": 5692,
        "fiyat_3_ay_tl": null,
        "puan": 4.84,
        "yorum": 63,
        "url": "https://www.airbnb.com.tr/rooms/1028397038137814793"
      }
    },
    {
      "type": "Feature",
      "geometry": {
        "type": "Point",
        "coordinates": [
          -87.65872,
          41.94915
        ]
      },
      "properties": {
        "katman": "AIRBNB_ILANI",
        "id": "567390850413961918",
        "ad": "Wrigleyville bölgesinde oda",
        "alt_tur": "Özel Oda",
        "fiyat_tl": 4985,
        "fiyat_1_gun_tl": null,
        "fiyat_1_hafta_tl": null,
        "fiyat_1_ay_tl": 4985,
        "fiyat_3_ay_tl": null,
        "puan": 4.67,
        "yorum": 169,
        "url": "https://www.airbnb.com.tr/rooms/567390850413961918"
      }
    },
    {
      "type": "Feature",
      "geometry": {
        "type": "Point",
        "coordinates": [
          -87.65939,
          41.9441
        ]
      },
      "properties": {
        "katman": "AIRBNB_ILANI",
        "id": "724650026938156385",
        "ad": "Wrigleyville bölgesinde oda",
        "alt_tur": "Özel Oda",
        "fiyat_tl": 4839,
        "fiyat_1_gun_tl": null,
        "fiyat_1_hafta_tl": null,
        "fiyat_1_ay_tl": 4839,
        "fiyat_3_ay_tl": null,
        "puan": 4.76,
        "yorum": 140,
        "url": "https://www.airbnb.com.tr/rooms/724650026938156385"
      }
    },
    {
      "type": "Feature",
      "geometry": {
        "type": "Point",
        "coordinates": [
          -87.66062,
          41.94894
        ]
      },
      "properties": {
        "katman": "AIRBNB_ILANI",
        "id": "898466186903072118",
        "ad": "Daire - Wrigleyville",
        "alt_tur": "Daire",
        "fiyat_tl": 44371,
        "fiyat_1_gun_tl": null,
        "fiyat_1_hafta_tl": null,
        "fiyat_1_ay_tl": 44371,
        "fiyat_3_ay_tl": null,
        "puan": 4.88,
        "yorum": 94,
        "url": "https://www.airbnb.com.tr/rooms/898466186903072118"
      }
    },
    {
      "type": "Feature",
      "geometry": {
        "type": "Point",
        "coordinates": [
          -87.65204,
          41.93404
        ]
      },
      "properties": {
        "katman": "AIRBNB_ILANI",
        "id": "954631482828782423",
        "ad": "Daire - Lake View",
        "alt_tur": "Daire",
        "fiyat_tl": 30529,
        "fiyat_1_gun_tl": null,
        "fiyat_1_hafta_tl": null,
        "fiyat_1_ay_tl": 30529,
        "fiyat_3_ay_tl": null,
        "puan": 4.85,
        "yorum": 131,
        "url": "https://www.airbnb.com.tr/rooms/954631482828782423"
      }
    },
    {
      "type": "Feature",
      "geometry": {
        "type": "Point",
        "coordinates": [
          -87.6528,
          41.9398
        ]
      },
      "properties": {
        "katman": "AIRBNB_ILANI",
        "id": "1112924991584211938",
        "ad": "City Suites Hotel",
        "alt_tur": "Daire / Ev",
        "fiyat_tl": 6524,
        "fiyat_1_gun_tl": null,
        "fiyat_1_hafta_tl": null,
        "fiyat_1_ay_tl": null,
        "fiyat_3_ay_tl": 6524,
        "puan": 4.66,
        "yorum": 130,
        "url": "https://www.airbnb.com.tr/rooms/1112924991584211938"
      }
    },
    {
      "type": "Feature",
      "geometry": {
        "type": "Point",
        "coordinates": [
          -87.65196,
          41.93903
        ]
      },
      "properties": {
        "katman": "AIRBNB_ILANI",
        "id": "726376",
        "ad": "Daire - Lake View",
        "alt_tur": "Daire",
        "fiyat_tl": 4768,
        "fiyat_1_gun_tl": null,
        "fiyat_1_hafta_tl": null,
        "fiyat_1_ay_tl": null,
        "fiyat_3_ay_tl": 4768,
        "puan": 4.71,
        "yorum": 950,
        "url": "https://www.airbnb.com.tr/rooms/726376"
      }
    },
    {
      "type": "Feature",
      "geometry": {
        "type": "Point",
        "coordinates": [
          -87.6529,
          41.9383
        ]
      },
      "properties": {
        "katman": "AIRBNB_ILANI",
        "id": "6057908",
        "ad": "Daire - Lake View",
        "alt_tur": "Daire",
        "fiyat_tl": 10144,
        "fiyat_1_gun_tl": null,
        "fiyat_1_hafta_tl": null,
        "fiyat_1_ay_tl": null,
        "fiyat_3_ay_tl": 10144,
        "puan": 4.84,
        "yorum": 518,
        "url": "https://www.airbnb.com.tr/rooms/6057908"
      }
    },
    {
      "type": "Feature",
      "geometry": {
        "type": "Point",
        "coordinates": [
          -87.6538,
          41.9377
        ]
      },
      "properties": {
        "katman": "AIRBNB_ILANI",
        "id": "772761488160509011",
        "ad": "Lake View bölgesinde oda",
        "alt_tur": "Özel Oda",
        "fiyat_tl": 4160,
        "fiyat_1_gun_tl": null,
        "fiyat_1_hafta_tl": null,
        "fiyat_1_ay_tl": null,
        "fiyat_3_ay_tl": 4160,
        "puan": 4.92,
        "yorum": 169,
        "url": "https://www.airbnb.com.tr/rooms/772761488160509011"
      }
    },
    {
      "type": "Feature",
      "geometry": {
        "type": "Point",
        "coordinates": [
          -87.64401,
          41.93603
        ]
      },
      "properties": {
        "katman": "AIRBNB_ILANI",
        "id": "1680615075416291568",
        "ad": "Daire - Lake View",
        "alt_tur": "Daire",
        "fiyat_tl": 5619,
        "fiyat_1_gun_tl": null,
        "fiyat_1_hafta_tl": null,
        "fiyat_1_ay_tl": null,
        "fiyat_3_ay_tl": 5619,
        "puan": 4.79,
        "yorum": 19,
        "url": "https://www.airbnb.com.tr/rooms/1680615075416291568"
      }
    },
    {
      "type": "Feature",
      "geometry": {
        "type": "Point",
        "coordinates": [
          -87.6492,
          41.945
        ]
      },
      "properties": {
        "katman": "AIRBNB_ILANI",
        "id": "1145715743073945855",
        "ad": "Lake View bölgesinde oda",
        "alt_tur": "Özel Oda",
        "fiyat_tl": 2822,
        "fiyat_1_gun_tl": null,
        "fiyat_1_hafta_tl": null,
        "fiyat_1_ay_tl": null,
        "fiyat_3_ay_tl": 2822,
        "puan": 4.83,
        "yorum": 35,
        "url": "https://www.airbnb.com.tr/rooms/1145715743073945855"
      }
    },
    {
      "type": "Feature",
      "geometry": {
        "type": "Point",
        "coordinates": [
          -87.6531,
          41.9351
        ]
      },
      "properties": {
        "katman": "AIRBNB_ILANI",
        "id": "1719693079197371118",
        "ad": "Daire - Lake View",
        "alt_tur": "Özel Oda",
        "fiyat_tl": 6957,
        "fiyat_1_gun_tl": null,
        "fiyat_1_hafta_tl": null,
        "fiyat_1_ay_tl": null,
        "fiyat_3_ay_tl": 6957,
        "puan": 4.91,
        "yorum": 11,
        "url": "https://www.airbnb.com.tr/rooms/1719693079197371118"
      }
    },
    {
      "type": "Feature",
      "geometry": {
        "type": "Point",
        "coordinates": [
          -87.65639,
          41.93741
        ]
      },
      "properties": {
        "katman": "AIRBNB_ILANI",
        "id": "20381591",
        "ad": "Daire - Lake View",
        "alt_tur": "Özel Oda",
        "fiyat_tl": 7128,
        "fiyat_1_gun_tl": null,
        "fiyat_1_hafta_tl": null,
        "fiyat_1_ay_tl": null,
        "fiyat_3_ay_tl": 7128,
        "puan": 4.68,
        "yorum": 410,
        "url": "https://www.airbnb.com.tr/rooms/20381591"
      }
    },
    {
      "type": "Feature",
      "geometry": {
        "type": "Point",
        "coordinates": [
          -87.6489,
          41.9451
        ]
      },
      "properties": {
        "katman": "AIRBNB_ILANI",
        "id": "45512087",
        "ad": "Lake View bölgesinde oda",
        "alt_tur": "Özel Oda",
        "fiyat_tl": 3308,
        "fiyat_1_gun_tl": null,
        "fiyat_1_hafta_tl": null,
        "fiyat_1_ay_tl": null,
        "fiyat_3_ay_tl": 3308,
        "puan": 4.77,
        "yorum": 391,
        "url": "https://www.airbnb.com.tr/rooms/45512087"
      }
    },
    {
      "type": "Feature",
      "geometry": {
        "type": "Point",
        "coordinates": [
          -87.64823,
          41.93789
        ]
      },
      "properties": {
        "katman": "AIRBNB_ILANI",
        "id": "1403003917312309240",
        "ad": "Daire - Lake View",
        "alt_tur": "Daire",
        "fiyat_tl": 5619,
        "fiyat_1_gun_tl": null,
        "fiyat_1_hafta_tl": null,
        "fiyat_1_ay_tl": null,
        "fiyat_3_ay_tl": 5619,
        "puan": 4.82,
        "yorum": 51,
        "url": "https://www.airbnb.com.tr/rooms/1403003917312309240"
      }
    },
    {
      "type": "Feature",
      "geometry": {
        "type": "Point",
        "coordinates": [
          -87.66279,
          41.93757
        ]
      },
      "properties": {
        "katman": "AIRBNB_ILANI",
        "id": "40631718",
        "ad": "Çatı katı - Lake View",
        "alt_tur": "Daire / Ev",
        "fiyat_tl": 8344,
        "fiyat_1_gun_tl": null,
        "fiyat_1_hafta_tl": null,
        "fiyat_1_ay_tl": null,
        "fiyat_3_ay_tl": 8344,
        "puan": 4.96,
        "yorum": 606,
        "url": "https://www.airbnb.com.tr/rooms/40631718"
      }
    },
    {
      "type": "Feature",
      "geometry": {
        "type": "Point",
        "coordinates": [
          -87.64523,
          41.9376
        ]
      },
      "properties": {
        "katman": "AIRBNB_ILANI",
        "id": "1401427553926902934",
        "ad": "Daire - Lake View",
        "alt_tur": "Daire",
        "fiyat_tl": 5619,
        "fiyat_1_gun_tl": null,
        "fiyat_1_hafta_tl": null,
        "fiyat_1_ay_tl": null,
        "fiyat_3_ay_tl": 5619,
        "puan": 4.88,
        "yorum": 104,
        "url": "https://www.airbnb.com.tr/rooms/1401427553926902934"
      }
    },
    {
      "type": "Feature",
      "geometry": {
        "type": "Point",
        "coordinates": [
          -87.65081,
          41.93733
        ]
      },
      "properties": {
        "katman": "AIRBNB_ILANI",
        "id": "1588790062206481323",
        "ad": "Daire - Lake View",
        "alt_tur": "Özel Oda",
        "fiyat_tl": 6957,
        "fiyat_1_gun_tl": null,
        "fiyat_1_hafta_tl": null,
        "fiyat_1_ay_tl": null,
        "fiyat_3_ay_tl": 6957,
        "puan": 4.5,
        "yorum": 16,
        "url": "https://www.airbnb.com.tr/rooms/1588790062206481323"
      }
    },
    {
      "type": "Feature",
      "geometry": {
        "type": "Point",
        "coordinates": [
          -87.6515,
          41.9392
        ]
      },
      "properties": {
        "katman": "AIRBNB_ILANI",
        "id": "1405112664266129292",
        "ad": "Daire - Lake View",
        "alt_tur": "Daire",
        "fiyat_tl": 17855,
        "fiyat_1_gun_tl": null,
        "fiyat_1_hafta_tl": null,
        "fiyat_1_ay_tl": null,
        "fiyat_3_ay_tl": 17855,
        "puan": 4.83,
        "yorum": 42,
        "url": "https://www.airbnb.com.tr/rooms/1405112664266129292"
      }
    },
    {
      "type": "Feature",
      "geometry": {
        "type": "Point",
        "coordinates": [
          -87.65492,
          41.94107
        ]
      },
      "properties": {
        "katman": "AIRBNB_ILANI",
        "id": "350347",
        "ad": "Çatı katı - Lake View",
        "alt_tur": "Özel Oda",
        "fiyat_tl": 13331,
        "fiyat_1_gun_tl": null,
        "fiyat_1_hafta_tl": null,
        "fiyat_1_ay_tl": null,
        "fiyat_3_ay_tl": 13331,
        "puan": 4.88,
        "yorum": 893,
        "url": "https://www.airbnb.com.tr/rooms/350347"
      }
    },
    {
      "type": "Feature",
      "geometry": {
        "type": "Point",
        "coordinates": [
          -87.6538,
          41.9376
        ]
      },
      "properties": {
        "katman": "AIRBNB_ILANI",
        "id": "773214911162646829",
        "ad": "Lake View bölgesinde oda",
        "alt_tur": "Özel Oda",
        "fiyat_tl": 5181,
        "fiyat_1_gun_tl": null,
        "fiyat_1_hafta_tl": null,
        "fiyat_1_ay_tl": null,
        "fiyat_3_ay_tl": 5181,
        "puan": 4.91,
        "yorum": 167,
        "url": "https://www.airbnb.com.tr/rooms/773214911162646829"
      }
    },
    {
      "type": "Feature",
      "geometry": {
        "type": "Point",
        "coordinates": [
          -87.6515,
          41.9392
        ]
      },
      "properties": {
        "katman": "AIRBNB_ILANI",
        "id": "1410927037445326431",
        "ad": "Daire - Lake View",
        "alt_tur": "Daire",
        "fiyat_tl": 39798,
        "fiyat_1_gun_tl": null,
        "fiyat_1_hafta_tl": null,
        "fiyat_1_ay_tl": null,
        "fiyat_3_ay_tl": 39798,
        "puan": 4.85,
        "yorum": 13,
        "url": "https://www.airbnb.com.tr/rooms/1410927037445326431"
      }
    },
    {
      "type": "Feature",
      "geometry": {
        "type": "Point",
        "coordinates": [
          28.9525,
          41.0074
        ]
      },
      "properties": {
        "katman": "AIRBNB_ILANI",
        "id": "1598342375042662005",
        "ad": "Otel - Fatih",
        "alt_tur": "Özel Oda",
        "fiyat_tl": 4086,
        "fiyat_1_gun_tl": 4086,
        "fiyat_1_hafta_tl": 4086,
        "fiyat_1_ay_tl": 4086,
        "fiyat_3_ay_tl": 4086,
        "puan": 4.82,
        "yorum": 17,
        "url": "https://www.airbnb.com.tr/rooms/1598342375042662005"
      }
    },
    {
      "type": "Feature",
      "geometry": {
        "type": "Point",
        "coordinates": [
          28.9545,
          41.0057
        ]
      },
      "properties": {
        "katman": "AIRBNB_ILANI",
        "id": "801482439863804459",
        "ad": "Daire - Fatih",
        "alt_tur": "Daire",
        "fiyat_tl": 2358,
        "fiyat_1_gun_tl": 2358,
        "fiyat_1_hafta_tl": null,
        "fiyat_1_ay_tl": null,
        "fiyat_3_ay_tl": null,
        "puan": 4.7,
        "yorum": 132,
        "url": "https://www.airbnb.com.tr/rooms/801482439863804459"
      }
    },
    {
      "type": "Feature",
      "geometry": {
        "type": "Point",
        "coordinates": [
          28.95564,
          41.00511
        ]
      },
      "properties": {
        "katman": "AIRBNB_ILANI",
        "id": "1722640901206973880",
        "ad": "Otel - Fatih",
        "alt_tur": "Daire / Ev",
        "fiyat_tl": 2245,
        "fiyat_1_gun_tl": 2245,
        "fiyat_1_hafta_tl": null,
        "fiyat_1_ay_tl": null,
        "fiyat_3_ay_tl": null,
        "puan": 5.0,
        "yorum": 8,
        "url": "https://www.airbnb.com.tr/rooms/1722640901206973880"
      }
    },
    {
      "type": "Feature",
      "geometry": {
        "type": "Point",
        "coordinates": [
          28.95543,
          41.00628
        ]
      },
      "properties": {
        "katman": "AIRBNB_ILANI",
        "id": "1365053654944325026",
        "ad": "Otel - Fatih",
        "alt_tur": "Özel Oda",
        "fiyat_tl": 2050,
        "fiyat_1_gun_tl": 2050,
        "fiyat_1_hafta_tl": null,
        "fiyat_1_ay_tl": null,
        "fiyat_3_ay_tl": null,
        "puan": 4.96,
        "yorum": 55,
        "url": "https://www.airbnb.com.tr/rooms/1365053654944325026"
      }
    },
    {
      "type": "Feature",
      "geometry": {
        "type": "Point",
        "coordinates": [
          28.9561,
          41.0055
        ]
      },
      "properties": {
        "katman": "AIRBNB_ILANI",
        "id": "1767336833596415868",
        "ad": "Otel - Fatih",
        "alt_tur": "Daire / Ev",
        "fiyat_tl": 1592,
        "fiyat_1_gun_tl": 1685,
        "fiyat_1_hafta_tl": 1685,
        "fiyat_1_ay_tl": 1500,
        "fiyat_3_ay_tl": 1500,
        "puan": null,
        "yorum": 0,
        "url": "https://www.airbnb.com.tr/rooms/1767336833596415868"
      }
    },
    {
      "type": "Feature",
      "geometry": {
        "type": "Point",
        "coordinates": [
          28.9577,
          41.0046
        ]
      },
      "properties": {
        "katman": "AIRBNB_ILANI",
        "id": "1721755266792418684",
        "ad": "Müşterek otel odası - Fatih",
        "alt_tur": "Özel Oda",
        "fiyat_tl": 2400,
        "fiyat_1_gun_tl": 2400,
        "fiyat_1_hafta_tl": null,
        "fiyat_1_ay_tl": null,
        "fiyat_3_ay_tl": null,
        "puan": null,
        "yorum": 0,
        "url": "https://www.airbnb.com.tr/rooms/1721755266792418684"
      }
    },
    {
      "type": "Feature",
      "geometry": {
        "type": "Point",
        "coordinates": [
          28.9524,
          41.009
        ]
      },
      "properties": {
        "katman": "AIRBNB_ILANI",
        "id": "1733987270404208238",
        "ad": "Otel - Fatih",
        "alt_tur": "Özel Oda",
        "fiyat_tl": 2400,
        "fiyat_1_gun_tl": 2400,
        "fiyat_1_hafta_tl": null,
        "fiyat_1_ay_tl": null,
        "fiyat_3_ay_tl": null,
        "puan": 5.0,
        "yorum": 3,
        "url": "https://www.airbnb.com.tr/rooms/1733987270404208238"
      }
    },
    {
      "type": "Feature",
      "geometry": {
        "type": "Point",
        "coordinates": [
          28.969,
          41.0062
        ]
      },
      "properties": {
        "katman": "AIRBNB_ILANI",
        "id": "1200913423420857885",
        "ad": "Otel - Fatih",
        "alt_tur": "Özel Oda",
        "fiyat_tl": 2579,
        "fiyat_1_gun_tl": 2579,
        "fiyat_1_hafta_tl": null,
        "fiyat_1_ay_tl": null,
        "fiyat_3_ay_tl": null,
        "puan": 4.9,
        "yorum": 129,
        "url": "https://www.airbnb.com.tr/rooms/1200913423420857885"
      }
    },
    {
      "type": "Feature",
      "geometry": {
        "type": "Point",
        "coordinates": [
          28.9578,
          41.0052
        ]
      },
      "properties": {
        "katman": "AIRBNB_ILANI",
        "id": "1318642035378208350",
        "ad": "Otel - Fatih",
        "alt_tur": "Özel Oda",
        "fiyat_tl": 2500,
        "fiyat_1_gun_tl": 2500,
        "fiyat_1_hafta_tl": null,
        "fiyat_1_ay_tl": null,
        "fiyat_3_ay_tl": null,
        "puan": null,
        "yorum": 0,
        "url": "https://www.airbnb.com.tr/rooms/1318642035378208350"
      }
    },
    {
      "type": "Feature",
      "geometry": {
        "type": "Point",
        "coordinates": [
          28.95366,
          41.00659
        ]
      },
      "properties": {
        "katman": "AIRBNB_ILANI",
        "id": "1350112509668060296",
        "ad": "Butik otel - Fatih",
        "alt_tur": "Özel Oda",
        "fiyat_tl": 3100,
        "fiyat_1_gun_tl": 3100,
        "fiyat_1_hafta_tl": null,
        "fiyat_1_ay_tl": null,
        "fiyat_3_ay_tl": null,
        "puan": 4.67,
        "yorum": 9,
        "url": "https://www.airbnb.com.tr/rooms/1350112509668060296"
      }
    },
    {
      "type": "Feature",
      "geometry": {
        "type": "Point",
        "coordinates": [
          28.9698,
          41.0053
        ]
      },
      "properties": {
        "katman": "AIRBNB_ILANI",
        "id": "699129250455280053",
        "ad": "Otel odası - Fatih",
        "alt_tur": "Özel Oda",
        "fiyat_tl": 2526,
        "fiyat_1_gun_tl": 2526,
        "fiyat_1_hafta_tl": null,
        "fiyat_1_ay_tl": null,
        "fiyat_3_ay_tl": null,
        "puan": 4.8,
        "yorum": 187,
        "url": "https://www.airbnb.com.tr/rooms/699129250455280053"
      }
    },
    {
      "type": "Feature",
      "geometry": {
        "type": "Point",
        "coordinates": [
          28.9691,
          41.0063
        ]
      },
      "properties": {
        "katman": "AIRBNB_ILANI",
        "id": "35144545",
        "ad": "Daire - Fatih",
        "alt_tur": "Daire",
        "fiyat_tl": 3031,
        "fiyat_1_gun_tl": 3031,
        "fiyat_1_hafta_tl": null,
        "fiyat_1_ay_tl": null,
        "fiyat_3_ay_tl": null,
        "puan": 4.79,
        "yorum": 314,
        "url": "https://www.airbnb.com.tr/rooms/35144545"
      }
    },
    {
      "type": "Feature",
      "geometry": {
        "type": "Point",
        "coordinates": [
          28.96311,
          41.0066
        ]
      },
      "properties": {
        "katman": "AIRBNB_ILANI",
        "id": "1432846545783813570",
        "ad": "Ev - Fatih",
        "alt_tur": "Özel Oda",
        "fiyat_tl": 2414,
        "fiyat_1_gun_tl": 2414,
        "fiyat_1_hafta_tl": null,
        "fiyat_1_ay_tl": null,
        "fiyat_3_ay_tl": null,
        "puan": 4.88,
        "yorum": 57,
        "url": "https://www.airbnb.com.tr/rooms/1432846545783813570"
      }
    },
    {
      "type": "Feature",
      "geometry": {
        "type": "Point",
        "coordinates": [
          28.955555606259757,
          41.00499897426638
        ]
      },
      "properties": {
        "katman": "AIRBNB_ILANI",
        "id": "1722646694432176763",
        "ad": "Otel - Fatih",
        "alt_tur": "Daire / Ev",
        "fiyat_tl": 2245,
        "fiyat_1_gun_tl": 2245,
        "fiyat_1_hafta_tl": null,
        "fiyat_1_ay_tl": null,
        "fiyat_3_ay_tl": null,
        "puan": 5.0,
        "yorum": 3,
        "url": "https://www.airbnb.com.tr/rooms/1722646694432176763"
      }
    },
    {
      "type": "Feature",
      "geometry": {
        "type": "Point",
        "coordinates": [
          28.95276,
          41.0112
        ]
      },
      "properties": {
        "katman": "AIRBNB_ILANI",
        "id": "911478143081587339",
        "ad": "Otel - Fatih",
        "alt_tur": "Daire / Ev",
        "fiyat_tl": 1243,
        "fiyat_1_gun_tl": 1243,
        "fiyat_1_hafta_tl": null,
        "fiyat_1_ay_tl": null,
        "fiyat_3_ay_tl": null,
        "puan": 4.16,
        "yorum": 19,
        "url": "https://www.airbnb.com.tr/rooms/911478143081587339"
      }
    },
    {
      "type": "Feature",
      "geometry": {
        "type": "Point",
        "coordinates": [
          28.9648,
          41.0092
        ]
      },
      "properties": {
        "katman": "AIRBNB_ILANI",
        "id": "1668990426509019134",
        "ad": "Otel - Fatih",
        "alt_tur": "Daire / Ev",
        "fiyat_tl": 2744,
        "fiyat_1_gun_tl": 2744,
        "fiyat_1_hafta_tl": null,
        "fiyat_1_ay_tl": null,
        "fiyat_3_ay_tl": null,
        "puan": 4.78,
        "yorum": 9,
        "url": "https://www.airbnb.com.tr/rooms/1668990426509019134"
      }
    },
    {
      "type": "Feature",
      "geometry": {
        "type": "Point",
        "coordinates": [
          28.96292,
          41.00495
        ]
      },
      "properties": {
        "katman": "AIRBNB_ILANI",
        "id": "37039792",
        "ad": "Butik otel - Fatih",
        "alt_tur": "Daire / Ev",
        "fiyat_tl": 2000,
        "fiyat_1_gun_tl": 2000,
        "fiyat_1_hafta_tl": null,
        "fiyat_1_ay_tl": null,
        "fiyat_3_ay_tl": null,
        "puan": 4.67,
        "yorum": 122,
        "url": "https://www.airbnb.com.tr/rooms/37039792"
      }
    },
    {
      "type": "Feature",
      "geometry": {
        "type": "Point",
        "coordinates": [
          28.969,
          41.006
        ]
      },
      "properties": {
        "katman": "AIRBNB_ILANI",
        "id": "13630360",
        "ad": "Daire - Fatih",
        "alt_tur": "Özel Oda",
        "fiyat_tl": 3677,
        "fiyat_1_gun_tl": 3677,
        "fiyat_1_hafta_tl": null,
        "fiyat_1_ay_tl": null,
        "fiyat_3_ay_tl": null,
        "puan": 4.76,
        "yorum": 301,
        "url": "https://www.airbnb.com.tr/rooms/13630360"
      }
    },
    {
      "type": "Feature",
      "geometry": {
        "type": "Point",
        "coordinates": [
          28.9525,
          41.0071
        ]
      },
      "properties": {
        "katman": "AIRBNB_ILANI",
        "id": "1700025635112035014",
        "ad": "Otel - Fatih",
        "alt_tur": "Özel Oda",
        "fiyat_tl": 3813,
        "fiyat_1_gun_tl": null,
        "fiyat_1_hafta_tl": 3813,
        "fiyat_1_ay_tl": 3813,
        "fiyat_3_ay_tl": 3813,
        "puan": 5.0,
        "yorum": 4,
        "url": "https://www.airbnb.com.tr/rooms/1700025635112035014"
      }
    },
    {
      "type": "Feature",
      "geometry": {
        "type": "Point",
        "coordinates": [
          28.95422,
          41.00665
        ]
      },
      "properties": {
        "katman": "AIRBNB_ILANI",
        "id": "980385584712424016",
        "ad": "Daire - Fatih",
        "alt_tur": "Daire",
        "fiyat_tl": 2287,
        "fiyat_1_gun_tl": null,
        "fiyat_1_hafta_tl": 2287,
        "fiyat_1_ay_tl": null,
        "fiyat_3_ay_tl": 2287,
        "puan": 4.71,
        "yorum": 105,
        "url": "https://www.airbnb.com.tr/rooms/980385584712424016"
      }
    },
    {
      "type": "Feature",
      "geometry": {
        "type": "Point",
        "coordinates": [
          28.9542,
          41.0059
        ]
      },
      "properties": {
        "katman": "AIRBNB_ILANI",
        "id": "1586218366442060149",
        "ad": "Otel - Fatih",
        "alt_tur": "Özel Oda",
        "fiyat_tl": 1826,
        "fiyat_1_gun_tl": null,
        "fiyat_1_hafta_tl": 1826,
        "fiyat_1_ay_tl": null,
        "fiyat_3_ay_tl": null,
        "puan": 4.82,
        "yorum": 120,
        "url": "https://www.airbnb.com.tr/rooms/1586218366442060149"
      }
    },
    {
      "type": "Feature",
      "geometry": {
        "type": "Point",
        "coordinates": [
          28.9547,
          41.0054
        ]
      },
      "properties": {
        "katman": "AIRBNB_ILANI",
        "id": "1722653487110391744",
        "ad": "Otel - Fatih",
        "alt_tur": "Daire / Ev",
        "fiyat_tl": 2245,
        "fiyat_1_gun_tl": null,
        "fiyat_1_hafta_tl": 2245,
        "fiyat_1_ay_tl": null,
        "fiyat_3_ay_tl": null,
        "puan": 5.0,
        "yorum": 6,
        "url": "https://www.airbnb.com.tr/rooms/1722653487110391744"
      }
    },
    {
      "type": "Feature",
      "geometry": {
        "type": "Point",
        "coordinates": [
          28.94737,
          41.0087
        ]
      },
      "properties": {
        "katman": "AIRBNB_ILANI",
        "id": "1540362618862979853",
        "ad": "Otel - Fatih",
        "alt_tur": "Daire / Ev",
        "fiyat_tl": 1850,
        "fiyat_1_gun_tl": null,
        "fiyat_1_hafta_tl": 1900,
        "fiyat_1_ay_tl": null,
        "fiyat_3_ay_tl": 1800,
        "puan": 4.82,
        "yorum": 11,
        "url": "https://www.airbnb.com.tr/rooms/1540362618862979853"
      }
    },
    {
      "type": "Feature",
      "geometry": {
        "type": "Point",
        "coordinates": [
          28.95702,
          41.0068
        ]
      },
      "properties": {
        "katman": "AIRBNB_ILANI",
        "id": "54114166",
        "ad": "Daire - Fatih",
        "alt_tur": "Daire",
        "fiyat_tl": 2288,
        "fiyat_1_gun_tl": null,
        "fiyat_1_hafta_tl": 2161,
        "fiyat_1_ay_tl": 2414,
        "fiyat_3_ay_tl": null,
        "puan": 4.59,
        "yorum": 240,
        "url": "https://www.airbnb.com.tr/rooms/54114166"
      }
    },
    {
      "type": "Feature",
      "geometry": {
        "type": "Point",
        "coordinates": [
          28.95397,
          41.00637
        ]
      },
      "properties": {
        "katman": "AIRBNB_ILANI",
        "id": "1348570919772149056",
        "ad": "Otel - Fatih",
        "alt_tur": "Özel Oda",
        "fiyat_tl": 2100,
        "fiyat_1_gun_tl": null,
        "fiyat_1_hafta_tl": 2100,
        "fiyat_1_ay_tl": null,
        "fiyat_3_ay_tl": null,
        "puan": 4.93,
        "yorum": 81,
        "url": "https://www.airbnb.com.tr/rooms/1348570919772149056"
      }
    },
    {
      "type": "Feature",
      "geometry": {
        "type": "Point",
        "coordinates": [
          28.9562,
          41.0056
        ]
      },
      "properties": {
        "katman": "AIRBNB_ILANI",
        "id": "1236019981849692547",
        "ad": "Daire - Fatih",
        "alt_tur": "Daire",
        "fiyat_tl": 3368,
        "fiyat_1_gun_tl": null,
        "fiyat_1_hafta_tl": 3368,
        "fiyat_1_ay_tl": null,
        "fiyat_3_ay_tl": null,
        "puan": 4.93,
        "yorum": 118,
        "url": "https://www.airbnb.com.tr/rooms/1236019981849692547"
      }
    },
    {
      "type": "Feature",
      "geometry": {
        "type": "Point",
        "coordinates": [
          28.9545,
          41.0057
        ]
      },
      "properties": {
        "katman": "AIRBNB_ILANI",
        "id": "806277168695517607",
        "ad": "Daire - Fatih",
        "alt_tur": "Daire",
        "fiyat_tl": 2414,
        "fiyat_1_gun_tl": null,
        "fiyat_1_hafta_tl": 2414,
        "fiyat_1_ay_tl": null,
        "fiyat_3_ay_tl": null,
        "puan": 4.75,
        "yorum": 139,
        "url": "https://www.airbnb.com.tr/rooms/806277168695517607"
      }
    },
    {
      "type": "Feature",
      "geometry": {
        "type": "Point",
        "coordinates": [
          28.9589,
          41.0141
        ]
      },
      "properties": {
        "katman": "AIRBNB_ILANI",
        "id": "1754193963011770202",
        "ad": "Daire - Fatih",
        "alt_tur": "Daire",
        "fiyat_tl": 4000,
        "fiyat_1_gun_tl": null,
        "fiyat_1_hafta_tl": 4000,
        "fiyat_1_ay_tl": null,
        "fiyat_3_ay_tl": null,
        "puan": null,
        "yorum": 0,
        "url": "https://www.airbnb.com.tr/rooms/1754193963011770202"
      }
    },
    {
      "type": "Feature",
      "geometry": {
        "type": "Point",
        "coordinates": [
          28.96147,
          41.00675
        ]
      },
      "properties": {
        "katman": "AIRBNB_ILANI",
        "id": "1464588337160420397",
        "ad": "Ev - Fatih",
        "alt_tur": "Özel Oda",
        "fiyat_tl": 1965,
        "fiyat_1_gun_tl": null,
        "fiyat_1_hafta_tl": 1965,
        "fiyat_1_ay_tl": null,
        "fiyat_3_ay_tl": null,
        "puan": 4.89,
        "yorum": 53,
        "url": "https://www.airbnb.com.tr/rooms/1464588337160420397"
      }
    },
    {
      "type": "Feature",
      "geometry": {
        "type": "Point",
        "coordinates": [
          28.94831,
          41.00849
        ]
      },
      "properties": {
        "katman": "AIRBNB_ILANI",
        "id": "1540426210821689865",
        "ad": "Otel - Fatih",
        "alt_tur": "Özel Oda",
        "fiyat_tl": 2250,
        "fiyat_1_gun_tl": null,
        "fiyat_1_hafta_tl": 2250,
        "fiyat_1_ay_tl": null,
        "fiyat_3_ay_tl": null,
        "puan": null,
        "yorum": 0,
        "url": "https://www.airbnb.com.tr/rooms/1540426210821689865"
      }
    },
    {
      "type": "Feature",
      "geometry": {
        "type": "Point",
        "coordinates": [
          28.95535,
          41.00616
        ]
      },
      "properties": {
        "katman": "AIRBNB_ILANI",
        "id": "1445668726604063902",
        "ad": "Otel - Fatih",
        "alt_tur": "Özel Oda",
        "fiyat_tl": 1950,
        "fiyat_1_gun_tl": null,
        "fiyat_1_hafta_tl": 1950,
        "fiyat_1_ay_tl": null,
        "fiyat_3_ay_tl": null,
        "puan": 4.94,
        "yorum": 51,
        "url": "https://www.airbnb.com.tr/rooms/1445668726604063902"
      }
    },
    {
      "type": "Feature",
      "geometry": {
        "type": "Point",
        "coordinates": [
          28.9581,
          41.0054
        ]
      },
      "properties": {
        "katman": "AIRBNB_ILANI",
        "id": "1315970989862291982",
        "ad": "Otel - Fatih",
        "alt_tur": "Özel Oda",
        "fiyat_tl": 2500,
        "fiyat_1_gun_tl": null,
        "fiyat_1_hafta_tl": 2500,
        "fiyat_1_ay_tl": null,
        "fiyat_3_ay_tl": null,
        "puan": 4.94,
        "yorum": 35,
        "url": "https://www.airbnb.com.tr/rooms/1315970989862291982"
      }
    },
    {
      "type": "Feature",
      "geometry": {
        "type": "Point",
        "coordinates": [
          28.9542,
          41.006
        ]
      },
      "properties": {
        "katman": "AIRBNB_ILANI",
        "id": "1586220370991918641",
        "ad": "Otel - Fatih",
        "alt_tur": "Özel Oda",
        "fiyat_tl": 2247,
        "fiyat_1_gun_tl": null,
        "fiyat_1_hafta_tl": 2247,
        "fiyat_1_ay_tl": null,
        "fiyat_3_ay_tl": null,
        "puan": 4.88,
        "yorum": 8,
        "url": "https://www.airbnb.com.tr/rooms/1586220370991918641"
      }
    },
    {
      "type": "Feature",
      "geometry": {
        "type": "Point",
        "coordinates": [
          28.9524,
          41.009
        ]
      },
      "properties": {
        "katman": "AIRBNB_ILANI",
        "id": "1770926218433078512",
        "ad": "Otel - Fatih",
        "alt_tur": "Daire / Ev",
        "fiyat_tl": 3200,
        "fiyat_1_gun_tl": null,
        "fiyat_1_hafta_tl": 3200,
        "fiyat_1_ay_tl": null,
        "fiyat_3_ay_tl": null,
        "puan": null,
        "yorum": 0,
        "url": "https://www.airbnb.com.tr/rooms/1770926218433078512"
      }
    },
    {
      "type": "Feature",
      "geometry": {
        "type": "Point",
        "coordinates": [
          28.95319,
          41.00815
        ]
      },
      "properties": {
        "katman": "AIRBNB_ILANI",
        "id": "1250416454955637584",
        "ad": "Otel - Fatih",
        "alt_tur": "Özel Oda",
        "fiyat_tl": 1972,
        "fiyat_1_gun_tl": null,
        "fiyat_1_hafta_tl": null,
        "fiyat_1_ay_tl": 1845,
        "fiyat_3_ay_tl": 2100,
        "puan": 4.81,
        "yorum": 63,
        "url": "https://www.airbnb.com.tr/rooms/1250416454955637584"
      }
    },
    {
      "type": "Feature",
      "geometry": {
        "type": "Point",
        "coordinates": [
          28.9565,
          41.00714
        ]
      },
      "properties": {
        "katman": "AIRBNB_ILANI",
        "id": "54087040",
        "ad": "Daire - Fatih",
        "alt_tur": "Daire",
        "fiyat_tl": 2190,
        "fiyat_1_gun_tl": null,
        "fiyat_1_hafta_tl": null,
        "fiyat_1_ay_tl": 2287,
        "fiyat_3_ay_tl": 2092,
        "puan": 4.55,
        "yorum": 191,
        "url": "https://www.airbnb.com.tr/rooms/54087040"
      }
    },
    {
      "type": "Feature",
      "geometry": {
        "type": "Point",
        "coordinates": [
          28.9562,
          41.0056
        ]
      },
      "properties": {
        "katman": "AIRBNB_ILANI",
        "id": "1236008589058277904",
        "ad": "Daire - Fatih",
        "alt_tur": "Daire",
        "fiyat_tl": 3018,
        "fiyat_1_gun_tl": null,
        "fiyat_1_hafta_tl": null,
        "fiyat_1_ay_tl": 3228,
        "fiyat_3_ay_tl": 2807,
        "puan": 4.95,
        "yorum": 93,
        "url": "https://www.airbnb.com.tr/rooms/1236008589058277904"
      }
    },
    {
      "type": "Feature",
      "geometry": {
        "type": "Point",
        "coordinates": [
          28.95537,
          41.00672
        ]
      },
      "properties": {
        "katman": "AIRBNB_ILANI",
        "id": "1317541197110016700",
        "ad": "Daire - Fatih",
        "alt_tur": "Daire",
        "fiyat_tl": 2245,
        "fiyat_1_gun_tl": null,
        "fiyat_1_hafta_tl": null,
        "fiyat_1_ay_tl": 2245,
        "fiyat_3_ay_tl": null,
        "puan": 5.0,
        "yorum": 17,
        "url": "https://www.airbnb.com.tr/rooms/1317541197110016700"
      }
    },
    {
      "type": "Feature",
      "geometry": {
        "type": "Point",
        "coordinates": [
          28.9545,
          41.0057
        ]
      },
      "properties": {
        "katman": "AIRBNB_ILANI",
        "id": "806275337748239072",
        "ad": "Daire - Fatih",
        "alt_tur": "Daire",
        "fiyat_tl": 2442,
        "fiyat_1_gun_tl": null,
        "fiyat_1_hafta_tl": null,
        "fiyat_1_ay_tl": 2442,
        "fiyat_3_ay_tl": null,
        "puan": 4.69,
        "yorum": 85,
        "url": "https://www.airbnb.com.tr/rooms/806275337748239072"
      }
    },
    {
      "type": "Feature",
      "geometry": {
        "type": "Point",
        "coordinates": [
          28.9583,
          41.0107
        ]
      },
      "properties": {
        "katman": "AIRBNB_ILANI",
        "id": "1547685547436621205",
        "ad": "Otel - Fatih",
        "alt_tur": "Özel Oda",
        "fiyat_tl": 1173,
        "fiyat_1_gun_tl": null,
        "fiyat_1_hafta_tl": null,
        "fiyat_1_ay_tl": 1173,
        "fiyat_3_ay_tl": null,
        "puan": 4.72,
        "yorum": 18,
        "url": "https://www.airbnb.com.tr/rooms/1547685547436621205"
      }
    },
    {
      "type": "Feature",
      "geometry": {
        "type": "Point",
        "coordinates": [
          28.9524,
          41.009
        ]
      },
      "properties": {
        "katman": "AIRBNB_ILANI",
        "id": "1770930352195220151",
        "ad": "Otel - Fatih",
        "alt_tur": "Daire / Ev",
        "fiyat_tl": 3200,
        "fiyat_1_gun_tl": null,
        "fiyat_1_hafta_tl": null,
        "fiyat_1_ay_tl": 3200,
        "fiyat_3_ay_tl": null,
        "puan": null,
        "yorum": 0,
        "url": "https://www.airbnb.com.tr/rooms/1770930352195220151"
      }
    },
    {
      "type": "Feature",
      "geometry": {
        "type": "Point",
        "coordinates": [
          28.955166264967612,
          41.00437937381545
        ]
      },
      "properties": {
        "katman": "AIRBNB_ILANI",
        "id": "1722643529304990049",
        "ad": "Otel - Fatih",
        "alt_tur": "Daire / Ev",
        "fiyat_tl": 2722,
        "fiyat_1_gun_tl": null,
        "fiyat_1_hafta_tl": null,
        "fiyat_1_ay_tl": 2722,
        "fiyat_3_ay_tl": null,
        "puan": 4.86,
        "yorum": 14,
        "url": "https://www.airbnb.com.tr/rooms/1722643529304990049"
      }
    },
    {
      "type": "Feature",
      "geometry": {
        "type": "Point",
        "coordinates": [
          28.9697,
          41.0052
        ]
      },
      "properties": {
        "katman": "AIRBNB_ILANI",
        "id": "699107374368728290",
        "ad": "Otel odası - Fatih",
        "alt_tur": "Özel Oda",
        "fiyat_tl": 2638,
        "fiyat_1_gun_tl": null,
        "fiyat_1_hafta_tl": 2526,
        "fiyat_1_ay_tl": 2638,
        "fiyat_3_ay_tl": null,
        "puan": 4.85,
        "yorum": 154,
        "url": "https://www.airbnb.com.tr/rooms/699107374368728290"
      }
    },
    {
      "type": "Feature",
      "geometry": {
        "type": "Point",
        "coordinates": [
          28.9478,
          41.0076
        ]
      },
      "properties": {
        "katman": "AIRBNB_ILANI",
        "id": "1540386186167973267",
        "ad": "Otel - Fatih",
        "alt_tur": "Daire / Ev",
        "fiyat_tl": 1800,
        "fiyat_1_gun_tl": null,
        "fiyat_1_hafta_tl": null,
        "fiyat_1_ay_tl": 1800,
        "fiyat_3_ay_tl": null,
        "puan": null,
        "yorum": 0,
        "url": "https://www.airbnb.com.tr/rooms/1540386186167973267"
      }
    },
    {
      "type": "Feature",
      "geometry": {
        "type": "Point",
        "coordinates": [
          28.96239,
          41.00426
        ]
      },
      "properties": {
        "katman": "AIRBNB_ILANI",
        "id": "1481214769733611113",
        "ad": "Fatih bölgesinde oda",
        "alt_tur": "Özel Oda",
        "fiyat_tl": 2728,
        "fiyat_1_gun_tl": null,
        "fiyat_1_hafta_tl": null,
        "fiyat_1_ay_tl": 2728,
        "fiyat_3_ay_tl": null,
        "puan": 4.82,
        "yorum": 68,
        "url": "https://www.airbnb.com.tr/rooms/1481214769733611113"
      }
    },
    {
      "type": "Feature",
      "geometry": {
        "type": "Point",
        "coordinates": [
          28.9625,
          41.0058
        ]
      },
      "properties": {
        "katman": "AIRBNB_ILANI",
        "id": "1432018703163700113",
        "ad": "Ev - Fatih",
        "alt_tur": "Özel Oda",
        "fiyat_tl": 3284,
        "fiyat_1_gun_tl": null,
        "fiyat_1_hafta_tl": null,
        "fiyat_1_ay_tl": 3284,
        "fiyat_3_ay_tl": null,
        "puan": 4.87,
        "yorum": 61,
        "url": "https://www.airbnb.com.tr/rooms/1432018703163700113"
      }
    },
    {
      "type": "Feature",
      "geometry": {
        "type": "Point",
        "coordinates": [
          28.95525,
          41.01599
        ]
      },
      "properties": {
        "katman": "AIRBNB_ILANI",
        "id": "1321776818105186791",
        "ad": "Otel - Fatih",
        "alt_tur": "Özel Oda",
        "fiyat_tl": 1462,
        "fiyat_1_gun_tl": null,
        "fiyat_1_hafta_tl": null,
        "fiyat_1_ay_tl": 1462,
        "fiyat_3_ay_tl": null,
        "puan": 4.8,
        "yorum": 15,
        "url": "https://www.airbnb.com.tr/rooms/1321776818105186791"
      }
    },
    {
      "type": "Feature",
      "geometry": {
        "type": "Point",
        "coordinates": [
          28.9589,
          41.0141
        ]
      },
      "properties": {
        "katman": "AIRBNB_ILANI",
        "id": "1754188177993841881",
        "ad": "Daire - Fatih",
        "alt_tur": "Daire",
        "fiyat_tl": 3800,
        "fiyat_1_gun_tl": null,
        "fiyat_1_hafta_tl": null,
        "fiyat_1_ay_tl": 3800,
        "fiyat_3_ay_tl": null,
        "puan": null,
        "yorum": 0,
        "url": "https://www.airbnb.com.tr/rooms/1754188177993841881"
      }
    },
    {
      "type": "Feature",
      "geometry": {
        "type": "Point",
        "coordinates": [
          28.955,
          41.0064
        ]
      },
      "properties": {
        "katman": "AIRBNB_ILANI",
        "id": "933984174537949311",
        "ad": "Daire - Fatih",
        "alt_tur": "Daire",
        "fiyat_tl": 6500,
        "fiyat_1_gun_tl": null,
        "fiyat_1_hafta_tl": null,
        "fiyat_1_ay_tl": null,
        "fiyat_3_ay_tl": 6500,
        "puan": 4.83,
        "yorum": 90,
        "url": "https://www.airbnb.com.tr/rooms/933984174537949311"
      }
    },
    {
      "type": "Feature",
      "geometry": {
        "type": "Point",
        "coordinates": [
          28.9545,
          41.0057
        ]
      },
      "properties": {
        "katman": "AIRBNB_ILANI",
        "id": "806276640946953771",
        "ad": "Daire - Fatih",
        "alt_tur": "Daire",
        "fiyat_tl": 2301,
        "fiyat_1_gun_tl": null,
        "fiyat_1_hafta_tl": null,
        "fiyat_1_ay_tl": null,
        "fiyat_3_ay_tl": 2301,
        "puan": 4.79,
        "yorum": 170,
        "url": "https://www.airbnb.com.tr/rooms/806276640946953771"
      }
    },
    {
      "type": "Feature",
      "geometry": {
        "type": "Point",
        "coordinates": [
          28.9524,
          41.009
        ]
      },
      "properties": {
        "katman": "AIRBNB_ILANI",
        "id": "1754235610085177264",
        "ad": "Otel - Fatih",
        "alt_tur": "Özel Oda",
        "fiyat_tl": 2800,
        "fiyat_1_gun_tl": null,
        "fiyat_1_hafta_tl": null,
        "fiyat_1_ay_tl": null,
        "fiyat_3_ay_tl": 2800,
        "puan": null,
        "yorum": 0,
        "url": "https://www.airbnb.com.tr/rooms/1754235610085177264"
      }
    },
    {
      "type": "Feature",
      "geometry": {
        "type": "Point",
        "coordinates": [
          28.964,
          41.0057
        ]
      },
      "properties": {
        "katman": "AIRBNB_ILANI",
        "id": "1041090518033952521",
        "ad": "Otel - Fatih",
        "alt_tur": "Daire / Ev",
        "fiyat_tl": 1900,
        "fiyat_1_gun_tl": null,
        "fiyat_1_hafta_tl": null,
        "fiyat_1_ay_tl": null,
        "fiyat_3_ay_tl": 1900,
        "puan": 4.93,
        "yorum": 151,
        "url": "https://www.airbnb.com.tr/rooms/1041090518033952521"
      }
    },
    {
      "type": "Feature",
      "geometry": {
        "type": "Point",
        "coordinates": [
          28.9562,
          41.0056
        ]
      },
      "properties": {
        "katman": "AIRBNB_ILANI",
        "id": "1236010359409853759",
        "ad": "Daire - Fatih",
        "alt_tur": "Daire",
        "fiyat_tl": 2807,
        "fiyat_1_gun_tl": null,
        "fiyat_1_hafta_tl": null,
        "fiyat_1_ay_tl": null,
        "fiyat_3_ay_tl": 2807,
        "puan": 4.91,
        "yorum": 105,
        "url": "https://www.airbnb.com.tr/rooms/1236010359409853759"
      }
    },
    {
      "type": "Feature",
      "geometry": {
        "type": "Point",
        "coordinates": [
          28.9478,
          41.0094
        ]
      },
      "properties": {
        "katman": "AIRBNB_ILANI",
        "id": "1665364785885022959",
        "ad": "Daire - Fatih",
        "alt_tur": "Özel Oda",
        "fiyat_tl": 9262,
        "fiyat_1_gun_tl": null,
        "fiyat_1_hafta_tl": null,
        "fiyat_1_ay_tl": null,
        "fiyat_3_ay_tl": 9262,
        "puan": 5.0,
        "yorum": 15,
        "url": "https://www.airbnb.com.tr/rooms/1665364785885022959"
      }
    },
    {
      "type": "Feature",
      "geometry": {
        "type": "Point",
        "coordinates": [
          28.9547,
          41.0054
        ]
      },
      "properties": {
        "katman": "AIRBNB_ILANI",
        "id": "1722648621473745331",
        "ad": "Otel - Fatih",
        "alt_tur": "Daire / Ev",
        "fiyat_tl": 1965,
        "fiyat_1_gun_tl": null,
        "fiyat_1_hafta_tl": null,
        "fiyat_1_ay_tl": null,
        "fiyat_3_ay_tl": 1965,
        "puan": 5.0,
        "yorum": 10,
        "url": "https://www.airbnb.com.tr/rooms/1722648621473745331"
      }
    },
    {
      "type": "Feature",
      "geometry": {
        "type": "Point",
        "coordinates": [
          28.965,
          41.00285
        ]
      },
      "properties": {
        "katman": "AIRBNB_ILANI",
        "id": "1576270146769520688",
        "ad": "Otel - Fatih",
        "alt_tur": "Özel Oda",
        "fiyat_tl": 2500,
        "fiyat_1_gun_tl": null,
        "fiyat_1_hafta_tl": null,
        "fiyat_1_ay_tl": null,
        "fiyat_3_ay_tl": 2500,
        "puan": 4.8,
        "yorum": 35,
        "url": "https://www.airbnb.com.tr/rooms/1576270146769520688"
      }
    },
    {
      "type": "Feature",
      "geometry": {
        "type": "Point",
        "coordinates": [
          28.9637,
          41.0043
        ]
      },
      "properties": {
        "katman": "AIRBNB_ILANI",
        "id": "791106210561104468",
        "ad": "Daire - Fatih",
        "alt_tur": "Daire",
        "fiyat_tl": 4996,
        "fiyat_1_gun_tl": null,
        "fiyat_1_hafta_tl": null,
        "fiyat_1_ay_tl": null,
        "fiyat_3_ay_tl": 4996,
        "puan": 4.89,
        "yorum": 176,
        "url": "https://www.airbnb.com.tr/rooms/791106210561104468"
      }
    },
    {
      "type": "Feature",
      "geometry": {
        "type": "Point",
        "coordinates": [
          28.9641,
          41.0045
        ]
      },
      "properties": {
        "katman": "AIRBNB_ILANI",
        "id": "1614576070450961002",
        "ad": "Daire - Fatih",
        "alt_tur": "Özel Oda",
        "fiyat_tl": 5248,
        "fiyat_1_gun_tl": null,
        "fiyat_1_hafta_tl": null,
        "fiyat_1_ay_tl": null,
        "fiyat_3_ay_tl": 5248,
        "puan": 4.77,
        "yorum": 39,
        "url": "https://www.airbnb.com.tr/rooms/1614576070450961002"
      }
    },
    {
      "type": "Feature",
      "geometry": {
        "type": "Point",
        "coordinates": [
          -100.3802,
          20.6074
        ]
      },
      "properties": {
        "katman": "AIRBNB_ILANI",
        "id": "1754656300558399374",
        "ad": "Daire - Santiago de Querétaro, Meksika",
        "alt_tur": "Daire",
        "fiyat_tl": 1655,
        "fiyat_1_gun_tl": 1655,
        "fiyat_1_hafta_tl": null,
        "fiyat_1_ay_tl": null,
        "fiyat_3_ay_tl": null,
        "puan": 4.83,
        "yorum": 6,
        "url": "https://www.airbnb.com.tr/rooms/1754656300558399374"
      }
    },
    {
      "type": "Feature",
      "geometry": {
        "type": "Point",
        "coordinates": [
          32.5849,
          0.3593
        ]
      },
      "properties": {
        "katman": "AIRBNB_ILANI",
        "id": "1528326982272454805",
        "ad": "Site içi konut - Kampala, Uganda",
        "alt_tur": "Daire / Ev",
        "fiyat_tl": 1606,
        "fiyat_1_gun_tl": 1606,
        "fiyat_1_hafta_tl": null,
        "fiyat_1_ay_tl": null,
        "fiyat_3_ay_tl": null,
        "puan": 5.0,
        "yorum": 3,
        "url": "https://www.airbnb.com.tr/rooms/1528326982272454805"
      }
    },
    {
      "type": "Feature",
      "geometry": {
        "type": "Point",
        "coordinates": [
          -89.2879,
          13.6829
        ]
      },
      "properties": {
        "katman": "AIRBNB_ILANI",
        "id": "1769873188250294245",
        "ad": "Santa Tecla, El Salvador bölgesinde oda",
        "alt_tur": "Müstakil Villa",
        "fiyat_tl": 1216,
        "fiyat_1_gun_tl": 1216,
        "fiyat_1_hafta_tl": null,
        "fiyat_1_ay_tl": null,
        "fiyat_3_ay_tl": null,
        "puan": null,
        "yorum": 0,
        "url": "https://www.airbnb.com.tr/rooms/1769873188250294245"
      }
    },
    {
      "type": "Feature",
      "geometry": {
        "type": "Point",
        "coordinates": [
          -47.8851,
          -15.7896
        ]
      },
      "properties": {
        "katman": "AIRBNB_ILANI",
        "id": "1762328971888944262",
        "ad": "Daire - Brasília, Brezilya",
        "alt_tur": "Daire",
        "fiyat_tl": 2689,
        "fiyat_1_gun_tl": 2689,
        "fiyat_1_hafta_tl": null,
        "fiyat_1_ay_tl": null,
        "fiyat_3_ay_tl": null,
        "puan": null,
        "yorum": 0,
        "url": "https://www.airbnb.com.tr/rooms/1762328971888944262"
      }
    },
    {
      "type": "Feature",
      "geometry": {
        "type": "Point",
        "coordinates": [
          -89.8548,
          13.8663
        ]
      },
      "properties": {
        "katman": "AIRBNB_ILANI",
        "id": "1748982165501297793",
        "ad": "Ev - Concepción de Ataco, El Salvador",
        "alt_tur": "Daire / Ev",
        "fiyat_tl": 7298,
        "fiyat_1_gun_tl": 7298,
        "fiyat_1_hafta_tl": 7298,
        "fiyat_1_ay_tl": null,
        "fiyat_3_ay_tl": null,
        "puan": 5.0,
        "yorum": 10,
        "url": "https://www.airbnb.com.tr/rooms/1748982165501297793"
      }
    },
    {
      "type": "Feature",
      "geometry": {
        "type": "Point",
        "coordinates": [
          -81.72861540994872,
          35.833635585739934
        ]
      },
      "properties": {
        "katman": "AIRBNB_ILANI",
        "id": "1557351929106699440",
        "ad": "Kubbe - Morganton, Kuzey Carolina, Amerika Birleşik Devletleri",
        "alt_tur": "Daire / Ev",
        "fiyat_tl": 5838,
        "fiyat_1_gun_tl": null,
        "fiyat_1_hafta_tl": 5838,
        "fiyat_1_ay_tl": null,
        "fiyat_3_ay_tl": null,
        "puan": 5.0,
        "yorum": 86,
        "url": "https://www.airbnb.com.tr/rooms/1557351929106699440"
      }
    },
    {
      "type": "Feature",
      "geometry": {
        "type": "Point",
        "coordinates": [
          -95.9927,
          46.4596
        ]
      },
      "properties": {
        "katman": "AIRBNB_ILANI",
        "id": "1763190216548052827",
        "ad": "Kulübe - Erhard, Minnesota, Amerika Birleşik Devletleri",
        "alt_tur": "Daire / Ev",
        "fiyat_tl": 12552,
        "fiyat_1_gun_tl": null,
        "fiyat_1_hafta_tl": 12552,
        "fiyat_1_ay_tl": null,
        "fiyat_3_ay_tl": null,
        "puan": null,
        "yorum": 0,
        "url": "https://www.airbnb.com.tr/rooms/1763190216548052827"
      }
    },
    {
      "type": "Feature",
      "geometry": {
        "type": "Point",
        "coordinates": [
          -75.5931,
          41.0045
        ]
      },
      "properties": {
        "katman": "AIRBNB_ILANI",
        "id": "1759431412082066975",
        "ad": "Ev - Albrightsville, Pensilvanya, Amerika Birleşik Devletleri",
        "alt_tur": "Özel Oda",
        "fiyat_tl": 20969,
        "fiyat_1_gun_tl": null,
        "fiyat_1_hafta_tl": 20969,
        "fiyat_1_ay_tl": null,
        "fiyat_3_ay_tl": null,
        "puan": null,
        "yorum": 0,
        "url": "https://www.airbnb.com.tr/rooms/1759431412082066975"
      }
    },
    {
      "type": "Feature",
      "geometry": {
        "type": "Point",
        "coordinates": [
          -80.8637,
          32.0029
        ]
      },
      "properties": {
        "katman": "AIRBNB_ILANI",
        "id": "1743144962006535196",
        "ad": "Ev - Tybee Island, Georgia, Amerika Birleşik Devletleri",
        "alt_tur": "Daire / Ev",
        "fiyat_tl": 37998,
        "fiyat_1_gun_tl": null,
        "fiyat_1_hafta_tl": null,
        "fiyat_1_ay_tl": 37998,
        "fiyat_3_ay_tl": null,
        "puan": null,
        "yorum": 0,
        "url": "https://www.airbnb.com.tr/rooms/1743144962006535196"
      }
    },
    {
      "type": "Feature",
      "geometry": {
        "type": "Point",
        "coordinates": [
          -48.7649,
          -27.6383
        ]
      },
      "properties": {
        "katman": "AIRBNB_ILANI",
        "id": "1452144996922533249",
        "ad": "Kır evi - Santo Amaro da Imperatriz, Brezilya",
        "alt_tur": "Kır Evi / Bungalov",
        "fiyat_tl": 18419,
        "fiyat_1_gun_tl": null,
        "fiyat_1_hafta_tl": null,
        "fiyat_1_ay_tl": 18419,
        "fiyat_3_ay_tl": null,
        "puan": 5.0,
        "yorum": 9,
        "url": "https://www.airbnb.com.tr/rooms/1452144996922533249"
      }
    },
    {
      "type": "Feature",
      "geometry": {
        "type": "Point",
        "coordinates": [
          103.3095,
          2.0584
        ]
      },
      "properties": {
        "katman": "AIRBNB_ILANI",
        "id": "1760291118106067662",
        "ad": "Ev - Kluang, Malezya",
        "alt_tur": "Daire / Ev",
        "fiyat_tl": 7683,
        "fiyat_1_gun_tl": null,
        "fiyat_1_hafta_tl": null,
        "fiyat_1_ay_tl": 7683,
        "fiyat_3_ay_tl": null,
        "puan": 5.0,
        "yorum": 3,
        "url": "https://www.airbnb.com.tr/rooms/1760291118106067662"
      }
    },
    {
      "type": "Feature",
      "geometry": {
        "type": "Point",
        "coordinates": [
          -84.35345112057117,
          34.93907052352083
        ]
      },
      "properties": {
        "katman": "AIRBNB_ILANI",
        "id": "1740568880686761662",
        "ad": "Kulübe - Blue Ridge, Georgia, Amerika Birleşik Devletleri",
        "alt_tur": "Daire / Ev",
        "fiyat_tl": 58869,
        "fiyat_1_gun_tl": null,
        "fiyat_1_hafta_tl": null,
        "fiyat_1_ay_tl": 58869,
        "fiyat_3_ay_tl": 28179,
        "puan": 5.0,
        "yorum": 4,
        "url": "https://www.airbnb.com.tr/rooms/1740568880686761662"
      }
    },
    {
      "type": "Feature",
      "geometry": {
        "type": "Point",
        "coordinates": [
          -116.3331,
          34.1262
        ]
      },
      "properties": {
        "katman": "AIRBNB_ILANI",
        "id": "1724233757010884433",
        "ad": "Ev - Joshua Tree, Kaliforniya, Amerika Birleşik Devletleri",
        "alt_tur": "Daire / Ev",
        "fiyat_tl": 12528,
        "fiyat_1_gun_tl": null,
        "fiyat_1_hafta_tl": null,
        "fiyat_1_ay_tl": null,
        "fiyat_3_ay_tl": 12528,
        "puan": 5.0,
        "yorum": 8,
        "url": "https://www.airbnb.com.tr/rooms/1724233757010884433"
      }
    },
    {
      "type": "Feature",
      "geometry": {
        "type": "Point",
        "coordinates": [
          2.5419672374049935,
          49.05765027449805
        ]
      },
      "properties": {
        "katman": "AIRBNB_ILANI",
        "id": "1744749860675092832",
        "ad": "Daire - Villeron, Fransa",
        "alt_tur": "Daire",
        "fiyat_tl": 3480,
        "fiyat_1_gun_tl": null,
        "fiyat_1_hafta_tl": null,
        "fiyat_1_ay_tl": null,
        "fiyat_3_ay_tl": 3480,
        "puan": null,
        "yorum": 0,
        "url": "https://www.airbnb.com.tr/rooms/1744749860675092832"
      }
    },
    {
      "type": "Feature",
      "geometry": {
        "type": "Point",
        "coordinates": [
          -111.91237,
          33.45557
        ]
      },
      "properties": {
        "katman": "AIRBNB_ILANI",
        "id": "1754712019130180941",
        "ad": "Ev - Scottsdale, Arizona, Amerika Birleşik Devletleri",
        "alt_tur": "Özel Oda",
        "fiyat_tl": 17734,
        "fiyat_1_gun_tl": null,
        "fiyat_1_hafta_tl": null,
        "fiyat_1_ay_tl": null,
        "fiyat_3_ay_tl": 17734,
        "puan": null,
        "yorum": 0,
        "url": "https://www.airbnb.com.tr/rooms/1754712019130180941"
      }
    },
    {
      "type": "Feature",
      "geometry": {
        "type": "Point",
        "coordinates": [
          30.53912,
          37.77806
        ]
      },
      "properties": {
        "katman": "AIRBNB_ILANI",
        "id": "1167293237416842158",
        "ad": "Site içi konut - Isparta",
        "alt_tur": "Daire / Ev",
        "fiyat_tl": 3112,
        "fiyat_1_gun_tl": 3075,
        "fiyat_1_hafta_tl": null,
        "fiyat_1_ay_tl": 3150,
        "fiyat_3_ay_tl": null,
        "puan": 4.79,
        "yorum": 75,
        "url": "https://www.airbnb.com.tr/rooms/1167293237416842158"
      }
    },
    {
      "type": "Feature",
      "geometry": {
        "type": "Point",
        "coordinates": [
          30.537064478552256,
          37.77951135374863
        ]
      },
      "properties": {
        "katman": "AIRBNB_ILANI",
        "id": "1318938534926248458",
        "ad": "Site içi konut - Isparta",
        "alt_tur": "Daire / Ev",
        "fiyat_tl": 2562,
        "fiyat_1_gun_tl": 2562,
        "fiyat_1_hafta_tl": null,
        "fiyat_1_ay_tl": null,
        "fiyat_3_ay_tl": null,
        "puan": 4.77,
        "yorum": 44,
        "url": "https://www.airbnb.com.tr/rooms/1318938534926248458"
      }
    },
    {
      "type": "Feature",
      "geometry": {
        "type": "Point",
        "coordinates": [
          30.53713,
          37.78002
        ]
      },
      "properties": {
        "katman": "AIRBNB_ILANI",
        "id": "949862442928407474",
        "ad": "Site içi konut - Isparta",
        "alt_tur": "Daire / Ev",
        "fiyat_tl": 2825,
        "fiyat_1_gun_tl": 2800,
        "fiyat_1_hafta_tl": null,
        "fiyat_1_ay_tl": 2850,
        "fiyat_3_ay_tl": null,
        "puan": 4.87,
        "yorum": 94,
        "url": "https://www.airbnb.com.tr/rooms/949862442928407474"
      }
    },
    {
      "type": "Feature",
      "geometry": {
        "type": "Point",
        "coordinates": [
          30.5542,
          37.7655
        ]
      },
      "properties": {
        "katman": "AIRBNB_ILANI",
        "id": "1704410212957006238",
        "ad": "Apart otel - Isparta Merkez",
        "alt_tur": "Özel Oda",
        "fiyat_tl": 3233,
        "fiyat_1_gun_tl": 3387,
        "fiyat_1_hafta_tl": null,
        "fiyat_1_ay_tl": null,
        "fiyat_3_ay_tl": 3079,
        "puan": 4.67,
        "yorum": 3,
        "url": "https://www.airbnb.com.tr/rooms/1704410212957006238"
      }
    },
    {
      "type": "Feature",
      "geometry": {
        "type": "Point",
        "coordinates": [
          30.2904,
          37.7228
        ]
      },
      "properties": {
        "katman": "AIRBNB_ILANI",
        "id": "1474852237146821402",
        "ad": "Otel - Burdur",
        "alt_tur": "Özel Oda",
        "fiyat_tl": 4027,
        "fiyat_1_gun_tl": 4027,
        "fiyat_1_hafta_tl": null,
        "fiyat_1_ay_tl": 4027,
        "fiyat_3_ay_tl": 4027,
        "puan": null,
        "yorum": 0,
        "url": "https://www.airbnb.com.tr/rooms/1474852237146821402"
      }
    },
    {
      "type": "Feature",
      "geometry": {
        "type": "Point",
        "coordinates": [
          30.28558910142674,
          37.71847169493459
        ]
      },
      "properties": {
        "katman": "AIRBNB_ILANI",
        "id": "1649614266773261481",
        "ad": "Ev - Burdur",
        "alt_tur": "Daire / Ev",
        "fiyat_tl": 3750,
        "fiyat_1_gun_tl": 3750,
        "fiyat_1_hafta_tl": null,
        "fiyat_1_ay_tl": 4250,
        "fiyat_3_ay_tl": 3250,
        "puan": null,
        "yorum": 0,
        "url": "https://www.airbnb.com.tr/rooms/1649614266773261481"
      }
    },
    {
      "type": "Feature",
      "geometry": {
        "type": "Point",
        "coordinates": [
          30.54916,
          37.78505
        ]
      },
      "properties": {
        "katman": "AIRBNB_ILANI",
        "id": "46385658",
        "ad": "Butik otel - Isparta",
        "alt_tur": "Daire / Ev",
        "fiyat_tl": 4892,
        "fiyat_1_gun_tl": 4734,
        "fiyat_1_hafta_tl": null,
        "fiyat_1_ay_tl": 5206,
        "fiyat_3_ay_tl": 4737,
        "puan": 4.82,
        "yorum": 28,
        "url": "https://www.airbnb.com.tr/rooms/46385658"
      }
    },
    {
      "type": "Feature",
      "geometry": {
        "type": "Point",
        "coordinates": [
          30.28999,
          37.72213
        ]
      },
      "properties": {
        "katman": "AIRBNB_ILANI",
        "id": "1474865477683105475",
        "ad": "Otel - Burdur",
        "alt_tur": "Özel Oda",
        "fiyat_tl": 6040,
        "fiyat_1_gun_tl": 6040,
        "fiyat_1_hafta_tl": null,
        "fiyat_1_ay_tl": 6040,
        "fiyat_3_ay_tl": 6040,
        "puan": null,
        "yorum": 0,
        "url": "https://www.airbnb.com.tr/rooms/1474865477683105475"
      }
    },
    {
      "type": "Feature",
      "geometry": {
        "type": "Point",
        "coordinates": [
          30.55437,
          37.76659
        ]
      },
      "properties": {
        "katman": "AIRBNB_ILANI",
        "id": "1692036473526753717",
        "ad": "Müşterek oda - Isparta",
        "alt_tur": "Özel Oda",
        "fiyat_tl": 2250,
        "fiyat_1_gun_tl": 2250,
        "fiyat_1_hafta_tl": null,
        "fiyat_1_ay_tl": 2500,
        "fiyat_3_ay_tl": 2000,
        "puan": null,
        "yorum": 0,
        "url": "https://www.airbnb.com.tr/rooms/1692036473526753717"
      }
    },
    {
      "type": "Feature",
      "geometry": {
        "type": "Point",
        "coordinates": [
          30.5542,
          37.7655
        ]
      },
      "properties": {
        "katman": "AIRBNB_ILANI",
        "id": "1639106327533708214",
        "ad": "Otel - Isparta",
        "alt_tur": "Daire / Ev",
        "fiyat_tl": 5428,
        "fiyat_1_gun_tl": 5625,
        "fiyat_1_hafta_tl": null,
        "fiyat_1_ay_tl": 5329,
        "fiyat_3_ay_tl": 5329,
        "puan": 3.67,
        "yorum": 6,
        "url": "https://www.airbnb.com.tr/rooms/1639106327533708214"
      }
    },
    {
      "type": "Feature",
      "geometry": {
        "type": "Point",
        "coordinates": [
          30.2904,
          37.7228
        ]
      },
      "properties": {
        "katman": "AIRBNB_ILANI",
        "id": "1474693020483378823",
        "ad": "Butik otel - Burdur",
        "alt_tur": "Özel Oda",
        "fiyat_tl": 2072,
        "fiyat_1_gun_tl": 2072,
        "fiyat_1_hafta_tl": null,
        "fiyat_1_ay_tl": 2072,
        "fiyat_3_ay_tl": 2072,
        "puan": null,
        "yorum": 0,
        "url": "https://www.airbnb.com.tr/rooms/1474693020483378823"
      }
    },
    {
      "type": "Feature",
      "geometry": {
        "type": "Point",
        "coordinates": [
          30.53758,
          37.77889
        ]
      },
      "properties": {
        "katman": "AIRBNB_ILANI",
        "id": "946048491687844906",
        "ad": "Site içi konut - Isparta",
        "alt_tur": "Daire / Ev",
        "fiyat_tl": 3075,
        "fiyat_1_gun_tl": 3075,
        "fiyat_1_hafta_tl": null,
        "fiyat_1_ay_tl": null,
        "fiyat_3_ay_tl": null,
        "puan": 4.71,
        "yorum": 79,
        "url": "https://www.airbnb.com.tr/rooms/946048491687844906"
      }
    },
    {
      "type": "Feature",
      "geometry": {
        "type": "Point",
        "coordinates": [
          30.5543,
          37.7655
        ]
      },
      "properties": {
        "katman": "AIRBNB_ILANI",
        "id": "1621804522241457730",
        "ad": "Otel - Isparta",
        "alt_tur": "Özel Oda",
        "fiyat_tl": 3198,
        "fiyat_1_gun_tl": 3316,
        "fiyat_1_hafta_tl": null,
        "fiyat_1_ay_tl": 3198,
        "fiyat_3_ay_tl": 3079,
        "puan": 5.0,
        "yorum": 3,
        "url": "https://www.airbnb.com.tr/rooms/1621804522241457730"
      }
    },
    {
      "type": "Feature",
      "geometry": {
        "type": "Point",
        "coordinates": [
          30.285,
          37.7177
        ]
      },
      "properties": {
        "katman": "AIRBNB_ILANI",
        "id": "1641831257734748049",
        "ad": "Daire - Burdur",
        "alt_tur": "Daire",
        "fiyat_tl": 3500,
        "fiyat_1_gun_tl": 3750,
        "fiyat_1_hafta_tl": null,
        "fiyat_1_ay_tl": null,
        "fiyat_3_ay_tl": 3250,
        "puan": null,
        "yorum": 0,
        "url": "https://www.airbnb.com.tr/rooms/1641831257734748049"
      }
    },
    {
      "type": "Feature",
      "geometry": {
        "type": "Point",
        "coordinates": [
          30.5542,
          37.7655
        ]
      },
      "properties": {
        "katman": "AIRBNB_ILANI",
        "id": "1704445658230284520",
        "ad": "Apart otel - Isparta Merkez",
        "alt_tur": "Özel Oda",
        "fiyat_tl": 3346,
        "fiyat_1_gun_tl": 3346,
        "fiyat_1_hafta_tl": null,
        "fiyat_1_ay_tl": null,
        "fiyat_3_ay_tl": null,
        "puan": null,
        "yorum": 0,
        "url": "https://www.airbnb.com.tr/rooms/1704445658230284520"
      }
    },
    {
      "type": "Feature",
      "geometry": {
        "type": "Point",
        "coordinates": [
          30.5543,
          37.7655
        ]
      },
      "properties": {
        "katman": "AIRBNB_ILANI",
        "id": "1704414986153469514",
        "ad": "Apart otel - Isparta Merkez",
        "alt_tur": "Özel Oda",
        "fiyat_tl": 3387,
        "fiyat_1_gun_tl": 3387,
        "fiyat_1_hafta_tl": null,
        "fiyat_1_ay_tl": null,
        "fiyat_3_ay_tl": null,
        "puan": null,
        "yorum": 0,
        "url": "https://www.airbnb.com.tr/rooms/1704414986153469514"
      }
    },
    {
      "type": "Feature",
      "geometry": {
        "type": "Point",
        "coordinates": [
          30.5543,
          37.7655
        ]
      },
      "properties": {
        "katman": "AIRBNB_ILANI",
        "id": "1704397042396422106",
        "ad": "Otel - Isparta Merkez",
        "alt_tur": "Özel Oda",
        "fiyat_tl": 3346,
        "fiyat_1_gun_tl": 3346,
        "fiyat_1_hafta_tl": null,
        "fiyat_1_ay_tl": null,
        "fiyat_3_ay_tl": null,
        "puan": null,
        "yorum": 0,
        "url": "https://www.airbnb.com.tr/rooms/1704397042396422106"
      }
    },
    {
      "type": "Feature",
      "geometry": {
        "type": "Point",
        "coordinates": [
          30.5542,
          37.7655
        ]
      },
      "properties": {
        "katman": "AIRBNB_ILANI",
        "id": "1704388175340058331",
        "ad": "Apart otel - MERKEZ",
        "alt_tur": "Özel Oda",
        "fiyat_tl": 3346,
        "fiyat_1_gun_tl": 3346,
        "fiyat_1_hafta_tl": null,
        "fiyat_1_ay_tl": null,
        "fiyat_3_ay_tl": null,
        "puan": null,
        "yorum": 0,
        "url": "https://www.airbnb.com.tr/rooms/1704388175340058331"
      }
    },
    {
      "type": "Feature",
      "geometry": {
        "type": "Point",
        "coordinates": [
          30.55,
          37.7757
        ]
      },
      "properties": {
        "katman": "AIRBNB_ILANI",
        "id": "1421208039060521020",
        "ad": "Site içi konut - Isparta",
        "alt_tur": "Daire / Ev",
        "fiyat_tl": 2724,
        "fiyat_1_gun_tl": null,
        "fiyat_1_hafta_tl": null,
        "fiyat_1_ay_tl": 2724,
        "fiyat_3_ay_tl": null,
        "puan": 4.8,
        "yorum": 15,
        "url": "https://www.airbnb.com.tr/rooms/1421208039060521020"
      }
    },
    {
      "type": "Feature",
      "geometry": {
        "type": "Point",
        "coordinates": [
          30.53774,
          37.77817
        ]
      },
      "properties": {
        "katman": "AIRBNB_ILANI",
        "id": "1167909259694595604",
        "ad": "Site içi konut - Isparta",
        "alt_tur": "Daire / Ev",
        "fiyat_tl": 2625,
        "fiyat_1_gun_tl": null,
        "fiyat_1_hafta_tl": null,
        "fiyat_1_ay_tl": 2625,
        "fiyat_3_ay_tl": null,
        "puan": 4.75,
        "yorum": 60,
        "url": "https://www.airbnb.com.tr/rooms/1167909259694595604"
      }
    },
    {
      "type": "Feature",
      "geometry": {
        "type": "Point",
        "coordinates": [
          30.5499,
          37.7757
        ]
      },
      "properties": {
        "katman": "AIRBNB_ILANI",
        "id": "1421195098431892997",
        "ad": "Site içi konut - Isparta",
        "alt_tur": "Daire / Ev",
        "fiyat_tl": 2664,
        "fiyat_1_gun_tl": null,
        "fiyat_1_hafta_tl": null,
        "fiyat_1_ay_tl": 2724,
        "fiyat_3_ay_tl": 2605,
        "puan": 5.0,
        "yorum": 8,
        "url": "https://www.airbnb.com.tr/rooms/1421195098431892997"
      }
    },
    {
      "type": "Feature",
      "geometry": {
        "type": "Point",
        "coordinates": [
          30.53898,
          37.77999
        ]
      },
      "properties": {
        "katman": "AIRBNB_ILANI",
        "id": "949825051712832863",
        "ad": "Site içi konut - Isparta",
        "alt_tur": "Daire / Ev",
        "fiyat_tl": 2415,
        "fiyat_1_gun_tl": null,
        "fiyat_1_hafta_tl": null,
        "fiyat_1_ay_tl": 2415,
        "fiyat_3_ay_tl": null,
        "puan": 4.78,
        "yorum": 89,
        "url": "https://www.airbnb.com.tr/rooms/949825051712832863"
      }
    },
    {
      "type": "Feature",
      "geometry": {
        "type": "Point",
        "coordinates": [
          30.538,
          37.7792
        ]
      },
      "properties": {
        "katman": "AIRBNB_ILANI",
        "id": "949893653778195717",
        "ad": "Site içi konut - Isparta",
        "alt_tur": "Daire / Ev",
        "fiyat_tl": 2415,
        "fiyat_1_gun_tl": null,
        "fiyat_1_hafta_tl": null,
        "fiyat_1_ay_tl": 2415,
        "fiyat_3_ay_tl": null,
        "puan": 4.79,
        "yorum": 111,
        "url": "https://www.airbnb.com.tr/rooms/949893653778195717"
      }
    },
    {
      "type": "Feature",
      "geometry": {
        "type": "Point",
        "coordinates": [
          30.53743,
          37.77858
        ]
      },
      "properties": {
        "katman": "AIRBNB_ILANI",
        "id": "907263968431747848",
        "ad": "Site içi konut - Isparta",
        "alt_tur": "Daire / Ev",
        "fiyat_tl": 2415,
        "fiyat_1_gun_tl": null,
        "fiyat_1_hafta_tl": null,
        "fiyat_1_ay_tl": 2415,
        "fiyat_3_ay_tl": null,
        "puan": 4.67,
        "yorum": 86,
        "url": "https://www.airbnb.com.tr/rooms/907263968431747848"
      }
    },
    {
      "type": "Feature",
      "geometry": {
        "type": "Point",
        "coordinates": [
          30.5501,
          37.7758
        ]
      },
      "properties": {
        "katman": "AIRBNB_ILANI",
        "id": "1342850239496983814",
        "ad": "Site içi konut - Isparta",
        "alt_tur": "Daire / Ev",
        "fiyat_tl": 2782,
        "fiyat_1_gun_tl": null,
        "fiyat_1_hafta_tl": null,
        "fiyat_1_ay_tl": 2961,
        "fiyat_3_ay_tl": 2604,
        "puan": 4.6,
        "yorum": 20,
        "url": "https://www.airbnb.com.tr/rooms/1342850239496983814"
      }
    },
    {
      "type": "Feature",
      "geometry": {
        "type": "Point",
        "coordinates": [
          30.53842,
          37.77895
        ]
      },
      "properties": {
        "katman": "AIRBNB_ILANI",
        "id": "1452155384450318638",
        "ad": "Daire - Isparta",
        "alt_tur": "Daire",
        "fiyat_tl": 2415,
        "fiyat_1_gun_tl": null,
        "fiyat_1_hafta_tl": null,
        "fiyat_1_ay_tl": 2415,
        "fiyat_3_ay_tl": null,
        "puan": 4.68,
        "yorum": 19,
        "url": "https://www.airbnb.com.tr/rooms/1452155384450318638"
      }
    },
    {
      "type": "Feature",
      "geometry": {
        "type": "Point",
        "coordinates": [
          30.5499,
          37.7757
        ]
      },
      "properties": {
        "katman": "AIRBNB_ILANI",
        "id": "1421202861205856610",
        "ad": "Site içi konut - Isparta",
        "alt_tur": "Daire / Ev",
        "fiyat_tl": 2487,
        "fiyat_1_gun_tl": null,
        "fiyat_1_hafta_tl": null,
        "fiyat_1_ay_tl": null,
        "fiyat_3_ay_tl": 2487,
        "puan": null,
        "yorum": 0,
        "url": "https://www.airbnb.com.tr/rooms/1421202861205856610"
      }
    },
    {
      "type": "Feature",
      "geometry": {
        "type": "Point",
        "coordinates": [
          30.5543,
          37.7655
        ]
      },
      "properties": {
        "katman": "AIRBNB_ILANI",
        "id": "1610835773670341728",
        "ad": "Otel - Isparta",
        "alt_tur": "Daire / Ev",
        "fiyat_tl": 6217,
        "fiyat_1_gun_tl": null,
        "fiyat_1_hafta_tl": null,
        "fiyat_1_ay_tl": null,
        "fiyat_3_ay_tl": 6217,
        "puan": 4.75,
        "yorum": 8,
        "url": "https://www.airbnb.com.tr/rooms/1610835773670341728"
      }
    },
    {
      "type": "Feature",
      "geometry": {
        "type": "Point",
        "coordinates": [
          30.5499,
          37.7757
        ]
      },
      "properties": {
        "katman": "AIRBNB_ILANI",
        "id": "1421191395320010417",
        "ad": "Site içi konut - Isparta",
        "alt_tur": "Daire / Ev",
        "fiyat_tl": 2605,
        "fiyat_1_gun_tl": null,
        "fiyat_1_hafta_tl": null,
        "fiyat_1_ay_tl": null,
        "fiyat_3_ay_tl": 2605,
        "puan": null,
        "yorum": 0,
        "url": "https://www.airbnb.com.tr/rooms/1421191395320010417"
      }
    },
    {
      "type": "Feature",
      "geometry": {
        "type": "Point",
        "coordinates": [
          30.5499,
          37.7758
        ]
      },
      "properties": {
        "katman": "AIRBNB_ILANI",
        "id": "1421205577102229723",
        "ad": "Site içi konut - Isparta",
        "alt_tur": "Daire / Ev",
        "fiyat_tl": 3198,
        "fiyat_1_gun_tl": null,
        "fiyat_1_hafta_tl": null,
        "fiyat_1_ay_tl": null,
        "fiyat_3_ay_tl": 3198,
        "puan": 5.0,
        "yorum": 3,
        "url": "https://www.airbnb.com.tr/rooms/1421205577102229723"
      }
    },
    {
      "type": "Feature",
      "geometry": {
        "type": "Point",
        "coordinates": [
          30.5542,
          37.7656
        ]
      },
      "properties": {
        "katman": "AIRBNB_ILANI",
        "id": "1601974772858775994",
        "ad": "Otel - Isparta",
        "alt_tur": "Özel Oda",
        "fiyat_tl": 3079,
        "fiyat_1_gun_tl": null,
        "fiyat_1_hafta_tl": null,
        "fiyat_1_ay_tl": null,
        "fiyat_3_ay_tl": 3079,
        "puan": 4.29,
        "yorum": 7,
        "url": "https://www.airbnb.com.tr/rooms/1601974772858775994"
      }
    },
    {
      "type": "Feature",
      "geometry": {
        "type": "Point",
        "coordinates": [
          30.5542,
          37.7655
        ]
      },
      "properties": {
        "katman": "AIRBNB_ILANI",
        "id": "1610753391152298671",
        "ad": "Apart otel - Isparta",
        "alt_tur": "Özel Oda",
        "fiyat_tl": 3079,
        "fiyat_1_gun_tl": null,
        "fiyat_1_hafta_tl": null,
        "fiyat_1_ay_tl": null,
        "fiyat_3_ay_tl": 3079,
        "puan": 4.6,
        "yorum": 5,
        "url": "https://www.airbnb.com.tr/rooms/1610753391152298671"
      }
    },
    {
      "type": "Feature",
      "geometry": {
        "type": "Point",
        "coordinates": [
          -122.9486,
          47.0613
        ]
      },
      "properties": {
        "katman": "AIRBNB_ILANI",
        "id": "1162995307514259082",
        "ad": "Olympia bölgesinde oda",
        "alt_tur": "Özel Oda",
        "fiyat_tl": 2798,
        "fiyat_1_gun_tl": 2798,
        "fiyat_1_hafta_tl": null,
        "fiyat_1_ay_tl": null,
        "fiyat_3_ay_tl": null,
        "puan": 4.93,
        "yorum": 14,
        "url": "https://www.airbnb.com.tr/rooms/1162995307514259082"
      }
    },
    {
      "type": "Feature",
      "geometry": {
        "type": "Point",
        "coordinates": [
          -122.90662198114327,
          47.010238634886825
        ]
      },
      "properties": {
        "katman": "AIRBNB_ILANI",
        "id": "1071171431627878906",
        "ad": "Ev - Tumwater",
        "alt_tur": "Daire / Ev",
        "fiyat_tl": 11312,
        "fiyat_1_gun_tl": 11312,
        "fiyat_1_hafta_tl": 11312,
        "fiyat_1_ay_tl": null,
        "fiyat_3_ay_tl": null,
        "puan": 4.93,
        "yorum": 27,
        "url": "https://www.airbnb.com.tr/rooms/1071171431627878906"
      }
    },
    {
      "type": "Feature",
      "geometry": {
        "type": "Point",
        "coordinates": [
          -122.8803,
          47.0548
        ]
      },
      "properties": {
        "katman": "AIRBNB_ILANI",
        "id": "12134536",
        "ad": "Olympia bölgesinde oda",
        "alt_tur": "Özel Oda",
        "fiyat_tl": 3795,
        "fiyat_1_gun_tl": 3795,
        "fiyat_1_hafta_tl": null,
        "fiyat_1_ay_tl": null,
        "fiyat_3_ay_tl": null,
        "puan": 4.92,
        "yorum": 221,
        "url": "https://www.airbnb.com.tr/rooms/12134536"
      }
    },
    {
      "type": "Feature",
      "geometry": {
        "type": "Point",
        "coordinates": [
          -122.89283,
          47.05743
        ]
      },
      "properties": {
        "katman": "AIRBNB_ILANI",
        "id": "903695459442334890",
        "ad": "Misafir evi - Olympia",
        "alt_tur": "Daire / Ev",
        "fiyat_tl": 11190,
        "fiyat_1_gun_tl": 11190,
        "fiyat_1_hafta_tl": null,
        "fiyat_1_ay_tl": null,
        "fiyat_3_ay_tl": null,
        "puan": 4.88,
        "yorum": 49,
        "url": "https://www.airbnb.com.tr/rooms/903695459442334890"
      }
    },
    {
      "type": "Feature",
      "geometry": {
        "type": "Point",
        "coordinates": [
          -122.85924,
          47.05414
        ]
      },
      "properties": {
        "katman": "AIRBNB_ILANI",
        "id": "915200587968056650",
        "ad": "Misafir evi - Olympia",
        "alt_tur": "Daire / Ev",
        "fiyat_tl": 11068,
        "fiyat_1_gun_tl": 11068,
        "fiyat_1_hafta_tl": null,
        "fiyat_1_ay_tl": null,
        "fiyat_3_ay_tl": null,
        "puan": 4.98,
        "yorum": 370,
        "url": "https://www.airbnb.com.tr/rooms/915200587968056650"
      }
    },
    {
      "type": "Feature",
      "geometry": {
        "type": "Point",
        "coordinates": [
          -122.92035,
          47.01101
        ]
      },
      "properties": {
        "katman": "AIRBNB_ILANI",
        "id": "1598283606992870183",
        "ad": "Ev - Tumwater",
        "alt_tur": "Daire / Ev",
        "fiyat_tl": 25251,
        "fiyat_1_gun_tl": 25251,
        "fiyat_1_hafta_tl": null,
        "fiyat_1_ay_tl": null,
        "fiyat_3_ay_tl": null,
        "puan": null,
        "yorum": 0,
        "url": "https://www.airbnb.com.tr/rooms/1598283606992870183"
      }
    },
    {
      "type": "Feature",
      "geometry": {
        "type": "Point",
        "coordinates": [
          -122.8117187766328,
          47.0277686287389
        ]
      },
      "properties": {
        "katman": "AIRBNB_ILANI",
        "id": "1592912278801008307",
        "ad": "Lacey bölgesinde oda",
        "alt_tur": "Özel Oda",
        "fiyat_tl": 3406,
        "fiyat_1_gun_tl": 3406,
        "fiyat_1_hafta_tl": null,
        "fiyat_1_ay_tl": null,
        "fiyat_3_ay_tl": null,
        "puan": 5.0,
        "yorum": 13,
        "url": "https://www.airbnb.com.tr/rooms/1592912278801008307"
      }
    },
    {
      "type": "Feature",
      "geometry": {
        "type": "Point",
        "coordinates": [
          -122.7307,
          46.9935
        ]
      },
      "properties": {
        "katman": "AIRBNB_ILANI",
        "id": "1766064195893495704",
        "ad": "Ev - Olympia",
        "alt_tur": "Daire / Ev",
        "fiyat_tl": 20410,
        "fiyat_1_gun_tl": 20410,
        "fiyat_1_hafta_tl": null,
        "fiyat_1_ay_tl": 20762,
        "fiyat_3_ay_tl": 23232,
        "puan": null,
        "yorum": 0,
        "url": "https://www.airbnb.com.tr/rooms/1766064195893495704"
      }
    },
    {
      "type": "Feature",
      "geometry": {
        "type": "Point",
        "coordinates": [
          -122.75356,
          47.20657
        ]
      },
      "properties": {
        "katman": "AIRBNB_ILANI",
        "id": "43486528",
        "ad": "Ev - Longbranch",
        "alt_tur": "Daire / Ev",
        "fiyat_tl": 22745,
        "fiyat_1_gun_tl": 22745,
        "fiyat_1_hafta_tl": null,
        "fiyat_1_ay_tl": null,
        "fiyat_3_ay_tl": null,
        "puan": 4.99,
        "yorum": 153,
        "url": "https://www.airbnb.com.tr/rooms/43486528"
      }
    },
    {
      "type": "Feature",
      "geometry": {
        "type": "Point",
        "coordinates": [
          -122.88754,
          47.08463
        ]
      },
      "properties": {
        "katman": "AIRBNB_ILANI",
        "id": "1551745034926919880",
        "ad": "Ev - Olympia",
        "alt_tur": "Özel Oda",
        "fiyat_tl": 31697,
        "fiyat_1_gun_tl": 31697,
        "fiyat_1_hafta_tl": null,
        "fiyat_1_ay_tl": null,
        "fiyat_3_ay_tl": null,
        "puan": 4.88,
        "yorum": 8,
        "url": "https://www.airbnb.com.tr/rooms/1551745034926919880"
      }
    },
    {
      "type": "Feature",
      "geometry": {
        "type": "Point",
        "coordinates": [
          -123.0339064920302,
          47.24337702634582
        ]
      },
      "properties": {
        "katman": "AIRBNB_ILANI",
        "id": "1345859353717466410",
        "ad": "Bungalov - Shelton",
        "alt_tur": "Kır Evi / Bungalov",
        "fiyat_tl": 11579,
        "fiyat_1_gun_tl": 11579,
        "fiyat_1_hafta_tl": null,
        "fiyat_1_ay_tl": null,
        "fiyat_3_ay_tl": null,
        "puan": 4.88,
        "yorum": 60,
        "url": "https://www.airbnb.com.tr/rooms/1345859353717466410"
      }
    },
    {
      "type": "Feature",
      "geometry": {
        "type": "Point",
        "coordinates": [
          -123.04048,
          47.24098
        ]
      },
      "properties": {
        "katman": "AIRBNB_ILANI",
        "id": "1670399314385120277",
        "ad": "Kulübe - Shelton",
        "alt_tur": "Daire / Ev",
        "fiyat_tl": 14983,
        "fiyat_1_gun_tl": 14983,
        "fiyat_1_hafta_tl": null,
        "fiyat_1_ay_tl": null,
        "fiyat_3_ay_tl": null,
        "puan": 5.0,
        "yorum": 5,
        "url": "https://www.airbnb.com.tr/rooms/1670399314385120277"
      }
    },
    {
      "type": "Feature",
      "geometry": {
        "type": "Point",
        "coordinates": [
          -122.8735,
          47.0513
        ]
      },
      "properties": {
        "katman": "AIRBNB_ILANI",
        "id": "1279733310880353043",
        "ad": "Olympia bölgesinde oda",
        "alt_tur": "Özel Oda",
        "fiyat_tl": 2943,
        "fiyat_1_gun_tl": 2943,
        "fiyat_1_hafta_tl": null,
        "fiyat_1_ay_tl": null,
        "fiyat_3_ay_tl": null,
        "puan": 4.79,
        "yorum": 19,
        "url": "https://www.airbnb.com.tr/rooms/1279733310880353043"
      }
    },
    {
      "type": "Feature",
      "geometry": {
        "type": "Point",
        "coordinates": [
          -122.9075695,
          47.0059931
        ]
      },
      "properties": {
        "katman": "AIRBNB_ILANI",
        "id": "1760015695490506756",
        "ad": "Otel odası - Tumwater",
        "alt_tur": "Özel Oda",
        "fiyat_tl": 9748,
        "fiyat_1_gun_tl": 9748,
        "fiyat_1_hafta_tl": null,
        "fiyat_1_ay_tl": null,
        "fiyat_3_ay_tl": null,
        "puan": null,
        "yorum": 0,
        "url": "https://www.airbnb.com.tr/rooms/1760015695490506756"
      }
    },
    {
      "type": "Feature",
      "geometry": {
        "type": "Point",
        "coordinates": [
          -122.7995,
          47.0371
        ]
      },
      "properties": {
        "katman": "AIRBNB_ILANI",
        "id": "1734226965012791975",
        "ad": "Lacey bölgesinde oda",
        "alt_tur": "Özel Oda",
        "fiyat_tl": 2810,
        "fiyat_1_gun_tl": null,
        "fiyat_1_hafta_tl": null,
        "fiyat_1_ay_tl": 2810,
        "fiyat_3_ay_tl": 2676,
        "puan": 4.77,
        "yorum": 13,
        "url": "https://www.airbnb.com.tr/rooms/1734226965012791975"
      }
    },
    {
      "type": "Feature",
      "geometry": {
        "type": "Point",
        "coordinates": [
          -122.93792,
          47.05292
        ]
      },
      "properties": {
        "katman": "AIRBNB_ILANI",
        "id": "46028825",
        "ad": "Ev - Olympia",
        "alt_tur": "Daire / Ev",
        "fiyat_tl": 19291,
        "fiyat_1_gun_tl": null,
        "fiyat_1_hafta_tl": null,
        "fiyat_1_ay_tl": 19291,
        "fiyat_3_ay_tl": null,
        "puan": 4.93,
        "yorum": 182,
        "url": "https://www.airbnb.com.tr/rooms/46028825"
      }
    },
    {
      "type": "Feature",
      "geometry": {
        "type": "Point",
        "coordinates": [
          -122.9762,
          46.9913
        ]
      },
      "properties": {
        "katman": "AIRBNB_ILANI",
        "id": "1123492746383209987",
        "ad": "Ev - Olympia",
        "alt_tur": "Daire / Ev",
        "fiyat_tl": 21042,
        "fiyat_1_gun_tl": null,
        "fiyat_1_hafta_tl": null,
        "fiyat_1_ay_tl": 21042,
        "fiyat_3_ay_tl": null,
        "puan": 4.97,
        "yorum": 34,
        "url": "https://www.airbnb.com.tr/rooms/1123492746383209987"
      }
    },
    {
      "type": "Feature",
      "geometry": {
        "type": "Point",
        "coordinates": [
          35.32747,
          36.99615
        ]
      },
      "properties": {
        "katman": "AIRBNB_ILANI",
        "id": "1575251253967238894",
        "ad": "Daire - Seyhan",
        "alt_tur": "Daire",
        "fiyat_tl": 4250,
        "fiyat_1_gun_tl": null,
        "fiyat_1_hafta_tl": null,
        "fiyat_1_ay_tl": 4500,
        "fiyat_3_ay_tl": 4000,
        "puan": 4.97,
        "yorum": 30,
        "url": "https://www.airbnb.com.tr/rooms/1575251253967238894"
      }
    },
    {
      "type": "Feature",
      "geometry": {
        "type": "Point",
        "coordinates": [
          35.3309,
          36.9955
        ]
      },
      "properties": {
        "katman": "AIRBNB_ILANI",
        "id": "1404521483091455361",
        "ad": "Daire - Adana",
        "alt_tur": "Daire",
        "fiyat_tl": 3257,
        "fiyat_1_gun_tl": null,
        "fiyat_1_hafta_tl": null,
        "fiyat_1_ay_tl": 3553,
        "fiyat_3_ay_tl": 2961,
        "puan": 4.7,
        "yorum": 79,
        "url": "https://www.airbnb.com.tr/rooms/1404521483091455361"
      }
    },
    {
      "type": "Feature",
      "geometry": {
        "type": "Point",
        "coordinates": [
          35.31454,
          37.03687
        ]
      },
      "properties": {
        "katman": "AIRBNB_ILANI",
        "id": "631485424761963108",
        "ad": "Daire - Çukurova",
        "alt_tur": "Daire",
        "fiyat_tl": 4900,
        "fiyat_1_gun_tl": null,
        "fiyat_1_hafta_tl": null,
        "fiyat_1_ay_tl": 5000,
        "fiyat_3_ay_tl": 4800,
        "puan": 4.91,
        "yorum": 57,
        "url": "https://www.airbnb.com.tr/rooms/631485424761963108"
      }
    },
    {
      "type": "Feature",
      "geometry": {
        "type": "Point",
        "coordinates": [
          35.3203,
          37.0325
        ]
      },
      "properties": {
        "katman": "AIRBNB_ILANI",
        "id": "1386028406795068511",
        "ad": "Daire - Çukurova",
        "alt_tur": "Daire",
        "fiyat_tl": 3997,
        "fiyat_1_gun_tl": null,
        "fiyat_1_hafta_tl": null,
        "fiyat_1_ay_tl": 4441,
        "fiyat_3_ay_tl": 3553,
        "puan": 4.54,
        "yorum": 79,
        "url": "https://www.airbnb.com.tr/rooms/1386028406795068511"
      }
    },
    {
      "type": "Feature",
      "geometry": {
        "type": "Point",
        "coordinates": [
          35.32012,
          37.01651
        ]
      },
      "properties": {
        "katman": "AIRBNB_ILANI",
        "id": "1086320175158464434",
        "ad": "Daire - Adana",
        "alt_tur": "Daire",
        "fiyat_tl": 4750,
        "fiyat_1_gun_tl": null,
        "fiyat_1_hafta_tl": null,
        "fiyat_1_ay_tl": 5000,
        "fiyat_3_ay_tl": 4500,
        "puan": 4.91,
        "yorum": 105,
        "url": "https://www.airbnb.com.tr/rooms/1086320175158464434"
      }
    },
    {
      "type": "Feature",
      "geometry": {
        "type": "Point",
        "coordinates": [
          35.3165,
          37.0382
        ]
      },
      "properties": {
        "katman": "AIRBNB_ILANI",
        "id": "1749305538436864808",
        "ad": "Daire - Çukurova",
        "alt_tur": "Daire",
        "fiyat_tl": 2210,
        "fiyat_1_gun_tl": null,
        "fiyat_1_hafta_tl": null,
        "fiyat_1_ay_tl": 2210,
        "fiyat_3_ay_tl": null,
        "puan": null,
        "yorum": 0,
        "url": "https://www.airbnb.com.tr/rooms/1749305538436864808"
      }
    },
    {
      "type": "Feature",
      "geometry": {
        "type": "Point",
        "coordinates": [
          35.31131,
          37.03467
        ]
      },
      "properties": {
        "katman": "AIRBNB_ILANI",
        "id": "620082160798361065",
        "ad": "Ev - Çukurova",
        "alt_tur": "Daire / Ev",
        "fiyat_tl": 3644,
        "fiyat_1_gun_tl": null,
        "fiyat_1_hafta_tl": null,
        "fiyat_1_ay_tl": 3644,
        "fiyat_3_ay_tl": 3644,
        "puan": 4.96,
        "yorum": 99,
        "url": "https://www.airbnb.com.tr/rooms/620082160798361065"
      }
    },
    {
      "type": "Feature",
      "geometry": {
        "type": "Point",
        "coordinates": [
          35.3165,
          37.0379
        ]
      },
      "properties": {
        "katman": "AIRBNB_ILANI",
        "id": "1748581105265480915",
        "ad": "Çukurova bölgesinde oda",
        "alt_tur": "Özel Oda",
        "fiyat_tl": 2332,
        "fiyat_1_gun_tl": null,
        "fiyat_1_hafta_tl": null,
        "fiyat_1_ay_tl": 2210,
        "fiyat_3_ay_tl": 2455,
        "puan": 4.33,
        "yorum": 6,
        "url": "https://www.airbnb.com.tr/rooms/1748581105265480915"
      }
    },
    {
      "type": "Feature",
      "geometry": {
        "type": "Point",
        "coordinates": [
          35.3257,
          36.9855
        ]
      },
      "properties": {
        "katman": "AIRBNB_ILANI",
        "id": "1761854159351300970",
        "ad": "Müşterek otel odası - Seyhan",
        "alt_tur": "Özel Oda",
        "fiyat_tl": 2525,
        "fiyat_1_gun_tl": null,
        "fiyat_1_hafta_tl": null,
        "fiyat_1_ay_tl": 2550,
        "fiyat_3_ay_tl": 2500,
        "puan": null,
        "yorum": 0,
        "url": "https://www.airbnb.com.tr/rooms/1761854159351300970"
      }
    },
    {
      "type": "Feature",
      "geometry": {
        "type": "Point",
        "coordinates": [
          35.3134,
          37.0371
        ]
      },
      "properties": {
        "katman": "AIRBNB_ILANI",
        "id": "631485494241621764",
        "ad": "Butik otel - Çukurova",
        "alt_tur": "Daire / Ev",
        "fiyat_tl": 4900,
        "fiyat_1_gun_tl": null,
        "fiyat_1_hafta_tl": null,
        "fiyat_1_ay_tl": 5000,
        "fiyat_3_ay_tl": 4800,
        "puan": 4.85,
        "yorum": 13,
        "url": "https://www.airbnb.com.tr/rooms/631485494241621764"
      }
    },
    {
      "type": "Feature",
      "geometry": {
        "type": "Point",
        "coordinates": [
          35.31935,
          37.01732
        ]
      },
      "properties": {
        "katman": "AIRBNB_ILANI",
        "id": "1584888041663881590",
        "ad": "Daire - Seyhan",
        "alt_tur": "Daire",
        "fiyat_tl": 3975,
        "fiyat_1_gun_tl": null,
        "fiyat_1_hafta_tl": null,
        "fiyat_1_ay_tl": 4250,
        "fiyat_3_ay_tl": 3700,
        "puan": 5.0,
        "yorum": 6,
        "url": "https://www.airbnb.com.tr/rooms/1584888041663881590"
      }
    },
    {
      "type": "Feature",
      "geometry": {
        "type": "Point",
        "coordinates": [
          35.3257,
          36.9855
        ]
      },
      "properties": {
        "katman": "AIRBNB_ILANI",
        "id": "1761872769051486652",
        "ad": "Müşterek otel odası - Seyhan",
        "alt_tur": "Özel Oda",
        "fiyat_tl": 3500,
        "fiyat_1_gun_tl": null,
        "fiyat_1_hafta_tl": null,
        "fiyat_1_ay_tl": 3500,
        "fiyat_3_ay_tl": null,
        "puan": null,
        "yorum": 0,
        "url": "https://www.airbnb.com.tr/rooms/1761872769051486652"
      }
    },
    {
      "type": "Feature",
      "geometry": {
        "type": "Point",
        "coordinates": [
          35.31787687031332,
          37.03291755989221
        ]
      },
      "properties": {
        "katman": "AIRBNB_ILANI",
        "id": "1536888164890859605",
        "ad": "Daire - Çukurova",
        "alt_tur": "Daire",
        "fiyat_tl": 3272,
        "fiyat_1_gun_tl": null,
        "fiyat_1_hafta_tl": null,
        "fiyat_1_ay_tl": 3100,
        "fiyat_3_ay_tl": 3444,
        "puan": 3.83,
        "yorum": 6,
        "url": "https://www.airbnb.com.tr/rooms/1536888164890859605"
      }
    },
    {
      "type": "Feature",
      "geometry": {
        "type": "Point",
        "coordinates": [
          35.312842187424124,
          37.02273417366796
        ]
      },
      "properties": {
        "katman": "AIRBNB_ILANI",
        "id": "1426637041906007203",
        "ad": "Müşterek otel odası - Adana",
        "alt_tur": "Özel Oda",
        "fiyat_tl": 7639,
        "fiyat_1_gun_tl": null,
        "fiyat_1_hafta_tl": null,
        "fiyat_1_ay_tl": 7639,
        "fiyat_3_ay_tl": null,
        "puan": null,
        "yorum": 0,
        "url": "https://www.airbnb.com.tr/rooms/1426637041906007203"
      }
    },
    {
      "type": "Feature",
      "geometry": {
        "type": "Point",
        "coordinates": [
          35.3136,
          37.0231
        ]
      },
      "properties": {
        "katman": "AIRBNB_ILANI",
        "id": "1476678242664219275",
        "ad": "Apart otel - Adana",
        "alt_tur": "Daire",
        "fiyat_tl": 5329,
        "fiyat_1_gun_tl": null,
        "fiyat_1_hafta_tl": null,
        "fiyat_1_ay_tl": 5329,
        "fiyat_3_ay_tl": 5329,
        "puan": null,
        "yorum": 0,
        "url": "https://www.airbnb.com.tr/rooms/1476678242664219275"
      }
    },
    {
      "type": "Feature",
      "geometry": {
        "type": "Point",
        "coordinates": [
          35.32951218418746,
          36.99553850286033
        ]
      },
      "properties": {
        "katman": "AIRBNB_ILANI",
        "id": "1253576571448937138",
        "ad": "Ev - Adana",
        "alt_tur": "Daire / Ev",
        "fiyat_tl": 4600,
        "fiyat_1_gun_tl": null,
        "fiyat_1_hafta_tl": null,
        "fiyat_1_ay_tl": 4600,
        "fiyat_3_ay_tl": null,
        "puan": 4.9,
        "yorum": 109,
        "url": "https://www.airbnb.com.tr/rooms/1253576571448937138"
      }
    },
    {
      "type": "Feature",
      "geometry": {
        "type": "Point",
        "coordinates": [
          35.3133,
          37.0371
        ]
      },
      "properties": {
        "katman": "AIRBNB_ILANI",
        "id": "651121598657006827",
        "ad": "Daire - Çukurova",
        "alt_tur": "Daire",
        "fiyat_tl": 5000,
        "fiyat_1_gun_tl": null,
        "fiyat_1_hafta_tl": null,
        "fiyat_1_ay_tl": 5000,
        "fiyat_3_ay_tl": null,
        "puan": 4.84,
        "yorum": 64,
        "url": "https://www.airbnb.com.tr/rooms/651121598657006827"
      }
    },
    {
      "type": "Feature",
      "geometry": {
        "type": "Point",
        "coordinates": [
          35.3165,
          37.0382
        ]
      },
      "properties": {
        "katman": "AIRBNB_ILANI",
        "id": "1773057502100515469",
        "ad": "Daire - Çukurova",
        "alt_tur": "Daire",
        "fiyat_tl": 2385,
        "fiyat_1_gun_tl": null,
        "fiyat_1_hafta_tl": null,
        "fiyat_1_ay_tl": 2420,
        "fiyat_3_ay_tl": 2350,
        "puan": null,
        "yorum": 0,
        "url": "https://www.airbnb.com.tr/rooms/1773057502100515469"
      }
    },
    {
      "type": "Feature",
      "geometry": {
        "type": "Point",
        "coordinates": [
          35.32453,
          36.99442
        ]
      },
      "properties": {
        "katman": "AIRBNB_ILANI",
        "id": "1060626307741679666",
        "ad": "Daire - Adana",
        "alt_tur": "Daire",
        "fiyat_tl": 3578,
        "fiyat_1_gun_tl": null,
        "fiyat_1_hafta_tl": null,
        "fiyat_1_ay_tl": null,
        "fiyat_3_ay_tl": 3578,
        "puan": 4.55,
        "yorum": 139,
        "url": "https://www.airbnb.com.tr/rooms/1060626307741679666"
      }
    },
    {
      "type": "Feature",
      "geometry": {
        "type": "Point",
        "coordinates": [
          35.2821,
          37.0539
        ]
      },
      "properties": {
        "katman": "AIRBNB_ILANI",
        "id": "1723218116610483648",
        "ad": "Daire - Çukurova",
        "alt_tur": "Daire",
        "fiyat_tl": 3553,
        "fiyat_1_gun_tl": null,
        "fiyat_1_hafta_tl": null,
        "fiyat_1_ay_tl": null,
        "fiyat_3_ay_tl": 3553,
        "puan": 4.93,
        "yorum": 14,
        "url": "https://www.airbnb.com.tr/rooms/1723218116610483648"
      }
    },
    {
      "type": "Feature",
      "geometry": {
        "type": "Point",
        "coordinates": [
          35.294902437721774,
          37.05676223093713
        ]
      },
      "properties": {
        "katman": "AIRBNB_ILANI",
        "id": "1368818063798050686",
        "ad": "Ev - Çukurova",
        "alt_tur": "Daire / Ev",
        "fiyat_tl": 4750,
        "fiyat_1_gun_tl": null,
        "fiyat_1_hafta_tl": null,
        "fiyat_1_ay_tl": null,
        "fiyat_3_ay_tl": 4750,
        "puan": 4.79,
        "yorum": 24,
        "url": "https://www.airbnb.com.tr/rooms/1368818063798050686"
      }
    },
    {
      "type": "Feature",
      "geometry": {
        "type": "Point",
        "coordinates": [
          35.3257,
          36.9855
        ]
      },
      "properties": {
        "katman": "AIRBNB_ILANI",
        "id": "1750924705139807309",
        "ad": "Müşterek otel odası - Seyhan",
        "alt_tur": "Özel Oda",
        "fiyat_tl": 3500,
        "fiyat_1_gun_tl": null,
        "fiyat_1_hafta_tl": null,
        "fiyat_1_ay_tl": null,
        "fiyat_3_ay_tl": 3500,
        "puan": null,
        "yorum": 0,
        "url": "https://www.airbnb.com.tr/rooms/1750924705139807309"
      }
    },
    {
      "type": "Feature",
      "geometry": {
        "type": "Point",
        "coordinates": [
          35.3135,
          37.023
        ]
      },
      "properties": {
        "katman": "AIRBNB_ILANI",
        "id": "1734067908747085647",
        "ad": "Müşterek otel odası - Seyhan",
        "alt_tur": "Özel Oda",
        "fiyat_tl": 4100,
        "fiyat_1_gun_tl": null,
        "fiyat_1_hafta_tl": null,
        "fiyat_1_ay_tl": null,
        "fiyat_3_ay_tl": 4100,
        "puan": null,
        "yorum": 0,
        "url": "https://www.airbnb.com.tr/rooms/1734067908747085647"
      }
    },
    {
      "type": "Feature",
      "geometry": {
        "type": "Point",
        "coordinates": [
          -122.6415,
          46.8709
        ]
      },
      "properties": {
        "katman": "AIRBNB_ILANI",
        "id": "1766264890807770726",
        "ad": "Ev - Yelm",
        "alt_tur": "Daire / Ev",
        "fiyat_tl": 8757,
        "fiyat_1_gun_tl": 8757,
        "fiyat_1_hafta_tl": null,
        "fiyat_1_ay_tl": null,
        "fiyat_3_ay_tl": null,
        "puan": null,
        "yorum": 0,
        "url": "https://www.airbnb.com.tr/rooms/1766264890807770726"
      }
    },
    {
      "type": "Feature",
      "geometry": {
        "type": "Point",
        "coordinates": [
          -122.75952,
          47.2564
        ]
      },
      "properties": {
        "katman": "AIRBNB_ILANI",
        "id": "668309511941513411",
        "ad": "Kulübe - Lakebay",
        "alt_tur": "Daire / Ev",
        "fiyat_tl": 14109,
        "fiyat_1_gun_tl": 14109,
        "fiyat_1_hafta_tl": null,
        "fiyat_1_ay_tl": null,
        "fiyat_3_ay_tl": null,
        "puan": 4.97,
        "yorum": 152,
        "url": "https://www.airbnb.com.tr/rooms/668309511941513411"
      }
    },
    {
      "type": "Feature",
      "geometry": {
        "type": "Point",
        "coordinates": [
          -122.84366,
          46.87581
        ]
      },
      "properties": {
        "katman": "AIRBNB_ILANI",
        "id": "48361931",
        "ad": "Küçük ev - Tenino",
        "alt_tur": "Daire / Ev",
        "fiyat_tl": 4500,
        "fiyat_1_gun_tl": 4500,
        "fiyat_1_hafta_tl": null,
        "fiyat_1_ay_tl": null,
        "fiyat_3_ay_tl": null,
        "puan": 4.91,
        "yorum": 308,
        "url": "https://www.airbnb.com.tr/rooms/48361931"
      }
    },
    {
      "type": "Feature",
      "geometry": {
        "type": "Point",
        "coordinates": [
          -122.8992,
          47.0274
        ]
      },
      "properties": {
        "katman": "AIRBNB_ILANI",
        "id": "750046987511727066",
        "ad": "Misafir evi - Olympia",
        "alt_tur": "Daire / Ev",
        "fiyat_tl": 5595,
        "fiyat_1_gun_tl": null,
        "fiyat_1_hafta_tl": null,
        "fiyat_1_ay_tl": null,
        "fiyat_3_ay_tl": 5595,
        "puan": 4.89,
        "yorum": 118,
        "url": "https://www.airbnb.com.tr/rooms/750046987511727066"
      }
    },
    {
      "type": "Feature",
      "geometry": {
        "type": "Point",
        "coordinates": [
          75.7918,
          26.9144
        ]
      },
      "properties": {
        "katman": "AIRBNB_ILANI",
        "id": "1768280478132590621",
        "ad": "Jaipur, Hindistan bölgesinde oda",
        "alt_tur": "Özel Oda",
        "fiyat_tl": 1634,
        "fiyat_1_gun_tl": 1634,
        "fiyat_1_hafta_tl": null,
        "fiyat_1_ay_tl": null,
        "fiyat_3_ay_tl": null,
        "puan": 5.0,
        "yorum": 6,
        "url": "https://www.airbnb.com.tr/rooms/1768280478132590621"
      }
    },
    {
      "type": "Feature",
      "geometry": {
        "type": "Point",
        "coordinates": [
          74.1837,
          31.3571
        ]
      },
      "properties": {
        "katman": "AIRBNB_ILANI",
        "id": "1404092096371159849",
        "ad": "Daire - Lahor, Pakistan",
        "alt_tur": "Özel Oda",
        "fiyat_tl": 1338,
        "fiyat_1_gun_tl": 1338,
        "fiyat_1_hafta_tl": null,
        "fiyat_1_ay_tl": null,
        "fiyat_3_ay_tl": null,
        "puan": 5.0,
        "yorum": 5,
        "url": "https://www.airbnb.com.tr/rooms/1404092096371159849"
      }
    },
    {
      "type": "Feature",
      "geometry": {
        "type": "Point",
        "coordinates": [
          -116.44065,
          34.27713
        ]
      },
      "properties": {
        "katman": "AIRBNB_ILANI",
        "id": "1767448736462863543",
        "ad": "Ev - Homestead Valley, Kaliforniya, Amerika Birleşik Devletleri",
        "alt_tur": "Daire / Ev",
        "fiyat_tl": 12285,
        "fiyat_1_gun_tl": 12285,
        "fiyat_1_hafta_tl": null,
        "fiyat_1_ay_tl": null,
        "fiyat_3_ay_tl": null,
        "puan": null,
        "yorum": 0,
        "url": "https://www.airbnb.com.tr/rooms/1767448736462863543"
      }
    },
    {
      "type": "Feature",
      "geometry": {
        "type": "Point",
        "coordinates": [
          83.0192,
          25.262
        ]
      },
      "properties": {
        "katman": "AIRBNB_ILANI",
        "id": "1764195167380942050",
        "ad": "Varanasi, Hindistan bölgesinde oda",
        "alt_tur": "Özel Oda",
        "fiyat_tl": 506,
        "fiyat_1_gun_tl": 506,
        "fiyat_1_hafta_tl": null,
        "fiyat_1_ay_tl": null,
        "fiyat_3_ay_tl": null,
        "puan": null,
        "yorum": 0,
        "url": "https://www.airbnb.com.tr/rooms/1764195167380942050"
      }
    },
    {
      "type": "Feature",
      "geometry": {
        "type": "Point",
        "coordinates": [
          88.4185,
          26.7316
        ]
      },
      "properties": {
        "katman": "AIRBNB_ILANI",
        "id": "1769435107848892696",
        "ad": "Daire - Siliguri, Hindistan",
        "alt_tur": "Özel Oda",
        "fiyat_tl": 1318,
        "fiyat_1_gun_tl": 1318,
        "fiyat_1_hafta_tl": null,
        "fiyat_1_ay_tl": null,
        "fiyat_3_ay_tl": null,
        "puan": null,
        "yorum": 0,
        "url": "https://www.airbnb.com.tr/rooms/1769435107848892696"
      }
    },
    {
      "type": "Feature",
      "geometry": {
        "type": "Point",
        "coordinates": [
          78.0877,
          30.3686
        ]
      },
      "properties": {
        "katman": "AIRBNB_ILANI",
        "id": "1762148275137870226",
        "ad": "Villa - Dehradun, Hindistan",
        "alt_tur": "Müstakil Villa",
        "fiyat_tl": 3294,
        "fiyat_1_gun_tl": 3294,
        "fiyat_1_hafta_tl": null,
        "fiyat_1_ay_tl": 3294,
        "fiyat_3_ay_tl": null,
        "puan": null,
        "yorum": 0,
        "url": "https://www.airbnb.com.tr/rooms/1762148275137870226"
      }
    },
    {
      "type": "Feature",
      "geometry": {
        "type": "Point",
        "coordinates": [
          -121.3066,
          51.6889
        ]
      },
      "properties": {
        "katman": "AIRBNB_ILANI",
        "id": "1730089144632932500",
        "ad": "Ev - 100 Mile House, Kanada",
        "alt_tur": "Daire / Ev",
        "fiyat_tl": 12174,
        "fiyat_1_gun_tl": 12174,
        "fiyat_1_hafta_tl": null,
        "fiyat_1_ay_tl": null,
        "fiyat_3_ay_tl": null,
        "puan": null,
        "yorum": 0,
        "url": "https://www.airbnb.com.tr/rooms/1730089144632932500"
      }
    },
    {
      "type": "Feature",
      "geometry": {
        "type": "Point",
        "coordinates": [
          78.1062,
          27.9069
        ]
      },
      "properties": {
        "katman": "AIRBNB_ILANI",
        "id": "1728838158857517774",
        "ad": "Aligarh, Hindistan bölgesinde odalar",
        "alt_tur": "Özel Oda",
        "fiyat_tl": 810,
        "fiyat_1_gun_tl": 810,
        "fiyat_1_hafta_tl": null,
        "fiyat_1_ay_tl": null,
        "fiyat_3_ay_tl": null,
        "puan": 5.0,
        "yorum": 4,
        "url": "https://www.airbnb.com.tr/rooms/1728838158857517774"
      }
    },
    {
      "type": "Feature",
      "geometry": {
        "type": "Point",
        "coordinates": [
          76.9426,
          15.1572
        ]
      },
      "properties": {
        "katman": "AIRBNB_ILANI",
        "id": "1727382112844676636",
        "ad": "Ev - Bellary, Hindistan",
        "alt_tur": "Daire / Ev",
        "fiyat_tl": 811,
        "fiyat_1_gun_tl": 811,
        "fiyat_1_hafta_tl": null,
        "fiyat_1_ay_tl": null,
        "fiyat_3_ay_tl": null,
        "puan": 5.0,
        "yorum": 15,
        "url": "https://www.airbnb.com.tr/rooms/1727382112844676636"
      }
    },
    {
      "type": "Feature",
      "geometry": {
        "type": "Point",
        "coordinates": [
          10.4873,
          36.4303
        ]
      },
      "properties": {
        "katman": "AIRBNB_ILANI",
        "id": "1766780338437724902",
        "ad": "Ev - Hammamet, Tunus",
        "alt_tur": "Müstakil Villa",
        "fiyat_tl": 7152,
        "fiyat_1_gun_tl": 7152,
        "fiyat_1_hafta_tl": null,
        "fiyat_1_ay_tl": null,
        "fiyat_3_ay_tl": null,
        "puan": null,
        "yorum": 0,
        "url": "https://www.airbnb.com.tr/rooms/1766780338437724902"
      }
    },
    {
      "type": "Feature",
      "geometry": {
        "type": "Point",
        "coordinates": [
          -46.6756,
          -23.5344
        ]
      },
      "properties": {
        "katman": "AIRBNB_ILANI",
        "id": "1767663183605589823",
        "ad": "Daire - São Paulo, Brezilya",
        "alt_tur": "Daire",
        "fiyat_tl": 2150,
        "fiyat_1_gun_tl": null,
        "fiyat_1_hafta_tl": 2150,
        "fiyat_1_ay_tl": null,
        "fiyat_3_ay_tl": null,
        "puan": null,
        "yorum": 0,
        "url": "https://www.airbnb.com.tr/rooms/1767663183605589823"
      }
    },
    {
      "type": "Feature",
      "geometry": {
        "type": "Point",
        "coordinates": [
          80.0406,
          6.8915
        ]
      },
      "properties": {
        "katman": "AIRBNB_ILANI",
        "id": "1749038299682929559",
        "ad": "Villa - Panagoda, Sri Lanka",
        "alt_tur": "Müstakil Villa",
        "fiyat_tl": 3862,
        "fiyat_1_gun_tl": null,
        "fiyat_1_hafta_tl": 3862,
        "fiyat_1_ay_tl": 3862,
        "fiyat_3_ay_tl": null,
        "puan": null,
        "yorum": 0,
        "url": "https://www.airbnb.com.tr/rooms/1749038299682929559"
      }
    },
    {
      "type": "Feature",
      "geometry": {
        "type": "Point",
        "coordinates": [
          -46.6921,
          -23.5483
        ]
      },
      "properties": {
        "katman": "AIRBNB_ILANI",
        "id": "1772652925771714029",
        "ad": "Daire - São Paulo, Brezilya",
        "alt_tur": "Daire",
        "fiyat_tl": 2826,
        "fiyat_1_gun_tl": null,
        "fiyat_1_hafta_tl": 2826,
        "fiyat_1_ay_tl": null,
        "fiyat_3_ay_tl": null,
        "puan": null,
        "yorum": 0,
        "url": "https://www.airbnb.com.tr/rooms/1772652925771714029"
      }
    },
    {
      "type": "Feature",
      "geometry": {
        "type": "Point",
        "coordinates": [
          -78.8583,
          35.8721
        ]
      },
      "properties": {
        "katman": "AIRBNB_ILANI",
        "id": "1762539046557051994",
        "ad": "Ev - Morrisville, Kuzey Carolina, Amerika Birleşik Devletleri",
        "alt_tur": "Özel Oda",
        "fiyat_tl": 11044,
        "fiyat_1_gun_tl": null,
        "fiyat_1_hafta_tl": 11044,
        "fiyat_1_ay_tl": null,
        "fiyat_3_ay_tl": null,
        "puan": null,
        "yorum": 0,
        "url": "https://www.airbnb.com.tr/rooms/1762539046557051994"
      }
    },
    {
      "type": "Feature",
      "geometry": {
        "type": "Point",
        "coordinates": [
          101.7201,
          3.1468
        ]
      },
      "properties": {
        "katman": "AIRBNB_ILANI",
        "id": "1767482767590669482",
        "ad": "Daire - Kuala Lumpur, Malezya",
        "alt_tur": "Daire",
        "fiyat_tl": 3355,
        "fiyat_1_gun_tl": null,
        "fiyat_1_hafta_tl": 3355,
        "fiyat_1_ay_tl": null,
        "fiyat_3_ay_tl": null,
        "puan": 5.0,
        "yorum": 3,
        "url": "https://www.airbnb.com.tr/rooms/1767482767590669482"
      }
    },
    {
      "type": "Feature",
      "geometry": {
        "type": "Point",
        "coordinates": [
          -76.972,
          -12.0977
        ]
      },
      "properties": {
        "katman": "AIRBNB_ILANI",
        "id": "1764777767409044901",
        "ad": "Santiago de Surco, Peru bölgesinde oda",
        "alt_tur": "Özel Oda",
        "fiyat_tl": 2320,
        "fiyat_1_gun_tl": null,
        "fiyat_1_hafta_tl": 2320,
        "fiyat_1_ay_tl": null,
        "fiyat_3_ay_tl": null,
        "puan": null,
        "yorum": 0,
        "url": "https://www.airbnb.com.tr/rooms/1764777767409044901"
      }
    },
    {
      "type": "Feature",
      "geometry": {
        "type": "Point",
        "coordinates": [
          77.0799,
          28.4713
        ]
      },
      "properties": {
        "katman": "AIRBNB_ILANI",
        "id": "1766612543645105040",
        "ad": "Daire - Gurugram, Hindistan",
        "alt_tur": "Daire",
        "fiyat_tl": 1485,
        "fiyat_1_gun_tl": null,
        "fiyat_1_hafta_tl": 1485,
        "fiyat_1_ay_tl": null,
        "fiyat_3_ay_tl": null,
        "puan": null,
        "yorum": 0,
        "url": "https://www.airbnb.com.tr/rooms/1766612543645105040"
      }
    },
    {
      "type": "Feature",
      "geometry": {
        "type": "Point",
        "coordinates": [
          -43.2034,
          -22.8987
        ]
      },
      "properties": {
        "katman": "AIRBNB_ILANI",
        "id": "1766019534637612047",
        "ad": "Daire - Rio de Janeiro, Brezilya",
        "alt_tur": "Daire",
        "fiyat_tl": 1701,
        "fiyat_1_gun_tl": 1843,
        "fiyat_1_hafta_tl": 1701,
        "fiyat_1_ay_tl": null,
        "fiyat_3_ay_tl": null,
        "puan": null,
        "yorum": 0,
        "url": "https://www.airbnb.com.tr/rooms/1766019534637612047"
      }
    },
    {
      "type": "Feature",
      "geometry": {
        "type": "Point",
        "coordinates": [
          100.31023695382045,
          5.340216963552913
        ]
      },
      "properties": {
        "katman": "AIRBNB_ILANI",
        "id": "1758690171530968608",
        "ad": "Bayan Lepas, Malezya bölgesinde oda",
        "alt_tur": "Özel Oda",
        "fiyat_tl": 1336,
        "fiyat_1_gun_tl": null,
        "fiyat_1_hafta_tl": 1336,
        "fiyat_1_ay_tl": null,
        "fiyat_3_ay_tl": null,
        "puan": null,
        "yorum": 0,
        "url": "https://www.airbnb.com.tr/rooms/1758690171530968608"
      }
    },
    {
      "type": "Feature",
      "geometry": {
        "type": "Point",
        "coordinates": [
          -42.17646,
          -22.42545
        ]
      },
      "properties": {
        "katman": "AIRBNB_ILANI",
        "id": "1740894279379753652",
        "ad": "Kır evi - Casimiro de Abreu, Brezilya",
        "alt_tur": "Kır Evi / Bungalov",
        "fiyat_tl": 15348,
        "fiyat_1_gun_tl": null,
        "fiyat_1_hafta_tl": 10622,
        "fiyat_1_ay_tl": null,
        "fiyat_3_ay_tl": 15348,
        "puan": 5.0,
        "yorum": 3,
        "url": "https://www.airbnb.com.tr/rooms/1740894279379753652"
      }
    },
    {
      "type": "Feature",
      "geometry": {
        "type": "Point",
        "coordinates": [
          -101.4195,
          26.8927
        ]
      },
      "properties": {
        "katman": "AIRBNB_ILANI",
        "id": "1755345294188793001",
        "ad": "Ev - Monclova, Meksika",
        "alt_tur": "Daire / Ev",
        "fiyat_tl": 9929,
        "fiyat_1_gun_tl": null,
        "fiyat_1_hafta_tl": null,
        "fiyat_1_ay_tl": null,
        "fiyat_3_ay_tl": 9929,
        "puan": null,
        "yorum": 0,
        "url": "https://www.airbnb.com.tr/rooms/1755345294188793001"
      }
    },
    {
      "type": "Feature",
      "geometry": {
        "type": "Point",
        "coordinates": [
          -86.3121,
          35.7223
        ]
      },
      "properties": {
        "katman": "AIRBNB_ILANI",
        "id": "1760279468626696477",
        "ad": "Kulübe - Christiana, Tennessee, Amerika Birleşik Devletleri",
        "alt_tur": "Özel Oda",
        "fiyat_tl": 41598,
        "fiyat_1_gun_tl": null,
        "fiyat_1_hafta_tl": null,
        "fiyat_1_ay_tl": null,
        "fiyat_3_ay_tl": 41598,
        "puan": null,
        "yorum": 0,
        "url": "https://www.airbnb.com.tr/rooms/1760279468626696477"
      }
    },
    {
      "type": "Feature",
      "geometry": {
        "type": "Point",
        "coordinates": [
          -110.8665,
          29.1891
        ]
      },
      "properties": {
        "katman": "AIRBNB_ILANI",
        "id": "1746153006361381410",
        "ad": "Ev - Las Granjas, Meksika",
        "alt_tur": "Daire / Ev",
        "fiyat_tl": 23262,
        "fiyat_1_gun_tl": null,
        "fiyat_1_hafta_tl": null,
        "fiyat_1_ay_tl": null,
        "fiyat_3_ay_tl": 23262,
        "puan": null,
        "yorum": 0,
        "url": "https://www.airbnb.com.tr/rooms/1746153006361381410"
      }
    },
    {
      "type": "Feature",
      "geometry": {
        "type": "Point",
        "coordinates": [
          -85.87282221528656,
          41.224484894711104
        ]
      },
      "properties": {
        "katman": "AIRBNB_ILANI",
        "id": "1749680285567137524",
        "ad": "Ev - Warsaw, Indiana, Amerika Birleşik Devletleri",
        "alt_tur": "Daire / Ev",
        "fiyat_tl": 19215,
        "fiyat_1_gun_tl": null,
        "fiyat_1_hafta_tl": null,
        "fiyat_1_ay_tl": null,
        "fiyat_3_ay_tl": 19215,
        "puan": null,
        "yorum": 0,
        "url": "https://www.airbnb.com.tr/rooms/1749680285567137524"
      }
    },
    {
      "type": "Feature",
      "geometry": {
        "type": "Point",
        "coordinates": [
          -92.4058,
          35.2002
        ]
      },
      "properties": {
        "katman": "AIRBNB_ILANI",
        "id": "1759855460086849759",
        "ad": "Ev - Greenbrier, Arkansas, Amerika Birleşik Devletleri",
        "alt_tur": "Özel Oda",
        "fiyat_tl": 27318,
        "fiyat_1_gun_tl": null,
        "fiyat_1_hafta_tl": null,
        "fiyat_1_ay_tl": null,
        "fiyat_3_ay_tl": 27318,
        "puan": null,
        "yorum": 0,
        "url": "https://www.airbnb.com.tr/rooms/1759855460086849759"
      }
    },
    {
      "type": "Feature",
      "geometry": {
        "type": "Point",
        "coordinates": [
          -85.3768,
          43.0346
        ]
      },
      "properties": {
        "katman": "AIRBNB_ILANI",
        "id": "1765599792799392570",
        "ad": "Ev - Lowell, Michigan, Amerika Birleşik Devletleri",
        "alt_tur": "Daire / Ev",
        "fiyat_tl": 37535,
        "fiyat_1_gun_tl": null,
        "fiyat_1_hafta_tl": null,
        "fiyat_1_ay_tl": null,
        "fiyat_3_ay_tl": 37535,
        "puan": null,
        "yorum": 0,
        "url": "https://www.airbnb.com.tr/rooms/1765599792799392570"
      }
    },
    {
      "type": "Feature",
      "geometry": {
        "type": "Point",
        "coordinates": [
          -46.41087,
          -23.17165
        ]
      },
      "properties": {
        "katman": "AIRBNB_ILANI",
        "id": "1720289214953093683",
        "ad": "Ev - Nazaré Paulista, Brezilya",
        "alt_tur": "Daire / Ev",
        "fiyat_tl": 5198,
        "fiyat_1_gun_tl": null,
        "fiyat_1_hafta_tl": null,
        "fiyat_1_ay_tl": null,
        "fiyat_3_ay_tl": 5198,
        "puan": null,
        "yorum": 0,
        "url": "https://www.airbnb.com.tr/rooms/1720289214953093683"
      }
    },
    {
      "type": "Feature",
      "geometry": {
        "type": "Point",
        "coordinates": [
          -42.035748087673916,
          -22.340378996034367
        ]
      },
      "properties": {
        "katman": "AIRBNB_ILANI",
        "id": "1582544566329839025",
        "ad": "Ev - Macaé, Brezilya",
        "alt_tur": "Daire / Ev",
        "fiyat_tl": 11577,
        "fiyat_1_gun_tl": null,
        "fiyat_1_hafta_tl": null,
        "fiyat_1_ay_tl": null,
        "fiyat_3_ay_tl": 11577,
        "puan": 5.0,
        "yorum": 4,
        "url": "https://www.airbnb.com.tr/rooms/1582544566329839025"
      }
    },
    {
      "type": "Feature",
      "geometry": {
        "type": "Point",
        "coordinates": [
          -83.4428,
          35.7368
        ]
      },
      "properties": {
        "katman": "AIRBNB_ILANI",
        "id": "1756049830435336917",
        "ad": "Ev - Gatlinburg, Tennessee, Amerika Birleşik Devletleri",
        "alt_tur": "Daire / Ev",
        "fiyat_tl": 91686,
        "fiyat_1_gun_tl": null,
        "fiyat_1_hafta_tl": null,
        "fiyat_1_ay_tl": null,
        "fiyat_3_ay_tl": 91686,
        "puan": null,
        "yorum": 0,
        "url": "https://www.airbnb.com.tr/rooms/1756049830435336917"
      }
    },
    {
      "type": "Feature",
      "geometry": {
        "type": "Point",
        "coordinates": [
          -71.6157,
          -35.4205
        ]
      },
      "properties": {
        "katman": "AIRBNB_ILANI",
        "id": "1771033045033031789",
        "ad": "Daire - Talca, Şili",
        "alt_tur": "Daire",
        "fiyat_tl": 2241,
        "fiyat_1_gun_tl": null,
        "fiyat_1_hafta_tl": 2241,
        "fiyat_1_ay_tl": null,
        "fiyat_3_ay_tl": null,
        "puan": null,
        "yorum": 0,
        "url": "https://www.airbnb.com.tr/rooms/1771033045033031789"
      }
    },
    {
      "type": "Feature",
      "geometry": {
        "type": "Point",
        "coordinates": [
          -41.5854,
          -12.3472
        ]
      },
      "properties": {
        "katman": "AIRBNB_ILANI",
        "id": "1765549009738720945",
        "ad": "Ev - Iraquara, Brezilya",
        "alt_tur": "Daire / Ev",
        "fiyat_tl": 3780,
        "fiyat_1_gun_tl": null,
        "fiyat_1_hafta_tl": 3780,
        "fiyat_1_ay_tl": null,
        "fiyat_3_ay_tl": 3780,
        "puan": null,
        "yorum": 0,
        "url": "https://www.airbnb.com.tr/rooms/1765549009738720945"
      }
    },
    {
      "type": "Feature",
      "geometry": {
        "type": "Point",
        "coordinates": [
          24.91113,
          -34.08211
        ]
      },
      "properties": {
        "katman": "AIRBNB_ILANI",
        "id": "771335252716676552",
        "ad": "Ev - Jeffreys Bay, Güney Afrika",
        "alt_tur": "Daire / Ev",
        "fiyat_tl": 7695,
        "fiyat_1_gun_tl": null,
        "fiyat_1_hafta_tl": null,
        "fiyat_1_ay_tl": 7695,
        "fiyat_3_ay_tl": null,
        "puan": null,
        "yorum": 0,
        "url": "https://www.airbnb.com.tr/rooms/771335252716676552"
      }
    },
    {
      "type": "Feature",
      "geometry": {
        "type": "Point",
        "coordinates": [
          -82.0058,
          26.609
        ]
      },
      "properties": {
        "katman": "AIRBNB_ILANI",
        "id": "1766683962689042718",
        "ad": "Ev - Cape Coral, Florida, Amerika Birleşik Devletleri",
        "alt_tur": "Müstakil Villa",
        "fiyat_tl": 15934,
        "fiyat_1_gun_tl": null,
        "fiyat_1_hafta_tl": null,
        "fiyat_1_ay_tl": 15934,
        "fiyat_3_ay_tl": null,
        "puan": null,
        "yorum": 0,
        "url": "https://www.airbnb.com.tr/rooms/1766683962689042718"
      }
    },
    {
      "type": "Feature",
      "geometry": {
        "type": "Point",
        "coordinates": [
          -122.81584,
          46.96293
        ]
      },
      "properties": {
        "katman": "AIRBNB_ILANI",
        "id": "19596299",
        "ad": "Olympia bölgesinde oda",
        "alt_tur": "Özel Oda",
        "fiyat_tl": 2652,
        "fiyat_1_gun_tl": null,
        "fiyat_1_hafta_tl": 2652,
        "fiyat_1_ay_tl": null,
        "fiyat_3_ay_tl": null,
        "puan": 4.85,
        "yorum": 214,
        "url": "https://www.airbnb.com.tr/rooms/19596299"
      }
    },
    {
      "type": "Feature",
      "geometry": {
        "type": "Point",
        "coordinates": [
          -122.8109,
          46.9861
        ]
      },
      "properties": {
        "katman": "AIRBNB_ILANI",
        "id": "1744228950524205462",
        "ad": "Ev - Lacey",
        "alt_tur": "Daire / Ev",
        "fiyat_tl": 10704,
        "fiyat_1_gun_tl": null,
        "fiyat_1_hafta_tl": null,
        "fiyat_1_ay_tl": 10704,
        "fiyat_3_ay_tl": 9730,
        "puan": null,
        "yorum": 0,
        "url": "https://www.airbnb.com.tr/rooms/1744228950524205462"
      }
    },
    {
      "type": "Feature",
      "geometry": {
        "type": "Point",
        "coordinates": [
          -122.73183,
          46.9942
        ]
      },
      "properties": {
        "katman": "AIRBNB_ILANI",
        "id": "816113343933937227",
        "ad": "Misafir süiti - Olympia",
        "alt_tur": "Daire / Ev",
        "fiyat_tl": 8344,
        "fiyat_1_gun_tl": null,
        "fiyat_1_hafta_tl": null,
        "fiyat_1_ay_tl": null,
        "fiyat_3_ay_tl": 8344,
        "puan": 4.98,
        "yorum": 324,
        "url": "https://www.airbnb.com.tr/rooms/816113343933937227"
      }
    },
    {
      "type": "Feature",
      "geometry": {
        "type": "Point",
        "coordinates": [
          -122.93653,
          47.08126
        ]
      },
      "properties": {
        "katman": "AIRBNB_ILANI",
        "id": "163771",
        "ad": "Kır evi - Olympia",
        "alt_tur": "Kır Evi / Bungalov",
        "fiyat_tl": 11628,
        "fiyat_1_gun_tl": null,
        "fiyat_1_hafta_tl": null,
        "fiyat_1_ay_tl": null,
        "fiyat_3_ay_tl": 11628,
        "puan": 4.89,
        "yorum": 414,
        "url": "https://www.airbnb.com.tr/rooms/163771"
      }
    },
    {
      "type": "Feature",
      "geometry": {
        "type": "Point",
        "coordinates": [
          -73.19295,
          46.45021
        ]
      },
      "properties": {
        "katman": "AIRBNB_ILANI",
        "id": "1619803885014978837",
        "ad": "Ev - Saint-Alexis-des-Monts, Kanada",
        "alt_tur": "Daire / Ev",
        "fiyat_tl": 12630,
        "fiyat_1_gun_tl": null,
        "fiyat_1_hafta_tl": 12630,
        "fiyat_1_ay_tl": null,
        "fiyat_3_ay_tl": null,
        "puan": 5.0,
        "yorum": 23,
        "url": "https://www.airbnb.com.tr/rooms/1619803885014978837"
      }
    },
    {
      "type": "Feature",
      "geometry": {
        "type": "Point",
        "coordinates": [
          -114.3278,
          34.5061
        ]
      },
      "properties": {
        "katman": "AIRBNB_ILANI",
        "id": "1322496681051399542",
        "ad": "Ev - Lake Havasu City, Arizona, Amerika Birleşik Devletleri",
        "alt_tur": "Özel Oda",
        "fiyat_tl": 29970,
        "fiyat_1_gun_tl": null,
        "fiyat_1_hafta_tl": null,
        "fiyat_1_ay_tl": 29970,
        "fiyat_3_ay_tl": null,
        "puan": 5.0,
        "yorum": 53,
        "url": "https://www.airbnb.com.tr/rooms/1322496681051399542"
      }
    },
    {
      "type": "Feature",
      "geometry": {
        "type": "Point",
        "coordinates": [
          -76.70810090185812,
          43.32427342866408
        ]
      },
      "properties": {
        "katman": "AIRBNB_ILANI",
        "id": "1724108698463466041",
        "ad": "Ev - Fair Haven, New York, Amerika Birleşik Devletleri",
        "alt_tur": "Özel Oda",
        "fiyat_tl": 52496,
        "fiyat_1_gun_tl": null,
        "fiyat_1_hafta_tl": null,
        "fiyat_1_ay_tl": 52496,
        "fiyat_3_ay_tl": null,
        "puan": 5.0,
        "yorum": 3,
        "url": "https://www.airbnb.com.tr/rooms/1724108698463466041"
      }
    },
    {
      "type": "Feature",
      "geometry": {
        "type": "Point",
        "coordinates": [
          -91.3591,
          42.4146
        ]
      },
      "properties": {
        "katman": "AIRBNB_ILANI",
        "id": "1759232962297499375",
        "ad": "Ev - Delhi, Iowa, Amerika Birleşik Devletleri",
        "alt_tur": "Daire / Ev",
        "fiyat_tl": 36489,
        "fiyat_1_gun_tl": null,
        "fiyat_1_hafta_tl": null,
        "fiyat_1_ay_tl": null,
        "fiyat_3_ay_tl": 36489,
        "puan": null,
        "yorum": 0,
        "url": "https://www.airbnb.com.tr/rooms/1759232962297499375"
      }
    },
    {
      "type": "Feature",
      "geometry": {
        "type": "Point",
        "coordinates": [
          -111.8441,
          34.8138
        ]
      },
      "properties": {
        "katman": "AIRBNB_ILANI",
        "id": "1701701115529104404",
        "ad": "Ev - Sedona, Arizona, Amerika Birleşik Devletleri",
        "alt_tur": "Daire / Ev",
        "fiyat_tl": 70522,
        "fiyat_1_gun_tl": null,
        "fiyat_1_hafta_tl": null,
        "fiyat_1_ay_tl": null,
        "fiyat_3_ay_tl": 70522,
        "puan": null,
        "yorum": 0,
        "url": "https://www.airbnb.com.tr/rooms/1701701115529104404"
      }
    },
    {
      "type": "Feature",
      "geometry": {
        "type": "Point",
        "coordinates": [
          -83.4478,
          35.7954
        ]
      },
      "properties": {
        "katman": "AIRBNB_ILANI",
        "id": "1751550189708819185",
        "ad": "Kulübe - Sevierville, Tennessee, Amerika Birleşik Devletleri",
        "alt_tur": "Özel Oda",
        "fiyat_tl": 49000,
        "fiyat_1_gun_tl": null,
        "fiyat_1_hafta_tl": null,
        "fiyat_1_ay_tl": null,
        "fiyat_3_ay_tl": 49000,
        "puan": null,
        "yorum": 0,
        "url": "https://www.airbnb.com.tr/rooms/1751550189708819185"
      }
    },
    {
      "type": "Feature",
      "geometry": {
        "type": "Point",
        "coordinates": [
          -100.1512,
          19.1487
        ]
      },
      "properties": {
        "katman": "AIRBNB_ILANI",
        "id": "1667017862834151434",
        "ad": "Kulübe - Cerro Gordo, Meksika",
        "alt_tur": "Daire / Ev",
        "fiyat_tl": 13386,
        "fiyat_1_gun_tl": null,
        "fiyat_1_hafta_tl": null,
        "fiyat_1_ay_tl": 13386,
        "fiyat_3_ay_tl": null,
        "puan": null,
        "yorum": 0,
        "url": "https://www.airbnb.com.tr/rooms/1667017862834151434"
      }
    },
    {
      "type": "Feature",
      "geometry": {
        "type": "Point",
        "coordinates": [
          27.1308,
          38.4178
        ]
      },
      "properties": {
        "katman": "AIRBNB_ILANI",
        "id": "1545020818505671448",
        "ad": "Ev - Konak",
        "alt_tur": "Daire / Ev",
        "fiyat_tl": 3751,
        "fiyat_1_gun_tl": 3761,
        "fiyat_1_hafta_tl": null,
        "fiyat_1_ay_tl": 4013,
        "fiyat_3_ay_tl": 3480,
        "puan": 4.79,
        "yorum": 38,
        "url": "https://www.airbnb.com.tr/rooms/1545020818505671448"
      }
    },
    {
      "type": "Feature",
      "geometry": {
        "type": "Point",
        "coordinates": [
          27.14417,
          38.42084
        ]
      },
      "properties": {
        "katman": "AIRBNB_ILANI",
        "id": "1322948085398128374",
        "ad": "Müşterek oda - Konak",
        "alt_tur": "Özel Oda",
        "fiyat_tl": 1288,
        "fiyat_1_gun_tl": 1300,
        "fiyat_1_hafta_tl": 1300,
        "fiyat_1_ay_tl": 1300,
        "fiyat_3_ay_tl": 1250,
        "puan": 4.88,
        "yorum": 34,
        "url": "https://www.airbnb.com.tr/rooms/1322948085398128374"
      }
    },
    {
      "type": "Feature",
      "geometry": {
        "type": "Point",
        "coordinates": [
          27.1342,
          38.4276
        ]
      },
      "properties": {
        "katman": "AIRBNB_ILANI",
        "id": "1742833319019029973",
        "ad": "Otel - Konak",
        "alt_tur": "Daire / Ev",
        "fiyat_tl": 4583,
        "fiyat_1_gun_tl": 4556,
        "fiyat_1_hafta_tl": 4955,
        "fiyat_1_ay_tl": 4606,
        "fiyat_3_ay_tl": 4214,
        "puan": null,
        "yorum": 0,
        "url": "https://www.airbnb.com.tr/rooms/1742833319019029973"
      }
    },
    {
      "type": "Feature",
      "geometry": {
        "type": "Point",
        "coordinates": [
          27.14,
          38.4251
        ]
      },
      "properties": {
        "katman": "AIRBNB_ILANI",
        "id": "1420269311019520985",
        "ad": "Konak bölgesinde oda",
        "alt_tur": "Özel Oda",
        "fiyat_tl": 1895,
        "fiyat_1_gun_tl": 1895,
        "fiyat_1_hafta_tl": 1895,
        "fiyat_1_ay_tl": 1895,
        "fiyat_3_ay_tl": 1895,
        "puan": 4.27,
        "yorum": 37,
        "url": "https://www.airbnb.com.tr/rooms/1420269311019520985"
      }
    },
    {
      "type": "Feature",
      "geometry": {
        "type": "Point",
        "coordinates": [
          27.1492,
          38.4265
        ]
      },
      "properties": {
        "katman": "AIRBNB_ILANI",
        "id": "1752206417774183262",
        "ad": "Daire - Konak",
        "alt_tur": "Daire",
        "fiyat_tl": 2950,
        "fiyat_1_gun_tl": 2900,
        "fiyat_1_hafta_tl": 3000,
        "fiyat_1_ay_tl": null,
        "fiyat_3_ay_tl": null,
        "puan": null,
        "yorum": 0,
        "url": "https://www.airbnb.com.tr/rooms/1752206417774183262"
      }
    },
    {
      "type": "Feature",
      "geometry": {
        "type": "Point",
        "coordinates": [
          27.14819094658117,
          38.42632954803176
        ]
      },
      "properties": {
        "katman": "AIRBNB_ILANI",
        "id": "1181779857574247774",
        "ad": "Otel - Konak",
        "alt_tur": "Daire / Ev",
        "fiyat_tl": 2961,
        "fiyat_1_gun_tl": 2961,
        "fiyat_1_hafta_tl": 2961,
        "fiyat_1_ay_tl": null,
        "fiyat_3_ay_tl": null,
        "puan": 4.82,
        "yorum": 38,
        "url": "https://www.airbnb.com.tr/rooms/1181779857574247774"
      }
    },
    {
      "type": "Feature",
      "geometry": {
        "type": "Point",
        "coordinates": [
          27.14759,
          38.43843
        ]
      },
      "properties": {
        "katman": "AIRBNB_ILANI",
        "id": "1490877228750591805",
        "ad": "Otel - Alsancak",
        "alt_tur": "Daire / Ev",
        "fiyat_tl": 1905,
        "fiyat_1_gun_tl": 1905,
        "fiyat_1_hafta_tl": null,
        "fiyat_1_ay_tl": null,
        "fiyat_3_ay_tl": null,
        "puan": 4.2,
        "yorum": 35,
        "url": "https://www.airbnb.com.tr/rooms/1490877228750591805"
      }
    },
    {
      "type": "Feature",
      "geometry": {
        "type": "Point",
        "coordinates": [
          27.1431,
          38.4203
        ]
      },
      "properties": {
        "katman": "AIRBNB_ILANI",
        "id": "1322907009598325208",
        "ad": "Konak bölgesinde oda",
        "alt_tur": "Özel Oda",
        "fiyat_tl": 2900,
        "fiyat_1_gun_tl": 2900,
        "fiyat_1_hafta_tl": 2900,
        "fiyat_1_ay_tl": 2900,
        "fiyat_3_ay_tl": 2900,
        "puan": 5.0,
        "yorum": 5,
        "url": "https://www.airbnb.com.tr/rooms/1322907009598325208"
      }
    },
    {
      "type": "Feature",
      "geometry": {
        "type": "Point",
        "coordinates": [
          27.12382,
          38.41227
        ]
      },
      "properties": {
        "katman": "AIRBNB_ILANI",
        "id": "53399644",
        "ad": "Daire - Konak",
        "alt_tur": "Daire",
        "fiyat_tl": 4070,
        "fiyat_1_gun_tl": 4070,
        "fiyat_1_hafta_tl": null,
        "fiyat_1_ay_tl": null,
        "fiyat_3_ay_tl": null,
        "puan": 4.78,
        "yorum": 226,
        "url": "https://www.airbnb.com.tr/rooms/53399644"
      }
    },
    {
      "type": "Feature",
      "geometry": {
        "type": "Point",
        "coordinates": [
          27.1464,
          38.4379
        ]
      },
      "properties": {
        "katman": "AIRBNB_ILANI",
        "id": "602045920676998994",
        "ad": "Otel - Alsancak",
        "alt_tur": "Daire / Ev",
        "fiyat_tl": 2700,
        "fiyat_1_gun_tl": 2700,
        "fiyat_1_hafta_tl": null,
        "fiyat_1_ay_tl": null,
        "fiyat_3_ay_tl": null,
        "puan": 4.51,
        "yorum": 112,
        "url": "https://www.airbnb.com.tr/rooms/602045920676998994"
      }
    },
    {
      "type": "Feature",
      "geometry": {
        "type": "Point",
        "coordinates": [
          27.10876,
          38.40857
        ]
      },
      "properties": {
        "katman": "AIRBNB_ILANI",
        "id": "1377561426792098092",
        "ad": "Ev - Konak",
        "alt_tur": "Daire / Ev",
        "fiyat_tl": 4070,
        "fiyat_1_gun_tl": 4070,
        "fiyat_1_hafta_tl": null,
        "fiyat_1_ay_tl": null,
        "fiyat_3_ay_tl": null,
        "puan": 4.46,
        "yorum": 39,
        "url": "https://www.airbnb.com.tr/rooms/1377561426792098092"
      }
    },
    {
      "type": "Feature",
      "geometry": {
        "type": "Point",
        "coordinates": [
          27.1419,
          38.4201
        ]
      },
      "properties": {
        "katman": "AIRBNB_ILANI",
        "id": "1767969001890100529",
        "ad": "Müşterek otel odası - Konak",
        "alt_tur": "Özel Oda",
        "fiyat_tl": 4500,
        "fiyat_1_gun_tl": 4500,
        "fiyat_1_hafta_tl": null,
        "fiyat_1_ay_tl": null,
        "fiyat_3_ay_tl": null,
        "puan": null,
        "yorum": 0,
        "url": "https://www.airbnb.com.tr/rooms/1767969001890100529"
      }
    },
    {
      "type": "Feature",
      "geometry": {
        "type": "Point",
        "coordinates": [
          27.14382,
          38.43671
        ]
      },
      "properties": {
        "katman": "AIRBNB_ILANI",
        "id": "41718346",
        "ad": "Butik otel - Alsancak",
        "alt_tur": "Özel Oda",
        "fiyat_tl": 2900,
        "fiyat_1_gun_tl": 2900,
        "fiyat_1_hafta_tl": null,
        "fiyat_1_ay_tl": null,
        "fiyat_3_ay_tl": null,
        "puan": 4.29,
        "yorum": 110,
        "url": "https://www.airbnb.com.tr/rooms/41718346"
      }
    },
    {
      "type": "Feature",
      "geometry": {
        "type": "Point",
        "coordinates": [
          27.1419,
          38.4202
        ]
      },
      "properties": {
        "katman": "AIRBNB_ILANI",
        "id": "790579220416102869",
        "ad": "Otel - Konak",
        "alt_tur": "Daire / Ev",
        "fiyat_tl": 3000,
        "fiyat_1_gun_tl": 3000,
        "fiyat_1_hafta_tl": null,
        "fiyat_1_ay_tl": null,
        "fiyat_3_ay_tl": null,
        "puan": 4.5,
        "yorum": 12,
        "url": "https://www.airbnb.com.tr/rooms/790579220416102869"
      }
    },
    {
      "type": "Feature",
      "geometry": {
        "type": "Point",
        "coordinates": [
          27.1499,
          38.4258
        ]
      },
      "properties": {
        "katman": "AIRBNB_ILANI",
        "id": "1296137017226015252",
        "ad": "Konak bölgesinde oda",
        "alt_tur": "Özel Oda",
        "fiyat_tl": 2500,
        "fiyat_1_gun_tl": 2500,
        "fiyat_1_hafta_tl": null,
        "fiyat_1_ay_tl": null,
        "fiyat_3_ay_tl": null,
        "puan": 4.46,
        "yorum": 57,
        "url": "https://www.airbnb.com.tr/rooms/1296137017226015252"
      }
    },
    {
      "type": "Feature",
      "geometry": {
        "type": "Point",
        "coordinates": [
          27.14399,
          38.42154
        ]
      },
      "properties": {
        "katman": "AIRBNB_ILANI",
        "id": "13860193",
        "ad": "Hostel - Konak",
        "alt_tur": "Daire / Ev",
        "fiyat_tl": 3100,
        "fiyat_1_gun_tl": 3100,
        "fiyat_1_hafta_tl": null,
        "fiyat_1_ay_tl": null,
        "fiyat_3_ay_tl": null,
        "puan": 4.48,
        "yorum": 58,
        "url": "https://www.airbnb.com.tr/rooms/13860193"
      }
    },
    {
      "type": "Feature",
      "geometry": {
        "type": "Point",
        "coordinates": [
          27.12462,
          38.4127
        ]
      },
      "properties": {
        "katman": "AIRBNB_ILANI",
        "id": "737683932648041762",
        "ad": "Ev - Konak",
        "alt_tur": "Daire / Ev",
        "fiyat_tl": 8174,
        "fiyat_1_gun_tl": 8174,
        "fiyat_1_hafta_tl": null,
        "fiyat_1_ay_tl": null,
        "fiyat_3_ay_tl": null,
        "puan": 4.85,
        "yorum": 97,
        "url": "https://www.airbnb.com.tr/rooms/737683932648041762"
      }
    },
    {
      "type": "Feature",
      "geometry": {
        "type": "Point",
        "coordinates": [
          27.1187,
          38.4078
        ]
      },
      "properties": {
        "katman": "AIRBNB_ILANI",
        "id": "1584053756327831726",
        "ad": "Ev - Konak",
        "alt_tur": "Daire / Ev",
        "fiyat_tl": 3366,
        "fiyat_1_gun_tl": 3366,
        "fiyat_1_hafta_tl": null,
        "fiyat_1_ay_tl": null,
        "fiyat_3_ay_tl": null,
        "puan": 4.47,
        "yorum": 15,
        "url": "https://www.airbnb.com.tr/rooms/1584053756327831726"
      }
    },
    {
      "type": "Feature",
      "geometry": {
        "type": "Point",
        "coordinates": [
          27.1419,
          38.4201
        ]
      },
      "properties": {
        "katman": "AIRBNB_ILANI",
        "id": "926644238998843448",
        "ad": "Otel - Konak",
        "alt_tur": "Daire / Ev",
        "fiyat_tl": 3000,
        "fiyat_1_gun_tl": null,
        "fiyat_1_hafta_tl": 3000,
        "fiyat_1_ay_tl": 3000,
        "fiyat_3_ay_tl": 3000,
        "puan": 4.58,
        "yorum": 19,
        "url": "https://www.airbnb.com.tr/rooms/926644238998843448"
      }
    },
    {
      "type": "Feature",
      "geometry": {
        "type": "Point",
        "coordinates": [
          27.15039879118789,
          38.42515797697522
        ]
      },
      "properties": {
        "katman": "AIRBNB_ILANI",
        "id": "1434293911553585492",
        "ad": "Ev - Konak",
        "alt_tur": "Daire / Ev",
        "fiyat_tl": 2961,
        "fiyat_1_gun_tl": null,
        "fiyat_1_hafta_tl": 2961,
        "fiyat_1_ay_tl": null,
        "fiyat_3_ay_tl": null,
        "puan": 4.76,
        "yorum": 85,
        "url": "https://www.airbnb.com.tr/rooms/1434293911553585492"
      }
    },
    {
      "type": "Feature",
      "geometry": {
        "type": "Point",
        "coordinates": [
          27.1492,
          38.4256
        ]
      },
      "properties": {
        "katman": "AIRBNB_ILANI",
        "id": "1400756429336164942",
        "ad": "Konak bölgesinde konaklama yeri",
        "alt_tur": "Özel Oda",
        "fiyat_tl": 2400,
        "fiyat_1_gun_tl": null,
        "fiyat_1_hafta_tl": 2400,
        "fiyat_1_ay_tl": 2400,
        "fiyat_3_ay_tl": null,
        "puan": 4.53,
        "yorum": 413,
        "url": "https://www.airbnb.com.tr/rooms/1400756429336164942"
      }
    },
    {
      "type": "Feature",
      "geometry": {
        "type": "Point",
        "coordinates": [
          27.1503,
          38.4259
        ]
      },
      "properties": {
        "katman": "AIRBNB_ILANI",
        "id": "870876647623727018",
        "ad": "Otel - Konak",
        "alt_tur": "Özel Oda",
        "fiyat_tl": 3690,
        "fiyat_1_gun_tl": null,
        "fiyat_1_hafta_tl": 3390,
        "fiyat_1_ay_tl": 3790,
        "fiyat_3_ay_tl": 3890,
        "puan": 4.79,
        "yorum": 168,
        "url": "https://www.airbnb.com.tr/rooms/870876647623727018"
      }
    },
    {
      "type": "Feature",
      "geometry": {
        "type": "Point",
        "coordinates": [
          27.15085,
          38.4251
        ]
      },
      "properties": {
        "katman": "AIRBNB_ILANI",
        "id": "871489920122573602",
        "ad": "Otel - Konak",
        "alt_tur": "Daire / Ev",
        "fiyat_tl": 2890,
        "fiyat_1_gun_tl": null,
        "fiyat_1_hafta_tl": 2890,
        "fiyat_1_ay_tl": null,
        "fiyat_3_ay_tl": null,
        "puan": 4.94,
        "yorum": 17,
        "url": "https://www.airbnb.com.tr/rooms/871489920122573602"
      }
    },
    {
      "type": "Feature",
      "geometry": {
        "type": "Point",
        "coordinates": [
          27.15018,
          38.42628
        ]
      },
      "properties": {
        "katman": "AIRBNB_ILANI",
        "id": "21930865",
        "ad": "Otel odası - Konak",
        "alt_tur": "Özel Oda",
        "fiyat_tl": 2899,
        "fiyat_1_gun_tl": null,
        "fiyat_1_hafta_tl": 2899,
        "fiyat_1_ay_tl": null,
        "fiyat_3_ay_tl": null,
        "puan": 4.46,
        "yorum": 136,
        "url": "https://www.airbnb.com.tr/rooms/21930865"
      }
    },
    {
      "type": "Feature",
      "geometry": {
        "type": "Point",
        "coordinates": [
          27.1264,
          38.4134
        ]
      },
      "properties": {
        "katman": "AIRBNB_ILANI",
        "id": "1740880595386078139",
        "ad": "Otel - Konak",
        "alt_tur": "Daire / Ev",
        "fiyat_tl": 4064,
        "fiyat_1_gun_tl": null,
        "fiyat_1_hafta_tl": 4064,
        "fiyat_1_ay_tl": null,
        "fiyat_3_ay_tl": null,
        "puan": null,
        "yorum": 0,
        "url": "https://www.airbnb.com.tr/rooms/1740880595386078139"
      }
    },
    {
      "type": "Feature",
      "geometry": {
        "type": "Point",
        "coordinates": [
          27.1277,
          38.4116
        ]
      },
      "properties": {
        "katman": "AIRBNB_ILANI",
        "id": "1273287912015007037",
        "ad": "Ev - Konak",
        "alt_tur": "Daire / Ev",
        "fiyat_tl": 3839,
        "fiyat_1_gun_tl": null,
        "fiyat_1_hafta_tl": 3839,
        "fiyat_1_ay_tl": null,
        "fiyat_3_ay_tl": null,
        "puan": 4.85,
        "yorum": 62,
        "url": "https://www.airbnb.com.tr/rooms/1273287912015007037"
      }
    },
    {
      "type": "Feature",
      "geometry": {
        "type": "Point",
        "coordinates": [
          27.127297212919128,
          38.41317603271183
        ]
      },
      "properties": {
        "katman": "AIRBNB_ILANI",
        "id": "1132679487432661166",
        "ad": "Ev - Konak",
        "alt_tur": "Daire / Ev",
        "fiyat_tl": 5692,
        "fiyat_1_gun_tl": null,
        "fiyat_1_hafta_tl": 5692,
        "fiyat_1_ay_tl": null,
        "fiyat_3_ay_tl": null,
        "puan": 4.98,
        "yorum": 82,
        "url": "https://www.airbnb.com.tr/rooms/1132679487432661166"
      }
    },
    {
      "type": "Feature",
      "geometry": {
        "type": "Point",
        "coordinates": [
          27.14904,
          38.43156
        ]
      },
      "properties": {
        "katman": "AIRBNB_ILANI",
        "id": "1236958326605528827",
        "ad": "Daire - Konak",
        "alt_tur": "Daire",
        "fiyat_tl": 6500,
        "fiyat_1_gun_tl": null,
        "fiyat_1_hafta_tl": 6500,
        "fiyat_1_ay_tl": null,
        "fiyat_3_ay_tl": null,
        "puan": 4.78,
        "yorum": 32,
        "url": "https://www.airbnb.com.tr/rooms/1236958326605528827"
      }
    },
    {
      "type": "Feature",
      "geometry": {
        "type": "Point",
        "coordinates": [
          27.1434,
          38.4203
        ]
      },
      "properties": {
        "katman": "AIRBNB_ILANI",
        "id": "1364916298046030665",
        "ad": "Müşterek oda - Konak",
        "alt_tur": "Özel Oda",
        "fiyat_tl": 1300,
        "fiyat_1_gun_tl": null,
        "fiyat_1_hafta_tl": 1300,
        "fiyat_1_ay_tl": null,
        "fiyat_3_ay_tl": null,
        "puan": 4.93,
        "yorum": 14,
        "url": "https://www.airbnb.com.tr/rooms/1364916298046030665"
      }
    },
    {
      "type": "Feature",
      "geometry": {
        "type": "Point",
        "coordinates": [
          27.14829,
          38.42519
        ]
      },
      "properties": {
        "katman": "AIRBNB_ILANI",
        "id": "801376178462595072",
        "ad": "Ev - Konak",
        "alt_tur": "Daire / Ev",
        "fiyat_tl": 3671,
        "fiyat_1_gun_tl": null,
        "fiyat_1_hafta_tl": 3671,
        "fiyat_1_ay_tl": null,
        "fiyat_3_ay_tl": null,
        "puan": 4.76,
        "yorum": 173,
        "url": "https://www.airbnb.com.tr/rooms/801376178462595072"
      }
    },
    {
      "type": "Feature",
      "geometry": {
        "type": "Point",
        "coordinates": [
          27.1492,
          38.4262
        ]
      },
      "properties": {
        "katman": "AIRBNB_ILANI",
        "id": "3229608",
        "ad": "Daire - İzmir",
        "alt_tur": "Daire",
        "fiyat_tl": 2605,
        "fiyat_1_gun_tl": null,
        "fiyat_1_hafta_tl": null,
        "fiyat_1_ay_tl": 2605,
        "fiyat_3_ay_tl": 2605,
        "puan": 4.74,
        "yorum": 116,
        "url": "https://www.airbnb.com.tr/rooms/3229608"
      }
    },
    {
      "type": "Feature",
      "geometry": {
        "type": "Point",
        "coordinates": [
          27.14353,
          38.43697
        ]
      },
      "properties": {
        "katman": "AIRBNB_ILANI",
        "id": "1692647184409090096",
        "ad": "Daire - Konak",
        "alt_tur": "Daire",
        "fiyat_tl": 3500,
        "fiyat_1_gun_tl": null,
        "fiyat_1_hafta_tl": null,
        "fiyat_1_ay_tl": 3500,
        "fiyat_3_ay_tl": null,
        "puan": 4.9,
        "yorum": 10,
        "url": "https://www.airbnb.com.tr/rooms/1692647184409090096"
      }
    },
    {
      "type": "Feature",
      "geometry": {
        "type": "Point",
        "coordinates": [
          27.1242,
          38.4118
        ]
      },
      "properties": {
        "katman": "AIRBNB_ILANI",
        "id": "1417570410809184574",
        "ad": "Ev - Konak",
        "alt_tur": "Daire / Ev",
        "fiyat_tl": 1725,
        "fiyat_1_gun_tl": null,
        "fiyat_1_hafta_tl": null,
        "fiyat_1_ay_tl": 1900,
        "fiyat_3_ay_tl": 1550,
        "puan": 4.3,
        "yorum": 56,
        "url": "https://www.airbnb.com.tr/rooms/1417570410809184574"
      }
    },
    {
      "type": "Feature",
      "geometry": {
        "type": "Point",
        "coordinates": [
          27.151402196414978,
          38.42829574251525
        ]
      },
      "properties": {
        "katman": "AIRBNB_ILANI",
        "id": "1553545310750264921",
        "ad": "Daire - Konak",
        "alt_tur": "Daire",
        "fiyat_tl": 2565,
        "fiyat_1_gun_tl": null,
        "fiyat_1_hafta_tl": null,
        "fiyat_1_ay_tl": 2565,
        "fiyat_3_ay_tl": null,
        "puan": 4.48,
        "yorum": 56,
        "url": "https://www.airbnb.com.tr/rooms/1553545310750264921"
      }
    },
    {
      "type": "Feature",
      "geometry": {
        "type": "Point",
        "coordinates": [
          27.1645,
          38.4344
        ]
      },
      "properties": {
        "katman": "AIRBNB_ILANI",
        "id": "1762293850696262306",
        "ad": "Ev - Konak",
        "alt_tur": "Daire / Ev",
        "fiyat_tl": 5400,
        "fiyat_1_gun_tl": null,
        "fiyat_1_hafta_tl": null,
        "fiyat_1_ay_tl": 5400,
        "fiyat_3_ay_tl": null,
        "puan": null,
        "yorum": 0,
        "url": "https://www.airbnb.com.tr/rooms/1762293850696262306"
      }
    },
    {
      "type": "Feature",
      "geometry": {
        "type": "Point",
        "coordinates": [
          27.1239,
          38.412
        ]
      },
      "properties": {
        "katman": "AIRBNB_ILANI",
        "id": "1418226651666850821",
        "ad": "Ev - Konak",
        "alt_tur": "Daire / Ev",
        "fiyat_tl": 2805,
        "fiyat_1_gun_tl": null,
        "fiyat_1_hafta_tl": null,
        "fiyat_1_ay_tl": 2805,
        "fiyat_3_ay_tl": null,
        "puan": 4.33,
        "yorum": 52,
        "url": "https://www.airbnb.com.tr/rooms/1418226651666850821"
      }
    },
    {
      "type": "Feature",
      "geometry": {
        "type": "Point",
        "coordinates": [
          27.1201,
          38.4084
        ]
      },
      "properties": {
        "katman": "AIRBNB_ILANI",
        "id": "1757779894806142736",
        "ad": "Daire - Konak",
        "alt_tur": "Daire",
        "fiyat_tl": 9000,
        "fiyat_1_gun_tl": null,
        "fiyat_1_hafta_tl": null,
        "fiyat_1_ay_tl": 9000,
        "fiyat_3_ay_tl": null,
        "puan": 5.0,
        "yorum": 6,
        "url": "https://www.airbnb.com.tr/rooms/1757779894806142736"
      }
    },
    {
      "type": "Feature",
      "geometry": {
        "type": "Point",
        "coordinates": [
          27.124070977533446,
          38.41538657520752
        ]
      },
      "properties": {
        "katman": "AIRBNB_ILANI",
        "id": "853567266637200637",
        "ad": "Daire - Konak",
        "alt_tur": "Daire",
        "fiyat_tl": 5072,
        "fiyat_1_gun_tl": null,
        "fiyat_1_hafta_tl": null,
        "fiyat_1_ay_tl": 5498,
        "fiyat_3_ay_tl": 4646,
        "puan": 4.85,
        "yorum": 147,
        "url": "https://www.airbnb.com.tr/rooms/853567266637200637"
      }
    },
    {
      "type": "Feature",
      "geometry": {
        "type": "Point",
        "coordinates": [
          27.1447,
          38.4391
        ]
      },
      "properties": {
        "katman": "AIRBNB_ILANI",
        "id": "1764397217326695977",
        "ad": "Daire - Konak",
        "alt_tur": "Daire",
        "fiyat_tl": 5125,
        "fiyat_1_gun_tl": null,
        "fiyat_1_hafta_tl": null,
        "fiyat_1_ay_tl": 5250,
        "fiyat_3_ay_tl": 5000,
        "puan": 5.0,
        "yorum": 6,
        "url": "https://www.airbnb.com.tr/rooms/1764397217326695977"
      }
    },
    {
      "type": "Feature",
      "geometry": {
        "type": "Point",
        "coordinates": [
          27.1238,
          38.4136
        ]
      },
      "properties": {
        "katman": "AIRBNB_ILANI",
        "id": "51034493",
        "ad": "Ev - Konak",
        "alt_tur": "Daire / Ev",
        "fiyat_tl": 8378,
        "fiyat_1_gun_tl": null,
        "fiyat_1_hafta_tl": null,
        "fiyat_1_ay_tl": 8981,
        "fiyat_3_ay_tl": 7774,
        "puan": 4.89,
        "yorum": 243,
        "url": "https://www.airbnb.com.tr/rooms/51034493"
      }
    },
    {
      "type": "Feature",
      "geometry": {
        "type": "Point",
        "coordinates": [
          27.149403319135143,
          38.42696495828186
        ]
      },
      "properties": {
        "katman": "AIRBNB_ILANI",
        "id": "1426708258936062184",
        "ad": "Ev - Konak",
        "alt_tur": "Daire / Ev",
        "fiyat_tl": 2546,
        "fiyat_1_gun_tl": null,
        "fiyat_1_hafta_tl": null,
        "fiyat_1_ay_tl": null,
        "fiyat_3_ay_tl": 2546,
        "puan": 4.79,
        "yorum": 70,
        "url": "https://www.airbnb.com.tr/rooms/1426708258936062184"
      }
    },
    {
      "type": "Feature",
      "geometry": {
        "type": "Point",
        "coordinates": [
          27.1446,
          38.4368
        ]
      },
      "properties": {
        "katman": "AIRBNB_ILANI",
        "id": "764902919721986853",
        "ad": "Daire - Konak",
        "alt_tur": "Daire",
        "fiyat_tl": 4000,
        "fiyat_1_gun_tl": null,
        "fiyat_1_hafta_tl": null,
        "fiyat_1_ay_tl": null,
        "fiyat_3_ay_tl": 4000,
        "puan": 4.82,
        "yorum": 354,
        "url": "https://www.airbnb.com.tr/rooms/764902919721986853"
      }
    },
    {
      "type": "Feature",
      "geometry": {
        "type": "Point",
        "coordinates": [
          27.1308,
          38.4178
        ]
      },
      "properties": {
        "katman": "AIRBNB_ILANI",
        "id": "1544989044130747188",
        "ad": "Ev - Konak",
        "alt_tur": "Daire / Ev",
        "fiyat_tl": 3985,
        "fiyat_1_gun_tl": null,
        "fiyat_1_hafta_tl": null,
        "fiyat_1_ay_tl": null,
        "fiyat_3_ay_tl": 3985,
        "puan": 4.85,
        "yorum": 33,
        "url": "https://www.airbnb.com.tr/rooms/1544989044130747188"
      }
    },
    {
      "type": "Feature",
      "geometry": {
        "type": "Point",
        "coordinates": [
          27.1161,
          38.408
        ]
      },
      "properties": {
        "katman": "AIRBNB_ILANI",
        "id": "1558880250209270194",
        "ad": "Daire - Konak",
        "alt_tur": "Daire",
        "fiyat_tl": 4737,
        "fiyat_1_gun_tl": null,
        "fiyat_1_hafta_tl": null,
        "fiyat_1_ay_tl": null,
        "fiyat_3_ay_tl": 4737,
        "puan": 4.78,
        "yorum": 72,
        "url": "https://www.airbnb.com.tr/rooms/1558880250209270194"
      }
    },
    {
      "type": "Feature",
      "geometry": {
        "type": "Point",
        "coordinates": [
          27.12452007297784,
          38.411730604431085
        ]
      },
      "properties": {
        "katman": "AIRBNB_ILANI",
        "id": "1403618268338989812",
        "ad": "Ev - Konak",
        "alt_tur": "Daire / Ev",
        "fiyat_tl": 5984,
        "fiyat_1_gun_tl": null,
        "fiyat_1_hafta_tl": null,
        "fiyat_1_ay_tl": null,
        "fiyat_3_ay_tl": 5984,
        "puan": 5.0,
        "yorum": 37,
        "url": "https://www.airbnb.com.tr/rooms/1403618268338989812"
      }
    },
    {
      "type": "Feature",
      "geometry": {
        "type": "Point",
        "coordinates": [
          27.1172,
          38.4081
        ]
      },
      "properties": {
        "katman": "AIRBNB_ILANI",
        "id": "1719749149219084657",
        "ad": "Daire - Konak",
        "alt_tur": "Daire",
        "fiyat_tl": 3100,
        "fiyat_1_gun_tl": null,
        "fiyat_1_hafta_tl": null,
        "fiyat_1_ay_tl": null,
        "fiyat_3_ay_tl": 3100,
        "puan": 5.0,
        "yorum": 12,
        "url": "https://www.airbnb.com.tr/rooms/1719749149219084657"
      }
    },
    {
      "type": "Feature",
      "geometry": {
        "type": "Point",
        "coordinates": [
          28.97753,
          40.23102
        ]
      },
      "properties": {
        "katman": "AIRBNB_ILANI",
        "id": "1706409944683258780",
        "ad": "Daire - Nilüfer",
        "alt_tur": "Daire",
        "fiyat_tl": 2640,
        "fiyat_1_gun_tl": null,
        "fiyat_1_hafta_tl": 2550,
        "fiyat_1_ay_tl": 3220,
        "fiyat_3_ay_tl": 2150,
        "puan": 5.0,
        "yorum": 21,
        "url": "https://www.airbnb.com.tr/rooms/1706409944683258780"
      }
    },
    {
      "type": "Feature",
      "geometry": {
        "type": "Point",
        "coordinates": [
          29.01728,
          40.20062
        ]
      },
      "properties": {
        "katman": "AIRBNB_ILANI",
        "id": "29604902",
        "ad": "Daire - Bursa",
        "alt_tur": "Özel Oda",
        "fiyat_tl": 3316,
        "fiyat_1_gun_tl": null,
        "fiyat_1_hafta_tl": 2665,
        "fiyat_1_ay_tl": 3730,
        "fiyat_3_ay_tl": 3553,
        "puan": 4.96,
        "yorum": 188,
        "url": "https://www.airbnb.com.tr/rooms/29604902"
      }
    },
    {
      "type": "Feature",
      "geometry": {
        "type": "Point",
        "coordinates": [
          29.01855,
          40.20058
        ]
      },
      "properties": {
        "katman": "AIRBNB_ILANI",
        "id": "54069339",
        "ad": "Otel odası - Osmangazi",
        "alt_tur": "Özel Oda",
        "fiyat_tl": 2132,
        "fiyat_1_gun_tl": null,
        "fiyat_1_hafta_tl": 2132,
        "fiyat_1_ay_tl": 2132,
        "fiyat_3_ay_tl": null,
        "puan": 4.93,
        "yorum": 99,
        "url": "https://www.airbnb.com.tr/rooms/54069339"
      }
    },
    {
      "type": "Feature",
      "geometry": {
        "type": "Point",
        "coordinates": [
          29.06887,
          40.18186
        ]
      },
      "properties": {
        "katman": "AIRBNB_ILANI",
        "id": "50975150",
        "ad": "Daire - Osmangazi",
        "alt_tur": "Daire",
        "fiyat_tl": 3044,
        "fiyat_1_gun_tl": null,
        "fiyat_1_hafta_tl": 2750,
        "fiyat_1_ay_tl": 3125,
        "fiyat_3_ay_tl": 3257,
        "puan": 4.86,
        "yorum": 182,
        "url": "https://www.airbnb.com.tr/rooms/50975150"
      }
    },
    {
      "type": "Feature",
      "geometry": {
        "type": "Point",
        "coordinates": [
          29.07211,
          40.17818
        ]
      },
      "properties": {
        "katman": "AIRBNB_ILANI",
        "id": "767852623856316399",
        "ad": "Daire - Yıldırım",
        "alt_tur": "Daire",
        "fiyat_tl": 3892,
        "fiyat_1_gun_tl": null,
        "fiyat_1_hafta_tl": 3892,
        "fiyat_1_ay_tl": null,
        "fiyat_3_ay_tl": null,
        "puan": 4.96,
        "yorum": 79,
        "url": "https://www.airbnb.com.tr/rooms/767852623856316399"
      }
    },
    {
      "type": "Feature",
      "geometry": {
        "type": "Point",
        "coordinates": [
          28.988059393505356,
          40.20852964526543
        ]
      },
      "properties": {
        "katman": "AIRBNB_ILANI",
        "id": "1319760133732623058",
        "ad": "Otel - Bursa",
        "alt_tur": "Özel Oda",
        "fiyat_tl": 4710,
        "fiyat_1_gun_tl": null,
        "fiyat_1_hafta_tl": 4485,
        "fiyat_1_ay_tl": 4934,
        "fiyat_3_ay_tl": null,
        "puan": null,
        "yorum": 0,
        "url": "https://www.airbnb.com.tr/rooms/1319760133732623058"
      }
    },
    {
      "type": "Feature",
      "geometry": {
        "type": "Point",
        "coordinates": [
          28.97496861071464,
          40.18371856944163
        ]
      },
      "properties": {
        "katman": "AIRBNB_ILANI",
        "id": "1349155642456291549",
        "ad": "Ev - Gümüştepe",
        "alt_tur": "Daire / Ev",
        "fiyat_tl": 4818,
        "fiyat_1_gun_tl": null,
        "fiyat_1_hafta_tl": 4500,
        "fiyat_1_ay_tl": 4500,
        "fiyat_3_ay_tl": 5453,
        "puan": 4.98,
        "yorum": 51,
        "url": "https://www.airbnb.com.tr/rooms/1349155642456291549"
      }
    },
    {
      "type": "Feature",
      "geometry": {
        "type": "Point",
        "coordinates": [
          29.0712,
          40.1808
        ]
      },
      "properties": {
        "katman": "AIRBNB_ILANI",
        "id": "47522663",
        "ad": "Daire - Yıldırım",
        "alt_tur": "Özel Oda",
        "fiyat_tl": 4737,
        "fiyat_1_gun_tl": null,
        "fiyat_1_hafta_tl": 4737,
        "fiyat_1_ay_tl": 4737,
        "fiyat_3_ay_tl": 4737,
        "puan": 4.83,
        "yorum": 322,
        "url": "https://www.airbnb.com.tr/rooms/47522663"
      }
    },
    {
      "type": "Feature",
      "geometry": {
        "type": "Point",
        "coordinates": [
          29.0176,
          40.1985
        ]
      },
      "properties": {
        "katman": "AIRBNB_ILANI",
        "id": "1772766012150058491",
        "ad": "Daire - Osmangazi",
        "alt_tur": "Daire",
        "fiyat_tl": 5123,
        "fiyat_1_gun_tl": null,
        "fiyat_1_hafta_tl": 4990,
        "fiyat_1_ay_tl": 5389,
        "fiyat_3_ay_tl": 4990,
        "puan": null,
        "yorum": 0,
        "url": "https://www.airbnb.com.tr/rooms/1772766012150058491"
      }
    },
    {
      "type": "Feature",
      "geometry": {
        "type": "Point",
        "coordinates": [
          29.01603,
          40.18005
        ]
      },
      "properties": {
        "katman": "AIRBNB_ILANI",
        "id": "48174749",
        "ad": "Ev - Osmangazi",
        "alt_tur": "Daire / Ev",
        "fiyat_tl": 5658,
        "fiyat_1_gun_tl": null,
        "fiyat_1_hafta_tl": 5601,
        "fiyat_1_ay_tl": null,
        "fiyat_3_ay_tl": 5716,
        "puan": 4.77,
        "yorum": 197,
        "url": "https://www.airbnb.com.tr/rooms/48174749"
      }
    },
    {
      "type": "Feature",
      "geometry": {
        "type": "Point",
        "coordinates": [
          29.0711,
          40.1792
        ]
      },
      "properties": {
        "katman": "AIRBNB_ILANI",
        "id": "1591904535261178656",
        "ad": "Daire - Yıldırım",
        "alt_tur": "Daire",
        "fiyat_tl": 5109,
        "fiyat_1_gun_tl": null,
        "fiyat_1_hafta_tl": 5109,
        "fiyat_1_ay_tl": null,
        "fiyat_3_ay_tl": 5109,
        "puan": 4.96,
        "yorum": 26,
        "url": "https://www.airbnb.com.tr/rooms/1591904535261178656"
      }
    },
    {
      "type": "Feature",
      "geometry": {
        "type": "Point",
        "coordinates": [
          29.0608,
          40.1829
        ]
      },
      "properties": {
        "katman": "AIRBNB_ILANI",
        "id": "1576816419599518453",
        "ad": "Butik otel - Osmangazi",
        "alt_tur": "Daire / Ev",
        "fiyat_tl": 2300,
        "fiyat_1_gun_tl": null,
        "fiyat_1_hafta_tl": 2200,
        "fiyat_1_ay_tl": 2500,
        "fiyat_3_ay_tl": 2200,
        "puan": 5.0,
        "yorum": 5,
        "url": "https://www.airbnb.com.tr/rooms/1576816419599518453"
      }
    },
    {
      "type": "Feature",
      "geometry": {
        "type": "Point",
        "coordinates": [
          29.0679,
          40.1814
        ]
      },
      "properties": {
        "katman": "AIRBNB_ILANI",
        "id": "50264353",
        "ad": "Daire - Osmangazi",
        "alt_tur": "Daire",
        "fiyat_tl": 5358,
        "fiyat_1_gun_tl": null,
        "fiyat_1_hafta_tl": 4500,
        "fiyat_1_ay_tl": null,
        "fiyat_3_ay_tl": 6217,
        "puan": 4.88,
        "yorum": 427,
        "url": "https://www.airbnb.com.tr/rooms/50264353"
      }
    },
    {
      "type": "Feature",
      "geometry": {
        "type": "Point",
        "coordinates": [
          29.0724,
          40.1811
        ]
      },
      "properties": {
        "katman": "AIRBNB_ILANI",
        "id": "32884123",
        "ad": "Konaklama yeri - Yıldırım",
        "alt_tur": "Daire / Ev",
        "fiyat_tl": 1638,
        "fiyat_1_gun_tl": null,
        "fiyat_1_hafta_tl": 1599,
        "fiyat_1_ay_tl": 1717,
        "fiyat_3_ay_tl": 1599,
        "puan": 4.74,
        "yorum": 183,
        "url": "https://www.airbnb.com.tr/rooms/32884123"
      }
    },
    {
      "type": "Feature",
      "geometry": {
        "type": "Point",
        "coordinates": [
          29.018,
          40.2
        ]
      },
      "properties": {
        "katman": "AIRBNB_ILANI",
        "id": "39781478",
        "ad": "Otel - Osmangazi",
        "alt_tur": "Özel Oda",
        "fiyat_tl": 2875,
        "fiyat_1_gun_tl": null,
        "fiyat_1_hafta_tl": 2875,
        "fiyat_1_ay_tl": null,
        "fiyat_3_ay_tl": null,
        "puan": 5.0,
        "yorum": 4,
        "url": "https://www.airbnb.com.tr/rooms/39781478"
      }
    },
    {
      "type": "Feature",
      "geometry": {
        "type": "Point",
        "coordinates": [
          29.053973066133956,
          40.18982722168298
        ]
      },
      "properties": {
        "katman": "AIRBNB_ILANI",
        "id": "1705176959434303253",
        "ad": "Otel - Osmangazi",
        "alt_tur": "Daire / Ev",
        "fiyat_tl": 1700,
        "fiyat_1_gun_tl": null,
        "fiyat_1_hafta_tl": 1700,
        "fiyat_1_ay_tl": null,
        "fiyat_3_ay_tl": null,
        "puan": null,
        "yorum": 0,
        "url": "https://www.airbnb.com.tr/rooms/1705176959434303253"
      }
    },
    {
      "type": "Feature",
      "geometry": {
        "type": "Point",
        "coordinates": [
          29.072893045020034,
          40.18189643534931
        ]
      },
      "properties": {
        "katman": "AIRBNB_ILANI",
        "id": "1278260521818008521",
        "ad": "Butik otel - Yıldırım",
        "alt_tur": "Özel Oda",
        "fiyat_tl": 2232,
        "fiyat_1_gun_tl": null,
        "fiyat_1_hafta_tl": 2350,
        "fiyat_1_ay_tl": 2115,
        "fiyat_3_ay_tl": null,
        "puan": 4.92,
        "yorum": 13,
        "url": "https://www.airbnb.com.tr/rooms/1278260521818008521"
      }
    },
    {
      "type": "Feature",
      "geometry": {
        "type": "Point",
        "coordinates": [
          29.01702337083631,
          40.205178295691624
        ]
      },
      "properties": {
        "katman": "AIRBNB_ILANI",
        "id": "1415432627742826716",
        "ad": "Ev - Osmangazi",
        "alt_tur": "Daire / Ev",
        "fiyat_tl": 4500,
        "fiyat_1_gun_tl": null,
        "fiyat_1_hafta_tl": 4500,
        "fiyat_1_ay_tl": null,
        "fiyat_3_ay_tl": null,
        "puan": 4.89,
        "yorum": 27,
        "url": "https://www.airbnb.com.tr/rooms/1415432627742826716"
      }
    },
    {
      "type": "Feature",
      "geometry": {
        "type": "Point",
        "coordinates": [
          29.07032,
          40.17802
        ]
      },
      "properties": {
        "katman": "AIRBNB_ILANI",
        "id": "767865136064757456",
        "ad": "Daire - Yıldırım",
        "alt_tur": "Daire",
        "fiyat_tl": 3892,
        "fiyat_1_gun_tl": null,
        "fiyat_1_hafta_tl": null,
        "fiyat_1_ay_tl": 3892,
        "fiyat_3_ay_tl": 3892,
        "puan": 4.92,
        "yorum": 118,
        "url": "https://www.airbnb.com.tr/rooms/767865136064757456"
      }
    },
    {
      "type": "Feature",
      "geometry": {
        "type": "Point",
        "coordinates": [
          28.9758,
          40.1844
        ]
      },
      "properties": {
        "katman": "AIRBNB_ILANI",
        "id": "1196399879447412448",
        "ad": "Daire - Gümüştepe",
        "alt_tur": "Daire",
        "fiyat_tl": 4976,
        "fiyat_1_gun_tl": null,
        "fiyat_1_hafta_tl": null,
        "fiyat_1_ay_tl": 4500,
        "fiyat_3_ay_tl": 5453,
        "puan": 4.95,
        "yorum": 98,
        "url": "https://www.airbnb.com.tr/rooms/1196399879447412448"
      }
    },
    {
      "type": "Feature",
      "geometry": {
        "type": "Point",
        "coordinates": [
          29.0079,
          40.22185
        ]
      },
      "properties": {
        "katman": "AIRBNB_ILANI",
        "id": "652512107329910585",
        "ad": "Ev - Osmangazi",
        "alt_tur": "Daire / Ev",
        "fiyat_tl": 4284,
        "fiyat_1_gun_tl": null,
        "fiyat_1_hafta_tl": null,
        "fiyat_1_ay_tl": 4253,
        "fiyat_3_ay_tl": 4315,
        "puan": 4.9,
        "yorum": 68,
        "url": "https://www.airbnb.com.tr/rooms/652512107329910585"
      }
    },
    {
      "type": "Feature",
      "geometry": {
        "type": "Point",
        "coordinates": [
          28.99562,
          40.21285
        ]
      },
      "properties": {
        "katman": "AIRBNB_ILANI",
        "id": "50986874",
        "ad": "Otel odası - Bursa",
        "alt_tur": "Özel Oda",
        "fiyat_tl": 4250,
        "fiyat_1_gun_tl": null,
        "fiyat_1_hafta_tl": null,
        "fiyat_1_ay_tl": 4250,
        "fiyat_3_ay_tl": 4250,
        "puan": 4.87,
        "yorum": 23,
        "url": "https://www.airbnb.com.tr/rooms/50986874"
      }
    },
    {
      "type": "Feature",
      "geometry": {
        "type": "Point",
        "coordinates": [
          29.01438,
          40.19743
        ]
      },
      "properties": {
        "katman": "AIRBNB_ILANI",
        "id": "988917158620917365",
        "ad": "Daire - Osmangazi",
        "alt_tur": "Daire",
        "fiyat_tl": 2901,
        "fiyat_1_gun_tl": null,
        "fiyat_1_hafta_tl": null,
        "fiyat_1_ay_tl": 2901,
        "fiyat_3_ay_tl": null,
        "puan": 4.79,
        "yorum": 56,
        "url": "https://www.airbnb.com.tr/rooms/988917158620917365"
      }
    },
    {
      "type": "Feature",
      "geometry": {
        "type": "Point",
        "coordinates": [
          29.074,
          40.1824
        ]
      },
      "properties": {
        "katman": "AIRBNB_ILANI",
        "id": "1774634756307796397",
        "ad": "Daire - Yıldırım",
        "alt_tur": "Özel Oda",
        "fiyat_tl": 4210,
        "fiyat_1_gun_tl": null,
        "fiyat_1_hafta_tl": null,
        "fiyat_1_ay_tl": 4210,
        "fiyat_3_ay_tl": 4210,
        "puan": null,
        "yorum": 0,
        "url": "https://www.airbnb.com.tr/rooms/1774634756307796397"
      }
    },
    {
      "type": "Feature",
      "geometry": {
        "type": "Point",
        "coordinates": [
          28.9883,
          40.208
        ]
      },
      "properties": {
        "katman": "AIRBNB_ILANI",
        "id": "1247302358068947754",
        "ad": "Otel - Bursa",
        "alt_tur": "Özel Oda",
        "fiyat_tl": 3922,
        "fiyat_1_gun_tl": null,
        "fiyat_1_hafta_tl": null,
        "fiyat_1_ay_tl": 3922,
        "fiyat_3_ay_tl": null,
        "puan": 4.67,
        "yorum": 33,
        "url": "https://www.airbnb.com.tr/rooms/1247302358068947754"
      }
    },
    {
      "type": "Feature",
      "geometry": {
        "type": "Point",
        "coordinates": [
          29.0571,
          40.1844
        ]
      },
      "properties": {
        "katman": "AIRBNB_ILANI",
        "id": "890422598428064549",
        "ad": "Ev - Osmangazi",
        "alt_tur": "Daire / Ev",
        "fiyat_tl": 6836,
        "fiyat_1_gun_tl": null,
        "fiyat_1_hafta_tl": null,
        "fiyat_1_ay_tl": null,
        "fiyat_3_ay_tl": 6836,
        "puan": 4.91,
        "yorum": 115,
        "url": "https://www.airbnb.com.tr/rooms/890422598428064549"
      }
    },
    {
      "type": "Feature",
      "geometry": {
        "type": "Point",
        "coordinates": [
          29.07169,
          40.18008
        ]
      },
      "properties": {
        "katman": "AIRBNB_ILANI",
        "id": "32886848",
        "ad": "Konaklama yeri - Yıldırım",
        "alt_tur": "Daire / Ev",
        "fiyat_tl": 2842,
        "fiyat_1_gun_tl": null,
        "fiyat_1_hafta_tl": null,
        "fiyat_1_ay_tl": null,
        "fiyat_3_ay_tl": 2842,
        "puan": 4.7,
        "yorum": 299,
        "url": "https://www.airbnb.com.tr/rooms/32886848"
      }
    },
    {
      "type": "Feature",
      "geometry": {
        "type": "Point",
        "coordinates": [
          -91.5275,
          14.8414
        ]
      },
      "properties": {
        "katman": "AIRBNB_ILANI",
        "id": "1754717835209413977",
        "ad": "Ev - Quetzaltenango, Guatemala",
        "alt_tur": "Daire / Ev",
        "fiyat_tl": 2870,
        "fiyat_1_gun_tl": null,
        "fiyat_1_hafta_tl": 2870,
        "fiyat_1_ay_tl": null,
        "fiyat_3_ay_tl": null,
        "puan": null,
        "yorum": 0,
        "url": "https://www.airbnb.com.tr/rooms/1754717835209413977"
      }
    },
    {
      "type": "Feature",
      "geometry": {
        "type": "Point",
        "coordinates": [
          -46.5035,
          -22.6053
        ]
      },
      "properties": {
        "katman": "AIRBNB_ILANI",
        "id": "1736597821971508731",
        "ad": "Kulübe - Socorro, Brezilya",
        "alt_tur": "Daire / Ev",
        "fiyat_tl": 4253,
        "fiyat_1_gun_tl": null,
        "fiyat_1_hafta_tl": 4253,
        "fiyat_1_ay_tl": null,
        "fiyat_3_ay_tl": null,
        "puan": null,
        "yorum": 0,
        "url": "https://www.airbnb.com.tr/rooms/1736597821971508731"
      }
    },
    {
      "type": "Feature",
      "geometry": {
        "type": "Point",
        "coordinates": [
          -82.6798,
          29.7786
        ]
      },
      "properties": {
        "katman": "AIRBNB_ILANI",
        "id": "1720573246980039494",
        "ad": "Ev - High Springs, Florida, Amerika Birleşik Devletleri",
        "alt_tur": "Daire / Ev",
        "fiyat_tl": 9366,
        "fiyat_1_gun_tl": null,
        "fiyat_1_hafta_tl": 7663,
        "fiyat_1_ay_tl": 9366,
        "fiyat_3_ay_tl": null,
        "puan": 5.0,
        "yorum": 25,
        "url": "https://www.airbnb.com.tr/rooms/1720573246980039494"
      }
    },
    {
      "type": "Feature",
      "geometry": {
        "type": "Point",
        "coordinates": [
          -96.5994,
          40.7629
        ]
      },
      "properties": {
        "katman": "AIRBNB_ILANI",
        "id": "1758923291333574194",
        "ad": "Ev - Lincoln, Nebraska, Amerika Birleşik Devletleri",
        "alt_tur": "Daire / Ev",
        "fiyat_tl": 15812,
        "fiyat_1_gun_tl": null,
        "fiyat_1_hafta_tl": null,
        "fiyat_1_ay_tl": 15812,
        "fiyat_3_ay_tl": null,
        "puan": 5.0,
        "yorum": 3,
        "url": "https://www.airbnb.com.tr/rooms/1758923291333574194"
      }
    },
    {
      "type": "Feature",
      "geometry": {
        "type": "Point",
        "coordinates": [
          -98.227,
          29.6217
        ]
      },
      "properties": {
        "katman": "AIRBNB_ILANI",
        "id": "1767016253893183684",
        "ad": "Ev - Schertz, Teksas, Amerika Birleşik Devletleri",
        "alt_tur": "Özel Oda",
        "fiyat_tl": 13598,
        "fiyat_1_gun_tl": null,
        "fiyat_1_hafta_tl": null,
        "fiyat_1_ay_tl": 13598,
        "fiyat_3_ay_tl": null,
        "puan": null,
        "yorum": 0,
        "url": "https://www.airbnb.com.tr/rooms/1767016253893183684"
      }
    },
    {
      "type": "Feature",
      "geometry": {
        "type": "Point",
        "coordinates": [
          -4.7671,
          40.4004
        ]
      },
      "properties": {
        "katman": "AIRBNB_ILANI",
        "id": "1753097402075758648",
        "ad": "Ev - Burgohondo, İspanya",
        "alt_tur": "Daire / Ev",
        "fiyat_tl": 16760,
        "fiyat_1_gun_tl": null,
        "fiyat_1_hafta_tl": null,
        "fiyat_1_ay_tl": 16760,
        "fiyat_3_ay_tl": null,
        "puan": null,
        "yorum": 0,
        "url": "https://www.airbnb.com.tr/rooms/1753097402075758648"
      }
    },
    {
      "type": "Feature",
      "geometry": {
        "type": "Point",
        "coordinates": [
          -104.7077,
          39.0437
        ]
      },
      "properties": {
        "katman": "AIRBNB_ILANI",
        "id": "1755939556849432991",
        "ad": "Çiftlikte konaklama - Colorado Springs, Colorado, Amerika Birleşik Devletleri",
        "alt_tur": "Daire / Ev",
        "fiyat_tl": 9852,
        "fiyat_1_gun_tl": null,
        "fiyat_1_hafta_tl": null,
        "fiyat_1_ay_tl": 9852,
        "fiyat_3_ay_tl": null,
        "puan": null,
        "yorum": 0,
        "url": "https://www.airbnb.com.tr/rooms/1755939556849432991"
      }
    },
    {
      "type": "Feature",
      "geometry": {
        "type": "Point",
        "coordinates": [
          -98.7415,
          29.3818
        ]
      },
      "properties": {
        "katman": "AIRBNB_ILANI",
        "id": "1752244609350106061",
        "ad": "Ev - San Antonio, Teksas, Amerika Birleşik Devletleri",
        "alt_tur": "Daire / Ev",
        "fiyat_tl": 9244,
        "fiyat_1_gun_tl": null,
        "fiyat_1_hafta_tl": null,
        "fiyat_1_ay_tl": 9244,
        "fiyat_3_ay_tl": null,
        "puan": null,
        "yorum": 0,
        "url": "https://www.airbnb.com.tr/rooms/1752244609350106061"
      }
    },
    {
      "type": "Feature",
      "geometry": {
        "type": "Point",
        "coordinates": [
          -79.2814,
          36.084
        ]
      },
      "properties": {
        "katman": "AIRBNB_ILANI",
        "id": "1765207967599087823",
        "ad": "Ev - Mebane, Kuzey Carolina, Amerika Birleşik Devletleri",
        "alt_tur": "Daire / Ev",
        "fiyat_tl": 8456,
        "fiyat_1_gun_tl": null,
        "fiyat_1_hafta_tl": null,
        "fiyat_1_ay_tl": 8456,
        "fiyat_3_ay_tl": null,
        "puan": null,
        "yorum": 0,
        "url": "https://www.airbnb.com.tr/rooms/1765207967599087823"
      }
    },
    {
      "type": "Feature",
      "geometry": {
        "type": "Point",
        "coordinates": [
          -66.39972,
          18.24346
        ]
      },
      "properties": {
        "katman": "AIRBNB_ILANI",
        "id": "1764044919608614232",
        "ad": "Kubbe - Orocovis, Porto Riko",
        "alt_tur": "Daire / Ev",
        "fiyat_tl": 8709,
        "fiyat_1_gun_tl": null,
        "fiyat_1_hafta_tl": null,
        "fiyat_1_ay_tl": 8709,
        "fiyat_3_ay_tl": null,
        "puan": null,
        "yorum": 0,
        "url": "https://www.airbnb.com.tr/rooms/1764044919608614232"
      }
    },
    {
      "type": "Feature",
      "geometry": {
        "type": "Point",
        "coordinates": [
          -80.4884,
          25.558
        ]
      },
      "properties": {
        "katman": "AIRBNB_ILANI",
        "id": "1685151741613175487",
        "ad": "Ev - Miami, Florida, Amerika Birleşik Devletleri",
        "alt_tur": "Müstakil Villa",
        "fiyat_tl": 42376,
        "fiyat_1_gun_tl": null,
        "fiyat_1_hafta_tl": null,
        "fiyat_1_ay_tl": 42376,
        "fiyat_3_ay_tl": null,
        "puan": 5.0,
        "yorum": 16,
        "url": "https://www.airbnb.com.tr/rooms/1685151741613175487"
      }
    },
    {
      "type": "Feature",
      "geometry": {
        "type": "Point",
        "coordinates": [
          -81.33815,
          34.09748
        ]
      },
      "properties": {
        "katman": "AIRBNB_ILANI",
        "id": "1740020173483064922",
        "ad": "Ev - Chapin, Güney Carolina, Amerika Birleşik Devletleri",
        "alt_tur": "Daire / Ev",
        "fiyat_tl": 17515,
        "fiyat_1_gun_tl": null,
        "fiyat_1_hafta_tl": null,
        "fiyat_1_ay_tl": null,
        "fiyat_3_ay_tl": 17515,
        "puan": null,
        "yorum": 0,
        "url": "https://www.airbnb.com.tr/rooms/1740020173483064922"
      }
    },
    {
      "type": "Feature",
      "geometry": {
        "type": "Point",
        "coordinates": [
          -122.8293,
          47.0665
        ]
      },
      "properties": {
        "katman": "AIRBNB_ILANI",
        "id": "1485670925424804966",
        "ad": "Lacey bölgesinde oda",
        "alt_tur": "Özel Oda",
        "fiyat_tl": 3746,
        "fiyat_1_gun_tl": 3746,
        "fiyat_1_hafta_tl": null,
        "fiyat_1_ay_tl": null,
        "fiyat_3_ay_tl": null,
        "puan": 4.91,
        "yorum": 22,
        "url": "https://www.airbnb.com.tr/rooms/1485670925424804966"
      }
    },
    {
      "type": "Feature",
      "geometry": {
        "type": "Point",
        "coordinates": [
          -122.8935,
          46.9355
        ]
      },
      "properties": {
        "katman": "AIRBNB_ILANI",
        "id": "783291825115694132",
        "ad": "Kamp aracı/Karavan - Olympia",
        "alt_tur": "Daire / Ev",
        "fiyat_tl": 7030,
        "fiyat_1_gun_tl": 7030,
        "fiyat_1_hafta_tl": null,
        "fiyat_1_ay_tl": null,
        "fiyat_3_ay_tl": null,
        "puan": 4.9,
        "yorum": 287,
        "url": "https://www.airbnb.com.tr/rooms/783291825115694132"
      }
    },
    {
      "type": "Feature",
      "geometry": {
        "type": "Point",
        "coordinates": [
          -122.78734,
          47.03908
        ]
      },
      "properties": {
        "katman": "AIRBNB_ILANI",
        "id": "791248382670731260",
        "ad": "Küçük ev - Lacey",
        "alt_tur": "Daire / Ev",
        "fiyat_tl": 5960,
        "fiyat_1_gun_tl": 5960,
        "fiyat_1_hafta_tl": null,
        "fiyat_1_ay_tl": null,
        "fiyat_3_ay_tl": null,
        "puan": 4.81,
        "yorum": 221,
        "url": "https://www.airbnb.com.tr/rooms/791248382670731260"
      }
    },
    {
      "type": "Feature",
      "geometry": {
        "type": "Point",
        "coordinates": [
          -122.804,
          46.9308
        ]
      },
      "properties": {
        "katman": "AIRBNB_ILANI",
        "id": "1724385779501879883",
        "ad": "Ev - Olympia",
        "alt_tur": "Özel Oda",
        "fiyat_tl": 11506,
        "fiyat_1_gun_tl": null,
        "fiyat_1_hafta_tl": null,
        "fiyat_1_ay_tl": 11506,
        "fiyat_3_ay_tl": null,
        "puan": 5.0,
        "yorum": 5,
        "url": "https://www.airbnb.com.tr/rooms/1724385779501879883"
      }
    },
    {
      "type": "Feature",
      "geometry": {
        "type": "Point",
        "coordinates": [
          27.2559,
          40.0304
        ]
      },
      "properties": {
        "katman": "AIRBNB_ILANI",
        "id": "917030238478793102",
        "ad": "Ev - Yenice",
        "alt_tur": "Daire / Ev",
        "fiyat_tl": 6500,
        "fiyat_1_gun_tl": null,
        "fiyat_1_hafta_tl": 6500,
        "fiyat_1_ay_tl": null,
        "fiyat_3_ay_tl": null,
        "puan": 5.0,
        "yorum": 7,
        "url": "https://www.airbnb.com.tr/rooms/917030238478793102"
      }
    },
    {
      "type": "Feature",
      "geometry": {
        "type": "Point",
        "coordinates": [
          27.68894,
          40.50302
        ]
      },
      "properties": {
        "katman": "AIRBNB_ILANI",
        "id": "925336178121279467",
        "ad": "Ev - Erdek",
        "alt_tur": "Daire / Ev",
        "fiyat_tl": 5500,
        "fiyat_1_gun_tl": null,
        "fiyat_1_hafta_tl": 5500,
        "fiyat_1_ay_tl": null,
        "fiyat_3_ay_tl": null,
        "puan": 4.95,
        "yorum": 37,
        "url": "https://www.airbnb.com.tr/rooms/925336178121279467"
      }
    },
    {
      "type": "Feature",
      "geometry": {
        "type": "Point",
        "coordinates": [
          26.926653886753172,
          40.39366907070304
        ]
      },
      "properties": {
        "katman": "AIRBNB_ILANI",
        "id": "1617369137409155669",
        "ad": "Ev - Güreci",
        "alt_tur": "Daire / Ev",
        "fiyat_tl": 4801,
        "fiyat_1_gun_tl": null,
        "fiyat_1_hafta_tl": 4801,
        "fiyat_1_ay_tl": null,
        "fiyat_3_ay_tl": 4801,
        "puan": 4.75,
        "yorum": 4,
        "url": "https://www.airbnb.com.tr/rooms/1617369137409155669"
      }
    },
    {
      "type": "Feature",
      "geometry": {
        "type": "Point",
        "coordinates": [
          26.97082840257396,
          40.38101446693164
        ]
      },
      "properties": {
        "katman": "AIRBNB_ILANI",
        "id": "1620906614901687661",
        "ad": "Ev - Güreci",
        "alt_tur": "Daire / Ev",
        "fiyat_tl": 6325,
        "fiyat_1_gun_tl": null,
        "fiyat_1_hafta_tl": 6325,
        "fiyat_1_ay_tl": null,
        "fiyat_3_ay_tl": 6325,
        "puan": null,
        "yorum": 0,
        "url": "https://www.airbnb.com.tr/rooms/1620906614901687661"
      }
    },
    {
      "type": "Feature",
      "geometry": {
        "type": "Point",
        "coordinates": [
          26.89331,
          40.39952
        ]
      },
      "properties": {
        "katman": "AIRBNB_ILANI",
        "id": "35400330",
        "ad": "Ev - Lapseki",
        "alt_tur": "Daire / Ev",
        "fiyat_tl": 7762,
        "fiyat_1_gun_tl": null,
        "fiyat_1_hafta_tl": 7762,
        "fiyat_1_ay_tl": null,
        "fiyat_3_ay_tl": 7762,
        "puan": 4.86,
        "yorum": 71,
        "url": "https://www.airbnb.com.tr/rooms/35400330"
      }
    },
    {
      "type": "Feature",
      "geometry": {
        "type": "Point",
        "coordinates": [
          27.4964,
          40.5074
        ]
      },
      "properties": {
        "katman": "AIRBNB_ILANI",
        "id": "925458155374631088",
        "ad": "Butik otel - Avşa Island",
        "alt_tur": "Özel Oda",
        "fiyat_tl": 2475,
        "fiyat_1_gun_tl": null,
        "fiyat_1_hafta_tl": 2475,
        "fiyat_1_ay_tl": null,
        "fiyat_3_ay_tl": null,
        "puan": 4.9,
        "yorum": 30,
        "url": "https://www.airbnb.com.tr/rooms/925458155374631088"
      }
    },
    {
      "type": "Feature",
      "geometry": {
        "type": "Point",
        "coordinates": [
          27.4955,
          40.5031
        ]
      },
      "properties": {
        "katman": "AIRBNB_ILANI",
        "id": "916092535417471832",
        "ad": "Daire - Marmara",
        "alt_tur": "Daire",
        "fiyat_tl": 3000,
        "fiyat_1_gun_tl": null,
        "fiyat_1_hafta_tl": 3000,
        "fiyat_1_ay_tl": null,
        "fiyat_3_ay_tl": null,
        "puan": 4.82,
        "yorum": 11,
        "url": "https://www.airbnb.com.tr/rooms/916092535417471832"
      }
    },
    {
      "type": "Feature",
      "geometry": {
        "type": "Point",
        "coordinates": [
          27.6898,
          40.50194
        ]
      },
      "properties": {
        "katman": "AIRBNB_ILANI",
        "id": "924078326585010157",
        "ad": "Ev - Erdek",
        "alt_tur": "Daire / Ev",
        "fiyat_tl": 5000,
        "fiyat_1_gun_tl": null,
        "fiyat_1_hafta_tl": 5000,
        "fiyat_1_ay_tl": null,
        "fiyat_3_ay_tl": null,
        "puan": 4.8,
        "yorum": 44,
        "url": "https://www.airbnb.com.tr/rooms/924078326585010157"
      }
    },
    {
      "type": "Feature",
      "geometry": {
        "type": "Point",
        "coordinates": [
          27.49755,
          40.50854
        ]
      },
      "properties": {
        "katman": "AIRBNB_ILANI",
        "id": "905111273314284634",
        "ad": "Otel - Marmara",
        "alt_tur": "Daire / Ev",
        "fiyat_tl": 2546,
        "fiyat_1_gun_tl": null,
        "fiyat_1_hafta_tl": 2546,
        "fiyat_1_ay_tl": null,
        "fiyat_3_ay_tl": null,
        "puan": 4.73,
        "yorum": 22,
        "url": "https://www.airbnb.com.tr/rooms/905111273314284634"
      }
    },
    {
      "type": "Feature",
      "geometry": {
        "type": "Point",
        "coordinates": [
          26.8083,
          40.5522
        ]
      },
      "properties": {
        "katman": "AIRBNB_ILANI",
        "id": "1620225098533813340",
        "ad": "Ev - Koruköy",
        "alt_tur": "Daire / Ev",
        "fiyat_tl": 4000,
        "fiyat_1_gun_tl": null,
        "fiyat_1_hafta_tl": 4000,
        "fiyat_1_ay_tl": null,
        "fiyat_3_ay_tl": null,
        "puan": 5.0,
        "yorum": 23,
        "url": "https://www.airbnb.com.tr/rooms/1620225098533813340"
      }
    },
    {
      "type": "Feature",
      "geometry": {
        "type": "Point",
        "coordinates": [
          26.7574,
          40.515
        ]
      },
      "properties": {
        "katman": "AIRBNB_ILANI",
        "id": "1748204892608268618",
        "ad": "Ev - Bolayir",
        "alt_tur": "Daire / Ev",
        "fiyat_tl": 3500,
        "fiyat_1_gun_tl": null,
        "fiyat_1_hafta_tl": 3500,
        "fiyat_1_ay_tl": null,
        "fiyat_3_ay_tl": 3500,
        "puan": null,
        "yorum": 0,
        "url": "https://www.airbnb.com.tr/rooms/1748204892608268618"
      }
    },
    {
      "type": "Feature",
      "geometry": {
        "type": "Point",
        "coordinates": [
          26.735666067933796,
          40.36946434161864
        ]
      },
      "properties": {
        "katman": "AIRBNB_ILANI",
        "id": "1381862632568867987",
        "ad": "Kır evi - Çardak",
        "alt_tur": "Kır Evi / Bungalov",
        "fiyat_tl": 6934,
        "fiyat_1_gun_tl": null,
        "fiyat_1_hafta_tl": 6934,
        "fiyat_1_ay_tl": null,
        "fiyat_3_ay_tl": 6934,
        "puan": 4.83,
        "yorum": 18,
        "url": "https://www.airbnb.com.tr/rooms/1381862632568867987"
      }
    },
    {
      "type": "Feature",
      "geometry": {
        "type": "Point",
        "coordinates": [
          27.5823,
          40.4742
        ]
      },
      "properties": {
        "katman": "AIRBNB_ILANI",
        "id": "1725214890776626635",
        "ad": "Villa - Harmanlı",
        "alt_tur": "Müstakil Villa",
        "fiyat_tl": 4686,
        "fiyat_1_gun_tl": null,
        "fiyat_1_hafta_tl": 4810,
        "fiyat_1_ay_tl": null,
        "fiyat_3_ay_tl": 4563,
        "puan": null,
        "yorum": 0,
        "url": "https://www.airbnb.com.tr/rooms/1725214890776626635"
      }
    },
    {
      "type": "Feature",
      "geometry": {
        "type": "Point",
        "coordinates": [
          27.49778,
          40.50908
        ]
      },
      "properties": {
        "katman": "AIRBNB_ILANI",
        "id": "53494553",
        "ad": "Butik otel - Marmara",
        "alt_tur": "Daire / Ev",
        "fiyat_tl": 2428,
        "fiyat_1_gun_tl": null,
        "fiyat_1_hafta_tl": 2428,
        "fiyat_1_ay_tl": null,
        "fiyat_3_ay_tl": null,
        "puan": 4.84,
        "yorum": 37,
        "url": "https://www.airbnb.com.tr/rooms/53494553"
      }
    },
    {
      "type": "Feature",
      "geometry": {
        "type": "Point",
        "coordinates": [
          27.499566284925688,
          40.513029687846206
        ]
      },
      "properties": {
        "katman": "AIRBNB_ILANI",
        "id": "896774995037800119",
        "ad": "Ev - Marmara",
        "alt_tur": "Daire / Ev",
        "fiyat_tl": 4000,
        "fiyat_1_gun_tl": null,
        "fiyat_1_hafta_tl": 6000,
        "fiyat_1_ay_tl": null,
        "fiyat_3_ay_tl": 2000,
        "puan": 4.86,
        "yorum": 28,
        "url": "https://www.airbnb.com.tr/rooms/896774995037800119"
      }
    },
    {
      "type": "Feature",
      "geometry": {
        "type": "Point",
        "coordinates": [
          27.495989277729258,
          40.51071256931163
        ]
      },
      "properties": {
        "katman": "AIRBNB_ILANI",
        "id": "1400774420533721456",
        "ad": "Daire - Marmara",
        "alt_tur": "Daire",
        "fiyat_tl": 2380,
        "fiyat_1_gun_tl": null,
        "fiyat_1_hafta_tl": 1800,
        "fiyat_1_ay_tl": null,
        "fiyat_3_ay_tl": 2961,
        "puan": null,
        "yorum": 0,
        "url": "https://www.airbnb.com.tr/rooms/1400774420533721456"
      }
    },
    {
      "type": "Feature",
      "geometry": {
        "type": "Point",
        "coordinates": [
          27.4969,
          40.5073
        ]
      },
      "properties": {
        "katman": "AIRBNB_ILANI",
        "id": "1735386030548930929",
        "ad": "Daire - Marmara",
        "alt_tur": "Daire",
        "fiyat_tl": 4700,
        "fiyat_1_gun_tl": null,
        "fiyat_1_hafta_tl": 4700,
        "fiyat_1_ay_tl": null,
        "fiyat_3_ay_tl": null,
        "puan": null,
        "yorum": 0,
        "url": "https://www.airbnb.com.tr/rooms/1735386030548930929"
      }
    },
    {
      "type": "Feature",
      "geometry": {
        "type": "Point",
        "coordinates": [
          27.5261,
          40.3003
        ]
      },
      "properties": {
        "katman": "AIRBNB_ILANI",
        "id": "616283146030547993",
        "ad": "Villa - Gönen",
        "alt_tur": "Müstakil Villa",
        "fiyat_tl": 11093,
        "fiyat_1_gun_tl": null,
        "fiyat_1_hafta_tl": 16007,
        "fiyat_1_ay_tl": null,
        "fiyat_3_ay_tl": 6179,
        "puan": 4.5,
        "yorum": 16,
        "url": "https://www.airbnb.com.tr/rooms/616283146030547993"
      }
    },
    {
      "type": "Feature",
      "geometry": {
        "type": "Point",
        "coordinates": [
          27.4976,
          40.5173
        ]
      },
      "properties": {
        "katman": "AIRBNB_ILANI",
        "id": "1737870089668660316",
        "ad": "Daire - Marmara",
        "alt_tur": "Özel Oda",
        "fiyat_tl": 3000,
        "fiyat_1_gun_tl": null,
        "fiyat_1_hafta_tl": null,
        "fiyat_1_ay_tl": null,
        "fiyat_3_ay_tl": 3000,
        "puan": null,
        "yorum": 0,
        "url": "https://www.airbnb.com.tr/rooms/1737870089668660316"
      }
    },
    {
      "type": "Feature",
      "geometry": {
        "type": "Point",
        "coordinates": [
          27.4969,
          40.5125
        ]
      },
      "properties": {
        "katman": "AIRBNB_ILANI",
        "id": "913124386904067412",
        "ad": "Daire - Marmara",
        "alt_tur": "Daire",
        "fiyat_tl": 8000,
        "fiyat_1_gun_tl": null,
        "fiyat_1_hafta_tl": null,
        "fiyat_1_ay_tl": null,
        "fiyat_3_ay_tl": 8000,
        "puan": 4.25,
        "yorum": 8,
        "url": "https://www.airbnb.com.tr/rooms/913124386904067412"
      }
    },
    {
      "type": "Feature",
      "geometry": {
        "type": "Point",
        "coordinates": [
          27.4961,
          40.5072
        ]
      },
      "properties": {
        "katman": "AIRBNB_ILANI",
        "id": "1433579021919501764",
        "ad": "Butik otel - Marmara",
        "alt_tur": "Daire / Ev",
        "fiyat_tl": 1984,
        "fiyat_1_gun_tl": null,
        "fiyat_1_hafta_tl": null,
        "fiyat_1_ay_tl": null,
        "fiyat_3_ay_tl": 1984,
        "puan": 4.76,
        "yorum": 21,
        "url": "https://www.airbnb.com.tr/rooms/1433579021919501764"
      }
    },
    {
      "type": "Feature",
      "geometry": {
        "type": "Point",
        "coordinates": [
          27.5834,
          40.4745
        ]
      },
      "properties": {
        "katman": "AIRBNB_ILANI",
        "id": "1728136374643683300",
        "ad": "Daire - Harmanlı",
        "alt_tur": "Daire",
        "fiyat_tl": 3990,
        "fiyat_1_gun_tl": null,
        "fiyat_1_hafta_tl": null,
        "fiyat_1_ay_tl": null,
        "fiyat_3_ay_tl": 3990,
        "puan": null,
        "yorum": 0,
        "url": "https://www.airbnb.com.tr/rooms/1728136374643683300"
      }
    },
    {
      "type": "Feature",
      "geometry": {
        "type": "Point",
        "coordinates": [
          27.4969,
          40.5125
        ]
      },
      "properties": {
        "katman": "AIRBNB_ILANI",
        "id": "913127051443884830",
        "ad": "Marmara bölgesinde konaklama yeri",
        "alt_tur": "Daire / Ev",
        "fiyat_tl": 4000,
        "fiyat_1_gun_tl": null,
        "fiyat_1_hafta_tl": null,
        "fiyat_1_ay_tl": null,
        "fiyat_3_ay_tl": 4000,
        "puan": 4.5,
        "yorum": 6,
        "url": "https://www.airbnb.com.tr/rooms/913127051443884830"
      }
    },
    {
      "type": "Feature",
      "geometry": {
        "type": "Point",
        "coordinates": [
          27.4976,
          40.5206
        ]
      },
      "properties": {
        "katman": "AIRBNB_ILANI",
        "id": "1195643981722108027",
        "ad": "Otel - Marmara",
        "alt_tur": "Daire / Ev",
        "fiyat_tl": 950,
        "fiyat_1_gun_tl": null,
        "fiyat_1_hafta_tl": null,
        "fiyat_1_ay_tl": null,
        "fiyat_3_ay_tl": 950,
        "puan": 4.56,
        "yorum": 27,
        "url": "https://www.airbnb.com.tr/rooms/1195643981722108027"
      }
    },
    {
      "type": "Feature",
      "geometry": {
        "type": "Point",
        "coordinates": [
          27.49794,
          40.51384
        ]
      },
      "properties": {
        "katman": "AIRBNB_ILANI",
        "id": "1188388832465324642",
        "ad": "Ev - Marmara",
        "alt_tur": "Daire / Ev",
        "fiyat_tl": 8750,
        "fiyat_1_gun_tl": null,
        "fiyat_1_hafta_tl": null,
        "fiyat_1_ay_tl": null,
        "fiyat_3_ay_tl": 8750,
        "puan": 5.0,
        "yorum": 7,
        "url": "https://www.airbnb.com.tr/rooms/1188388832465324642"
      }
    },
    {
      "type": "Feature",
      "geometry": {
        "type": "Point",
        "coordinates": [
          26.97088,
          40.38088
        ]
      },
      "properties": {
        "katman": "AIRBNB_ILANI",
        "id": "1604249229570066638",
        "ad": "Ev - Güreci",
        "alt_tur": "Daire / Ev",
        "fiyat_tl": 5838,
        "fiyat_1_gun_tl": null,
        "fiyat_1_hafta_tl": null,
        "fiyat_1_ay_tl": null,
        "fiyat_3_ay_tl": 5838,
        "puan": 4.75,
        "yorum": 4,
        "url": "https://www.airbnb.com.tr/rooms/1604249229570066638"
      }
    },
    {
      "type": "Feature",
      "geometry": {
        "type": "Point",
        "coordinates": [
          27.49851,
          40.50657
        ]
      },
      "properties": {
        "katman": "AIRBNB_ILANI",
        "id": "1192661198978865736",
        "ad": "Müşterek oda - Marmara",
        "alt_tur": "Özel Oda",
        "fiyat_tl": 650,
        "fiyat_1_gun_tl": null,
        "fiyat_1_hafta_tl": null,
        "fiyat_1_ay_tl": null,
        "fiyat_3_ay_tl": 650,
        "puan": null,
        "yorum": 0,
        "url": "https://www.airbnb.com.tr/rooms/1192661198978865736"
      }
    },
    {
      "type": "Feature",
      "geometry": {
        "type": "Point",
        "coordinates": [
          135.4981,
          34.6717
        ]
      },
      "properties": {
        "katman": "AIRBNB_ILANI",
        "id": "1750736569597856423",
        "ad": "Daire - Osaka, Japonya",
        "alt_tur": "Daire",
        "fiyat_tl": 5859,
        "fiyat_1_gun_tl": null,
        "fiyat_1_hafta_tl": 5859,
        "fiyat_1_ay_tl": null,
        "fiyat_3_ay_tl": null,
        "puan": 5.0,
        "yorum": 4,
        "url": "https://www.airbnb.com.tr/rooms/1750736569597856423"
      }
    },
    {
      "type": "Feature",
      "geometry": {
        "type": "Point",
        "coordinates": [
          -70.69752,
          -33.45808
        ]
      },
      "properties": {
        "katman": "AIRBNB_ILANI",
        "id": "1426791009393113140",
        "ad": "Daire - Santiago, Şili",
        "alt_tur": "Daire",
        "fiyat_tl": 6347,
        "fiyat_1_gun_tl": null,
        "fiyat_1_hafta_tl": 6347,
        "fiyat_1_ay_tl": null,
        "fiyat_3_ay_tl": null,
        "puan": 5.0,
        "yorum": 6,
        "url": "https://www.airbnb.com.tr/rooms/1426791009393113140"
      }
    },
    {
      "type": "Feature",
      "geometry": {
        "type": "Point",
        "coordinates": [
          -7.9759,
          31.5242
        ]
      },
      "properties": {
        "katman": "AIRBNB_ILANI",
        "id": "1760104456767762447",
        "ad": "Villa - Marakeş, Fas",
        "alt_tur": "Müstakil Villa",
        "fiyat_tl": 28684,
        "fiyat_1_gun_tl": null,
        "fiyat_1_hafta_tl": 28684,
        "fiyat_1_ay_tl": 29638,
        "fiyat_3_ay_tl": null,
        "puan": null,
        "yorum": 0,
        "url": "https://www.airbnb.com.tr/rooms/1760104456767762447"
      }
    },
    {
      "type": "Feature",
      "geometry": {
        "type": "Point",
        "coordinates": [
          -82.8228,
          27.8426
        ]
      },
      "properties": {
        "katman": "AIRBNB_ILANI",
        "id": "1760573643535814352",
        "ad": "Ev - Seminole, Florida, Amerika Birleşik Devletleri",
        "alt_tur": "Müstakil Villa",
        "fiyat_tl": 30262,
        "fiyat_1_gun_tl": null,
        "fiyat_1_hafta_tl": null,
        "fiyat_1_ay_tl": null,
        "fiyat_3_ay_tl": 30262,
        "puan": 5.0,
        "yorum": 4,
        "url": "https://www.airbnb.com.tr/rooms/1760573643535814352"
      }
    },
    {
      "type": "Feature",
      "geometry": {
        "type": "Point",
        "coordinates": [
          4.6199,
          47.2244
        ]
      },
      "properties": {
        "katman": "AIRBNB_ILANI",
        "id": "1761534317872436466",
        "ad": "Kubbe - Vandenesse-en-Auxois, Fransa",
        "alt_tur": "Daire / Ev",
        "fiyat_tl": 10946,
        "fiyat_1_gun_tl": null,
        "fiyat_1_hafta_tl": null,
        "fiyat_1_ay_tl": 10946,
        "fiyat_3_ay_tl": null,
        "puan": null,
        "yorum": 0,
        "url": "https://www.airbnb.com.tr/rooms/1761534317872436466"
      }
    },
    {
      "type": "Feature",
      "geometry": {
        "type": "Point",
        "coordinates": [
          24.67618,
          45.13707
        ]
      },
      "properties": {
        "katman": "AIRBNB_ILANI",
        "id": "1760996286613434627",
        "ad": "Kulübe - Curtea de Argeș, Romanya",
        "alt_tur": "Daire / Ev",
        "fiyat_tl": 10665,
        "fiyat_1_gun_tl": null,
        "fiyat_1_hafta_tl": null,
        "fiyat_1_ay_tl": 10665,
        "fiyat_3_ay_tl": null,
        "puan": null,
        "yorum": 0,
        "url": "https://www.airbnb.com.tr/rooms/1760996286613434627"
      }
    },
    {
      "type": "Feature",
      "geometry": {
        "type": "Point",
        "coordinates": [
          78.0781,
          30.3742
        ]
      },
      "properties": {
        "katman": "AIRBNB_ILANI",
        "id": "1765385551432626160",
        "ad": "Site içi konut - Dehradun, Hindistan",
        "alt_tur": "Özel Oda",
        "fiyat_tl": 3035,
        "fiyat_1_gun_tl": null,
        "fiyat_1_hafta_tl": null,
        "fiyat_1_ay_tl": null,
        "fiyat_3_ay_tl": 3035,
        "puan": 5.0,
        "yorum": 7,
        "url": "https://www.airbnb.com.tr/rooms/1765385551432626160"
      }
    },
    {
      "type": "Feature",
      "geometry": {
        "type": "Point",
        "coordinates": [
          -88.47126409007984,
          45.18940878032445
        ]
      },
      "properties": {
        "katman": "AIRBNB_ILANI",
        "id": "1764035992447109076",
        "ad": "Kulübe - Mountain, Wisconsin, Amerika Birleşik Devletleri",
        "alt_tur": "Daire / Ev",
        "fiyat_tl": 10922,
        "fiyat_1_gun_tl": null,
        "fiyat_1_hafta_tl": null,
        "fiyat_1_ay_tl": null,
        "fiyat_3_ay_tl": 10922,
        "puan": 5.0,
        "yorum": 3,
        "url": "https://www.airbnb.com.tr/rooms/1764035992447109076"
      }
    },
    {
      "type": "Feature",
      "geometry": {
        "type": "Point",
        "coordinates": [
          -47.8979,
          -21.8982
        ]
      },
      "properties": {
        "katman": "AIRBNB_ILANI",
        "id": "1761132764595254136",
        "ad": "Kulübe - São Carlos, Brezilya",
        "alt_tur": "Daire / Ev",
        "fiyat_tl": 2845,
        "fiyat_1_gun_tl": null,
        "fiyat_1_hafta_tl": null,
        "fiyat_1_ay_tl": null,
        "fiyat_3_ay_tl": 2845,
        "puan": null,
        "yorum": 0,
        "url": "https://www.airbnb.com.tr/rooms/1761132764595254136"
      }
    },
    {
      "type": "Feature",
      "geometry": {
        "type": "Point",
        "coordinates": [
          38.9507,
          21.9416
        ]
      },
      "properties": {
        "katman": "AIRBNB_ILANI",
        "id": "1761509082285283620",
        "ad": "Daire - Cidde, Suudi Arabistan",
        "alt_tur": "Daire",
        "fiyat_tl": 5838,
        "fiyat_1_gun_tl": 5838,
        "fiyat_1_hafta_tl": null,
        "fiyat_1_ay_tl": null,
        "fiyat_3_ay_tl": null,
        "puan": null,
        "yorum": 0,
        "url": "https://www.airbnb.com.tr/rooms/1761509082285283620"
      }
    },
    {
      "type": "Feature",
      "geometry": {
        "type": "Point",
        "coordinates": [
          126.6291,
          37.4055
        ]
      },
      "properties": {
        "katman": "AIRBNB_ILANI",
        "id": "1739768414544585912",
        "ad": "Daire - Incheon, Güney Kore",
        "alt_tur": "Daire",
        "fiyat_tl": 2853,
        "fiyat_1_gun_tl": 2853,
        "fiyat_1_hafta_tl": null,
        "fiyat_1_ay_tl": null,
        "fiyat_3_ay_tl": null,
        "puan": 5.0,
        "yorum": 3,
        "url": "https://www.airbnb.com.tr/rooms/1739768414544585912"
      }
    },
    {
      "type": "Feature",
      "geometry": {
        "type": "Point",
        "coordinates": [
          -72.4885,
          -51.726
        ]
      },
      "properties": {
        "katman": "AIRBNB_ILANI",
        "id": "1759743869789048312",
        "ad": "Kulübe - Puerto Natales, Şili",
        "alt_tur": "Daire / Ev",
        "fiyat_tl": 2239,
        "fiyat_1_gun_tl": 2239,
        "fiyat_1_hafta_tl": null,
        "fiyat_1_ay_tl": null,
        "fiyat_3_ay_tl": null,
        "puan": null,
        "yorum": 0,
        "url": "https://www.airbnb.com.tr/rooms/1759743869789048312"
      }
    },
    {
      "type": "Feature",
      "geometry": {
        "type": "Point",
        "coordinates": [
          -80.06915095126493,
          8.659055428340912
        ]
      },
      "properties": {
        "katman": "AIRBNB_ILANI",
        "id": "1751905947916648058",
        "ad": "Ev - Altos del María, Panama",
        "alt_tur": "Daire / Ev",
        "fiyat_tl": 27926,
        "fiyat_1_gun_tl": null,
        "fiyat_1_hafta_tl": null,
        "fiyat_1_ay_tl": 27926,
        "fiyat_3_ay_tl": null,
        "puan": 5.0,
        "yorum": 3,
        "url": "https://www.airbnb.com.tr/rooms/1751905947916648058"
      }
    },
    {
      "type": "Feature",
      "geometry": {
        "type": "Point",
        "coordinates": [
          121.0565,
          14.6209
        ]
      },
      "properties": {
        "katman": "AIRBNB_ILANI",
        "id": "1693569377973558740",
        "ad": "Site içi konut - Quezon City, Filipinler",
        "alt_tur": "Daire / Ev",
        "fiyat_tl": 1419,
        "fiyat_1_gun_tl": null,
        "fiyat_1_hafta_tl": 1419,
        "fiyat_1_ay_tl": null,
        "fiyat_3_ay_tl": null,
        "puan": 5.0,
        "yorum": 5,
        "url": "https://www.airbnb.com.tr/rooms/1693569377973558740"
      }
    },
    {
      "type": "Feature",
      "geometry": {
        "type": "Point",
        "coordinates": [
          75.892,
          22.7543
        ]
      },
      "properties": {
        "katman": "AIRBNB_ILANI",
        "id": "1766444233002392738",
        "ad": "Daire - Indore, Hindistan",
        "alt_tur": "Daire",
        "fiyat_tl": 1072,
        "fiyat_1_gun_tl": null,
        "fiyat_1_hafta_tl": 1072,
        "fiyat_1_ay_tl": null,
        "fiyat_3_ay_tl": null,
        "puan": null,
        "yorum": 0,
        "url": "https://www.airbnb.com.tr/rooms/1766444233002392738"
      }
    },
    {
      "type": "Feature",
      "geometry": {
        "type": "Point",
        "coordinates": [
          80.9899,
          26.7833
        ]
      },
      "properties": {
        "katman": "AIRBNB_ILANI",
        "id": "1707285840491507098",
        "ad": "Daire - Lucknow, Hindistan",
        "alt_tur": "Özel Oda",
        "fiyat_tl": 1364,
        "fiyat_1_gun_tl": 1364,
        "fiyat_1_hafta_tl": null,
        "fiyat_1_ay_tl": null,
        "fiyat_3_ay_tl": null,
        "puan": 5.0,
        "yorum": 6,
        "url": "https://www.airbnb.com.tr/rooms/1707285840491507098"
      }
    },
    {
      "type": "Feature",
      "geometry": {
        "type": "Point",
        "coordinates": [
          -76.5997,
          37.6014
        ]
      },
      "properties": {
        "katman": "AIRBNB_ILANI",
        "id": "1766157075753187576",
        "ad": "Ev - Saluda, Virginia, Amerika Birleşik Devletleri",
        "alt_tur": "Daire / Ev",
        "fiyat_tl": 10655,
        "fiyat_1_gun_tl": 10655,
        "fiyat_1_hafta_tl": null,
        "fiyat_1_ay_tl": null,
        "fiyat_3_ay_tl": null,
        "puan": 5.0,
        "yorum": 4,
        "url": "https://www.airbnb.com.tr/rooms/1766157075753187576"
      }
    },
    {
      "type": "Feature",
      "geometry": {
        "type": "Point",
        "coordinates": [
          153.38761008134233,
          -28.267513912041778
        ]
      },
      "properties": {
        "katman": "AIRBNB_ILANI",
        "id": "1211079587095788032",
        "ad": "Kulübe - Urliup, Avustralya",
        "alt_tur": "Daire / Ev",
        "fiyat_tl": 9291,
        "fiyat_1_gun_tl": null,
        "fiyat_1_hafta_tl": null,
        "fiyat_1_ay_tl": 9291,
        "fiyat_3_ay_tl": null,
        "puan": 5.0,
        "yorum": 3,
        "url": "https://www.airbnb.com.tr/rooms/1211079587095788032"
      }
    },
    {
      "type": "Feature",
      "geometry": {
        "type": "Point",
        "coordinates": [
          -75.35555,
          41.22112
        ]
      },
      "properties": {
        "katman": "AIRBNB_ILANI",
        "id": "54290787",
        "ad": "Ev - Tobyhanna, Pensilvanya, Amerika Birleşik Devletleri",
        "alt_tur": "Özel Oda",
        "fiyat_tl": 24813,
        "fiyat_1_gun_tl": null,
        "fiyat_1_hafta_tl": null,
        "fiyat_1_ay_tl": null,
        "fiyat_3_ay_tl": 24813,
        "puan": 5.0,
        "yorum": 4,
        "url": "https://www.airbnb.com.tr/rooms/54290787"
      }
    },
    {
      "type": "Feature",
      "geometry": {
        "type": "Point",
        "coordinates": [
          88.4434,
          26.7662
        ]
      },
      "properties": {
        "katman": "AIRBNB_ILANI",
        "id": "1747114865852208124",
        "ad": "Siliguri, Hindistan bölgesinde oda",
        "alt_tur": "Özel Oda",
        "fiyat_tl": 1003,
        "fiyat_1_gun_tl": null,
        "fiyat_1_hafta_tl": 1003,
        "fiyat_1_ay_tl": null,
        "fiyat_3_ay_tl": null,
        "puan": 5.0,
        "yorum": 12,
        "url": "https://www.airbnb.com.tr/rooms/1747114865852208124"
      }
    },
    {
      "type": "Feature",
      "geometry": {
        "type": "Point",
        "coordinates": [
          -7.9349,
          31.6016
        ]
      },
      "properties": {
        "katman": "AIRBNB_ILANI",
        "id": "1738350989669881734",
        "ad": "Ev - Marakeş, Fas",
        "alt_tur": "Müstakil Villa",
        "fiyat_tl": 11139,
        "fiyat_1_gun_tl": null,
        "fiyat_1_hafta_tl": null,
        "fiyat_1_ay_tl": 11139,
        "fiyat_3_ay_tl": null,
        "puan": null,
        "yorum": 0,
        "url": "https://www.airbnb.com.tr/rooms/1738350989669881734"
      }
    },
    {
      "type": "Feature",
      "geometry": {
        "type": "Point",
        "coordinates": [
          -35.8817,
          -9.7473
        ]
      },
      "properties": {
        "katman": "AIRBNB_ILANI",
        "id": "1754699992822505899",
        "ad": "Ev - Marechal Deodoro, Brezilya",
        "alt_tur": "Daire / Ev",
        "fiyat_tl": 4253,
        "fiyat_1_gun_tl": null,
        "fiyat_1_hafta_tl": null,
        "fiyat_1_ay_tl": 4253,
        "fiyat_3_ay_tl": null,
        "puan": null,
        "yorum": 0,
        "url": "https://www.airbnb.com.tr/rooms/1754699992822505899"
      }
    },
    {
      "type": "Feature",
      "geometry": {
        "type": "Point",
        "coordinates": [
          -7.8883,
          53.4559
        ]
      },
      "properties": {
        "katman": "AIRBNB_ILANI",
        "id": "1634953991938494097",
        "ad": "Tekne ev - Athlone, İrlanda",
        "alt_tur": "Daire / Ev",
        "fiyat_tl": 58446,
        "fiyat_1_gun_tl": null,
        "fiyat_1_hafta_tl": null,
        "fiyat_1_ay_tl": 58446,
        "fiyat_3_ay_tl": null,
        "puan": 5.0,
        "yorum": 20,
        "url": "https://www.airbnb.com.tr/rooms/1634953991938494097"
      }
    },
    {
      "type": "Feature",
      "geometry": {
        "type": "Point",
        "coordinates": [
          -82.3273,
          34.9264
        ]
      },
      "properties": {
        "katman": "AIRBNB_ILANI",
        "id": "1764899404954140866",
        "ad": "Ev - Taylors, Güney Carolina, Amerika Birleşik Devletleri",
        "alt_tur": "Daire / Ev",
        "fiyat_tl": 82393,
        "fiyat_1_gun_tl": null,
        "fiyat_1_hafta_tl": null,
        "fiyat_1_ay_tl": 82393,
        "fiyat_3_ay_tl": null,
        "puan": null,
        "yorum": 0,
        "url": "https://www.airbnb.com.tr/rooms/1764899404954140866"
      }
    },
    {
      "type": "Feature",
      "geometry": {
        "type": "Point",
        "coordinates": [
          -122.9962,
          46.8861
        ]
      },
      "properties": {
        "katman": "AIRBNB_ILANI",
        "id": "42590409",
        "ad": "Rochester bölgesinde oda",
        "alt_tur": "Özel Oda",
        "fiyat_tl": 4208,
        "fiyat_1_gun_tl": 4208,
        "fiyat_1_hafta_tl": null,
        "fiyat_1_ay_tl": null,
        "fiyat_3_ay_tl": null,
        "puan": 4.96,
        "yorum": 221,
        "url": "https://www.airbnb.com.tr/rooms/42590409"
      }
    },
    {
      "type": "Feature",
      "geometry": {
        "type": "Point",
        "coordinates": [
          -122.88789868388245,
          47.04323052247227
        ]
      },
      "properties": {
        "katman": "AIRBNB_ILANI",
        "id": "1288551464095180572",
        "ad": "Daire - Olympia",
        "alt_tur": "Daire",
        "fiyat_tl": 8441,
        "fiyat_1_gun_tl": null,
        "fiyat_1_hafta_tl": 8441,
        "fiyat_1_ay_tl": null,
        "fiyat_3_ay_tl": null,
        "puan": 4.85,
        "yorum": 60,
        "url": "https://www.airbnb.com.tr/rooms/1288551464095180572"
      }
    },
    {
      "type": "Feature",
      "geometry": {
        "type": "Point",
        "coordinates": [
          -122.88489,
          47.03841
        ]
      },
      "properties": {
        "katman": "AIRBNB_ILANI",
        "id": "637575330623832879",
        "ad": "Ev - Olympia",
        "alt_tur": "Daire / Ev",
        "fiyat_tl": 15131,
        "fiyat_1_gun_tl": null,
        "fiyat_1_hafta_tl": 15131,
        "fiyat_1_ay_tl": 15131,
        "fiyat_3_ay_tl": null,
        "puan": 4.98,
        "yorum": 167,
        "url": "https://www.airbnb.com.tr/rooms/637575330623832879"
      }
    },
    {
      "type": "Feature",
      "geometry": {
        "type": "Point",
        "coordinates": [
          -122.86785,
          47.04896
        ]
      },
      "properties": {
        "katman": "AIRBNB_ILANI",
        "id": "17753768",
        "ad": "Olympia bölgesinde oda",
        "alt_tur": "Özel Oda",
        "fiyat_tl": 4452,
        "fiyat_1_gun_tl": 4452,
        "fiyat_1_hafta_tl": null,
        "fiyat_1_ay_tl": null,
        "fiyat_3_ay_tl": null,
        "puan": 4.89,
        "yorum": 103,
        "url": "https://www.airbnb.com.tr/rooms/17753768"
      }
    },
    {
      "type": "Feature",
      "geometry": {
        "type": "Point",
        "coordinates": [
          -122.90221864738263,
          47.03066017722249
        ]
      },
      "properties": {
        "katman": "AIRBNB_ILANI",
        "id": "1363253574627910052",
        "ad": "Ev - Olympia",
        "alt_tur": "Daire / Ev",
        "fiyat_tl": 14498,
        "fiyat_1_gun_tl": 14498,
        "fiyat_1_hafta_tl": null,
        "fiyat_1_ay_tl": null,
        "fiyat_3_ay_tl": null,
        "puan": 4.96,
        "yorum": 26,
        "url": "https://www.airbnb.com.tr/rooms/1363253574627910052"
      }
    },
    {
      "type": "Feature",
      "geometry": {
        "type": "Point",
        "coordinates": [
          -122.85727,
          47.05441
        ]
      },
      "properties": {
        "katman": "AIRBNB_ILANI",
        "id": "49519595",
        "ad": "Kır evi - Olympia",
        "alt_tur": "Kır Evi / Bungalov",
        "fiyat_tl": 11068,
        "fiyat_1_gun_tl": 11068,
        "fiyat_1_hafta_tl": null,
        "fiyat_1_ay_tl": null,
        "fiyat_3_ay_tl": null,
        "puan": 4.98,
        "yorum": 456,
        "url": "https://www.airbnb.com.tr/rooms/49519595"
      }
    },
    {
      "type": "Feature",
      "geometry": {
        "type": "Point",
        "coordinates": [
          105.8095,
          21.0338
        ]
      },
      "properties": {
        "katman": "AIRBNB_ILANI",
        "id": "1768787703297214675",
        "ad": "Daire - Giảng Võ, Vietnam",
        "alt_tur": "Daire",
        "fiyat_tl": 972,
        "fiyat_1_gun_tl": 972,
        "fiyat_1_hafta_tl": null,
        "fiyat_1_ay_tl": null,
        "fiyat_3_ay_tl": null,
        "puan": 5.0,
        "yorum": 3,
        "url": "https://www.airbnb.com.tr/rooms/1768787703297214675"
      }
    },
    {
      "type": "Feature",
      "geometry": {
        "type": "Point",
        "coordinates": [
          -1.9773,
          50.6093
        ]
      },
      "properties": {
        "katman": "AIRBNB_ILANI",
        "id": "1750661611309705163",
        "ad": "Bungalov - Dorset, Birleşik Krallık",
        "alt_tur": "Kır Evi / Bungalov",
        "fiyat_tl": 10815,
        "fiyat_1_gun_tl": null,
        "fiyat_1_hafta_tl": null,
        "fiyat_1_ay_tl": null,
        "fiyat_3_ay_tl": 10815,
        "puan": 5.0,
        "yorum": 6,
        "url": "https://www.airbnb.com.tr/rooms/1750661611309705163"
      }
    },
    {
      "type": "Feature",
      "geometry": {
        "type": "Point",
        "coordinates": [
          -114.24575,
          51.13104
        ]
      },
      "properties": {
        "katman": "AIRBNB_ILANI",
        "id": "1544526690048209791",
        "ad": "Misafir süiti - Calgary, Kanada",
        "alt_tur": "Daire / Ev",
        "fiyat_tl": 3546,
        "fiyat_1_gun_tl": null,
        "fiyat_1_hafta_tl": null,
        "fiyat_1_ay_tl": null,
        "fiyat_3_ay_tl": 3546,
        "puan": 4.98,
        "yorum": 62,
        "url": "https://www.airbnb.com.tr/rooms/1544526690048209791"
      }
    },
    {
      "type": "Feature",
      "geometry": {
        "type": "Point",
        "coordinates": [
          27.77572,
          36.76597
        ]
      },
      "properties": {
        "katman": "AIRBNB_ILANI",
        "id": "1224563541986974845",
        "ad": "Otel - Datça, Türkiye",
        "alt_tur": "Özel Oda",
        "fiyat_tl": 4145,
        "fiyat_1_gun_tl": null,
        "fiyat_1_hafta_tl": null,
        "fiyat_1_ay_tl": null,
        "fiyat_3_ay_tl": 4145,
        "puan": 4.75,
        "yorum": 12,
        "url": "https://www.airbnb.com.tr/rooms/1224563541986974845"
      }
    },
    {
      "type": "Feature",
      "geometry": {
        "type": "Point",
        "coordinates": [
          27.6243,
          36.7683
        ]
      },
      "properties": {
        "katman": "AIRBNB_ILANI",
        "id": "687020952805002474",
        "ad": "Bungalov - Datça, Türkiye",
        "alt_tur": "Müstakil Villa",
        "fiyat_tl": 2369,
        "fiyat_1_gun_tl": null,
        "fiyat_1_hafta_tl": null,
        "fiyat_1_ay_tl": null,
        "fiyat_3_ay_tl": 2369,
        "puan": 4.98,
        "yorum": 59,
        "url": "https://www.airbnb.com.tr/rooms/687020952805002474"
      }
    },
    {
      "type": "Feature",
      "geometry": {
        "type": "Point",
        "coordinates": [
          27.69257,
          36.77491
        ]
      },
      "properties": {
        "katman": "AIRBNB_ILANI",
        "id": "49052267",
        "ad": "Ağaç ev - Datça, Türkiye",
        "alt_tur": "Müstakil Villa",
        "fiyat_tl": 4737,
        "fiyat_1_gun_tl": null,
        "fiyat_1_hafta_tl": null,
        "fiyat_1_ay_tl": null,
        "fiyat_3_ay_tl": 4737,
        "puan": 4.89,
        "yorum": 61,
        "url": "https://www.airbnb.com.tr/rooms/49052267"
      }
    },
    {
      "type": "Feature",
      "geometry": {
        "type": "Point",
        "coordinates": [
          27.69298,
          36.77335
        ]
      },
      "properties": {
        "katman": "AIRBNB_ILANI",
        "id": "912346680628846732",
        "ad": "Ev - Datça, Türkiye",
        "alt_tur": "Müstakil Villa",
        "fiyat_tl": 4145,
        "fiyat_1_gun_tl": null,
        "fiyat_1_hafta_tl": null,
        "fiyat_1_ay_tl": null,
        "fiyat_3_ay_tl": 4145,
        "puan": 4.89,
        "yorum": 28,
        "url": "https://www.airbnb.com.tr/rooms/912346680628846732"
      }
    },
    {
      "type": "Feature",
      "geometry": {
        "type": "Point",
        "coordinates": [
          27.68898,
          36.70732
        ]
      },
      "properties": {
        "katman": "AIRBNB_ILANI",
        "id": "673785891363138478",
        "ad": "Ev - Datça, Türkiye",
        "alt_tur": "Daire / Ev",
        "fiyat_tl": 3845,
        "fiyat_1_gun_tl": null,
        "fiyat_1_hafta_tl": null,
        "fiyat_1_ay_tl": null,
        "fiyat_3_ay_tl": 3845,
        "puan": 4.98,
        "yorum": 45,
        "url": "https://www.airbnb.com.tr/rooms/673785891363138478"
      }
    },
    {
      "type": "Feature",
      "geometry": {
        "type": "Point",
        "coordinates": [
          27.8343,
          36.6159
        ]
      },
      "properties": {
        "katman": "AIRBNB_ILANI",
        "id": "901955614425897591",
        "ad": "Ev - Sömbeki, Yunanistan",
        "alt_tur": "Daire / Ev",
        "fiyat_tl": 3031,
        "fiyat_1_gun_tl": null,
        "fiyat_1_hafta_tl": null,
        "fiyat_1_ay_tl": null,
        "fiyat_3_ay_tl": 3031,
        "puan": 4.74,
        "yorum": 50,
        "url": "https://www.airbnb.com.tr/rooms/901955614425897591"
      }
    },
    {
      "type": "Feature",
      "geometry": {
        "type": "Point",
        "coordinates": [
          27.664,
          36.7449
        ]
      },
      "properties": {
        "katman": "AIRBNB_ILANI",
        "id": "1011415507150132232",
        "ad": "Ev - Datça, Türkiye",
        "alt_tur": "Özel Oda",
        "fiyat_tl": 4000,
        "fiyat_1_gun_tl": null,
        "fiyat_1_hafta_tl": null,
        "fiyat_1_ay_tl": null,
        "fiyat_3_ay_tl": 4000,
        "puan": 4.82,
        "yorum": 72,
        "url": "https://www.airbnb.com.tr/rooms/1011415507150132232"
      }
    },
    {
      "type": "Feature",
      "geometry": {
        "type": "Point",
        "coordinates": [
          27.7974,
          36.7658
        ]
      },
      "properties": {
        "katman": "AIRBNB_ILANI",
        "id": "1769426544226369580",
        "ad": "Daire - Datça, Türkiye",
        "alt_tur": "Daire",
        "fiyat_tl": 2750,
        "fiyat_1_gun_tl": null,
        "fiyat_1_hafta_tl": null,
        "fiyat_1_ay_tl": null,
        "fiyat_3_ay_tl": 2750,
        "puan": null,
        "yorum": 0,
        "url": "https://www.airbnb.com.tr/rooms/1769426544226369580"
      }
    },
    {
      "type": "Feature",
      "geometry": {
        "type": "Point",
        "coordinates": [
          27.68589,
          36.70621
        ]
      },
      "properties": {
        "katman": "AIRBNB_ILANI",
        "id": "50670295",
        "ad": "Ev - Datça, Türkiye",
        "alt_tur": "Daire / Ev",
        "fiyat_tl": 3845,
        "fiyat_1_gun_tl": null,
        "fiyat_1_hafta_tl": null,
        "fiyat_1_ay_tl": null,
        "fiyat_3_ay_tl": 3845,
        "puan": 5.0,
        "yorum": 50,
        "url": "https://www.airbnb.com.tr/rooms/50670295"
      }
    },
    {
      "type": "Feature",
      "geometry": {
        "type": "Point",
        "coordinates": [
          27.6861,
          36.7251
        ]
      },
      "properties": {
        "katman": "AIRBNB_ILANI",
        "id": "24924653",
        "ad": "Ev - Datça, Türkiye",
        "alt_tur": "Daire / Ev",
        "fiyat_tl": 10000,
        "fiyat_1_gun_tl": null,
        "fiyat_1_hafta_tl": null,
        "fiyat_1_ay_tl": null,
        "fiyat_3_ay_tl": 10000,
        "puan": 4.97,
        "yorum": 92,
        "url": "https://www.airbnb.com.tr/rooms/24924653"
      }
    },
    {
      "type": "Feature",
      "geometry": {
        "type": "Point",
        "coordinates": [
          27.7923,
          36.7641
        ]
      },
      "properties": {
        "katman": "AIRBNB_ILANI",
        "id": "706181134786902969",
        "ad": "Daire - Datça, Türkiye",
        "alt_tur": "Daire",
        "fiyat_tl": 5740,
        "fiyat_1_gun_tl": null,
        "fiyat_1_hafta_tl": null,
        "fiyat_1_ay_tl": null,
        "fiyat_3_ay_tl": 5740,
        "puan": 4.95,
        "yorum": 20,
        "url": "https://www.airbnb.com.tr/rooms/706181134786902969"
      }
    },
    {
      "type": "Feature",
      "geometry": {
        "type": "Point",
        "coordinates": [
          27.83731,
          36.61772
        ]
      },
      "properties": {
        "katman": "AIRBNB_ILANI",
        "id": "43371022",
        "ad": "Site içi konut - Sömbeki, Yunanistan",
        "alt_tur": "Daire / Ev",
        "fiyat_tl": 4210,
        "fiyat_1_gun_tl": null,
        "fiyat_1_hafta_tl": null,
        "fiyat_1_ay_tl": null,
        "fiyat_3_ay_tl": 4210,
        "puan": 4.95,
        "yorum": 42,
        "url": "https://www.airbnb.com.tr/rooms/43371022"
      }
    },
    {
      "type": "Feature",
      "geometry": {
        "type": "Point",
        "coordinates": [
          27.626072782163696,
          36.766056966071666
        ]
      },
      "properties": {
        "katman": "AIRBNB_ILANI",
        "id": "1638901494573879692",
        "ad": "Ev - Datça, Türkiye",
        "alt_tur": "Daire / Ev",
        "fiyat_tl": 2369,
        "fiyat_1_gun_tl": null,
        "fiyat_1_hafta_tl": null,
        "fiyat_1_ay_tl": null,
        "fiyat_3_ay_tl": 2369,
        "puan": 5.0,
        "yorum": 8,
        "url": "https://www.airbnb.com.tr/rooms/1638901494573879692"
      }
    },
    {
      "type": "Feature",
      "geometry": {
        "type": "Point",
        "coordinates": [
          27.7756,
          36.7632
        ]
      },
      "properties": {
        "katman": "AIRBNB_ILANI",
        "id": "43654904",
        "ad": "Otel odası - Kızlan, Türkiye",
        "alt_tur": "Özel Oda",
        "fiyat_tl": 11843,
        "fiyat_1_gun_tl": null,
        "fiyat_1_hafta_tl": null,
        "fiyat_1_ay_tl": null,
        "fiyat_3_ay_tl": 11843,
        "puan": 4.94,
        "yorum": 36,
        "url": "https://www.airbnb.com.tr/rooms/43654904"
      }
    },
    {
      "type": "Feature",
      "geometry": {
        "type": "Point",
        "coordinates": [
          27.7246,
          36.7642
        ]
      },
      "properties": {
        "katman": "AIRBNB_ILANI",
        "id": "883403932256730286",
        "ad": "Ev - Kızlan, Türkiye",
        "alt_tur": "Daire / Ev",
        "fiyat_tl": 3553,
        "fiyat_1_gun_tl": null,
        "fiyat_1_hafta_tl": null,
        "fiyat_1_ay_tl": null,
        "fiyat_3_ay_tl": 3553,
        "puan": 4.92,
        "yorum": 36,
        "url": "https://www.airbnb.com.tr/rooms/883403932256730286"
      }
    },
    {
      "type": "Feature",
      "geometry": {
        "type": "Point",
        "coordinates": [
          27.5614,
          36.6805
        ]
      },
      "properties": {
        "katman": "AIRBNB_ILANI",
        "id": "920343757150471489",
        "ad": "Kır evi - Datça, Türkiye",
        "alt_tur": "Kır Evi / Bungalov",
        "fiyat_tl": 3157,
        "fiyat_1_gun_tl": null,
        "fiyat_1_hafta_tl": null,
        "fiyat_1_ay_tl": null,
        "fiyat_3_ay_tl": 3157,
        "puan": 4.96,
        "yorum": 26,
        "url": "https://www.airbnb.com.tr/rooms/920343757150471489"
      }
    },
    {
      "type": "Feature",
      "geometry": {
        "type": "Point",
        "coordinates": [
          27.7745,
          36.7643
        ]
      },
      "properties": {
        "katman": "AIRBNB_ILANI",
        "id": "1481017677438673474",
        "ad": "Apart otel - Datça, Türkiye",
        "alt_tur": "Daire",
        "fiyat_tl": 11843,
        "fiyat_1_gun_tl": null,
        "fiyat_1_hafta_tl": null,
        "fiyat_1_ay_tl": null,
        "fiyat_3_ay_tl": 11843,
        "puan": 4.71,
        "yorum": 7,
        "url": "https://www.airbnb.com.tr/rooms/1481017677438673474"
      }
    },
    {
      "type": "Feature",
      "geometry": {
        "type": "Point",
        "coordinates": [
          27.8366,
          36.6154
        ]
      },
      "properties": {
        "katman": "AIRBNB_ILANI",
        "id": "903333815172260139",
        "ad": "Daire - Sömbeki, Yunanistan",
        "alt_tur": "Daire",
        "fiyat_tl": 2694,
        "fiyat_1_gun_tl": null,
        "fiyat_1_hafta_tl": null,
        "fiyat_1_ay_tl": null,
        "fiyat_3_ay_tl": 2694,
        "puan": 4.61,
        "yorum": 18,
        "url": "https://www.airbnb.com.tr/rooms/903333815172260139"
      }
    },
    {
      "type": "Feature",
      "geometry": {
        "type": "Point",
        "coordinates": [
          -98.86443,
          30.40444
        ]
      },
      "properties": {
        "katman": "AIRBNB_ILANI",
        "id": "1684257551198865016",
        "ad": "Ev - Fredericksburg, Teksas, Amerika Birleşik Devletleri",
        "alt_tur": "Daire / Ev",
        "fiyat_tl": 91272,
        "fiyat_1_gun_tl": null,
        "fiyat_1_hafta_tl": null,
        "fiyat_1_ay_tl": null,
        "fiyat_3_ay_tl": 91272,
        "puan": null,
        "yorum": 0,
        "url": "https://www.airbnb.com.tr/rooms/1684257551198865016"
      }
    },
    {
      "type": "Feature",
      "geometry": {
        "type": "Point",
        "coordinates": [
          29.1422,
          36.6303
        ]
      },
      "properties": {
        "katman": "AIRBNB_ILANI",
        "id": "1387136670388845601",
        "ad": "Daire - Fethiye",
        "alt_tur": "Daire",
        "fiyat_tl": 4500,
        "fiyat_1_gun_tl": 4500,
        "fiyat_1_hafta_tl": 4500,
        "fiyat_1_ay_tl": 4500,
        "fiyat_3_ay_tl": null,
        "puan": 4.83,
        "yorum": 58,
        "url": "https://www.airbnb.com.tr/rooms/1387136670388845601"
      }
    },
    {
      "type": "Feature",
      "geometry": {
        "type": "Point",
        "coordinates": [
          29.15,
          36.6183
        ]
      },
      "properties": {
        "katman": "AIRBNB_ILANI",
        "id": "614233694316183318",
        "ad": "Daire - Fethiye",
        "alt_tur": "Özel Oda",
        "fiyat_tl": 7875,
        "fiyat_1_gun_tl": 9750,
        "fiyat_1_hafta_tl": null,
        "fiyat_1_ay_tl": null,
        "fiyat_3_ay_tl": 6000,
        "puan": 4.94,
        "yorum": 251,
        "url": "https://www.airbnb.com.tr/rooms/614233694316183318"
      }
    },
    {
      "type": "Feature",
      "geometry": {
        "type": "Point",
        "coordinates": [
          29.1153,
          36.6236
        ]
      },
      "properties": {
        "katman": "AIRBNB_ILANI",
        "id": "1765820393588913021",
        "ad": "Fethiye bölgesinde oda",
        "alt_tur": "Özel Oda",
        "fiyat_tl": 2200,
        "fiyat_1_gun_tl": 2000,
        "fiyat_1_hafta_tl": 2400,
        "fiyat_1_ay_tl": null,
        "fiyat_3_ay_tl": null,
        "puan": 5.0,
        "yorum": 3,
        "url": "https://www.airbnb.com.tr/rooms/1765820393588913021"
      }
    },
    {
      "type": "Feature",
      "geometry": {
        "type": "Point",
        "coordinates": [
          29.1541,
          36.6114
        ]
      },
      "properties": {
        "katman": "AIRBNB_ILANI",
        "id": "1486149255455244135",
        "ad": "Daire - Fethiye",
        "alt_tur": "Daire",
        "fiyat_tl": 5288,
        "fiyat_1_gun_tl": 5288,
        "fiyat_1_hafta_tl": null,
        "fiyat_1_ay_tl": null,
        "fiyat_3_ay_tl": null,
        "puan": 5.0,
        "yorum": 9,
        "url": "https://www.airbnb.com.tr/rooms/1486149255455244135"
      }
    },
    {
      "type": "Feature",
      "geometry": {
        "type": "Point",
        "coordinates": [
          29.0904,
          36.5787
        ]
      },
      "properties": {
        "katman": "AIRBNB_ILANI",
        "id": "1738988369246169824",
        "ad": "Ev - Fethiye",
        "alt_tur": "Daire / Ev",
        "fiyat_tl": 6500,
        "fiyat_1_gun_tl": 6500,
        "fiyat_1_hafta_tl": null,
        "fiyat_1_ay_tl": null,
        "fiyat_3_ay_tl": null,
        "puan": 5.0,
        "yorum": 5,
        "url": "https://www.airbnb.com.tr/rooms/1738988369246169824"
      }
    },
    {
      "type": "Feature",
      "geometry": {
        "type": "Point",
        "coordinates": [
          29.1317,
          36.6253
        ]
      },
      "properties": {
        "katman": "AIRBNB_ILANI",
        "id": "1692678378024290252",
        "ad": "Daire - Fethiye",
        "alt_tur": "Daire",
        "fiyat_tl": 4361,
        "fiyat_1_gun_tl": 4361,
        "fiyat_1_hafta_tl": null,
        "fiyat_1_ay_tl": null,
        "fiyat_3_ay_tl": null,
        "puan": 4.8,
        "yorum": 5,
        "url": "https://www.airbnb.com.tr/rooms/1692678378024290252"
      }
    },
    {
      "type": "Feature",
      "geometry": {
        "type": "Point",
        "coordinates": [
          29.14815170698371,
          36.62968272094261
        ]
      },
      "properties": {
        "katman": "AIRBNB_ILANI",
        "id": "1467943819430275258",
        "ad": "Daire - Fethiye",
        "alt_tur": "Daire",
        "fiyat_tl": 4800,
        "fiyat_1_gun_tl": 4800,
        "fiyat_1_hafta_tl": null,
        "fiyat_1_ay_tl": null,
        "fiyat_3_ay_tl": null,
        "puan": 4.88,
        "yorum": 17,
        "url": "https://www.airbnb.com.tr/rooms/1467943819430275258"
      }
    },
    {
      "type": "Feature",
      "geometry": {
        "type": "Point",
        "coordinates": [
          29.122310773780764,
          36.66429045431545
        ]
      },
      "properties": {
        "katman": "AIRBNB_ILANI",
        "id": "1575347261477734472",
        "ad": "Otel - Fethiye",
        "alt_tur": "Daire / Ev",
        "fiyat_tl": 4627,
        "fiyat_1_gun_tl": 4627,
        "fiyat_1_hafta_tl": null,
        "fiyat_1_ay_tl": null,
        "fiyat_3_ay_tl": null,
        "puan": 5.0,
        "yorum": 13,
        "url": "https://www.airbnb.com.tr/rooms/1575347261477734472"
      }
    },
    {
      "type": "Feature",
      "geometry": {
        "type": "Point",
        "coordinates": [
          29.1257,
          36.661
        ]
      },
      "properties": {
        "katman": "AIRBNB_ILANI",
        "id": "1714587320062846273",
        "ad": "Otel - Fethiye",
        "alt_tur": "Daire / Ev",
        "fiyat_tl": 2500,
        "fiyat_1_gun_tl": 2500,
        "fiyat_1_hafta_tl": null,
        "fiyat_1_ay_tl": null,
        "fiyat_3_ay_tl": null,
        "puan": 4.75,
        "yorum": 4,
        "url": "https://www.airbnb.com.tr/rooms/1714587320062846273"
      }
    },
    {
      "type": "Feature",
      "geometry": {
        "type": "Point",
        "coordinates": [
          29.1202,
          36.6331
        ]
      },
      "properties": {
        "katman": "AIRBNB_ILANI",
        "id": "43764288",
        "ad": "Daire - Fethiye",
        "alt_tur": "Daire",
        "fiyat_tl": 7000,
        "fiyat_1_gun_tl": 7000,
        "fiyat_1_hafta_tl": null,
        "fiyat_1_ay_tl": null,
        "fiyat_3_ay_tl": null,
        "puan": 4.96,
        "yorum": 75,
        "url": "https://www.airbnb.com.tr/rooms/43764288"
      }
    },
    {
      "type": "Feature",
      "geometry": {
        "type": "Point",
        "coordinates": [
          29.1179,
          36.62
        ]
      },
      "properties": {
        "katman": "AIRBNB_ILANI",
        "id": "1148485396246143747",
        "ad": "Daire - Fethiye",
        "alt_tur": "Daire",
        "fiyat_tl": 4000,
        "fiyat_1_gun_tl": 4000,
        "fiyat_1_hafta_tl": null,
        "fiyat_1_ay_tl": null,
        "fiyat_3_ay_tl": null,
        "puan": 4.89,
        "yorum": 9,
        "url": "https://www.airbnb.com.tr/rooms/1148485396246143747"
      }
    },
    {
      "type": "Feature",
      "geometry": {
        "type": "Point",
        "coordinates": [
          29.1204,
          36.6285
        ]
      },
      "properties": {
        "katman": "AIRBNB_ILANI",
        "id": "1425867775583961994",
        "ad": "Daire - Fethiye",
        "alt_tur": "Daire",
        "fiyat_tl": 6187,
        "fiyat_1_gun_tl": 6187,
        "fiyat_1_hafta_tl": null,
        "fiyat_1_ay_tl": null,
        "fiyat_3_ay_tl": null,
        "puan": 4.88,
        "yorum": 59,
        "url": "https://www.airbnb.com.tr/rooms/1425867775583961994"
      }
    },
    {
      "type": "Feature",
      "geometry": {
        "type": "Point",
        "coordinates": [
          29.09377658369253,
          36.57637306928196
        ]
      },
      "properties": {
        "katman": "AIRBNB_ILANI",
        "id": "949317274678753555",
        "ad": "Ev - Kayaköy",
        "alt_tur": "Daire / Ev",
        "fiyat_tl": 8709,
        "fiyat_1_gun_tl": 8709,
        "fiyat_1_hafta_tl": null,
        "fiyat_1_ay_tl": null,
        "fiyat_3_ay_tl": null,
        "puan": 4.98,
        "yorum": 43,
        "url": "https://www.airbnb.com.tr/rooms/949317274678753555"
      }
    },
    {
      "type": "Feature",
      "geometry": {
        "type": "Point",
        "coordinates": [
          29.128,
          36.62
        ]
      },
      "properties": {
        "katman": "AIRBNB_ILANI",
        "id": "1728451899712365470",
        "ad": "Daire - Fethiye",
        "alt_tur": "Daire",
        "fiyat_tl": 6848,
        "fiyat_1_gun_tl": 6848,
        "fiyat_1_hafta_tl": null,
        "fiyat_1_ay_tl": null,
        "fiyat_3_ay_tl": null,
        "puan": 4.95,
        "yorum": 19,
        "url": "https://www.airbnb.com.tr/rooms/1728451899712365470"
      }
    },
    {
      "type": "Feature",
      "geometry": {
        "type": "Point",
        "coordinates": [
          29.1432,
          36.5727
        ]
      },
      "properties": {
        "katman": "AIRBNB_ILANI",
        "id": "1196552779949248513",
        "ad": "Villa - Fethiye",
        "alt_tur": "Müstakil Villa",
        "fiyat_tl": 11368,
        "fiyat_1_gun_tl": 11368,
        "fiyat_1_hafta_tl": null,
        "fiyat_1_ay_tl": null,
        "fiyat_3_ay_tl": null,
        "puan": 4.96,
        "yorum": 23,
        "url": "https://www.airbnb.com.tr/rooms/1196552779949248513"
      }
    },
    {
      "type": "Feature",
      "geometry": {
        "type": "Point",
        "coordinates": [
          29.14343,
          36.66297
        ]
      },
      "properties": {
        "katman": "AIRBNB_ILANI",
        "id": "1128894366373714339",
        "ad": "Daire - Fethiye",
        "alt_tur": "Daire",
        "fiyat_tl": 4702,
        "fiyat_1_gun_tl": 4702,
        "fiyat_1_hafta_tl": null,
        "fiyat_1_ay_tl": null,
        "fiyat_3_ay_tl": null,
        "puan": 4.98,
        "yorum": 49,
        "url": "https://www.airbnb.com.tr/rooms/1128894366373714339"
      }
    },
    {
      "type": "Feature",
      "geometry": {
        "type": "Point",
        "coordinates": [
          29.148958764114404,
          36.64595260486445
        ]
      },
      "properties": {
        "katman": "AIRBNB_ILANI",
        "id": "920045285388426688",
        "ad": "Küçük ev - Fethiye",
        "alt_tur": "Daire / Ev",
        "fiyat_tl": 4500,
        "fiyat_1_gun_tl": 4500,
        "fiyat_1_hafta_tl": null,
        "fiyat_1_ay_tl": null,
        "fiyat_3_ay_tl": null,
        "puan": 4.87,
        "yorum": 38,
        "url": "https://www.airbnb.com.tr/rooms/920045285388426688"
      }
    },
    {
      "type": "Feature",
      "geometry": {
        "type": "Point",
        "coordinates": [
          29.1197,
          36.6611
        ]
      },
      "properties": {
        "katman": "AIRBNB_ILANI",
        "id": "931869749601857536",
        "ad": "Daire - Fethiye",
        "alt_tur": "Daire",
        "fiyat_tl": 3621,
        "fiyat_1_gun_tl": 3621,
        "fiyat_1_hafta_tl": null,
        "fiyat_1_ay_tl": null,
        "fiyat_3_ay_tl": null,
        "puan": 4.58,
        "yorum": 24,
        "url": "https://www.airbnb.com.tr/rooms/931869749601857536"
      }
    },
    {
      "type": "Feature",
      "geometry": {
        "type": "Point",
        "coordinates": [
          29.1338,
          36.658
        ]
      },
      "properties": {
        "katman": "AIRBNB_ILANI",
        "id": "926124760845276636",
        "ad": "Fethiye bölgesinde oda",
        "alt_tur": "Özel Oda",
        "fiyat_tl": 1950,
        "fiyat_1_gun_tl": null,
        "fiyat_1_hafta_tl": 1950,
        "fiyat_1_ay_tl": null,
        "fiyat_3_ay_tl": null,
        "puan": 4.96,
        "yorum": 93,
        "url": "https://www.airbnb.com.tr/rooms/926124760845276636"
      }
    },
    {
      "type": "Feature",
      "geometry": {
        "type": "Point",
        "coordinates": [
          29.18744366101357,
          36.63945829617259
        ]
      },
      "properties": {
        "katman": "AIRBNB_ILANI",
        "id": "914205222680874584",
        "ad": "Ev - Fethiye",
        "alt_tur": "Müstakil Villa",
        "fiyat_tl": 6500,
        "fiyat_1_gun_tl": null,
        "fiyat_1_hafta_tl": 6500,
        "fiyat_1_ay_tl": null,
        "fiyat_3_ay_tl": null,
        "puan": 4.93,
        "yorum": 29,
        "url": "https://www.airbnb.com.tr/rooms/914205222680874584"
      }
    },
    {
      "type": "Feature",
      "geometry": {
        "type": "Point",
        "coordinates": [
          29.13933,
          36.57698
        ]
      },
      "properties": {
        "katman": "AIRBNB_ILANI",
        "id": "50478729",
        "ad": "Villa - Fethiye",
        "alt_tur": "Müstakil Villa",
        "fiyat_tl": 28572,
        "fiyat_1_gun_tl": null,
        "fiyat_1_hafta_tl": 28572,
        "fiyat_1_ay_tl": null,
        "fiyat_3_ay_tl": null,
        "puan": 4.95,
        "yorum": 62,
        "url": "https://www.airbnb.com.tr/rooms/50478729"
      }
    },
    {
      "type": "Feature",
      "geometry": {
        "type": "Point",
        "coordinates": [
          29.1248,
          36.6417
        ]
      },
      "properties": {
        "katman": "AIRBNB_ILANI",
        "id": "1733207548486521764",
        "ad": "Fethiye bölgesinde odalar",
        "alt_tur": "Özel Oda",
        "fiyat_tl": 6300,
        "fiyat_1_gun_tl": null,
        "fiyat_1_hafta_tl": 6300,
        "fiyat_1_ay_tl": null,
        "fiyat_3_ay_tl": null,
        "puan": 5.0,
        "yorum": 9,
        "url": "https://www.airbnb.com.tr/rooms/1733207548486521764"
      }
    },
    {
      "type": "Feature",
      "geometry": {
        "type": "Point",
        "coordinates": [
          29.1532,
          36.6336
        ]
      },
      "properties": {
        "katman": "AIRBNB_ILANI",
        "id": "1728824713115420856",
        "ad": "Daire - Fethiye",
        "alt_tur": "Daire",
        "fiyat_tl": 7200,
        "fiyat_1_gun_tl": null,
        "fiyat_1_hafta_tl": 7200,
        "fiyat_1_ay_tl": null,
        "fiyat_3_ay_tl": null,
        "puan": 4.71,
        "yorum": 7,
        "url": "https://www.airbnb.com.tr/rooms/1728824713115420856"
      }
    },
    {
      "type": "Feature",
      "geometry": {
        "type": "Point",
        "coordinates": [
          29.119220388730668,
          36.619047269170835
        ]
      },
      "properties": {
        "katman": "AIRBNB_ILANI",
        "id": "1690798394465229971",
        "ad": "Otel - Fethiye",
        "alt_tur": "Daire / Ev",
        "fiyat_tl": 3316,
        "fiyat_1_gun_tl": null,
        "fiyat_1_hafta_tl": 3316,
        "fiyat_1_ay_tl": null,
        "fiyat_3_ay_tl": null,
        "puan": 4.64,
        "yorum": 11,
        "url": "https://www.airbnb.com.tr/rooms/1690798394465229971"
      }
    },
    {
      "type": "Feature",
      "geometry": {
        "type": "Point",
        "coordinates": [
          29.1968,
          36.6761
        ]
      },
      "properties": {
        "katman": "AIRBNB_ILANI",
        "id": "909306399890714079",
        "ad": "Villa - Eldirek",
        "alt_tur": "Müstakil Villa",
        "fiyat_tl": 5000,
        "fiyat_1_gun_tl": null,
        "fiyat_1_hafta_tl": 5000,
        "fiyat_1_ay_tl": null,
        "fiyat_3_ay_tl": null,
        "puan": 4.8,
        "yorum": 46,
        "url": "https://www.airbnb.com.tr/rooms/909306399890714079"
      }
    },
    {
      "type": "Feature",
      "geometry": {
        "type": "Point",
        "coordinates": [
          29.1383,
          36.6281
        ]
      },
      "properties": {
        "katman": "AIRBNB_ILANI",
        "id": "1422417080261688806",
        "ad": "Daire - Fethiye",
        "alt_tur": "Daire",
        "fiyat_tl": 4592,
        "fiyat_1_gun_tl": null,
        "fiyat_1_hafta_tl": 4592,
        "fiyat_1_ay_tl": null,
        "fiyat_3_ay_tl": null,
        "puan": 4.93,
        "yorum": 14,
        "url": "https://www.airbnb.com.tr/rooms/1422417080261688806"
      }
    },
    {
      "type": "Feature",
      "geometry": {
        "type": "Point",
        "coordinates": [
          29.1275,
          36.6409
        ]
      },
      "properties": {
        "katman": "AIRBNB_ILANI",
        "id": "1354490967230955838",
        "ad": "Daire - Fethiye",
        "alt_tur": "Daire",
        "fiyat_tl": 3888,
        "fiyat_1_gun_tl": null,
        "fiyat_1_hafta_tl": 3888,
        "fiyat_1_ay_tl": null,
        "fiyat_3_ay_tl": null,
        "puan": 4.82,
        "yorum": 11,
        "url": "https://www.airbnb.com.tr/rooms/1354490967230955838"
      }
    },
    {
      "type": "Feature",
      "geometry": {
        "type": "Point",
        "coordinates": [
          29.1257,
          36.661
        ]
      },
      "properties": {
        "katman": "AIRBNB_ILANI",
        "id": "1714627216439682625",
        "ad": "Otel - Fethiye",
        "alt_tur": "Daire / Ev",
        "fiyat_tl": 2500,
        "fiyat_1_gun_tl": null,
        "fiyat_1_hafta_tl": 2500,
        "fiyat_1_ay_tl": null,
        "fiyat_3_ay_tl": null,
        "puan": 5.0,
        "yorum": 5,
        "url": "https://www.airbnb.com.tr/rooms/1714627216439682625"
      }
    },
    {
      "type": "Feature",
      "geometry": {
        "type": "Point",
        "coordinates": [
          29.1072,
          36.6212
        ]
      },
      "properties": {
        "katman": "AIRBNB_ILANI",
        "id": "1700943101600410613",
        "ad": "Ev - Fethiye",
        "alt_tur": "Özel Oda",
        "fiyat_tl": 5625,
        "fiyat_1_gun_tl": null,
        "fiyat_1_hafta_tl": 6000,
        "fiyat_1_ay_tl": null,
        "fiyat_3_ay_tl": 5250,
        "puan": 5.0,
        "yorum": 21,
        "url": "https://www.airbnb.com.tr/rooms/1700943101600410613"
      }
    },
    {
      "type": "Feature",
      "geometry": {
        "type": "Point",
        "coordinates": [
          29.13421,
          36.62962
        ]
      },
      "properties": {
        "katman": "AIRBNB_ILANI",
        "id": "1000344801405822752",
        "ad": "Ev - Fethiye",
        "alt_tur": "Daire / Ev",
        "fiyat_tl": 5389,
        "fiyat_1_gun_tl": null,
        "fiyat_1_hafta_tl": 5389,
        "fiyat_1_ay_tl": null,
        "fiyat_3_ay_tl": null,
        "puan": 4.88,
        "yorum": 26,
        "url": "https://www.airbnb.com.tr/rooms/1000344801405822752"
      }
    },
    {
      "type": "Feature",
      "geometry": {
        "type": "Point",
        "coordinates": [
          29.16037,
          36.63644
        ]
      },
      "properties": {
        "katman": "AIRBNB_ILANI",
        "id": "951428533558957180",
        "ad": "Site içi konut - Fethiye",
        "alt_tur": "Daire / Ev",
        "fiyat_tl": 3450,
        "fiyat_1_gun_tl": null,
        "fiyat_1_hafta_tl": 4000,
        "fiyat_1_ay_tl": 2900,
        "fiyat_3_ay_tl": null,
        "puan": 4.84,
        "yorum": 44,
        "url": "https://www.airbnb.com.tr/rooms/951428533558957180"
      }
    },
    {
      "type": "Feature",
      "geometry": {
        "type": "Point",
        "coordinates": [
          29.1306,
          36.6362
        ]
      },
      "properties": {
        "katman": "AIRBNB_ILANI",
        "id": "926528780661743045",
        "ad": "Daire - Fethiye",
        "alt_tur": "Daire",
        "fiyat_tl": 5678,
        "fiyat_1_gun_tl": null,
        "fiyat_1_hafta_tl": 5678,
        "fiyat_1_ay_tl": null,
        "fiyat_3_ay_tl": null,
        "puan": 4.95,
        "yorum": 73,
        "url": "https://www.airbnb.com.tr/rooms/926528780661743045"
      }
    },
    {
      "type": "Feature",
      "geometry": {
        "type": "Point",
        "coordinates": [
          29.20905,
          36.62446
        ]
      },
      "properties": {
        "katman": "AIRBNB_ILANI",
        "id": "1175917480130854698",
        "ad": "Ev - Fethiye",
        "alt_tur": "Müstakil Villa",
        "fiyat_tl": 10592,
        "fiyat_1_gun_tl": null,
        "fiyat_1_hafta_tl": 10592,
        "fiyat_1_ay_tl": null,
        "fiyat_3_ay_tl": null,
        "puan": 5.0,
        "yorum": 33,
        "url": "https://www.airbnb.com.tr/rooms/1175917480130854698"
      }
    },
    {
      "type": "Feature",
      "geometry": {
        "type": "Point",
        "coordinates": [
          29.1123,
          36.6233
        ]
      },
      "properties": {
        "katman": "AIRBNB_ILANI",
        "id": "43895388",
        "ad": "Daire - Fethiye",
        "alt_tur": "Daire",
        "fiyat_tl": 6700,
        "fiyat_1_gun_tl": null,
        "fiyat_1_hafta_tl": 6700,
        "fiyat_1_ay_tl": null,
        "fiyat_3_ay_tl": null,
        "puan": 4.89,
        "yorum": 329,
        "url": "https://www.airbnb.com.tr/rooms/43895388"
      }
    },
    {
      "type": "Feature",
      "geometry": {
        "type": "Point",
        "coordinates": [
          29.1566,
          36.5678
        ]
      },
      "properties": {
        "katman": "AIRBNB_ILANI",
        "id": "51382262",
        "ad": "Villa - Fethiye",
        "alt_tur": "Müstakil Villa",
        "fiyat_tl": 10066,
        "fiyat_1_gun_tl": null,
        "fiyat_1_hafta_tl": null,
        "fiyat_1_ay_tl": 10658,
        "fiyat_3_ay_tl": 9474,
        "puan": 4.98,
        "yorum": 89,
        "url": "https://www.airbnb.com.tr/rooms/51382262"
      }
    },
    {
      "type": "Feature",
      "geometry": {
        "type": "Point",
        "coordinates": [
          29.1384,
          36.6282
        ]
      },
      "properties": {
        "katman": "AIRBNB_ILANI",
        "id": "1729652090410477097",
        "ad": "Daire - Fethiye",
        "alt_tur": "Daire",
        "fiyat_tl": 4300,
        "fiyat_1_gun_tl": null,
        "fiyat_1_hafta_tl": null,
        "fiyat_1_ay_tl": 4350,
        "fiyat_3_ay_tl": 4250,
        "puan": 5.0,
        "yorum": 20,
        "url": "https://www.airbnb.com.tr/rooms/1729652090410477097"
      }
    },
    {
      "type": "Feature",
      "geometry": {
        "type": "Point",
        "coordinates": [
          29.123,
          36.6489
        ]
      },
      "properties": {
        "katman": "AIRBNB_ILANI",
        "id": "1445028511456313986",
        "ad": "Fethiye bölgesinde oda",
        "alt_tur": "Özel Oda",
        "fiyat_tl": 3214,
        "fiyat_1_gun_tl": null,
        "fiyat_1_hafta_tl": null,
        "fiyat_1_ay_tl": 3410,
        "fiyat_3_ay_tl": 3017,
        "puan": 4.95,
        "yorum": 65,
        "url": "https://www.airbnb.com.tr/rooms/1445028511456313986"
      }
    },
    {
      "type": "Feature",
      "geometry": {
        "type": "Point",
        "coordinates": [
          29.11128,
          36.62017
        ]
      },
      "properties": {
        "katman": "AIRBNB_ILANI",
        "id": "858305638257451876",
        "ad": "Ev - Fethiye",
        "alt_tur": "Daire / Ev",
        "fiyat_tl": 4996,
        "fiyat_1_gun_tl": null,
        "fiyat_1_hafta_tl": null,
        "fiyat_1_ay_tl": 4996,
        "fiyat_3_ay_tl": null,
        "puan": 4.78,
        "yorum": 73,
        "url": "https://www.airbnb.com.tr/rooms/858305638257451876"
      }
    },
    {
      "type": "Feature",
      "geometry": {
        "type": "Point",
        "coordinates": [
          29.1253,
          36.6602
        ]
      },
      "properties": {
        "katman": "AIRBNB_ILANI",
        "id": "1544114477055238516",
        "ad": "Daire - Fethiye",
        "alt_tur": "Daire",
        "fiyat_tl": 4350,
        "fiyat_1_gun_tl": null,
        "fiyat_1_hafta_tl": null,
        "fiyat_1_ay_tl": 4350,
        "fiyat_3_ay_tl": null,
        "puan": 4.95,
        "yorum": 63,
        "url": "https://www.airbnb.com.tr/rooms/1544114477055238516"
      }
    },
    {
      "type": "Feature",
      "geometry": {
        "type": "Point",
        "coordinates": [
          29.133,
          36.6365
        ]
      },
      "properties": {
        "katman": "AIRBNB_ILANI",
        "id": "602571723179067453",
        "ad": "Villa - Fethiye",
        "alt_tur": "Müstakil Villa",
        "fiyat_tl": 10385,
        "fiyat_1_gun_tl": null,
        "fiyat_1_hafta_tl": null,
        "fiyat_1_ay_tl": 10385,
        "fiyat_3_ay_tl": null,
        "puan": 5.0,
        "yorum": 31,
        "url": "https://www.airbnb.com.tr/rooms/602571723179067453"
      }
    },
    {
      "type": "Feature",
      "geometry": {
        "type": "Point",
        "coordinates": [
          29.1499,
          36.6181
        ]
      },
      "properties": {
        "katman": "AIRBNB_ILANI",
        "id": "914455775677868560",
        "ad": "Daire - Fethiye",
        "alt_tur": "Daire",
        "fiyat_tl": 6000,
        "fiyat_1_gun_tl": null,
        "fiyat_1_hafta_tl": null,
        "fiyat_1_ay_tl": 6000,
        "fiyat_3_ay_tl": null,
        "puan": 4.91,
        "yorum": 70,
        "url": "https://www.airbnb.com.tr/rooms/914455775677868560"
      }
    },
    {
      "type": "Feature",
      "geometry": {
        "type": "Point",
        "coordinates": [
          29.1318,
          36.6253
        ]
      },
      "properties": {
        "katman": "AIRBNB_ILANI",
        "id": "1684225132472083556",
        "ad": "Daire - Fethiye",
        "alt_tur": "Daire",
        "fiyat_tl": 4441,
        "fiyat_1_gun_tl": null,
        "fiyat_1_hafta_tl": null,
        "fiyat_1_ay_tl": 5033,
        "fiyat_3_ay_tl": 3849,
        "puan": 4.92,
        "yorum": 24,
        "url": "https://www.airbnb.com.tr/rooms/1684225132472083556"
      }
    },
    {
      "type": "Feature",
      "geometry": {
        "type": "Point",
        "coordinates": [
          29.15796,
          36.57548
        ]
      },
      "properties": {
        "katman": "AIRBNB_ILANI",
        "id": "1169470113275340349",
        "ad": "Villa - Fethiye",
        "alt_tur": "Müstakil Villa",
        "fiyat_tl": 6148,
        "fiyat_1_gun_tl": null,
        "fiyat_1_hafta_tl": null,
        "fiyat_1_ay_tl": 6148,
        "fiyat_3_ay_tl": null,
        "puan": 4.95,
        "yorum": 20,
        "url": "https://www.airbnb.com.tr/rooms/1169470113275340349"
      }
    },
    {
      "type": "Feature",
      "geometry": {
        "type": "Point",
        "coordinates": [
          29.13723,
          36.5734
        ]
      },
      "properties": {
        "katman": "AIRBNB_ILANI",
        "id": "50427444",
        "ad": "Daire - Fethiye",
        "alt_tur": "Daire",
        "fiyat_tl": 3508,
        "fiyat_1_gun_tl": null,
        "fiyat_1_hafta_tl": null,
        "fiyat_1_ay_tl": 3789,
        "fiyat_3_ay_tl": 3228,
        "puan": 5.0,
        "yorum": 52,
        "url": "https://www.airbnb.com.tr/rooms/50427444"
      }
    },
    {
      "type": "Feature",
      "geometry": {
        "type": "Point",
        "coordinates": [
          29.114737720947474,
          36.62022035900094
        ]
      },
      "properties": {
        "katman": "AIRBNB_ILANI",
        "id": "1456683736108971203",
        "ad": "Otel - Fethiye",
        "alt_tur": "Özel Oda",
        "fiyat_tl": 2350,
        "fiyat_1_gun_tl": null,
        "fiyat_1_hafta_tl": null,
        "fiyat_1_ay_tl": 2350,
        "fiyat_3_ay_tl": null,
        "puan": 4.64,
        "yorum": 25,
        "url": "https://www.airbnb.com.tr/rooms/1456683736108971203"
      }
    },
    {
      "type": "Feature",
      "geometry": {
        "type": "Point",
        "coordinates": [
          29.1153,
          36.6241
        ]
      },
      "properties": {
        "katman": "AIRBNB_ILANI",
        "id": "1002923067934305540",
        "ad": "Daire - Fethiye",
        "alt_tur": "Özel Oda",
        "fiyat_tl": 7749,
        "fiyat_1_gun_tl": null,
        "fiyat_1_hafta_tl": null,
        "fiyat_1_ay_tl": 7749,
        "fiyat_3_ay_tl": null,
        "puan": 4.97,
        "yorum": 69,
        "url": "https://www.airbnb.com.tr/rooms/1002923067934305540"
      }
    },
    {
      "type": "Feature",
      "geometry": {
        "type": "Point",
        "coordinates": [
          29.199143712176557,
          36.67539035204944
        ]
      },
      "properties": {
        "katman": "AIRBNB_ILANI",
        "id": "1476910681305078039",
        "ad": "Villa - Fethiye",
        "alt_tur": "Müstakil Villa",
        "fiyat_tl": 11980,
        "fiyat_1_gun_tl": null,
        "fiyat_1_hafta_tl": null,
        "fiyat_1_ay_tl": 11980,
        "fiyat_3_ay_tl": null,
        "puan": 5.0,
        "yorum": 27,
        "url": "https://www.airbnb.com.tr/rooms/1476910681305078039"
      }
    },
    {
      "type": "Feature",
      "geometry": {
        "type": "Point",
        "coordinates": [
          29.11697,
          36.65784
        ]
      },
      "properties": {
        "katman": "AIRBNB_ILANI",
        "id": "48211905",
        "ad": "Otel odası - Fethiye",
        "alt_tur": "Özel Oda",
        "fiyat_tl": 3087,
        "fiyat_1_gun_tl": null,
        "fiyat_1_hafta_tl": null,
        "fiyat_1_ay_tl": 3087,
        "fiyat_3_ay_tl": null,
        "puan": 4.82,
        "yorum": 136,
        "url": "https://www.airbnb.com.tr/rooms/48211905"
      }
    },
    {
      "type": "Feature",
      "geometry": {
        "type": "Point",
        "coordinates": [
          29.1503,
          36.5823
        ]
      },
      "properties": {
        "katman": "AIRBNB_ILANI",
        "id": "920011296813932895",
        "ad": "Ev - Fethiye",
        "alt_tur": "Daire / Ev",
        "fiyat_tl": 8314,
        "fiyat_1_gun_tl": null,
        "fiyat_1_hafta_tl": null,
        "fiyat_1_ay_tl": 8314,
        "fiyat_3_ay_tl": null,
        "puan": 4.95,
        "yorum": 66,
        "url": "https://www.airbnb.com.tr/rooms/920011296813932895"
      }
    },
    {
      "type": "Feature",
      "geometry": {
        "type": "Point",
        "coordinates": [
          29.1319,
          36.6253
        ]
      },
      "properties": {
        "katman": "AIRBNB_ILANI",
        "id": "1460271591685245812",
        "ad": "Daire - Fethiye",
        "alt_tur": "Daire",
        "fiyat_tl": 3250,
        "fiyat_1_gun_tl": null,
        "fiyat_1_hafta_tl": null,
        "fiyat_1_ay_tl": 3950,
        "fiyat_3_ay_tl": 2550,
        "puan": 4.84,
        "yorum": 25,
        "url": "https://www.airbnb.com.tr/rooms/1460271591685245812"
      }
    },
    {
      "type": "Feature",
      "geometry": {
        "type": "Point",
        "coordinates": [
          29.1182,
          36.6266
        ]
      },
      "properties": {
        "katman": "AIRBNB_ILANI",
        "id": "1434195381168640150",
        "ad": "Daire - Fethiye",
        "alt_tur": "Daire",
        "fiyat_tl": 4184,
        "fiyat_1_gun_tl": null,
        "fiyat_1_hafta_tl": null,
        "fiyat_1_ay_tl": null,
        "fiyat_3_ay_tl": 4184,
        "puan": 4.96,
        "yorum": 50,
        "url": "https://www.airbnb.com.tr/rooms/1434195381168640150"
      }
    },
    {
      "type": "Feature",
      "geometry": {
        "type": "Point",
        "coordinates": [
          29.1332,
          36.6291
        ]
      },
      "properties": {
        "katman": "AIRBNB_ILANI",
        "id": "1083227551647719705",
        "ad": "Daire - Fethiye",
        "alt_tur": "Daire",
        "fiyat_tl": 3892,
        "fiyat_1_gun_tl": null,
        "fiyat_1_hafta_tl": null,
        "fiyat_1_ay_tl": null,
        "fiyat_3_ay_tl": 3892,
        "puan": 4.94,
        "yorum": 83,
        "url": "https://www.airbnb.com.tr/rooms/1083227551647719705"
      }
    },
    {
      "type": "Feature",
      "geometry": {
        "type": "Point",
        "coordinates": [
          29.1592,
          36.6354
        ]
      },
      "properties": {
        "katman": "AIRBNB_ILANI",
        "id": "954875013229248652",
        "ad": "Daire - Fethiye",
        "alt_tur": "Daire",
        "fiyat_tl": 2700,
        "fiyat_1_gun_tl": null,
        "fiyat_1_hafta_tl": null,
        "fiyat_1_ay_tl": null,
        "fiyat_3_ay_tl": 2700,
        "puan": 4.79,
        "yorum": 109,
        "url": "https://www.airbnb.com.tr/rooms/954875013229248652"
      }
    },
    {
      "type": "Feature",
      "geometry": {
        "type": "Point",
        "coordinates": [
          29.1444,
          36.5694
        ]
      },
      "properties": {
        "katman": "AIRBNB_ILANI",
        "id": "1442022610635657170",
        "ad": "Site içi konut - Fethiye",
        "alt_tur": "Daire / Ev",
        "fiyat_tl": 2245,
        "fiyat_1_gun_tl": null,
        "fiyat_1_hafta_tl": null,
        "fiyat_1_ay_tl": null,
        "fiyat_3_ay_tl": 2245,
        "puan": 5.0,
        "yorum": 13,
        "url": "https://www.airbnb.com.tr/rooms/1442022610635657170"
      }
    },
    {
      "type": "Feature",
      "geometry": {
        "type": "Point",
        "coordinates": [
          29.1385,
          36.628
        ]
      },
      "properties": {
        "katman": "AIRBNB_ILANI",
        "id": "1169701800480565308",
        "ad": "Daire - Fethiye",
        "alt_tur": "Daire",
        "fiyat_tl": 4378,
        "fiyat_1_gun_tl": null,
        "fiyat_1_hafta_tl": null,
        "fiyat_1_ay_tl": null,
        "fiyat_3_ay_tl": 4378,
        "puan": 5.0,
        "yorum": 49,
        "url": "https://www.airbnb.com.tr/rooms/1169701800480565308"
      }
    },
    {
      "type": "Feature",
      "geometry": {
        "type": "Point",
        "coordinates": [
          29.1195,
          36.6199
        ]
      },
      "properties": {
        "katman": "AIRBNB_ILANI",
        "id": "1670505387977919846",
        "ad": "Otel - Fethiye",
        "alt_tur": "Daire / Ev",
        "fiyat_tl": 2369,
        "fiyat_1_gun_tl": null,
        "fiyat_1_hafta_tl": null,
        "fiyat_1_ay_tl": null,
        "fiyat_3_ay_tl": 2369,
        "puan": 4.93,
        "yorum": 14,
        "url": "https://www.airbnb.com.tr/rooms/1670505387977919846"
      }
    },
    {
      "type": "Feature",
      "geometry": {
        "type": "Point",
        "coordinates": [
          29.092771075700675,
          36.619315307743946
        ]
      },
      "properties": {
        "katman": "AIRBNB_ILANI",
        "id": "683680179171304797",
        "ad": "Daire - Fethiye",
        "alt_tur": "Daire",
        "fiyat_tl": 5900,
        "fiyat_1_gun_tl": null,
        "fiyat_1_hafta_tl": null,
        "fiyat_1_ay_tl": null,
        "fiyat_3_ay_tl": 5900,
        "puan": 5.0,
        "yorum": 75,
        "url": "https://www.airbnb.com.tr/rooms/683680179171304797"
      }
    },
    {
      "type": "Feature",
      "geometry": {
        "type": "Point",
        "coordinates": [
          29.1093,
          36.6212
        ]
      },
      "properties": {
        "katman": "AIRBNB_ILANI",
        "id": "1438541444727211356",
        "ad": "Daire - Fethiye",
        "alt_tur": "Daire",
        "fiyat_tl": 3031,
        "fiyat_1_gun_tl": null,
        "fiyat_1_hafta_tl": null,
        "fiyat_1_ay_tl": null,
        "fiyat_3_ay_tl": 3031,
        "puan": 5.0,
        "yorum": 35,
        "url": "https://www.airbnb.com.tr/rooms/1438541444727211356"
      }
    },
    {
      "type": "Feature",
      "geometry": {
        "type": "Point",
        "coordinates": [
          29.1257,
          36.661
        ]
      },
      "properties": {
        "katman": "AIRBNB_ILANI",
        "id": "918192369989898266",
        "ad": "Apart otel - Fethiye",
        "alt_tur": "Daire",
        "fiyat_tl": 1750,
        "fiyat_1_gun_tl": null,
        "fiyat_1_hafta_tl": null,
        "fiyat_1_ay_tl": null,
        "fiyat_3_ay_tl": 1750,
        "puan": 4.85,
        "yorum": 26,
        "url": "https://www.airbnb.com.tr/rooms/918192369989898266"
      }
    },
    {
      "type": "Feature",
      "geometry": {
        "type": "Point",
        "coordinates": [
          29.1386,
          36.6571
        ]
      },
      "properties": {
        "katman": "AIRBNB_ILANI",
        "id": "913872606280008611",
        "ad": "Ev - Fethiye",
        "alt_tur": "Daire / Ev",
        "fiyat_tl": 5375,
        "fiyat_1_gun_tl": null,
        "fiyat_1_hafta_tl": null,
        "fiyat_1_ay_tl": null,
        "fiyat_3_ay_tl": 5375,
        "puan": 4.9,
        "yorum": 94,
        "url": "https://www.airbnb.com.tr/rooms/913872606280008611"
      }
    },
    {
      "type": "Feature",
      "geometry": {
        "type": "Point",
        "coordinates": [
          -109.89875,
          34.10612
        ]
      },
      "properties": {
        "katman": "AIRBNB_ILANI",
        "id": "1730861210383600154",
        "ad": "Ev - Pinetop Country Club, Arizona, Amerika Birleşik Devletleri",
        "alt_tur": "Daire / Ev",
        "fiyat_tl": 21042,
        "fiyat_1_gun_tl": null,
        "fiyat_1_hafta_tl": null,
        "fiyat_1_ay_tl": null,
        "fiyat_3_ay_tl": 21042,
        "puan": null,
        "yorum": 0,
        "url": "https://www.airbnb.com.tr/rooms/1730861210383600154"
      }
    },
    {
      "type": "Feature",
      "geometry": {
        "type": "Point",
        "coordinates": [
          -100.579,
          25.2725
        ]
      },
      "properties": {
        "katman": "AIRBNB_ILANI",
        "id": "1749497663228792819",
        "ad": "Kulübe - San Antonio de las Alazanas, Meksika",
        "alt_tur": "Daire / Ev",
        "fiyat_tl": 14894,
        "fiyat_1_gun_tl": null,
        "fiyat_1_hafta_tl": null,
        "fiyat_1_ay_tl": 14894,
        "fiyat_3_ay_tl": null,
        "puan": null,
        "yorum": 0,
        "url": "https://www.airbnb.com.tr/rooms/1749497663228792819"
      }
    },
    {
      "type": "Feature",
      "geometry": {
        "type": "Point",
        "coordinates": [
          -83.7179,
          9.9361
        ]
      },
      "properties": {
        "katman": "AIRBNB_ILANI",
        "id": "1758405504658539922",
        "ad": "Ev - Turrialba, Kosta Rika",
        "alt_tur": "Daire / Ev",
        "fiyat_tl": 6299,
        "fiyat_1_gun_tl": null,
        "fiyat_1_hafta_tl": null,
        "fiyat_1_ay_tl": 6299,
        "fiyat_3_ay_tl": null,
        "puan": 5.0,
        "yorum": 9,
        "url": "https://www.airbnb.com.tr/rooms/1758405504658539922"
      }
    },
    {
      "type": "Feature",
      "geometry": {
        "type": "Point",
        "coordinates": [
          30.7096,
          36.882
        ]
      },
      "properties": {
        "katman": "AIRBNB_ILANI",
        "id": "1449882932447466694",
        "ad": "Otel - Muratpaşa",
        "alt_tur": "Özel Oda",
        "fiyat_tl": 2750,
        "fiyat_1_gun_tl": 2750,
        "fiyat_1_hafta_tl": null,
        "fiyat_1_ay_tl": null,
        "fiyat_3_ay_tl": null,
        "puan": 4.97,
        "yorum": 73,
        "url": "https://www.airbnb.com.tr/rooms/1449882932447466694"
      }
    },
    {
      "type": "Feature",
      "geometry": {
        "type": "Point",
        "coordinates": [
          30.709968104047135,
          36.88564811875901
        ]
      },
      "properties": {
        "katman": "AIRBNB_ILANI",
        "id": "1455015939814232591",
        "ad": "Daire - Muratpaşa",
        "alt_tur": "Daire",
        "fiyat_tl": 3003,
        "fiyat_1_gun_tl": 3003,
        "fiyat_1_hafta_tl": null,
        "fiyat_1_ay_tl": null,
        "fiyat_3_ay_tl": null,
        "puan": 4.91,
        "yorum": 23,
        "url": "https://www.airbnb.com.tr/rooms/1455015939814232591"
      }
    },
    {
      "type": "Feature",
      "geometry": {
        "type": "Point",
        "coordinates": [
          30.7302,
          36.8874
        ]
      },
      "properties": {
        "katman": "AIRBNB_ILANI",
        "id": "1531893705364435094",
        "ad": "Daire - Muratpaşa",
        "alt_tur": "Daire",
        "fiyat_tl": 5240,
        "fiyat_1_gun_tl": 5240,
        "fiyat_1_hafta_tl": null,
        "fiyat_1_ay_tl": null,
        "fiyat_3_ay_tl": null,
        "puan": 4.86,
        "yorum": 35,
        "url": "https://www.airbnb.com.tr/rooms/1531893705364435094"
      }
    },
    {
      "type": "Feature",
      "geometry": {
        "type": "Point",
        "coordinates": [
          30.8719,
          36.8659
        ]
      },
      "properties": {
        "katman": "AIRBNB_ILANI",
        "id": "1756401645871809037",
        "ad": "Ev - Aksu",
        "alt_tur": "Daire / Ev",
        "fiyat_tl": 3850,
        "fiyat_1_gun_tl": 3850,
        "fiyat_1_hafta_tl": null,
        "fiyat_1_ay_tl": null,
        "fiyat_3_ay_tl": null,
        "puan": 5.0,
        "yorum": 3,
        "url": "https://www.airbnb.com.tr/rooms/1756401645871809037"
      }
    },
    {
      "type": "Feature",
      "geometry": {
        "type": "Point",
        "coordinates": [
          30.7016,
          36.8874
        ]
      },
      "properties": {
        "katman": "AIRBNB_ILANI",
        "id": "1122275289978889323",
        "ad": "Otel - Muratpaşa",
        "alt_tur": "Daire / Ev",
        "fiyat_tl": 1500,
        "fiyat_1_gun_tl": 1500,
        "fiyat_1_hafta_tl": 1500,
        "fiyat_1_ay_tl": null,
        "fiyat_3_ay_tl": null,
        "puan": 4.32,
        "yorum": 31,
        "url": "https://www.airbnb.com.tr/rooms/1122275289978889323"
      }
    },
    {
      "type": "Feature",
      "geometry": {
        "type": "Point",
        "coordinates": [
          30.701560422617703,
          36.89003734965638
        ]
      },
      "properties": {
        "katman": "AIRBNB_ILANI",
        "id": "1486819659004234498",
        "ad": "Daire - Muratpaşa",
        "alt_tur": "Daire",
        "fiyat_tl": 3345,
        "fiyat_1_gun_tl": 3357,
        "fiyat_1_hafta_tl": 3333,
        "fiyat_1_ay_tl": null,
        "fiyat_3_ay_tl": null,
        "puan": 4.86,
        "yorum": 28,
        "url": "https://www.airbnb.com.tr/rooms/1486819659004234498"
      }
    },
    {
      "type": "Feature",
      "geometry": {
        "type": "Point",
        "coordinates": [
          30.7646,
          36.8492
        ]
      },
      "properties": {
        "katman": "AIRBNB_ILANI",
        "id": "763596979854248263",
        "ad": "Daire - Muratpaşa",
        "alt_tur": "Daire",
        "fiyat_tl": 3965,
        "fiyat_1_gun_tl": 3965,
        "fiyat_1_hafta_tl": null,
        "fiyat_1_ay_tl": null,
        "fiyat_3_ay_tl": null,
        "puan": 4.96,
        "yorum": 50,
        "url": "https://www.airbnb.com.tr/rooms/763596979854248263"
      }
    },
    {
      "type": "Feature",
      "geometry": {
        "type": "Point",
        "coordinates": [
          30.709,
          36.8816
        ]
      },
      "properties": {
        "katman": "AIRBNB_ILANI",
        "id": "1323223906965413754",
        "ad": "Otel - Muratpaşa",
        "alt_tur": "Daire / Ev",
        "fiyat_tl": 3873,
        "fiyat_1_gun_tl": 3873,
        "fiyat_1_hafta_tl": null,
        "fiyat_1_ay_tl": null,
        "fiyat_3_ay_tl": null,
        "puan": 4.96,
        "yorum": 24,
        "url": "https://www.airbnb.com.tr/rooms/1323223906965413754"
      }
    },
    {
      "type": "Feature",
      "geometry": {
        "type": "Point",
        "coordinates": [
          30.706,
          36.9093
        ]
      },
      "properties": {
        "katman": "AIRBNB_ILANI",
        "id": "1176059923021709679",
        "ad": "Daire - Muratpaşa",
        "alt_tur": "Daire",
        "fiyat_tl": 5652,
        "fiyat_1_gun_tl": 5652,
        "fiyat_1_hafta_tl": null,
        "fiyat_1_ay_tl": null,
        "fiyat_3_ay_tl": null,
        "puan": 4.94,
        "yorum": 129,
        "url": "https://www.airbnb.com.tr/rooms/1176059923021709679"
      }
    },
    {
      "type": "Feature",
      "geometry": {
        "type": "Point",
        "coordinates": [
          30.7611,
          36.8562
        ]
      },
      "properties": {
        "katman": "AIRBNB_ILANI",
        "id": "1446932999895754507",
        "ad": "Daire - Muratpaşa",
        "alt_tur": "Daire",
        "fiyat_tl": 4018,
        "fiyat_1_gun_tl": 4018,
        "fiyat_1_hafta_tl": null,
        "fiyat_1_ay_tl": null,
        "fiyat_3_ay_tl": null,
        "puan": 4.33,
        "yorum": 9,
        "url": "https://www.airbnb.com.tr/rooms/1446932999895754507"
      }
    },
    {
      "type": "Feature",
      "geometry": {
        "type": "Point",
        "coordinates": [
          30.7611,
          36.8561
        ]
      },
      "properties": {
        "katman": "AIRBNB_ILANI",
        "id": "1129760170127746586",
        "ad": "Daire - Muratpaşa",
        "alt_tur": "Daire",
        "fiyat_tl": 6811,
        "fiyat_1_gun_tl": 6811,
        "fiyat_1_hafta_tl": null,
        "fiyat_1_ay_tl": null,
        "fiyat_3_ay_tl": null,
        "puan": 4.95,
        "yorum": 64,
        "url": "https://www.airbnb.com.tr/rooms/1129760170127746586"
      }
    },
    {
      "type": "Feature",
      "geometry": {
        "type": "Point",
        "coordinates": [
          30.7082,
          36.8829
        ]
      },
      "properties": {
        "katman": "AIRBNB_ILANI",
        "id": "1774854983878276353",
        "ad": "Otel - Muratpaşa",
        "alt_tur": "Özel Oda",
        "fiyat_tl": 3143,
        "fiyat_1_gun_tl": 3143,
        "fiyat_1_hafta_tl": null,
        "fiyat_1_ay_tl": null,
        "fiyat_3_ay_tl": null,
        "puan": null,
        "yorum": 0,
        "url": "https://www.airbnb.com.tr/rooms/1774854983878276353"
      }
    },
    {
      "type": "Feature",
      "geometry": {
        "type": "Point",
        "coordinates": [
          30.8335,
          36.8877
        ]
      },
      "properties": {
        "katman": "AIRBNB_ILANI",
        "id": "1696376784026602093",
        "ad": "Daire - Muratpaşa",
        "alt_tur": "Daire",
        "fiyat_tl": 5420,
        "fiyat_1_gun_tl": 5420,
        "fiyat_1_hafta_tl": null,
        "fiyat_1_ay_tl": null,
        "fiyat_3_ay_tl": null,
        "puan": 4.94,
        "yorum": 16,
        "url": "https://www.airbnb.com.tr/rooms/1696376784026602093"
      }
    },
    {
      "type": "Feature",
      "geometry": {
        "type": "Point",
        "coordinates": [
          30.8152,
          36.875
        ]
      },
      "properties": {
        "katman": "AIRBNB_ILANI",
        "id": "1191103294707168781",
        "ad": "Daire - Muratpaşa",
        "alt_tur": "Daire",
        "fiyat_tl": 7157,
        "fiyat_1_gun_tl": 7157,
        "fiyat_1_hafta_tl": null,
        "fiyat_1_ay_tl": null,
        "fiyat_3_ay_tl": null,
        "puan": 4.93,
        "yorum": 101,
        "url": "https://www.airbnb.com.tr/rooms/1191103294707168781"
      }
    },
    {
      "type": "Feature",
      "geometry": {
        "type": "Point",
        "coordinates": [
          30.81128,
          36.84774
        ]
      },
      "properties": {
        "katman": "AIRBNB_ILANI",
        "id": "37620298",
        "ad": "Daire - Muratpaşa",
        "alt_tur": "Daire",
        "fiyat_tl": 7833,
        "fiyat_1_gun_tl": 7833,
        "fiyat_1_hafta_tl": null,
        "fiyat_1_ay_tl": null,
        "fiyat_3_ay_tl": null,
        "puan": 4.8,
        "yorum": 204,
        "url": "https://www.airbnb.com.tr/rooms/37620298"
      }
    },
    {
      "type": "Feature",
      "geometry": {
        "type": "Point",
        "coordinates": [
          30.74253,
          36.85531
        ]
      },
      "properties": {
        "katman": "AIRBNB_ILANI",
        "id": "1171479435481306748",
        "ad": "Muratpaşa bölgesinde odalar",
        "alt_tur": "Özel Oda",
        "fiyat_tl": 2961,
        "fiyat_1_gun_tl": 2961,
        "fiyat_1_hafta_tl": null,
        "fiyat_1_ay_tl": null,
        "fiyat_3_ay_tl": null,
        "puan": 5.0,
        "yorum": 5,
        "url": "https://www.airbnb.com.tr/rooms/1171479435481306748"
      }
    },
    {
      "type": "Feature",
      "geometry": {
        "type": "Point",
        "coordinates": [
          30.7027,
          36.8991
        ]
      },
      "properties": {
        "katman": "AIRBNB_ILANI",
        "id": "1655244211004489932",
        "ad": "Otel - Muratpaşa",
        "alt_tur": "Özel Oda",
        "fiyat_tl": 1530,
        "fiyat_1_gun_tl": 1530,
        "fiyat_1_hafta_tl": null,
        "fiyat_1_ay_tl": null,
        "fiyat_3_ay_tl": null,
        "puan": 4.4,
        "yorum": 5,
        "url": "https://www.airbnb.com.tr/rooms/1655244211004489932"
      }
    },
    {
      "type": "Feature",
      "geometry": {
        "type": "Point",
        "coordinates": [
          30.709,
          36.8817
        ]
      },
      "properties": {
        "katman": "AIRBNB_ILANI",
        "id": "1323212911011141431",
        "ad": "Otel - Muratpaşa",
        "alt_tur": "Daire / Ev",
        "fiyat_tl": 3873,
        "fiyat_1_gun_tl": 3873,
        "fiyat_1_hafta_tl": null,
        "fiyat_1_ay_tl": null,
        "fiyat_3_ay_tl": null,
        "puan": 5.0,
        "yorum": 3,
        "url": "https://www.airbnb.com.tr/rooms/1323212911011141431"
      }
    },
    {
      "type": "Feature",
      "geometry": {
        "type": "Point",
        "coordinates": [
          30.7652,
          36.8504
        ]
      },
      "properties": {
        "katman": "AIRBNB_ILANI",
        "id": "1389977470737671774",
        "ad": "Otel - Muratpaşa",
        "alt_tur": "Özel Oda",
        "fiyat_tl": 2638,
        "fiyat_1_gun_tl": null,
        "fiyat_1_hafta_tl": 2638,
        "fiyat_1_ay_tl": null,
        "fiyat_3_ay_tl": null,
        "puan": 4.83,
        "yorum": 36,
        "url": "https://www.airbnb.com.tr/rooms/1389977470737671774"
      }
    },
    {
      "type": "Feature",
      "geometry": {
        "type": "Point",
        "coordinates": [
          30.713932527316526,
          36.891618815571285
        ]
      },
      "properties": {
        "katman": "AIRBNB_ILANI",
        "id": "1370930471386797677",
        "ad": "Daire - Muratpaşa",
        "alt_tur": "Daire",
        "fiyat_tl": 3552,
        "fiyat_1_gun_tl": null,
        "fiyat_1_hafta_tl": 3552,
        "fiyat_1_ay_tl": null,
        "fiyat_3_ay_tl": null,
        "puan": 5.0,
        "yorum": 39,
        "url": "https://www.airbnb.com.tr/rooms/1370930471386797677"
      }
    },
    {
      "type": "Feature",
      "geometry": {
        "type": "Point",
        "coordinates": [
          30.71437,
          36.88299
        ]
      },
      "properties": {
        "katman": "AIRBNB_ILANI",
        "id": "1436858748043473365",
        "ad": "Otel - Muratpaşa",
        "alt_tur": "Daire / Ev",
        "fiyat_tl": 2000,
        "fiyat_1_gun_tl": null,
        "fiyat_1_hafta_tl": 2000,
        "fiyat_1_ay_tl": 2000,
        "fiyat_3_ay_tl": null,
        "puan": 4.8,
        "yorum": 30,
        "url": "https://www.airbnb.com.tr/rooms/1436858748043473365"
      }
    },
    {
      "type": "Feature",
      "geometry": {
        "type": "Point",
        "coordinates": [
          30.73,
          36.8876
        ]
      },
      "properties": {
        "katman": "AIRBNB_ILANI",
        "id": "1531909386980202334",
        "ad": "Daire - Muratpaşa",
        "alt_tur": "Daire",
        "fiyat_tl": 4021,
        "fiyat_1_gun_tl": null,
        "fiyat_1_hafta_tl": 4021,
        "fiyat_1_ay_tl": null,
        "fiyat_3_ay_tl": null,
        "puan": 4.84,
        "yorum": 57,
        "url": "https://www.airbnb.com.tr/rooms/1531909386980202334"
      }
    },
    {
      "type": "Feature",
      "geometry": {
        "type": "Point",
        "coordinates": [
          30.7058,
          36.8824
        ]
      },
      "properties": {
        "katman": "AIRBNB_ILANI",
        "id": "667846418310015901",
        "ad": "Butik otel - Muratpaşa",
        "alt_tur": "Daire / Ev",
        "fiyat_tl": 3330,
        "fiyat_1_gun_tl": null,
        "fiyat_1_hafta_tl": 3330,
        "fiyat_1_ay_tl": 3330,
        "fiyat_3_ay_tl": null,
        "puan": 4.74,
        "yorum": 73,
        "url": "https://www.airbnb.com.tr/rooms/667846418310015901"
      }
    },
    {
      "type": "Feature",
      "geometry": {
        "type": "Point",
        "coordinates": [
          30.7654,
          36.8511
        ]
      },
      "properties": {
        "katman": "AIRBNB_ILANI",
        "id": "2937957",
        "ad": "Daire - Muratpaşa",
        "alt_tur": "Daire",
        "fiyat_tl": 3929,
        "fiyat_1_gun_tl": null,
        "fiyat_1_hafta_tl": 3929,
        "fiyat_1_ay_tl": 3929,
        "fiyat_3_ay_tl": null,
        "puan": 4.88,
        "yorum": 16,
        "url": "https://www.airbnb.com.tr/rooms/2937957"
      }
    },
    {
      "type": "Feature",
      "geometry": {
        "type": "Point",
        "coordinates": [
          30.7664,
          36.8507
        ]
      },
      "properties": {
        "katman": "AIRBNB_ILANI",
        "id": "1308660357381720724",
        "ad": "Daire - Muratpaşa",
        "alt_tur": "Daire",
        "fiyat_tl": 3342,
        "fiyat_1_gun_tl": null,
        "fiyat_1_hafta_tl": 3342,
        "fiyat_1_ay_tl": null,
        "fiyat_3_ay_tl": null,
        "puan": 4.51,
        "yorum": 76,
        "url": "https://www.airbnb.com.tr/rooms/1308660357381720724"
      }
    },
    {
      "type": "Feature",
      "geometry": {
        "type": "Point",
        "coordinates": [
          30.7056,
          36.8904
        ]
      },
      "properties": {
        "katman": "AIRBNB_ILANI",
        "id": "1618810294519011958",
        "ad": "Daire - Muratpaşa",
        "alt_tur": "Daire",
        "fiyat_tl": 1780,
        "fiyat_1_gun_tl": null,
        "fiyat_1_hafta_tl": 1780,
        "fiyat_1_ay_tl": null,
        "fiyat_3_ay_tl": null,
        "puan": 5.0,
        "yorum": 6,
        "url": "https://www.airbnb.com.tr/rooms/1618810294519011958"
      }
    },
    {
      "type": "Feature",
      "geometry": {
        "type": "Point",
        "coordinates": [
          30.7095,
          36.8819
        ]
      },
      "properties": {
        "katman": "AIRBNB_ILANI",
        "id": "1134779164073151180",
        "ad": "Otel - Muratpaşa",
        "alt_tur": "Daire / Ev",
        "fiyat_tl": 3003,
        "fiyat_1_gun_tl": null,
        "fiyat_1_hafta_tl": 3761,
        "fiyat_1_ay_tl": null,
        "fiyat_3_ay_tl": 2245,
        "puan": 4.95,
        "yorum": 65,
        "url": "https://www.airbnb.com.tr/rooms/1134779164073151180"
      }
    },
    {
      "type": "Feature",
      "geometry": {
        "type": "Point",
        "coordinates": [
          30.70539,
          36.88393
        ]
      },
      "properties": {
        "katman": "AIRBNB_ILANI",
        "id": "36084274",
        "ad": "Daire - Muratpaşa",
        "alt_tur": "Daire",
        "fiyat_tl": 4491,
        "fiyat_1_gun_tl": null,
        "fiyat_1_hafta_tl": 4491,
        "fiyat_1_ay_tl": null,
        "fiyat_3_ay_tl": null,
        "puan": 4.79,
        "yorum": 162,
        "url": "https://www.airbnb.com.tr/rooms/36084274"
      }
    },
    {
      "type": "Feature",
      "geometry": {
        "type": "Point",
        "coordinates": [
          30.7646,
          36.8491
        ]
      },
      "properties": {
        "katman": "AIRBNB_ILANI",
        "id": "639661518342172104",
        "ad": "Daire - Muratpaşa",
        "alt_tur": "Daire",
        "fiyat_tl": 3722,
        "fiyat_1_gun_tl": null,
        "fiyat_1_hafta_tl": 3722,
        "fiyat_1_ay_tl": null,
        "fiyat_3_ay_tl": null,
        "puan": 4.77,
        "yorum": 62,
        "url": "https://www.airbnb.com.tr/rooms/639661518342172104"
      }
    },
    {
      "type": "Feature",
      "geometry": {
        "type": "Point",
        "coordinates": [
          30.7096,
          36.8819
        ]
      },
      "properties": {
        "katman": "AIRBNB_ILANI",
        "id": "1449909494148327728",
        "ad": "Otel - Muratpaşa",
        "alt_tur": "Özel Oda",
        "fiyat_tl": 3649,
        "fiyat_1_gun_tl": null,
        "fiyat_1_hafta_tl": 3649,
        "fiyat_1_ay_tl": null,
        "fiyat_3_ay_tl": null,
        "puan": 4.98,
        "yorum": 42,
        "url": "https://www.airbnb.com.tr/rooms/1449909494148327728"
      }
    },
    {
      "type": "Feature",
      "geometry": {
        "type": "Point",
        "coordinates": [
          30.7709,
          36.8497
        ]
      },
      "properties": {
        "katman": "AIRBNB_ILANI",
        "id": "49529769",
        "ad": "Ev - Muratpaşa",
        "alt_tur": "Daire / Ev",
        "fiyat_tl": 3087,
        "fiyat_1_gun_tl": null,
        "fiyat_1_hafta_tl": 3087,
        "fiyat_1_ay_tl": null,
        "fiyat_3_ay_tl": null,
        "puan": 4.79,
        "yorum": 19,
        "url": "https://www.airbnb.com.tr/rooms/49529769"
      }
    },
    {
      "type": "Feature",
      "geometry": {
        "type": "Point",
        "coordinates": [
          30.7058,
          36.8911
        ]
      },
      "properties": {
        "katman": "AIRBNB_ILANI",
        "id": "752525813872127108",
        "ad": "Otel - Muratpaşa",
        "alt_tur": "Müstakil Villa",
        "fiyat_tl": 2039,
        "fiyat_1_gun_tl": null,
        "fiyat_1_hafta_tl": 2039,
        "fiyat_1_ay_tl": null,
        "fiyat_3_ay_tl": null,
        "puan": 4.74,
        "yorum": 61,
        "url": "https://www.airbnb.com.tr/rooms/752525813872127108"
      }
    },
    {
      "type": "Feature",
      "geometry": {
        "type": "Point",
        "coordinates": [
          30.795734000154084,
          36.86807236798306
        ]
      },
      "properties": {
        "katman": "AIRBNB_ILANI",
        "id": "1670121684409390266",
        "ad": "Muratpaşa bölgesinde oda",
        "alt_tur": "Özel Oda",
        "fiyat_tl": 1696,
        "fiyat_1_gun_tl": null,
        "fiyat_1_hafta_tl": 1696,
        "fiyat_1_ay_tl": null,
        "fiyat_3_ay_tl": null,
        "puan": null,
        "yorum": 0,
        "url": "https://www.airbnb.com.tr/rooms/1670121684409390266"
      }
    },
    {
      "type": "Feature",
      "geometry": {
        "type": "Point",
        "coordinates": [
          30.7632,
          36.8509
        ]
      },
      "properties": {
        "katman": "AIRBNB_ILANI",
        "id": "1621642498494750717",
        "ad": "Otel - Muratpaşa",
        "alt_tur": "Özel Oda",
        "fiyat_tl": 4210,
        "fiyat_1_gun_tl": null,
        "fiyat_1_hafta_tl": 4210,
        "fiyat_1_ay_tl": null,
        "fiyat_3_ay_tl": null,
        "puan": 4.63,
        "yorum": 8,
        "url": "https://www.airbnb.com.tr/rooms/1621642498494750717"
      }
    },
    {
      "type": "Feature",
      "geometry": {
        "type": "Point",
        "coordinates": [
          30.7096,
          36.882
        ]
      },
      "properties": {
        "katman": "AIRBNB_ILANI",
        "id": "1449911838892852751",
        "ad": "Otel - Muratpaşa",
        "alt_tur": "Özel Oda",
        "fiyat_tl": 3368,
        "fiyat_1_gun_tl": null,
        "fiyat_1_hafta_tl": null,
        "fiyat_1_ay_tl": 3368,
        "fiyat_3_ay_tl": null,
        "puan": 5.0,
        "yorum": 51,
        "url": "https://www.airbnb.com.tr/rooms/1449911838892852751"
      }
    },
    {
      "type": "Feature",
      "geometry": {
        "type": "Point",
        "coordinates": [
          30.83209,
          36.87309
        ]
      },
      "properties": {
        "katman": "AIRBNB_ILANI",
        "id": "1503747651016818546",
        "ad": "Daire - Muratpaşa",
        "alt_tur": "Daire",
        "fiyat_tl": 3079,
        "fiyat_1_gun_tl": null,
        "fiyat_1_hafta_tl": null,
        "fiyat_1_ay_tl": 3079,
        "fiyat_3_ay_tl": null,
        "puan": 4.92,
        "yorum": 24,
        "url": "https://www.airbnb.com.tr/rooms/1503747651016818546"
      }
    },
    {
      "type": "Feature",
      "geometry": {
        "type": "Point",
        "coordinates": [
          30.70888690043124,
          36.88439095986824
        ]
      },
      "properties": {
        "katman": "AIRBNB_ILANI",
        "id": "697144904298220715",
        "ad": "Butik otel - Muratpaşa",
        "alt_tur": "Özel Oda",
        "fiyat_tl": 2245,
        "fiyat_1_gun_tl": null,
        "fiyat_1_hafta_tl": null,
        "fiyat_1_ay_tl": 2245,
        "fiyat_3_ay_tl": null,
        "puan": 4.44,
        "yorum": 124,
        "url": "https://www.airbnb.com.tr/rooms/697144904298220715"
      }
    },
    {
      "type": "Feature",
      "geometry": {
        "type": "Point",
        "coordinates": [
          30.74522,
          36.8554
        ]
      },
      "properties": {
        "katman": "AIRBNB_ILANI",
        "id": "1755061155540315495",
        "ad": "Muratpaşa bölgesinde oda",
        "alt_tur": "Özel Oda",
        "fiyat_tl": 3041,
        "fiyat_1_gun_tl": null,
        "fiyat_1_hafta_tl": null,
        "fiyat_1_ay_tl": 3041,
        "fiyat_3_ay_tl": null,
        "puan": null,
        "yorum": 0,
        "url": "https://www.airbnb.com.tr/rooms/1755061155540315495"
      }
    },
    {
      "type": "Feature",
      "geometry": {
        "type": "Point",
        "coordinates": [
          30.7135,
          36.8942
        ]
      },
      "properties": {
        "katman": "AIRBNB_ILANI",
        "id": "1561689971571967937",
        "ad": "Daire - Muratpaşa",
        "alt_tur": "Daire",
        "fiyat_tl": 4160,
        "fiyat_1_gun_tl": null,
        "fiyat_1_hafta_tl": null,
        "fiyat_1_ay_tl": 4160,
        "fiyat_3_ay_tl": null,
        "puan": 5.0,
        "yorum": 33,
        "url": "https://www.airbnb.com.tr/rooms/1561689971571967937"
      }
    },
    {
      "type": "Feature",
      "geometry": {
        "type": "Point",
        "coordinates": [
          30.7095,
          36.8819
        ]
      },
      "properties": {
        "katman": "AIRBNB_ILANI",
        "id": "1128004691640328697",
        "ad": "Otel - Muratpaşa",
        "alt_tur": "Daire / Ev",
        "fiyat_tl": 4042,
        "fiyat_1_gun_tl": null,
        "fiyat_1_hafta_tl": null,
        "fiyat_1_ay_tl": 4042,
        "fiyat_3_ay_tl": null,
        "puan": 5.0,
        "yorum": 19,
        "url": "https://www.airbnb.com.tr/rooms/1128004691640328697"
      }
    },
    {
      "type": "Feature",
      "geometry": {
        "type": "Point",
        "coordinates": [
          30.83208711895945,
          36.87473103752637
        ]
      },
      "properties": {
        "katman": "AIRBNB_ILANI",
        "id": "1478845658043855146",
        "ad": "Daire - Muratpaşa",
        "alt_tur": "Daire",
        "fiyat_tl": 3257,
        "fiyat_1_gun_tl": null,
        "fiyat_1_hafta_tl": null,
        "fiyat_1_ay_tl": 3257,
        "fiyat_3_ay_tl": null,
        "puan": 5.0,
        "yorum": 29,
        "url": "https://www.airbnb.com.tr/rooms/1478845658043855146"
      }
    },
    {
      "type": "Feature",
      "geometry": {
        "type": "Point",
        "coordinates": [
          30.811974369053114,
          36.85566121798075
        ]
      },
      "properties": {
        "katman": "AIRBNB_ILANI",
        "id": "1391405959714094908",
        "ad": "Daire - Güzeloba",
        "alt_tur": "Daire",
        "fiyat_tl": 3600,
        "fiyat_1_gun_tl": null,
        "fiyat_1_hafta_tl": null,
        "fiyat_1_ay_tl": 4000,
        "fiyat_3_ay_tl": 3200,
        "puan": 4.92,
        "yorum": 24,
        "url": "https://www.airbnb.com.tr/rooms/1391405959714094908"
      }
    },
    {
      "type": "Feature",
      "geometry": {
        "type": "Point",
        "coordinates": [
          30.706189883600718,
          36.88132254989747
        ]
      },
      "properties": {
        "katman": "AIRBNB_ILANI",
        "id": "27518088",
        "ad": "Daire - Muratpaşa",
        "alt_tur": "Daire",
        "fiyat_tl": 3566,
        "fiyat_1_gun_tl": null,
        "fiyat_1_hafta_tl": null,
        "fiyat_1_ay_tl": 3566,
        "fiyat_3_ay_tl": null,
        "puan": 4.86,
        "yorum": 268,
        "url": "https://www.airbnb.com.tr/rooms/27518088"
      }
    },
    {
      "type": "Feature",
      "geometry": {
        "type": "Point",
        "coordinates": [
          30.7089,
          36.8818
        ]
      },
      "properties": {
        "katman": "AIRBNB_ILANI",
        "id": "1457177734828697327",
        "ad": "Otel - Muratpaşa",
        "alt_tur": "Özel Oda",
        "fiyat_tl": 1965,
        "fiyat_1_gun_tl": null,
        "fiyat_1_hafta_tl": null,
        "fiyat_1_ay_tl": 1965,
        "fiyat_3_ay_tl": null,
        "puan": 4.74,
        "yorum": 39,
        "url": "https://www.airbnb.com.tr/rooms/1457177734828697327"
      }
    },
    {
      "type": "Feature",
      "geometry": {
        "type": "Point",
        "coordinates": [
          30.7668,
          36.8485
        ]
      },
      "properties": {
        "katman": "AIRBNB_ILANI",
        "id": "1399341368950135243",
        "ad": "Otel - Muratpaşa",
        "alt_tur": "Özel Oda",
        "fiyat_tl": 3312,
        "fiyat_1_gun_tl": null,
        "fiyat_1_hafta_tl": null,
        "fiyat_1_ay_tl": 3312,
        "fiyat_3_ay_tl": null,
        "puan": 4.87,
        "yorum": 62,
        "url": "https://www.airbnb.com.tr/rooms/1399341368950135243"
      }
    },
    {
      "type": "Feature",
      "geometry": {
        "type": "Point",
        "coordinates": [
          30.7119,
          36.8916
        ]
      },
      "properties": {
        "katman": "AIRBNB_ILANI",
        "id": "1393225237305877707",
        "ad": "Daire - Muratpaşa",
        "alt_tur": "Daire",
        "fiyat_tl": 4378,
        "fiyat_1_gun_tl": null,
        "fiyat_1_hafta_tl": null,
        "fiyat_1_ay_tl": 4865,
        "fiyat_3_ay_tl": 3892,
        "puan": 4.97,
        "yorum": 68,
        "url": "https://www.airbnb.com.tr/rooms/1393225237305877707"
      }
    },
    {
      "type": "Feature",
      "geometry": {
        "type": "Point",
        "coordinates": [
          30.78642,
          36.85549
        ]
      },
      "properties": {
        "katman": "AIRBNB_ILANI",
        "id": "929058575019767951",
        "ad": "Daire - Güzeloba",
        "alt_tur": "Daire",
        "fiyat_tl": 2807,
        "fiyat_1_gun_tl": null,
        "fiyat_1_hafta_tl": null,
        "fiyat_1_ay_tl": 2807,
        "fiyat_3_ay_tl": null,
        "puan": 4.9,
        "yorum": 125,
        "url": "https://www.airbnb.com.tr/rooms/929058575019767951"
      }
    },
    {
      "type": "Feature",
      "geometry": {
        "type": "Point",
        "coordinates": [
          30.735252502863894,
          36.85773202648975
        ]
      },
      "properties": {
        "katman": "AIRBNB_ILANI",
        "id": "1669547982253155040",
        "ad": "Kamp aracı/Karavan - Muratpaşa",
        "alt_tur": "Daire / Ev",
        "fiyat_tl": 2541,
        "fiyat_1_gun_tl": null,
        "fiyat_1_hafta_tl": null,
        "fiyat_1_ay_tl": 2541,
        "fiyat_3_ay_tl": null,
        "puan": 5.0,
        "yorum": 36,
        "url": "https://www.airbnb.com.tr/rooms/1669547982253155040"
      }
    },
    {
      "type": "Feature",
      "geometry": {
        "type": "Point",
        "coordinates": [
          30.7114,
          36.8835
        ]
      },
      "properties": {
        "katman": "AIRBNB_ILANI",
        "id": "1334145302468910978",
        "ad": "Daire - Muratpaşa",
        "alt_tur": "Daire",
        "fiyat_tl": 9913,
        "fiyat_1_gun_tl": null,
        "fiyat_1_hafta_tl": null,
        "fiyat_1_ay_tl": 9913,
        "fiyat_3_ay_tl": null,
        "puan": 4.98,
        "yorum": 100,
        "url": "https://www.airbnb.com.tr/rooms/1334145302468910978"
      }
    },
    {
      "type": "Feature",
      "geometry": {
        "type": "Point",
        "coordinates": [
          30.8059,
          36.85293
        ]
      },
      "properties": {
        "katman": "AIRBNB_ILANI",
        "id": "46017176",
        "ad": "Daire - Muratpaşa",
        "alt_tur": "Daire",
        "fiyat_tl": 3929,
        "fiyat_1_gun_tl": null,
        "fiyat_1_hafta_tl": null,
        "fiyat_1_ay_tl": null,
        "fiyat_3_ay_tl": 3929,
        "puan": 4.92,
        "yorum": 175,
        "url": "https://www.airbnb.com.tr/rooms/46017176"
      }
    },
    {
      "type": "Feature",
      "geometry": {
        "type": "Point",
        "coordinates": [
          30.7116,
          36.8911
        ]
      },
      "properties": {
        "katman": "AIRBNB_ILANI",
        "id": "746472031706834164",
        "ad": "Daire - Muratpaşa",
        "alt_tur": "Daire",
        "fiyat_tl": 4884,
        "fiyat_1_gun_tl": null,
        "fiyat_1_hafta_tl": null,
        "fiyat_1_ay_tl": null,
        "fiyat_3_ay_tl": 4884,
        "puan": 4.97,
        "yorum": 216,
        "url": "https://www.airbnb.com.tr/rooms/746472031706834164"
      }
    },
    {
      "type": "Feature",
      "geometry": {
        "type": "Point",
        "coordinates": [
          30.7191,
          36.8881
        ]
      },
      "properties": {
        "katman": "AIRBNB_ILANI",
        "id": "1697089838154868037",
        "ad": "Daire - Muratpaşa",
        "alt_tur": "Daire",
        "fiyat_tl": 3500,
        "fiyat_1_gun_tl": null,
        "fiyat_1_hafta_tl": null,
        "fiyat_1_ay_tl": null,
        "fiyat_3_ay_tl": 3500,
        "puan": 4.94,
        "yorum": 17,
        "url": "https://www.airbnb.com.tr/rooms/1697089838154868037"
      }
    },
    {
      "type": "Feature",
      "geometry": {
        "type": "Point",
        "coordinates": [
          30.7095,
          36.8812
        ]
      },
      "properties": {
        "katman": "AIRBNB_ILANI",
        "id": "876482599979245077",
        "ad": "Otel - Muratpaşa",
        "alt_tur": "Daire / Ev",
        "fiyat_tl": 2358,
        "fiyat_1_gun_tl": null,
        "fiyat_1_hafta_tl": null,
        "fiyat_1_ay_tl": null,
        "fiyat_3_ay_tl": 2358,
        "puan": 4.91,
        "yorum": 118,
        "url": "https://www.airbnb.com.tr/rooms/876482599979245077"
      }
    },
    {
      "type": "Feature",
      "geometry": {
        "type": "Point",
        "coordinates": [
          30.7119,
          36.8916
        ]
      },
      "properties": {
        "katman": "AIRBNB_ILANI",
        "id": "1377491729359350918",
        "ad": "Daire - Muratpaşa",
        "alt_tur": "Özel Oda",
        "fiyat_tl": 6455,
        "fiyat_1_gun_tl": null,
        "fiyat_1_hafta_tl": null,
        "fiyat_1_ay_tl": null,
        "fiyat_3_ay_tl": 6455,
        "puan": 4.95,
        "yorum": 81,
        "url": "https://www.airbnb.com.tr/rooms/1377491729359350918"
      }
    },
    {
      "type": "Feature",
      "geometry": {
        "type": "Point",
        "coordinates": [
          30.76364,
          36.84969
        ]
      },
      "properties": {
        "katman": "AIRBNB_ILANI",
        "id": "968054242236653700",
        "ad": "Daire - Muratpaşa",
        "alt_tur": "Daire",
        "fiyat_tl": 4559,
        "fiyat_1_gun_tl": null,
        "fiyat_1_hafta_tl": null,
        "fiyat_1_ay_tl": null,
        "fiyat_3_ay_tl": 4559,
        "puan": 4.82,
        "yorum": 120,
        "url": "https://www.airbnb.com.tr/rooms/968054242236653700"
      }
    },
    {
      "type": "Feature",
      "geometry": {
        "type": "Point",
        "coordinates": [
          30.7045,
          36.8848
        ]
      },
      "properties": {
        "katman": "AIRBNB_ILANI",
        "id": "49024427",
        "ad": "Daire - Muratpaşa",
        "alt_tur": "Daire",
        "fiyat_tl": 5164,
        "fiyat_1_gun_tl": null,
        "fiyat_1_hafta_tl": null,
        "fiyat_1_ay_tl": null,
        "fiyat_3_ay_tl": 5164,
        "puan": 4.76,
        "yorum": 267,
        "url": "https://www.airbnb.com.tr/rooms/49024427"
      }
    },
    {
      "type": "Feature",
      "geometry": {
        "type": "Point",
        "coordinates": [
          30.7119,
          36.8915
        ]
      },
      "properties": {
        "katman": "AIRBNB_ILANI",
        "id": "1405169945951161277",
        "ad": "Daire - Muratpaşa",
        "alt_tur": "Özel Oda",
        "fiyat_tl": 3527,
        "fiyat_1_gun_tl": null,
        "fiyat_1_hafta_tl": null,
        "fiyat_1_ay_tl": null,
        "fiyat_3_ay_tl": 3527,
        "puan": 4.96,
        "yorum": 95,
        "url": "https://www.airbnb.com.tr/rooms/1405169945951161277"
      }
    },
    {
      "type": "Feature",
      "geometry": {
        "type": "Point",
        "coordinates": [
          30.7119,
          36.8916
        ]
      },
      "properties": {
        "katman": "AIRBNB_ILANI",
        "id": "1346465054907417405",
        "ad": "Daire - Muratpaşa",
        "alt_tur": "Daire",
        "fiyat_tl": 5754,
        "fiyat_1_gun_tl": null,
        "fiyat_1_hafta_tl": null,
        "fiyat_1_ay_tl": null,
        "fiyat_3_ay_tl": 5754,
        "puan": 4.98,
        "yorum": 98,
        "url": "https://www.airbnb.com.tr/rooms/1346465054907417405"
      }
    },
    {
      "type": "Feature",
      "geometry": {
        "type": "Point",
        "coordinates": [
          30.71,
          36.885
        ]
      },
      "properties": {
        "katman": "AIRBNB_ILANI",
        "id": "698544181558554527",
        "ad": "Butik otel - Muratpaşa",
        "alt_tur": "Daire / Ev",
        "fiyat_tl": 1965,
        "fiyat_1_gun_tl": null,
        "fiyat_1_hafta_tl": null,
        "fiyat_1_ay_tl": null,
        "fiyat_3_ay_tl": 1965,
        "puan": 4.55,
        "yorum": 58,
        "url": "https://www.airbnb.com.tr/rooms/698544181558554527"
      }
    },
    {
      "type": "Feature",
      "geometry": {
        "type": "Point",
        "coordinates": [
          30.7116,
          36.8912
        ]
      },
      "properties": {
        "katman": "AIRBNB_ILANI",
        "id": "1615348763886373756",
        "ad": "Daire - Muratpaşa",
        "alt_tur": "Daire",
        "fiyat_tl": 5052,
        "fiyat_1_gun_tl": null,
        "fiyat_1_hafta_tl": null,
        "fiyat_1_ay_tl": null,
        "fiyat_3_ay_tl": 5052,
        "puan": 4.97,
        "yorum": 31,
        "url": "https://www.airbnb.com.tr/rooms/1615348763886373756"
      }
    },
    {
      "type": "Feature",
      "geometry": {
        "type": "Point",
        "coordinates": [
          30.7081,
          36.8837
        ]
      },
      "properties": {
        "katman": "AIRBNB_ILANI",
        "id": "954223932550085812",
        "ad": "Otel - Muratpaşa",
        "alt_tur": "Daire / Ev",
        "fiyat_tl": 3649,
        "fiyat_1_gun_tl": null,
        "fiyat_1_hafta_tl": null,
        "fiyat_1_ay_tl": null,
        "fiyat_3_ay_tl": 3649,
        "puan": 4.92,
        "yorum": 154,
        "url": "https://www.airbnb.com.tr/rooms/954223932550085812"
      }
    },
    {
      "type": "Feature",
      "geometry": {
        "type": "Point",
        "coordinates": [
          30.70523,
          36.88139
        ]
      },
      "properties": {
        "katman": "AIRBNB_ILANI",
        "id": "42113401",
        "ad": "Ev - Muratpaşa",
        "alt_tur": "Daire / Ev",
        "fiyat_tl": 3368,
        "fiyat_1_gun_tl": null,
        "fiyat_1_hafta_tl": null,
        "fiyat_1_ay_tl": null,
        "fiyat_3_ay_tl": 3368,
        "puan": 4.65,
        "yorum": 179,
        "url": "https://www.airbnb.com.tr/rooms/42113401"
      }
    },
    {
      "type": "Feature",
      "geometry": {
        "type": "Point",
        "coordinates": [
          30.7135,
          36.8942
        ]
      },
      "properties": {
        "katman": "AIRBNB_ILANI",
        "id": "1559327965767758712",
        "ad": "Daire - Muratpaşa",
        "alt_tur": "Daire",
        "fiyat_tl": 2582,
        "fiyat_1_gun_tl": null,
        "fiyat_1_hafta_tl": null,
        "fiyat_1_ay_tl": null,
        "fiyat_3_ay_tl": 2582,
        "puan": 4.97,
        "yorum": 35,
        "url": "https://www.airbnb.com.tr/rooms/1559327965767758712"
      }
    },
    {
      "type": "Feature",
      "geometry": {
        "type": "Point",
        "coordinates": [
          30.7654,
          36.851
        ]
      },
      "properties": {
        "katman": "AIRBNB_ILANI",
        "id": "1655664500001930692",
        "ad": "Ev - Muratpaşa",
        "alt_tur": "Daire / Ev",
        "fiyat_tl": 2807,
        "fiyat_1_gun_tl": null,
        "fiyat_1_hafta_tl": null,
        "fiyat_1_ay_tl": null,
        "fiyat_3_ay_tl": 2807,
        "puan": 4.8,
        "yorum": 10,
        "url": "https://www.airbnb.com.tr/rooms/1655664500001930692"
      }
    },
    {
      "type": "Feature",
      "geometry": {
        "type": "Point",
        "coordinates": [
          30.63486,
          36.86469
        ]
      },
      "properties": {
        "katman": "AIRBNB_ILANI",
        "id": "681992006908008200",
        "ad": "Daire - Muratpaşa",
        "alt_tur": "Daire",
        "fiyat_tl": 3368,
        "fiyat_1_gun_tl": null,
        "fiyat_1_hafta_tl": null,
        "fiyat_1_ay_tl": 3368,
        "fiyat_3_ay_tl": null,
        "puan": 4.76,
        "yorum": 100,
        "url": "https://www.airbnb.com.tr/rooms/681992006908008200"
      }
    },
    {
      "type": "Feature",
      "geometry": {
        "type": "Point",
        "coordinates": [
          30.6511,
          36.8751
        ]
      },
      "properties": {
        "katman": "AIRBNB_ILANI",
        "id": "1734914998531065029",
        "ad": "Konyaaltı bölgesinde oda",
        "alt_tur": "Özel Oda",
        "fiyat_tl": 3379,
        "fiyat_1_gun_tl": null,
        "fiyat_1_hafta_tl": null,
        "fiyat_1_ay_tl": 3379,
        "fiyat_3_ay_tl": null,
        "puan": 4.89,
        "yorum": 9,
        "url": "https://www.airbnb.com.tr/rooms/1734914998531065029"
      }
    },
    {
      "type": "Feature",
      "geometry": {
        "type": "Point",
        "coordinates": [
          30.5742,
          36.8903
        ]
      },
      "properties": {
        "katman": "AIRBNB_ILANI",
        "id": "1273079740808043482",
        "ad": "Ağaç ev - Muratpaşa",
        "alt_tur": "Daire / Ev",
        "fiyat_tl": 5240,
        "fiyat_1_gun_tl": null,
        "fiyat_1_hafta_tl": null,
        "fiyat_1_ay_tl": 5240,
        "fiyat_3_ay_tl": null,
        "puan": 4.86,
        "yorum": 137,
        "url": "https://www.airbnb.com.tr/rooms/1273079740808043482"
      }
    },
    {
      "type": "Feature",
      "geometry": {
        "type": "Point",
        "coordinates": [
          30.65445,
          36.87332
        ]
      },
      "properties": {
        "katman": "AIRBNB_ILANI",
        "id": "846825650662959761",
        "ad": "Ev - Muratpaşa",
        "alt_tur": "Daire / Ev",
        "fiyat_tl": 8448,
        "fiyat_1_gun_tl": null,
        "fiyat_1_hafta_tl": null,
        "fiyat_1_ay_tl": 8448,
        "fiyat_3_ay_tl": null,
        "puan": 4.89,
        "yorum": 136,
        "url": "https://www.airbnb.com.tr/rooms/846825650662959761"
      }
    },
    {
      "type": "Feature",
      "geometry": {
        "type": "Point",
        "coordinates": [
          30.7095,
          36.8819
        ]
      },
      "properties": {
        "katman": "AIRBNB_ILANI",
        "id": "1134714187074376968",
        "ad": "Otel - Muratpaşa",
        "alt_tur": "Daire / Ev",
        "fiyat_tl": 3368,
        "fiyat_1_gun_tl": null,
        "fiyat_1_hafta_tl": null,
        "fiyat_1_ay_tl": 3368,
        "fiyat_3_ay_tl": null,
        "puan": 4.93,
        "yorum": 81,
        "url": "https://www.airbnb.com.tr/rooms/1134714187074376968"
      }
    },
    {
      "type": "Feature",
      "geometry": {
        "type": "Point",
        "coordinates": [
          30.6577,
          36.9151
        ]
      },
      "properties": {
        "katman": "AIRBNB_ILANI",
        "id": "1586835157472001969",
        "ad": "Ev - Kepez",
        "alt_tur": "Daire / Ev",
        "fiyat_tl": 2132,
        "fiyat_1_gun_tl": null,
        "fiyat_1_hafta_tl": null,
        "fiyat_1_ay_tl": 2132,
        "fiyat_3_ay_tl": null,
        "puan": 4.58,
        "yorum": 12,
        "url": "https://www.airbnb.com.tr/rooms/1586835157472001969"
      }
    },
    {
      "type": "Feature",
      "geometry": {
        "type": "Point",
        "coordinates": [
          30.6913,
          36.9098
        ]
      },
      "properties": {
        "katman": "AIRBNB_ILANI",
        "id": "1774621372927292284",
        "ad": "Daire - Kepez",
        "alt_tur": "Daire",
        "fiyat_tl": 2200,
        "fiyat_1_gun_tl": null,
        "fiyat_1_hafta_tl": null,
        "fiyat_1_ay_tl": 2200,
        "fiyat_3_ay_tl": null,
        "puan": null,
        "yorum": 0,
        "url": "https://www.airbnb.com.tr/rooms/1774621372927292284"
      }
    },
    {
      "type": "Feature",
      "geometry": {
        "type": "Point",
        "coordinates": [
          30.6476,
          36.8732
        ]
      },
      "properties": {
        "katman": "AIRBNB_ILANI",
        "id": "1632757919294677135",
        "ad": "Daire - Konyaaltı",
        "alt_tur": "Daire",
        "fiyat_tl": 3276,
        "fiyat_1_gun_tl": null,
        "fiyat_1_hafta_tl": null,
        "fiyat_1_ay_tl": 3553,
        "fiyat_3_ay_tl": 3000,
        "puan": 4.79,
        "yorum": 14,
        "url": "https://www.airbnb.com.tr/rooms/1632757919294677135"
      }
    },
    {
      "type": "Feature",
      "geometry": {
        "type": "Point",
        "coordinates": [
          30.641,
          36.8762
        ]
      },
      "properties": {
        "katman": "AIRBNB_ILANI",
        "id": "1165730810620566218",
        "ad": "Daire - Muratpaşa",
        "alt_tur": "Daire",
        "fiyat_tl": 9964,
        "fiyat_1_gun_tl": null,
        "fiyat_1_hafta_tl": null,
        "fiyat_1_ay_tl": 11788,
        "fiyat_3_ay_tl": 8139,
        "puan": 4.95,
        "yorum": 184,
        "url": "https://www.airbnb.com.tr/rooms/1165730810620566218"
      }
    },
    {
      "type": "Feature",
      "geometry": {
        "type": "Point",
        "coordinates": [
          30.63609,
          36.86364
        ]
      },
      "properties": {
        "katman": "AIRBNB_ILANI",
        "id": "822837003807280039",
        "ad": "Daire - Muratpaşa",
        "alt_tur": "Özel Oda",
        "fiyat_tl": 2470,
        "fiyat_1_gun_tl": null,
        "fiyat_1_hafta_tl": null,
        "fiyat_1_ay_tl": 2470,
        "fiyat_3_ay_tl": null,
        "puan": 4.42,
        "yorum": 59,
        "url": "https://www.airbnb.com.tr/rooms/822837003807280039"
      }
    },
    {
      "type": "Feature",
      "geometry": {
        "type": "Point",
        "coordinates": [
          30.6838,
          36.8952
        ]
      },
      "properties": {
        "katman": "AIRBNB_ILANI",
        "id": "1624397709433154160",
        "ad": "Daire - Muratpaşa",
        "alt_tur": "Özel Oda",
        "fiyat_tl": 3157,
        "fiyat_1_gun_tl": null,
        "fiyat_1_hafta_tl": null,
        "fiyat_1_ay_tl": 3157,
        "fiyat_3_ay_tl": null,
        "puan": 4.82,
        "yorum": 66,
        "url": "https://www.airbnb.com.tr/rooms/1624397709433154160"
      }
    },
    {
      "type": "Feature",
      "geometry": {
        "type": "Point",
        "coordinates": [
          30.6542,
          36.8719
        ]
      },
      "properties": {
        "katman": "AIRBNB_ILANI",
        "id": "1224078094195574621",
        "ad": "Ev - Muratpaşa",
        "alt_tur": "Daire / Ev",
        "fiyat_tl": 8252,
        "fiyat_1_gun_tl": null,
        "fiyat_1_hafta_tl": null,
        "fiyat_1_ay_tl": 8252,
        "fiyat_3_ay_tl": null,
        "puan": 4.75,
        "yorum": 63,
        "url": "https://www.airbnb.com.tr/rooms/1224078094195574621"
      }
    },
    {
      "type": "Feature",
      "geometry": {
        "type": "Point",
        "coordinates": [
          30.64896,
          36.90537
        ]
      },
      "properties": {
        "katman": "AIRBNB_ILANI",
        "id": "1221573263589312834",
        "ad": "Daire - Konyaaltı",
        "alt_tur": "Daire",
        "fiyat_tl": 3813,
        "fiyat_1_gun_tl": null,
        "fiyat_1_hafta_tl": null,
        "fiyat_1_ay_tl": 3813,
        "fiyat_3_ay_tl": null,
        "puan": 4.87,
        "yorum": 45,
        "url": "https://www.airbnb.com.tr/rooms/1221573263589312834"
      }
    },
    {
      "type": "Feature",
      "geometry": {
        "type": "Point",
        "coordinates": [
          30.6193,
          36.9073
        ]
      },
      "properties": {
        "katman": "AIRBNB_ILANI",
        "id": "1429842788694166912",
        "ad": "Ev - Muratpaşa",
        "alt_tur": "Daire / Ev",
        "fiyat_tl": 7017,
        "fiyat_1_gun_tl": null,
        "fiyat_1_hafta_tl": null,
        "fiyat_1_ay_tl": null,
        "fiyat_3_ay_tl": 7017,
        "puan": 4.78,
        "yorum": 9,
        "url": "https://www.airbnb.com.tr/rooms/1429842788694166912"
      }
    },
    {
      "type": "Feature",
      "geometry": {
        "type": "Point",
        "coordinates": [
          30.6522,
          36.8772
        ]
      },
      "properties": {
        "katman": "AIRBNB_ILANI",
        "id": "803570564649238509",
        "ad": "Daire - Konyaaltı",
        "alt_tur": "Daire",
        "fiyat_tl": 2889,
        "fiyat_1_gun_tl": null,
        "fiyat_1_hafta_tl": null,
        "fiyat_1_ay_tl": null,
        "fiyat_3_ay_tl": 2889,
        "puan": 4.96,
        "yorum": 53,
        "url": "https://www.airbnb.com.tr/rooms/803570564649238509"
      }
    },
    {
      "type": "Feature",
      "geometry": {
        "type": "Point",
        "coordinates": [
          30.6466,
          36.86718
        ]
      },
      "properties": {
        "katman": "AIRBNB_ILANI",
        "id": "817852124331047184",
        "ad": "Küçük ev - Muratpaşa",
        "alt_tur": "Daire / Ev",
        "fiyat_tl": 4210,
        "fiyat_1_gun_tl": null,
        "fiyat_1_hafta_tl": null,
        "fiyat_1_ay_tl": null,
        "fiyat_3_ay_tl": 4210,
        "puan": 4.87,
        "yorum": 109,
        "url": "https://www.airbnb.com.tr/rooms/817852124331047184"
      }
    },
    {
      "type": "Feature",
      "geometry": {
        "type": "Point",
        "coordinates": [
          77.6365,
          27.5634
        ]
      },
      "properties": {
        "katman": "AIRBNB_ILANI",
        "id": "1760691404114620038",
        "ad": "Daire - Vrindavan, Hindistan",
        "alt_tur": "Daire",
        "fiyat_tl": 636,
        "fiyat_1_gun_tl": 636,
        "fiyat_1_hafta_tl": null,
        "fiyat_1_ay_tl": null,
        "fiyat_3_ay_tl": null,
        "puan": null,
        "yorum": 0,
        "url": "https://www.airbnb.com.tr/rooms/1760691404114620038"
      }
    },
    {
      "type": "Feature",
      "geometry": {
        "type": "Point",
        "coordinates": [
          -79.6483,
          44.4074
        ]
      },
      "properties": {
        "katman": "AIRBNB_ILANI",
        "id": "1763353341803240683",
        "ad": "Ev - Barrie, Kanada",
        "alt_tur": "Daire / Ev",
        "fiyat_tl": 18867,
        "fiyat_1_gun_tl": null,
        "fiyat_1_hafta_tl": null,
        "fiyat_1_ay_tl": 18867,
        "fiyat_3_ay_tl": null,
        "puan": null,
        "yorum": 0,
        "url": "https://www.airbnb.com.tr/rooms/1763353341803240683"
      }
    },
    {
      "type": "Feature",
      "geometry": {
        "type": "Point",
        "coordinates": [
          -63.7938,
          11
        ]
      },
      "properties": {
        "katman": "AIRBNB_ILANI",
        "id": "1737930669708480001",
        "ad": "Ev - Pampatar, Venezuela",
        "alt_tur": "Daire / Ev",
        "fiyat_tl": 3685,
        "fiyat_1_gun_tl": null,
        "fiyat_1_hafta_tl": null,
        "fiyat_1_ay_tl": 3685,
        "fiyat_3_ay_tl": null,
        "puan": 5.0,
        "yorum": 3,
        "url": "https://www.airbnb.com.tr/rooms/1737930669708480001"
      }
    },
    {
      "type": "Feature",
      "geometry": {
        "type": "Point",
        "coordinates": [
          27.2673,
          37.8731
        ]
      },
      "properties": {
        "katman": "AIRBNB_ILANI",
        "id": "657620964731485771",
        "ad": "Daire - Kuşadası",
        "alt_tur": "Daire",
        "fiyat_tl": 5750,
        "fiyat_1_gun_tl": null,
        "fiyat_1_hafta_tl": 6374,
        "fiyat_1_ay_tl": 5125,
        "fiyat_3_ay_tl": null,
        "puan": 4.9,
        "yorum": 39,
        "url": "https://www.airbnb.com.tr/rooms/657620964731485771"
      }
    },
    {
      "type": "Feature",
      "geometry": {
        "type": "Point",
        "coordinates": [
          27.265716558104476,
          37.86611108804328
        ]
      },
      "properties": {
        "katman": "AIRBNB_ILANI",
        "id": "1434283435089296825",
        "ad": "Daire - Kuşadası",
        "alt_tur": "Daire",
        "fiyat_tl": 4849,
        "fiyat_1_gun_tl": null,
        "fiyat_1_hafta_tl": 4087,
        "fiyat_1_ay_tl": 5303,
        "fiyat_3_ay_tl": 5157,
        "puan": 4.57,
        "yorum": 21,
        "url": "https://www.airbnb.com.tr/rooms/1434283435089296825"
      }
    },
    {
      "type": "Feature",
      "geometry": {
        "type": "Point",
        "coordinates": [
          27.26471,
          37.86527
        ]
      },
      "properties": {
        "katman": "AIRBNB_ILANI",
        "id": "36712350",
        "ad": "Küçük ev - Kuşadası",
        "alt_tur": "Özel Oda",
        "fiyat_tl": 2481,
        "fiyat_1_gun_tl": null,
        "fiyat_1_hafta_tl": 2481,
        "fiyat_1_ay_tl": null,
        "fiyat_3_ay_tl": null,
        "puan": 4.64,
        "yorum": 203,
        "url": "https://www.airbnb.com.tr/rooms/36712350"
      }
    },
    {
      "type": "Feature",
      "geometry": {
        "type": "Point",
        "coordinates": [
          27.2593,
          37.8563
        ]
      },
      "properties": {
        "katman": "AIRBNB_ILANI",
        "id": "897135245874797756",
        "ad": "Otel - Kuşadası",
        "alt_tur": "Daire / Ev",
        "fiyat_tl": 2284,
        "fiyat_1_gun_tl": null,
        "fiyat_1_hafta_tl": 2284,
        "fiyat_1_ay_tl": null,
        "fiyat_3_ay_tl": null,
        "puan": 4.6,
        "yorum": 72,
        "url": "https://www.airbnb.com.tr/rooms/897135245874797756"
      }
    },
    {
      "type": "Feature",
      "geometry": {
        "type": "Point",
        "coordinates": [
          27.2567,
          37.859
        ]
      },
      "properties": {
        "katman": "AIRBNB_ILANI",
        "id": "912958180408732823",
        "ad": "Kuşadası bölgesinde oda",
        "alt_tur": "Özel Oda",
        "fiyat_tl": 3097,
        "fiyat_1_gun_tl": null,
        "fiyat_1_hafta_tl": 3080,
        "fiyat_1_ay_tl": 3080,
        "fiyat_3_ay_tl": 3130,
        "puan": 4.97,
        "yorum": 89,
        "url": "https://www.airbnb.com.tr/rooms/912958180408732823"
      }
    },
    {
      "type": "Feature",
      "geometry": {
        "type": "Point",
        "coordinates": [
          27.2662,
          37.8657
        ]
      },
      "properties": {
        "katman": "AIRBNB_ILANI",
        "id": "1100142842592625606",
        "ad": "Daire - Kuşadası",
        "alt_tur": "Özel Oda",
        "fiyat_tl": 3284,
        "fiyat_1_gun_tl": null,
        "fiyat_1_hafta_tl": 2481,
        "fiyat_1_ay_tl": null,
        "fiyat_3_ay_tl": 4087,
        "puan": 4.54,
        "yorum": 39,
        "url": "https://www.airbnb.com.tr/rooms/1100142842592625606"
      }
    },
    {
      "type": "Feature",
      "geometry": {
        "type": "Point",
        "coordinates": [
          27.266,
          37.8657
        ]
      },
      "properties": {
        "katman": "AIRBNB_ILANI",
        "id": "1740979138090009290",
        "ad": "Daire - Kuşadası",
        "alt_tur": "Daire",
        "fiyat_tl": 5148,
        "fiyat_1_gun_tl": null,
        "fiyat_1_hafta_tl": 4184,
        "fiyat_1_ay_tl": 5713,
        "fiyat_3_ay_tl": 5546,
        "puan": 5.0,
        "yorum": 4,
        "url": "https://www.airbnb.com.tr/rooms/1740979138090009290"
      }
    },
    {
      "type": "Feature",
      "geometry": {
        "type": "Point",
        "coordinates": [
          27.2443,
          37.8445
        ]
      },
      "properties": {
        "katman": "AIRBNB_ILANI",
        "id": "1702479193859315892",
        "ad": "Otel - Kuşadası",
        "alt_tur": "Özel Oda",
        "fiyat_tl": 2369,
        "fiyat_1_gun_tl": null,
        "fiyat_1_hafta_tl": 2369,
        "fiyat_1_ay_tl": null,
        "fiyat_3_ay_tl": null,
        "puan": 5.0,
        "yorum": 4,
        "url": "https://www.airbnb.com.tr/rooms/1702479193859315892"
      }
    },
    {
      "type": "Feature",
      "geometry": {
        "type": "Point",
        "coordinates": [
          27.2592,
          37.8562
        ]
      },
      "properties": {
        "katman": "AIRBNB_ILANI",
        "id": "872418593863763563",
        "ad": "Kuşadası bölgesinde oda",
        "alt_tur": "Özel Oda",
        "fiyat_tl": 3049,
        "fiyat_1_gun_tl": null,
        "fiyat_1_hafta_tl": 3062,
        "fiyat_1_ay_tl": 3024,
        "fiyat_3_ay_tl": 3062,
        "puan": 4.77,
        "yorum": 88,
        "url": "https://www.airbnb.com.tr/rooms/872418593863763563"
      }
    },
    {
      "type": "Feature",
      "geometry": {
        "type": "Point",
        "coordinates": [
          27.2493,
          37.8557
        ]
      },
      "properties": {
        "katman": "AIRBNB_ILANI",
        "id": "1117377147362599507",
        "ad": "Ev - Kuşadası",
        "alt_tur": "Daire / Ev",
        "fiyat_tl": 7494,
        "fiyat_1_gun_tl": null,
        "fiyat_1_hafta_tl": 7831,
        "fiyat_1_ay_tl": 7606,
        "fiyat_3_ay_tl": 7045,
        "puan": 4.77,
        "yorum": 119,
        "url": "https://www.airbnb.com.tr/rooms/1117377147362599507"
      }
    },
    {
      "type": "Feature",
      "geometry": {
        "type": "Point",
        "coordinates": [
          27.26462,
          37.86475
        ]
      },
      "properties": {
        "katman": "AIRBNB_ILANI",
        "id": "26437711",
        "ad": "Daire - Kuşadası",
        "alt_tur": "Özel Oda",
        "fiyat_tl": 2287,
        "fiyat_1_gun_tl": null,
        "fiyat_1_hafta_tl": 2287,
        "fiyat_1_ay_tl": null,
        "fiyat_3_ay_tl": null,
        "puan": 4.48,
        "yorum": 117,
        "url": "https://www.airbnb.com.tr/rooms/26437711"
      }
    },
    {
      "type": "Feature",
      "geometry": {
        "type": "Point",
        "coordinates": [
          27.25273,
          37.86045
        ]
      },
      "properties": {
        "katman": "AIRBNB_ILANI",
        "id": "45084006",
        "ad": "Daire - Kuşadası",
        "alt_tur": "Daire",
        "fiyat_tl": 4427,
        "fiyat_1_gun_tl": null,
        "fiyat_1_hafta_tl": 4427,
        "fiyat_1_ay_tl": 4427,
        "fiyat_3_ay_tl": null,
        "puan": 4.66,
        "yorum": 177,
        "url": "https://www.airbnb.com.tr/rooms/45084006"
      }
    },
    {
      "type": "Feature",
      "geometry": {
        "type": "Point",
        "coordinates": [
          27.24813,
          37.85541
        ]
      },
      "properties": {
        "katman": "AIRBNB_ILANI",
        "id": "1743586415028312565",
        "ad": "Ev - Kuşadası",
        "alt_tur": "Daire / Ev",
        "fiyat_tl": 6708,
        "fiyat_1_gun_tl": null,
        "fiyat_1_hafta_tl": 7241,
        "fiyat_1_ay_tl": 6736,
        "fiyat_3_ay_tl": 6147,
        "puan": null,
        "yorum": 0,
        "url": "https://www.airbnb.com.tr/rooms/1743586415028312565"
      }
    },
    {
      "type": "Feature",
      "geometry": {
        "type": "Point",
        "coordinates": [
          27.2491,
          37.8547
        ]
      },
      "properties": {
        "katman": "AIRBNB_ILANI",
        "id": "873893227812036088",
        "ad": "Villa - Kuşadası",
        "alt_tur": "Müstakil Villa",
        "fiyat_tl": 5033,
        "fiyat_1_gun_tl": null,
        "fiyat_1_hafta_tl": 5329,
        "fiyat_1_ay_tl": 4737,
        "fiyat_3_ay_tl": null,
        "puan": 4.85,
        "yorum": 175,
        "url": "https://www.airbnb.com.tr/rooms/873893227812036088"
      }
    },
    {
      "type": "Feature",
      "geometry": {
        "type": "Point",
        "coordinates": [
          27.26627,
          37.86484
        ]
      },
      "properties": {
        "katman": "AIRBNB_ILANI",
        "id": "24600825",
        "ad": "Apart otel - Kuşadası",
        "alt_tur": "Özel Oda",
        "fiyat_tl": 2481,
        "fiyat_1_gun_tl": null,
        "fiyat_1_hafta_tl": 2481,
        "fiyat_1_ay_tl": null,
        "fiyat_3_ay_tl": null,
        "puan": 4.46,
        "yorum": 135,
        "url": "https://www.airbnb.com.tr/rooms/24600825"
      }
    },
    {
      "type": "Feature",
      "geometry": {
        "type": "Point",
        "coordinates": [
          27.2593,
          37.8563
        ]
      },
      "properties": {
        "katman": "AIRBNB_ILANI",
        "id": "979451661585495465",
        "ad": "Otel - Kuşadası",
        "alt_tur": "Daire / Ev",
        "fiyat_tl": 2427,
        "fiyat_1_gun_tl": null,
        "fiyat_1_hafta_tl": 2427,
        "fiyat_1_ay_tl": null,
        "fiyat_3_ay_tl": null,
        "puan": 4.78,
        "yorum": 37,
        "url": "https://www.airbnb.com.tr/rooms/979451661585495465"
      }
    },
    {
      "type": "Feature",
      "geometry": {
        "type": "Point",
        "coordinates": [
          27.2567,
          37.859
        ]
      },
      "properties": {
        "katman": "AIRBNB_ILANI",
        "id": "885269981027161520",
        "ad": "Kuşadası bölgesinde oda",
        "alt_tur": "Özel Oda",
        "fiyat_tl": 3553,
        "fiyat_1_gun_tl": null,
        "fiyat_1_hafta_tl": 3553,
        "fiyat_1_ay_tl": null,
        "fiyat_3_ay_tl": null,
        "puan": 4.95,
        "yorum": 97,
        "url": "https://www.airbnb.com.tr/rooms/885269981027161520"
      }
    },
    {
      "type": "Feature",
      "geometry": {
        "type": "Point",
        "coordinates": [
          27.2553,
          37.8594
        ]
      },
      "properties": {
        "katman": "AIRBNB_ILANI",
        "id": "1719553430235075350",
        "ad": "Otel - Kuşadası",
        "alt_tur": "Daire / Ev",
        "fiyat_tl": 1776,
        "fiyat_1_gun_tl": null,
        "fiyat_1_hafta_tl": 1776,
        "fiyat_1_ay_tl": null,
        "fiyat_3_ay_tl": null,
        "puan": 4.0,
        "yorum": 8,
        "url": "https://www.airbnb.com.tr/rooms/1719553430235075350"
      }
    },
    {
      "type": "Feature",
      "geometry": {
        "type": "Point",
        "coordinates": [
          27.2443,
          37.8444
        ]
      },
      "properties": {
        "katman": "AIRBNB_ILANI",
        "id": "1531946203412876696",
        "ad": "Butik otel - Kuşadası",
        "alt_tur": "Özel Oda",
        "fiyat_tl": 1421,
        "fiyat_1_gun_tl": null,
        "fiyat_1_hafta_tl": null,
        "fiyat_1_ay_tl": 1421,
        "fiyat_3_ay_tl": 1421,
        "puan": 4.67,
        "yorum": 15,
        "url": "https://www.airbnb.com.tr/rooms/1531946203412876696"
      }
    },
    {
      "type": "Feature",
      "geometry": {
        "type": "Point",
        "coordinates": [
          27.25897,
          37.85747
        ]
      },
      "properties": {
        "katman": "AIRBNB_ILANI",
        "id": "901992201268819721",
        "ad": "Otel - Kuşadası",
        "alt_tur": "Daire / Ev",
        "fiyat_tl": 2034,
        "fiyat_1_gun_tl": null,
        "fiyat_1_hafta_tl": null,
        "fiyat_1_ay_tl": 2469,
        "fiyat_3_ay_tl": 1599,
        "puan": 4.7,
        "yorum": 149,
        "url": "https://www.airbnb.com.tr/rooms/901992201268819721"
      }
    },
    {
      "type": "Feature",
      "geometry": {
        "type": "Point",
        "coordinates": [
          27.2591,
          37.8572
        ]
      },
      "properties": {
        "katman": "AIRBNB_ILANI",
        "id": "1709647962091379988",
        "ad": "Ev - Kuşadası",
        "alt_tur": "Daire / Ev",
        "fiyat_tl": 6830,
        "fiyat_1_gun_tl": null,
        "fiyat_1_hafta_tl": null,
        "fiyat_1_ay_tl": 7406,
        "fiyat_3_ay_tl": 6255,
        "puan": 5.0,
        "yorum": 20,
        "url": "https://www.airbnb.com.tr/rooms/1709647962091379988"
      }
    },
    {
      "type": "Feature",
      "geometry": {
        "type": "Point",
        "coordinates": [
          27.2728,
          37.8838
        ]
      },
      "properties": {
        "katman": "AIRBNB_ILANI",
        "id": "1703570210611102029",
        "ad": "Ev - Kuşadası",
        "alt_tur": "Daire / Ev",
        "fiyat_tl": 7009,
        "fiyat_1_gun_tl": null,
        "fiyat_1_hafta_tl": null,
        "fiyat_1_ay_tl": 7009,
        "fiyat_3_ay_tl": null,
        "puan": 5.0,
        "yorum": 3,
        "url": "https://www.airbnb.com.tr/rooms/1703570210611102029"
      }
    },
    {
      "type": "Feature",
      "geometry": {
        "type": "Point",
        "coordinates": [
          27.2448,
          37.8375
        ]
      },
      "properties": {
        "katman": "AIRBNB_ILANI",
        "id": "1688566754766362890",
        "ad": "Ev - Kuşadası",
        "alt_tur": "Daire / Ev",
        "fiyat_tl": 5000,
        "fiyat_1_gun_tl": null,
        "fiyat_1_hafta_tl": null,
        "fiyat_1_ay_tl": 5000,
        "fiyat_3_ay_tl": null,
        "puan": 4.78,
        "yorum": 9,
        "url": "https://www.airbnb.com.tr/rooms/1688566754766362890"
      }
    },
    {
      "type": "Feature",
      "geometry": {
        "type": "Point",
        "coordinates": [
          27.2563,
          37.8343
        ]
      },
      "properties": {
        "katman": "AIRBNB_ILANI",
        "id": "1739734230074036040",
        "ad": "Ev - Kuşadası",
        "alt_tur": "Daire / Ev",
        "fiyat_tl": 8000,
        "fiyat_1_gun_tl": null,
        "fiyat_1_hafta_tl": null,
        "fiyat_1_ay_tl": 8000,
        "fiyat_3_ay_tl": null,
        "puan": 5.0,
        "yorum": 3,
        "url": "https://www.airbnb.com.tr/rooms/1739734230074036040"
      }
    },
    {
      "type": "Feature",
      "geometry": {
        "type": "Point",
        "coordinates": [
          27.257,
          37.8584
        ]
      },
      "properties": {
        "katman": "AIRBNB_ILANI",
        "id": "900650455239954175",
        "ad": "Ev - Kuşadası",
        "alt_tur": "Daire / Ev",
        "fiyat_tl": 11700,
        "fiyat_1_gun_tl": null,
        "fiyat_1_hafta_tl": null,
        "fiyat_1_ay_tl": 11700,
        "fiyat_3_ay_tl": null,
        "puan": 5.0,
        "yorum": 45,
        "url": "https://www.airbnb.com.tr/rooms/900650455239954175"
      }
    },
    {
      "type": "Feature",
      "geometry": {
        "type": "Point",
        "coordinates": [
          27.2493,
          37.8557
        ]
      },
      "properties": {
        "katman": "AIRBNB_ILANI",
        "id": "1410004249998772473",
        "ad": "Ev - Kuşadası",
        "alt_tur": "Daire / Ev",
        "fiyat_tl": 6203,
        "fiyat_1_gun_tl": null,
        "fiyat_1_hafta_tl": null,
        "fiyat_1_ay_tl": 6259,
        "fiyat_3_ay_tl": 6147,
        "puan": 4.78,
        "yorum": 50,
        "url": "https://www.airbnb.com.tr/rooms/1410004249998772473"
      }
    },
    {
      "type": "Feature",
      "geometry": {
        "type": "Point",
        "coordinates": [
          27.2413,
          37.8416
        ]
      },
      "properties": {
        "katman": "AIRBNB_ILANI",
        "id": "1460754050278529199",
        "ad": "Otel - Kuşadası",
        "alt_tur": "Daire / Ev",
        "fiyat_tl": 4500,
        "fiyat_1_gun_tl": null,
        "fiyat_1_hafta_tl": null,
        "fiyat_1_ay_tl": 4500,
        "fiyat_3_ay_tl": null,
        "puan": 4.87,
        "yorum": 39,
        "url": "https://www.airbnb.com.tr/rooms/1460754050278529199"
      }
    },
    {
      "type": "Feature",
      "geometry": {
        "type": "Point",
        "coordinates": [
          27.27961,
          37.83897
        ]
      },
      "properties": {
        "katman": "AIRBNB_ILANI",
        "id": "1463044018166709759",
        "ad": "Villa - Kuşadası",
        "alt_tur": "Müstakil Villa",
        "fiyat_tl": 15497,
        "fiyat_1_gun_tl": null,
        "fiyat_1_hafta_tl": null,
        "fiyat_1_ay_tl": null,
        "fiyat_3_ay_tl": 15497,
        "puan": 4.96,
        "yorum": 24,
        "url": "https://www.airbnb.com.tr/rooms/1463044018166709759"
      }
    },
    {
      "type": "Feature",
      "geometry": {
        "type": "Point",
        "coordinates": [
          27.2782,
          37.7894
        ]
      },
      "properties": {
        "katman": "AIRBNB_ILANI",
        "id": "1387764506692964878",
        "ad": "Villa - Kuşadası",
        "alt_tur": "Müstakil Villa",
        "fiyat_tl": 9158,
        "fiyat_1_gun_tl": null,
        "fiyat_1_hafta_tl": null,
        "fiyat_1_ay_tl": null,
        "fiyat_3_ay_tl": 9158,
        "puan": 4.95,
        "yorum": 38,
        "url": "https://www.airbnb.com.tr/rooms/1387764506692964878"
      }
    },
    {
      "type": "Feature",
      "geometry": {
        "type": "Point",
        "coordinates": [
          27.2619,
          37.862
        ]
      },
      "properties": {
        "katman": "AIRBNB_ILANI",
        "id": "42799306",
        "ad": "Daire - Kuşadası",
        "alt_tur": "Daire",
        "fiyat_tl": 10665,
        "fiyat_1_gun_tl": null,
        "fiyat_1_hafta_tl": null,
        "fiyat_1_ay_tl": null,
        "fiyat_3_ay_tl": 10665,
        "puan": 4.97,
        "yorum": 256,
        "url": "https://www.airbnb.com.tr/rooms/42799306"
      }
    },
    {
      "type": "Feature",
      "geometry": {
        "type": "Point",
        "coordinates": [
          27.2699,
          37.8948
        ]
      },
      "properties": {
        "katman": "AIRBNB_ILANI",
        "id": "572320736488214394",
        "ad": "Tatil evi - Kuşadası",
        "alt_tur": "Özel Oda",
        "fiyat_tl": 6554,
        "fiyat_1_gun_tl": null,
        "fiyat_1_hafta_tl": null,
        "fiyat_1_ay_tl": null,
        "fiyat_3_ay_tl": 6554,
        "puan": 4.8,
        "yorum": 35,
        "url": "https://www.airbnb.com.tr/rooms/572320736488214394"
      }
    },
    {
      "type": "Feature",
      "geometry": {
        "type": "Point",
        "coordinates": [
          27.2478,
          37.8556
        ]
      },
      "properties": {
        "katman": "AIRBNB_ILANI",
        "id": "1715388803441079927",
        "ad": "Ev - Kuşadası",
        "alt_tur": "Daire / Ev",
        "fiyat_tl": 20319,
        "fiyat_1_gun_tl": null,
        "fiyat_1_hafta_tl": null,
        "fiyat_1_ay_tl": null,
        "fiyat_3_ay_tl": 20319,
        "puan": 5.0,
        "yorum": 7,
        "url": "https://www.airbnb.com.tr/rooms/1715388803441079927"
      }
    },
    {
      "type": "Feature",
      "geometry": {
        "type": "Point",
        "coordinates": [
          27.2443,
          37.8445
        ]
      },
      "properties": {
        "katman": "AIRBNB_ILANI",
        "id": "1702479397722554820",
        "ad": "Otel - Kuşadası",
        "alt_tur": "Daire / Ev",
        "fiyat_tl": 2132,
        "fiyat_1_gun_tl": null,
        "fiyat_1_hafta_tl": null,
        "fiyat_1_ay_tl": null,
        "fiyat_3_ay_tl": 2132,
        "puan": 5.0,
        "yorum": 3,
        "url": "https://www.airbnb.com.tr/rooms/1702479397722554820"
      }
    },
    {
      "type": "Feature",
      "geometry": {
        "type": "Point",
        "coordinates": [
          27.271797238535274,
          37.884545488631936
        ]
      },
      "properties": {
        "katman": "AIRBNB_ILANI",
        "id": "1640522158476936217",
        "ad": "Ev - Kuşadası",
        "alt_tur": "Daire / Ev",
        "fiyat_tl": 5830,
        "fiyat_1_gun_tl": null,
        "fiyat_1_hafta_tl": null,
        "fiyat_1_ay_tl": null,
        "fiyat_3_ay_tl": 5830,
        "puan": 4.92,
        "yorum": 12,
        "url": "https://www.airbnb.com.tr/rooms/1640522158476936217"
      }
    },
    {
      "type": "Feature",
      "geometry": {
        "type": "Point",
        "coordinates": [
          75.8865,
          22.7387
        ]
      },
      "properties": {
        "katman": "AIRBNB_ILANI",
        "id": "1770228151766107851",
        "ad": "Daire - Indore, Hindistan",
        "alt_tur": "Özel Oda",
        "fiyat_tl": 1036,
        "fiyat_1_gun_tl": 1036,
        "fiyat_1_hafta_tl": null,
        "fiyat_1_ay_tl": null,
        "fiyat_3_ay_tl": null,
        "puan": 5.0,
        "yorum": 3,
        "url": "https://www.airbnb.com.tr/rooms/1770228151766107851"
      }
    },
    {
      "type": "Feature",
      "geometry": {
        "type": "Point",
        "coordinates": [
          35.14798,
          42.02683
        ]
      },
      "properties": {
        "katman": "AIRBNB_ILANI",
        "id": "949417347049300958",
        "ad": "Daire - Sinop",
        "alt_tur": "Daire",
        "fiyat_tl": 3950,
        "fiyat_1_gun_tl": 4000,
        "fiyat_1_hafta_tl": 3800,
        "fiyat_1_ay_tl": 4200,
        "fiyat_3_ay_tl": 3800,
        "puan": 4.86,
        "yorum": 43,
        "url": "https://www.airbnb.com.tr/rooms/949417347049300958"
      }
    },
    {
      "type": "Feature",
      "geometry": {
        "type": "Point",
        "coordinates": [
          35.14828,
          42.02486
        ]
      },
      "properties": {
        "katman": "AIRBNB_ILANI",
        "id": "1728157908776091436",
        "ad": "Daire - Sinop",
        "alt_tur": "Daire",
        "fiyat_tl": 4436,
        "fiyat_1_gun_tl": 4515,
        "fiyat_1_hafta_tl": 4200,
        "fiyat_1_ay_tl": 4830,
        "fiyat_3_ay_tl": 4200,
        "puan": 4.33,
        "yorum": 3,
        "url": "https://www.airbnb.com.tr/rooms/1728157908776091436"
      }
    },
    {
      "type": "Feature",
      "geometry": {
        "type": "Point",
        "coordinates": [
          35.14626,
          42.02584
        ]
      },
      "properties": {
        "katman": "AIRBNB_ILANI",
        "id": "949406121607518822",
        "ad": "Daire - Sinop",
        "alt_tur": "Daire",
        "fiyat_tl": 3988,
        "fiyat_1_gun_tl": 4050,
        "fiyat_1_hafta_tl": 3800,
        "fiyat_1_ay_tl": 4300,
        "fiyat_3_ay_tl": 3800,
        "puan": 4.5,
        "yorum": 34,
        "url": "https://www.airbnb.com.tr/rooms/949406121607518822"
      }
    },
    {
      "type": "Feature",
      "geometry": {
        "type": "Point",
        "coordinates": [
          35.12576408043645,
          42.01625274675277
        ]
      },
      "properties": {
        "katman": "AIRBNB_ILANI",
        "id": "1415162821972997974",
        "ad": "Daire - Sinop",
        "alt_tur": "Daire",
        "fiyat_tl": 4050,
        "fiyat_1_gun_tl": 3750,
        "fiyat_1_hafta_tl": 4000,
        "fiyat_1_ay_tl": 4400,
        "fiyat_3_ay_tl": null,
        "puan": 4.77,
        "yorum": 47,
        "url": "https://www.airbnb.com.tr/rooms/1415162821972997974"
      }
    },
    {
      "type": "Feature",
      "geometry": {
        "type": "Point",
        "coordinates": [
          35.1068,
          41.9977
        ]
      },
      "properties": {
        "katman": "AIRBNB_ILANI",
        "id": "1263781368005580614",
        "ad": "Daire - Sinop",
        "alt_tur": "Daire",
        "fiyat_tl": 3706,
        "fiyat_1_gun_tl": 3025,
        "fiyat_1_hafta_tl": 3800,
        "fiyat_1_ay_tl": 4000,
        "fiyat_3_ay_tl": 4000,
        "puan": 4.74,
        "yorum": 81,
        "url": "https://www.airbnb.com.tr/rooms/1263781368005580614"
      }
    },
    {
      "type": "Feature",
      "geometry": {
        "type": "Point",
        "coordinates": [
          35.1227,
          42.0159
        ]
      },
      "properties": {
        "katman": "AIRBNB_ILANI",
        "id": "1246781078861845523",
        "ad": "Daire - Sinop",
        "alt_tur": "Daire",
        "fiyat_tl": 6737,
        "fiyat_1_gun_tl": 7814,
        "fiyat_1_hafta_tl": 7814,
        "fiyat_1_ay_tl": 7119,
        "fiyat_3_ay_tl": 4200,
        "puan": 5.0,
        "yorum": 104,
        "url": "https://www.airbnb.com.tr/rooms/1246781078861845523"
      }
    },
    {
      "type": "Feature",
      "geometry": {
        "type": "Point",
        "coordinates": [
          35.0675,
          42.0272
        ]
      },
      "properties": {
        "katman": "AIRBNB_ILANI",
        "id": "1727616381826995594",
        "ad": "Kamp aracı/Karavan - Sinop",
        "alt_tur": "Daire / Ev",
        "fiyat_tl": 2700,
        "fiyat_1_gun_tl": 2850,
        "fiyat_1_hafta_tl": 2750,
        "fiyat_1_ay_tl": 2500,
        "fiyat_3_ay_tl": null,
        "puan": 4.77,
        "yorum": 13,
        "url": "https://www.airbnb.com.tr/rooms/1727616381826995594"
      }
    },
    {
      "type": "Feature",
      "geometry": {
        "type": "Point",
        "coordinates": [
          35.12276771367403,
          42.01739444653652
        ]
      },
      "properties": {
        "katman": "AIRBNB_ILANI",
        "id": "1456572950082219329",
        "ad": "Daire - Sinop",
        "alt_tur": "Daire",
        "fiyat_tl": 3900,
        "fiyat_1_gun_tl": 4000,
        "fiyat_1_hafta_tl": 4000,
        "fiyat_1_ay_tl": 3600,
        "fiyat_3_ay_tl": 4000,
        "puan": 4.72,
        "yorum": 18,
        "url": "https://www.airbnb.com.tr/rooms/1456572950082219329"
      }
    },
    {
      "type": "Feature",
      "geometry": {
        "type": "Point",
        "coordinates": [
          35.1401,
          42.0252
        ]
      },
      "properties": {
        "katman": "AIRBNB_ILANI",
        "id": "1428131328905247226",
        "ad": "Daire - Sinop",
        "alt_tur": "Daire",
        "fiyat_tl": 4500,
        "fiyat_1_gun_tl": 4500,
        "fiyat_1_hafta_tl": null,
        "fiyat_1_ay_tl": null,
        "fiyat_3_ay_tl": null,
        "puan": 4.5,
        "yorum": 8,
        "url": "https://www.airbnb.com.tr/rooms/1428131328905247226"
      }
    },
    {
      "type": "Feature",
      "geometry": {
        "type": "Point",
        "coordinates": [
          35.177,
          42.0177
        ]
      },
      "properties": {
        "katman": "AIRBNB_ILANI",
        "id": "1526871983020462284",
        "ad": "Sinop bölgesinde oda",
        "alt_tur": "Özel Oda",
        "fiyat_tl": 3750,
        "fiyat_1_gun_tl": 4500,
        "fiyat_1_hafta_tl": 4500,
        "fiyat_1_ay_tl": null,
        "fiyat_3_ay_tl": 2250,
        "puan": 4.54,
        "yorum": 13,
        "url": "https://www.airbnb.com.tr/rooms/1526871983020462284"
      }
    },
    {
      "type": "Feature",
      "geometry": {
        "type": "Point",
        "coordinates": [
          35.11278,
          42.01661
        ]
      },
      "properties": {
        "katman": "AIRBNB_ILANI",
        "id": "1509849327913448294",
        "ad": "Ağaç ev - Sinop",
        "alt_tur": "Daire / Ev",
        "fiyat_tl": 6216,
        "fiyat_1_gun_tl": 6931,
        "fiyat_1_hafta_tl": 6931,
        "fiyat_1_ay_tl": 5000,
        "fiyat_3_ay_tl": 6000,
        "puan": 5.0,
        "yorum": 8,
        "url": "https://www.airbnb.com.tr/rooms/1509849327913448294"
      }
    },
    {
      "type": "Feature",
      "geometry": {
        "type": "Point",
        "coordinates": [
          35.1177,
          42.0141
        ]
      },
      "properties": {
        "katman": "AIRBNB_ILANI",
        "id": "1704281885553707928",
        "ad": "Ev - Sinop",
        "alt_tur": "Daire / Ev",
        "fiyat_tl": 5188,
        "fiyat_1_gun_tl": 5250,
        "fiyat_1_hafta_tl": 5000,
        "fiyat_1_ay_tl": 5500,
        "fiyat_3_ay_tl": 5000,
        "puan": 4.73,
        "yorum": 11,
        "url": "https://www.airbnb.com.tr/rooms/1704281885553707928"
      }
    },
    {
      "type": "Feature",
      "geometry": {
        "type": "Point",
        "coordinates": [
          35.1248,
          42.0169
        ]
      },
      "properties": {
        "katman": "AIRBNB_ILANI",
        "id": "1600570170676360924",
        "ad": "Daire - Sinop",
        "alt_tur": "Daire",
        "fiyat_tl": 4083,
        "fiyat_1_gun_tl": 4250,
        "fiyat_1_hafta_tl": 4000,
        "fiyat_1_ay_tl": 4000,
        "fiyat_3_ay_tl": null,
        "puan": 4.75,
        "yorum": 24,
        "url": "https://www.airbnb.com.tr/rooms/1600570170676360924"
      }
    },
    {
      "type": "Feature",
      "geometry": {
        "type": "Point",
        "coordinates": [
          35.145,
          42.02648
        ]
      },
      "properties": {
        "katman": "AIRBNB_ILANI",
        "id": "1216449290034815054",
        "ad": "Apart otel - Sinop",
        "alt_tur": "Daire",
        "fiyat_tl": 2950,
        "fiyat_1_gun_tl": 2950,
        "fiyat_1_hafta_tl": null,
        "fiyat_1_ay_tl": null,
        "fiyat_3_ay_tl": null,
        "puan": 4.5,
        "yorum": 8,
        "url": "https://www.airbnb.com.tr/rooms/1216449290034815054"
      }
    },
    {
      "type": "Feature",
      "geometry": {
        "type": "Point",
        "coordinates": [
          35.17844,
          42.01846
        ]
      },
      "properties": {
        "katman": "AIRBNB_ILANI",
        "id": "36031781",
        "ad": "Daire - Sinop",
        "alt_tur": "Daire",
        "fiyat_tl": 8292,
        "fiyat_1_gun_tl": 8292,
        "fiyat_1_hafta_tl": 8292,
        "fiyat_1_ay_tl": null,
        "fiyat_3_ay_tl": null,
        "puan": 4.97,
        "yorum": 30,
        "url": "https://www.airbnb.com.tr/rooms/36031781"
      }
    },
    {
      "type": "Feature",
      "geometry": {
        "type": "Point",
        "coordinates": [
          35.17934,
          42.01761
        ]
      },
      "properties": {
        "katman": "AIRBNB_ILANI",
        "id": "34814790",
        "ad": "Daire - Sinop",
        "alt_tur": "Daire",
        "fiyat_tl": 3899,
        "fiyat_1_gun_tl": 3899,
        "fiyat_1_hafta_tl": null,
        "fiyat_1_ay_tl": null,
        "fiyat_3_ay_tl": null,
        "puan": 5.0,
        "yorum": 12,
        "url": "https://www.airbnb.com.tr/rooms/34814790"
      }
    },
    {
      "type": "Feature",
      "geometry": {
        "type": "Point",
        "coordinates": [
          35.11198592753574,
          42.0207422207217
        ]
      },
      "properties": {
        "katman": "AIRBNB_ILANI",
        "id": "1484827914177530187",
        "ad": "Daire - Osmaniye",
        "alt_tur": "Daire",
        "fiyat_tl": 3750,
        "fiyat_1_gun_tl": 4250,
        "fiyat_1_hafta_tl": 4000,
        "fiyat_1_ay_tl": null,
        "fiyat_3_ay_tl": 3000,
        "puan": 5.0,
        "yorum": 5,
        "url": "https://www.airbnb.com.tr/rooms/1484827914177530187"
      }
    },
    {
      "type": "Feature",
      "geometry": {
        "type": "Point",
        "coordinates": [
          35.1133,
          42.0114
        ]
      },
      "properties": {
        "katman": "AIRBNB_ILANI",
        "id": "1661820851119617760",
        "ad": "Bungalov - Sinop",
        "alt_tur": "Kır Evi / Bungalov",
        "fiyat_tl": 6000,
        "fiyat_1_gun_tl": 6000,
        "fiyat_1_hafta_tl": null,
        "fiyat_1_ay_tl": null,
        "fiyat_3_ay_tl": null,
        "puan": null,
        "yorum": 0,
        "url": "https://www.airbnb.com.tr/rooms/1661820851119617760"
      }
    },
    {
      "type": "Feature",
      "geometry": {
        "type": "Point",
        "coordinates": [
          35.14653,
          42.02661
        ]
      },
      "properties": {
        "katman": "AIRBNB_ILANI",
        "id": "949395371390578219",
        "ad": "Daire - Sinop",
        "alt_tur": "Daire",
        "fiyat_tl": 3933,
        "fiyat_1_gun_tl": null,
        "fiyat_1_hafta_tl": 3800,
        "fiyat_1_ay_tl": 4200,
        "fiyat_3_ay_tl": 3800,
        "puan": 4.78,
        "yorum": 36,
        "url": "https://www.airbnb.com.tr/rooms/949395371390578219"
      }
    },
    {
      "type": "Feature",
      "geometry": {
        "type": "Point",
        "coordinates": [
          35.1941,
          42.0194
        ]
      },
      "properties": {
        "katman": "AIRBNB_ILANI",
        "id": "1638345338330780897",
        "ad": "Ev - Sinop",
        "alt_tur": "Daire / Ev",
        "fiyat_tl": 3937,
        "fiyat_1_gun_tl": null,
        "fiyat_1_hafta_tl": 4595,
        "fiyat_1_ay_tl": 3742,
        "fiyat_3_ay_tl": 3473,
        "puan": 4.85,
        "yorum": 34,
        "url": "https://www.airbnb.com.tr/rooms/1638345338330780897"
      }
    },
    {
      "type": "Feature",
      "geometry": {
        "type": "Point",
        "coordinates": [
          35.12302730692709,
          42.0152974308323
        ]
      },
      "properties": {
        "katman": "AIRBNB_ILANI",
        "id": "1284931704816204091",
        "ad": "Daire - Sinop",
        "alt_tur": "Daire",
        "fiyat_tl": 4025,
        "fiyat_1_gun_tl": null,
        "fiyat_1_hafta_tl": 4025,
        "fiyat_1_ay_tl": 4025,
        "fiyat_3_ay_tl": null,
        "puan": 4.81,
        "yorum": 91,
        "url": "https://www.airbnb.com.tr/rooms/1284931704816204091"
      }
    },
    {
      "type": "Feature",
      "geometry": {
        "type": "Point",
        "coordinates": [
          35.052,
          42.0351
        ]
      },
      "properties": {
        "katman": "AIRBNB_ILANI",
        "id": "1410621333857240935",
        "ad": "Kamp aracı/Karavan - Sinop",
        "alt_tur": "Daire / Ev",
        "fiyat_tl": 2369,
        "fiyat_1_gun_tl": null,
        "fiyat_1_hafta_tl": 2369,
        "fiyat_1_ay_tl": null,
        "fiyat_3_ay_tl": null,
        "puan": 4.58,
        "yorum": 31,
        "url": "https://www.airbnb.com.tr/rooms/1410621333857240935"
      }
    },
    {
      "type": "Feature",
      "geometry": {
        "type": "Point",
        "coordinates": [
          35.1943,
          42.0189
        ]
      },
      "properties": {
        "katman": "AIRBNB_ILANI",
        "id": "940174690066601001",
        "ad": "Site içi konut - Sinop",
        "alt_tur": "Daire / Ev",
        "fiyat_tl": 5921,
        "fiyat_1_gun_tl": null,
        "fiyat_1_hafta_tl": null,
        "fiyat_1_ay_tl": 5921,
        "fiyat_3_ay_tl": null,
        "puan": 4.88,
        "yorum": 155,
        "url": "https://www.airbnb.com.tr/rooms/940174690066601001"
      }
    },
    {
      "type": "Feature",
      "geometry": {
        "type": "Point",
        "coordinates": [
          35.1943,
          42.0194
        ]
      },
      "properties": {
        "katman": "AIRBNB_ILANI",
        "id": "1427658661419055994",
        "ad": "Ev - Sinop",
        "alt_tur": "Daire / Ev",
        "fiyat_tl": 4915,
        "fiyat_1_gun_tl": null,
        "fiyat_1_hafta_tl": null,
        "fiyat_1_ay_tl": 4915,
        "fiyat_3_ay_tl": null,
        "puan": 4.96,
        "yorum": 47,
        "url": "https://www.airbnb.com.tr/rooms/1427658661419055994"
      }
    },
    {
      "type": "Feature",
      "geometry": {
        "type": "Point",
        "coordinates": [
          35.1231,
          42.0166
        ]
      },
      "properties": {
        "katman": "AIRBNB_ILANI",
        "id": "1018501248203400035",
        "ad": "Daire - Sinop",
        "alt_tur": "Daire",
        "fiyat_tl": 4958,
        "fiyat_1_gun_tl": null,
        "fiyat_1_hafta_tl": null,
        "fiyat_1_ay_tl": 6015,
        "fiyat_3_ay_tl": 3900,
        "puan": 4.94,
        "yorum": 63,
        "url": "https://www.airbnb.com.tr/rooms/1018501248203400035"
      }
    },
    {
      "type": "Feature",
      "geometry": {
        "type": "Point",
        "coordinates": [
          35.192026306953345,
          42.01666711049331
        ]
      },
      "properties": {
        "katman": "AIRBNB_ILANI",
        "id": "1485545202618439846",
        "ad": "Ev - Sinop",
        "alt_tur": "Daire / Ev",
        "fiyat_tl": 9000,
        "fiyat_1_gun_tl": null,
        "fiyat_1_hafta_tl": null,
        "fiyat_1_ay_tl": 8527,
        "fiyat_3_ay_tl": 9474,
        "puan": 4.8,
        "yorum": 20,
        "url": "https://www.airbnb.com.tr/rooms/1485545202618439846"
      }
    },
    {
      "type": "Feature",
      "geometry": {
        "type": "Point",
        "coordinates": [
          35.1132,
          42.01711
        ]
      },
      "properties": {
        "katman": "AIRBNB_ILANI",
        "id": "1186122763621333054",
        "ad": "Daire - Sinop",
        "alt_tur": "Daire",
        "fiyat_tl": 5000,
        "fiyat_1_gun_tl": null,
        "fiyat_1_hafta_tl": null,
        "fiyat_1_ay_tl": null,
        "fiyat_3_ay_tl": 5000,
        "puan": 4.76,
        "yorum": 21,
        "url": "https://www.airbnb.com.tr/rooms/1186122763621333054"
      }
    },
    {
      "type": "Feature",
      "geometry": {
        "type": "Point",
        "coordinates": [
          35.11717909821543,
          42.01022726718946
        ]
      },
      "properties": {
        "katman": "AIRBNB_ILANI",
        "id": "1581222366585844729",
        "ad": "Ev - Sinop",
        "alt_tur": "Daire / Ev",
        "fiyat_tl": 21139,
        "fiyat_1_gun_tl": null,
        "fiyat_1_hafta_tl": null,
        "fiyat_1_ay_tl": null,
        "fiyat_3_ay_tl": 21139,
        "puan": null,
        "yorum": 0,
        "url": "https://www.airbnb.com.tr/rooms/1581222366585844729"
      }
    },
    {
      "type": "Feature",
      "geometry": {
        "type": "Point",
        "coordinates": [
          35.1529,
          42.025
        ]
      },
      "properties": {
        "katman": "AIRBNB_ILANI",
        "id": "1206061101375404156",
        "ad": "Daire - Sinop",
        "alt_tur": "Daire",
        "fiyat_tl": 3750,
        "fiyat_1_gun_tl": null,
        "fiyat_1_hafta_tl": null,
        "fiyat_1_ay_tl": null,
        "fiyat_3_ay_tl": 3750,
        "puan": 4.67,
        "yorum": 3,
        "url": "https://www.airbnb.com.tr/rooms/1206061101375404156"
      }
    },
    {
      "type": "Feature",
      "geometry": {
        "type": "Point",
        "coordinates": [
          35.14806,
          42.02671
        ]
      },
      "properties": {
        "katman": "AIRBNB_ILANI",
        "id": "939884376975351217",
        "ad": "Daire - Sinop",
        "alt_tur": "Daire",
        "fiyat_tl": 4200,
        "fiyat_1_gun_tl": null,
        "fiyat_1_hafta_tl": null,
        "fiyat_1_ay_tl": null,
        "fiyat_3_ay_tl": 4200,
        "puan": 4.93,
        "yorum": 15,
        "url": "https://www.airbnb.com.tr/rooms/939884376975351217"
      }
    },
    {
      "type": "Feature",
      "geometry": {
        "type": "Point",
        "coordinates": [
          -122.70815,
          47.06512
        ]
      },
      "properties": {
        "katman": "AIRBNB_ILANI",
        "id": "17654931",
        "ad": "Ev - Olympia",
        "alt_tur": "Daire / Ev",
        "fiyat_tl": 7590,
        "fiyat_1_gun_tl": 7590,
        "fiyat_1_hafta_tl": null,
        "fiyat_1_ay_tl": null,
        "fiyat_3_ay_tl": null,
        "puan": 4.9,
        "yorum": 253,
        "url": "https://www.airbnb.com.tr/rooms/17654931"
      }
    },
    {
      "type": "Feature",
      "geometry": {
        "type": "Point",
        "coordinates": [
          -122.9637,
          47.0431
        ]
      },
      "properties": {
        "katman": "AIRBNB_ILANI",
        "id": "1273612904109142115",
        "ad": "Olympia bölgesinde odalar",
        "alt_tur": "Özel Oda",
        "fiyat_tl": 3406,
        "fiyat_1_gun_tl": 3406,
        "fiyat_1_hafta_tl": null,
        "fiyat_1_ay_tl": null,
        "fiyat_3_ay_tl": null,
        "puan": null,
        "yorum": 0,
        "url": "https://www.airbnb.com.tr/rooms/1273612904109142115"
      }
    },
    {
      "type": "Feature",
      "geometry": {
        "type": "Point",
        "coordinates": [
          -122.9411,
          47.0313
        ]
      },
      "properties": {
        "katman": "AIRBNB_ILANI",
        "id": "1513110284306262813",
        "ad": "Daire - Olympia",
        "alt_tur": "Daire",
        "fiyat_tl": 11141,
        "fiyat_1_gun_tl": null,
        "fiyat_1_hafta_tl": 11141,
        "fiyat_1_ay_tl": null,
        "fiyat_3_ay_tl": null,
        "puan": 4.91,
        "yorum": 23,
        "url": "https://www.airbnb.com.tr/rooms/1513110284306262813"
      }
    },
    {
      "type": "Feature",
      "geometry": {
        "type": "Point",
        "coordinates": [
          -122.89371,
          46.99493
        ]
      },
      "properties": {
        "katman": "AIRBNB_ILANI",
        "id": "698454975537914729",
        "ad": "Ev - Tumwater",
        "alt_tur": "Daire / Ev",
        "fiyat_tl": 11287,
        "fiyat_1_gun_tl": null,
        "fiyat_1_hafta_tl": null,
        "fiyat_1_ay_tl": null,
        "fiyat_3_ay_tl": 11287,
        "puan": 5.0,
        "yorum": 20,
        "url": "https://www.airbnb.com.tr/rooms/698454975537914729"
      }
    },
    {
      "type": "Feature",
      "geometry": {
        "type": "Point",
        "coordinates": [
          -122.91214,
          47.02136
        ]
      },
      "properties": {
        "katman": "AIRBNB_ILANI",
        "id": "1005173257341031786",
        "ad": "Misafir evi - Tumwater",
        "alt_tur": "Daire / Ev",
        "fiyat_tl": 5303,
        "fiyat_1_gun_tl": null,
        "fiyat_1_hafta_tl": null,
        "fiyat_1_ay_tl": null,
        "fiyat_3_ay_tl": 5303,
        "puan": 4.88,
        "yorum": 137,
        "url": "https://www.airbnb.com.tr/rooms/1005173257341031786"
      }
    },
    {
      "type": "Feature",
      "geometry": {
        "type": "Point",
        "coordinates": [
          106.6608,
          10.7895
        ]
      },
      "properties": {
        "katman": "AIRBNB_ILANI",
        "id": "1768190506805007425",
        "ad": "Ho Chi Minh Şehri, Vietnam bölgesinde oda",
        "alt_tur": "Özel Oda",
        "fiyat_tl": 1503,
        "fiyat_1_gun_tl": 1503,
        "fiyat_1_hafta_tl": null,
        "fiyat_1_ay_tl": null,
        "fiyat_3_ay_tl": null,
        "puan": null,
        "yorum": 0,
        "url": "https://www.airbnb.com.tr/rooms/1768190506805007425"
      }
    },
    {
      "type": "Feature",
      "geometry": {
        "type": "Point",
        "coordinates": [
          -73.65479960767257,
          4.124201099697584
        ]
      },
      "properties": {
        "katman": "AIRBNB_ILANI",
        "id": "1767088369844675657",
        "ad": "Daire - Villavicencio, Kolombiya",
        "alt_tur": "Müstakil Villa",
        "fiyat_tl": 2665,
        "fiyat_1_gun_tl": null,
        "fiyat_1_hafta_tl": 2665,
        "fiyat_1_ay_tl": null,
        "fiyat_3_ay_tl": null,
        "puan": null,
        "yorum": 0,
        "url": "https://www.airbnb.com.tr/rooms/1767088369844675657"
      }
    },
    {
      "type": "Feature",
      "geometry": {
        "type": "Point",
        "coordinates": [
          -72.54571,
          46.89527
        ]
      },
      "properties": {
        "katman": "AIRBNB_ILANI",
        "id": "1730557861506694327",
        "ad": "Dağ evi - Lac-aux-Sables, Kanada",
        "alt_tur": "Daire / Ev",
        "fiyat_tl": 14412,
        "fiyat_1_gun_tl": null,
        "fiyat_1_hafta_tl": null,
        "fiyat_1_ay_tl": null,
        "fiyat_3_ay_tl": 14412,
        "puan": null,
        "yorum": 0,
        "url": "https://www.airbnb.com.tr/rooms/1730557861506694327"
      }
    },
    {
      "type": "Feature",
      "geometry": {
        "type": "Point",
        "coordinates": [
          -122.78832,
          47.00554
        ]
      },
      "properties": {
        "katman": "AIRBNB_ILANI",
        "id": "1744600890105558439",
        "ad": "Ev - Olympia",
        "alt_tur": "Daire / Ev",
        "fiyat_tl": 20805,
        "fiyat_1_gun_tl": 20805,
        "fiyat_1_hafta_tl": null,
        "fiyat_1_ay_tl": null,
        "fiyat_3_ay_tl": null,
        "puan": 5.0,
        "yorum": 3,
        "url": "https://www.airbnb.com.tr/rooms/1744600890105558439"
      }
    },
    {
      "type": "Feature",
      "geometry": {
        "type": "Point",
        "coordinates": [
          -122.82458,
          47.05648
        ]
      },
      "properties": {
        "katman": "AIRBNB_ILANI",
        "id": "877375875351470072",
        "ad": "Ev - Lacey",
        "alt_tur": "Özel Oda",
        "fiyat_tl": 17296,
        "fiyat_1_gun_tl": 17296,
        "fiyat_1_hafta_tl": null,
        "fiyat_1_ay_tl": null,
        "fiyat_3_ay_tl": null,
        "puan": 4.85,
        "yorum": 74,
        "url": "https://www.airbnb.com.tr/rooms/877375875351470072"
      }
    },
    {
      "type": "Feature",
      "geometry": {
        "type": "Point",
        "coordinates": [
          -85.1578,
          9.6329
        ]
      },
      "properties": {
        "katman": "AIRBNB_ILANI",
        "id": "1765442481105104106",
        "ad": "Ev - Santa Teresa, Kosta Rika",
        "alt_tur": "Özel Oda",
        "fiyat_tl": 9730,
        "fiyat_1_gun_tl": 9730,
        "fiyat_1_hafta_tl": null,
        "fiyat_1_ay_tl": null,
        "fiyat_3_ay_tl": null,
        "puan": null,
        "yorum": 0,
        "url": "https://www.airbnb.com.tr/rooms/1765442481105104106"
      }
    },
    {
      "type": "Feature",
      "geometry": {
        "type": "Point",
        "coordinates": [
          41.124811750603094,
          37.88015619429169
        ]
      },
      "properties": {
        "katman": "AIRBNB_ILANI",
        "id": "1690096159215817961",
        "ad": "Çatı katı - merkez",
        "alt_tur": "Daire / Ev",
        "fiyat_tl": 3435,
        "fiyat_1_gun_tl": 3553,
        "fiyat_1_hafta_tl": 3198,
        "fiyat_1_ay_tl": null,
        "fiyat_3_ay_tl": 3553,
        "puan": null,
        "yorum": 0,
        "url": "https://www.airbnb.com.tr/rooms/1690096159215817961"
      }
    },
    {
      "type": "Feature",
      "geometry": {
        "type": "Point",
        "coordinates": [
          41.12771680694647,
          37.884370128273126
        ]
      },
      "properties": {
        "katman": "AIRBNB_ILANI",
        "id": "1693791852508183724",
        "ad": "Çatı katı - Batman",
        "alt_tur": "Daire / Ev",
        "fiyat_tl": 3435,
        "fiyat_1_gun_tl": 3553,
        "fiyat_1_hafta_tl": 3198,
        "fiyat_1_ay_tl": null,
        "fiyat_3_ay_tl": 3553,
        "puan": null,
        "yorum": 0,
        "url": "https://www.airbnb.com.tr/rooms/1693791852508183724"
      }
    },
    {
      "type": "Feature",
      "geometry": {
        "type": "Point",
        "coordinates": [
          41.12688266704672,
          37.88339149993739
        ]
      },
      "properties": {
        "katman": "AIRBNB_ILANI",
        "id": "1689349120731278208",
        "ad": "Batman bölgesinde oda",
        "alt_tur": "Özel Oda",
        "fiyat_tl": 3470,
        "fiyat_1_gun_tl": 3660,
        "fiyat_1_hafta_tl": 3198,
        "fiyat_1_ay_tl": null,
        "fiyat_3_ay_tl": 3553,
        "puan": null,
        "yorum": 0,
        "url": "https://www.airbnb.com.tr/rooms/1689349120731278208"
      }
    },
    {
      "type": "Feature",
      "geometry": {
        "type": "Point",
        "coordinates": [
          41.132109991825715,
          37.905098123477515
        ]
      },
      "properties": {
        "katman": "AIRBNB_ILANI",
        "id": "1595430617295867794",
        "ad": "Daire - Batman",
        "alt_tur": "Daire",
        "fiyat_tl": 4145,
        "fiyat_1_gun_tl": null,
        "fiyat_1_hafta_tl": 4441,
        "fiyat_1_ay_tl": null,
        "fiyat_3_ay_tl": 3849,
        "puan": 5.0,
        "yorum": 9,
        "url": "https://www.airbnb.com.tr/rooms/1595430617295867794"
      }
    },
    {
      "type": "Feature",
      "geometry": {
        "type": "Point",
        "coordinates": [
          39.7308,
          41.0067
        ]
      },
      "properties": {
        "katman": "AIRBNB_ILANI",
        "id": "1160914337249008664",
        "ad": "Daire - Trabzon",
        "alt_tur": "Daire",
        "fiyat_tl": 3553,
        "fiyat_1_gun_tl": null,
        "fiyat_1_hafta_tl": 3553,
        "fiyat_1_ay_tl": 3553,
        "fiyat_3_ay_tl": 3553,
        "puan": 4.82,
        "yorum": 110,
        "url": "https://www.airbnb.com.tr/rooms/1160914337249008664"
      }
    },
    {
      "type": "Feature",
      "geometry": {
        "type": "Point",
        "coordinates": [
          39.7308,
          41.0067
        ]
      },
      "properties": {
        "katman": "AIRBNB_ILANI",
        "id": "896303440692456207",
        "ad": "Daire - Ortahisar",
        "alt_tur": "Daire",
        "fiyat_tl": 3000,
        "fiyat_1_gun_tl": null,
        "fiyat_1_hafta_tl": 3000,
        "fiyat_1_ay_tl": 3000,
        "fiyat_3_ay_tl": 3000,
        "puan": 4.78,
        "yorum": 160,
        "url": "https://www.airbnb.com.tr/rooms/896303440692456207"
      }
    },
    {
      "type": "Feature",
      "geometry": {
        "type": "Point",
        "coordinates": [
          39.7228,
          41.0048
        ]
      },
      "properties": {
        "katman": "AIRBNB_ILANI",
        "id": "938448945732317535",
        "ad": "Daire - Ortahisar",
        "alt_tur": "Daire",
        "fiyat_tl": 3844,
        "fiyat_1_gun_tl": null,
        "fiyat_1_hafta_tl": 3844,
        "fiyat_1_ay_tl": null,
        "fiyat_3_ay_tl": null,
        "puan": 4.89,
        "yorum": 54,
        "url": "https://www.airbnb.com.tr/rooms/938448945732317535"
      }
    },
    {
      "type": "Feature",
      "geometry": {
        "type": "Point",
        "coordinates": [
          39.761755601682935,
          40.99606748945304
        ]
      },
      "properties": {
        "katman": "AIRBNB_ILANI",
        "id": "1219458864007736994",
        "ad": "Otel odası - Ortahisar",
        "alt_tur": "Özel Oda",
        "fiyat_tl": 1650,
        "fiyat_1_gun_tl": null,
        "fiyat_1_hafta_tl": 1650,
        "fiyat_1_ay_tl": null,
        "fiyat_3_ay_tl": null,
        "puan": 4.78,
        "yorum": 18,
        "url": "https://www.airbnb.com.tr/rooms/1219458864007736994"
      }
    },
    {
      "type": "Feature",
      "geometry": {
        "type": "Point",
        "coordinates": [
          39.70006,
          41.0025
        ]
      },
      "properties": {
        "katman": "AIRBNB_ILANI",
        "id": "1145444820838900156",
        "ad": "Daire - Ortahisar",
        "alt_tur": "Daire",
        "fiyat_tl": 3850,
        "fiyat_1_gun_tl": null,
        "fiyat_1_hafta_tl": 3950,
        "fiyat_1_ay_tl": 3750,
        "fiyat_3_ay_tl": null,
        "puan": 4.96,
        "yorum": 50,
        "url": "https://www.airbnb.com.tr/rooms/1145444820838900156"
      }
    },
    {
      "type": "Feature",
      "geometry": {
        "type": "Point",
        "coordinates": [
          39.7226,
          41.0033
        ]
      },
      "properties": {
        "katman": "AIRBNB_ILANI",
        "id": "1206399594904937275",
        "ad": "Otel - Ortahisar",
        "alt_tur": "Özel Oda",
        "fiyat_tl": 2530,
        "fiyat_1_gun_tl": null,
        "fiyat_1_hafta_tl": 2631,
        "fiyat_1_ay_tl": 2429,
        "fiyat_3_ay_tl": null,
        "puan": 4.6,
        "yorum": 5,
        "url": "https://www.airbnb.com.tr/rooms/1206399594904937275"
      }
    },
    {
      "type": "Feature",
      "geometry": {
        "type": "Point",
        "coordinates": [
          39.7249,
          41.0051
        ]
      },
      "properties": {
        "katman": "AIRBNB_ILANI",
        "id": "927191731446373502",
        "ad": "Daire - Ortahisar",
        "alt_tur": "Özel Oda",
        "fiyat_tl": 4330,
        "fiyat_1_gun_tl": null,
        "fiyat_1_hafta_tl": 4330,
        "fiyat_1_ay_tl": null,
        "fiyat_3_ay_tl": null,
        "puan": 4.85,
        "yorum": 13,
        "url": "https://www.airbnb.com.tr/rooms/927191731446373502"
      }
    },
    {
      "type": "Feature",
      "geometry": {
        "type": "Point",
        "coordinates": [
          39.7843,
          40.9901
        ]
      },
      "properties": {
        "katman": "AIRBNB_ILANI",
        "id": "1420198979346804081",
        "ad": "Ortahisar bölgesinde oda",
        "alt_tur": "Özel Oda",
        "fiyat_tl": 1995,
        "fiyat_1_gun_tl": null,
        "fiyat_1_hafta_tl": 1995,
        "fiyat_1_ay_tl": 1995,
        "fiyat_3_ay_tl": 1995,
        "puan": 4.63,
        "yorum": 43,
        "url": "https://www.airbnb.com.tr/rooms/1420198979346804081"
      }
    },
    {
      "type": "Feature",
      "geometry": {
        "type": "Point",
        "coordinates": [
          39.6993,
          41.0012
        ]
      },
      "properties": {
        "katman": "AIRBNB_ILANI",
        "id": "673572542535793024",
        "ad": "Otel odası - Ortahisar",
        "alt_tur": "Özel Oda",
        "fiyat_tl": 3600,
        "fiyat_1_gun_tl": null,
        "fiyat_1_hafta_tl": 3600,
        "fiyat_1_ay_tl": null,
        "fiyat_3_ay_tl": null,
        "puan": 4.9,
        "yorum": 92,
        "url": "https://www.airbnb.com.tr/rooms/673572542535793024"
      }
    },
    {
      "type": "Feature",
      "geometry": {
        "type": "Point",
        "coordinates": [
          39.7233,
          41.0035
        ]
      },
      "properties": {
        "katman": "AIRBNB_ILANI",
        "id": "916626847546586163",
        "ad": "Daire - Ortahisar",
        "alt_tur": "Daire",
        "fiyat_tl": 3805,
        "fiyat_1_gun_tl": null,
        "fiyat_1_hafta_tl": 3723,
        "fiyat_1_ay_tl": 3887,
        "fiyat_3_ay_tl": null,
        "puan": 4.65,
        "yorum": 26,
        "url": "https://www.airbnb.com.tr/rooms/916626847546586163"
      }
    },
    {
      "type": "Feature",
      "geometry": {
        "type": "Point",
        "coordinates": [
          39.7285,
          41.0022
        ]
      },
      "properties": {
        "katman": "AIRBNB_ILANI",
        "id": "1725294003667408540",
        "ad": "Daire - Ortahisar",
        "alt_tur": "Daire",
        "fiyat_tl": 4000,
        "fiyat_1_gun_tl": null,
        "fiyat_1_hafta_tl": 4000,
        "fiyat_1_ay_tl": null,
        "fiyat_3_ay_tl": null,
        "puan": null,
        "yorum": 0,
        "url": "https://www.airbnb.com.tr/rooms/1725294003667408540"
      }
    },
    {
      "type": "Feature",
      "geometry": {
        "type": "Point",
        "coordinates": [
          39.73052695552358,
          41.003732180967134
        ]
      },
      "properties": {
        "katman": "AIRBNB_ILANI",
        "id": "1339044582478731240",
        "ad": "Otel - Ortahisar",
        "alt_tur": "Daire / Ev",
        "fiyat_tl": 4375,
        "fiyat_1_gun_tl": null,
        "fiyat_1_hafta_tl": 5321,
        "fiyat_1_ay_tl": 3902,
        "fiyat_3_ay_tl": 3902,
        "puan": null,
        "yorum": 0,
        "url": "https://www.airbnb.com.tr/rooms/1339044582478731240"
      }
    },
    {
      "type": "Feature",
      "geometry": {
        "type": "Point",
        "coordinates": [
          39.7747,
          40.9608
        ]
      },
      "properties": {
        "katman": "AIRBNB_ILANI",
        "id": "1378082203099195950",
        "ad": "Bungalov - Çilekli",
        "alt_tur": "Kır Evi / Bungalov",
        "fiyat_tl": 4040,
        "fiyat_1_gun_tl": null,
        "fiyat_1_hafta_tl": 3780,
        "fiyat_1_ay_tl": 4140,
        "fiyat_3_ay_tl": 4200,
        "puan": 4.77,
        "yorum": 73,
        "url": "https://www.airbnb.com.tr/rooms/1378082203099195950"
      }
    },
    {
      "type": "Feature",
      "geometry": {
        "type": "Point",
        "coordinates": [
          39.6854,
          40.9778
        ]
      },
      "properties": {
        "katman": "AIRBNB_ILANI",
        "id": "655363177278632091",
        "ad": "Daire - Ortahisar",
        "alt_tur": "Müstakil Villa",
        "fiyat_tl": 6373,
        "fiyat_1_gun_tl": null,
        "fiyat_1_hafta_tl": 6373,
        "fiyat_1_ay_tl": null,
        "fiyat_3_ay_tl": 6373,
        "puan": 5.0,
        "yorum": 52,
        "url": "https://www.airbnb.com.tr/rooms/655363177278632091"
      }
    },
    {
      "type": "Feature",
      "geometry": {
        "type": "Point",
        "coordinates": [
          39.7853,
          40.9887
        ]
      },
      "properties": {
        "katman": "AIRBNB_ILANI",
        "id": "942054877705630434",
        "ad": "Daire - Ortahisar",
        "alt_tur": "Daire",
        "fiyat_tl": 3162,
        "fiyat_1_gun_tl": null,
        "fiyat_1_hafta_tl": 3162,
        "fiyat_1_ay_tl": null,
        "fiyat_3_ay_tl": null,
        "puan": 4.9,
        "yorum": 60,
        "url": "https://www.airbnb.com.tr/rooms/942054877705630434"
      }
    },
    {
      "type": "Feature",
      "geometry": {
        "type": "Point",
        "coordinates": [
          39.66460197440641,
          40.97074589110087
        ]
      },
      "properties": {
        "katman": "AIRBNB_ILANI",
        "id": "1184069436722727446",
        "ad": "Küçük ev - Uğurlu",
        "alt_tur": "Daire / Ev",
        "fiyat_tl": 4414,
        "fiyat_1_gun_tl": null,
        "fiyat_1_hafta_tl": 4800,
        "fiyat_1_ay_tl": 4027,
        "fiyat_3_ay_tl": null,
        "puan": 4.93,
        "yorum": 75,
        "url": "https://www.airbnb.com.tr/rooms/1184069436722727446"
      }
    },
    {
      "type": "Feature",
      "geometry": {
        "type": "Point",
        "coordinates": [
          39.7233,
          41.0036
        ]
      },
      "properties": {
        "katman": "AIRBNB_ILANI",
        "id": "916639477088113322",
        "ad": "Daire - Ortahisar",
        "alt_tur": "Daire",
        "fiyat_tl": 3572,
        "fiyat_1_gun_tl": null,
        "fiyat_1_hafta_tl": 3572,
        "fiyat_1_ay_tl": null,
        "fiyat_3_ay_tl": null,
        "puan": 4.67,
        "yorum": 24,
        "url": "https://www.airbnb.com.tr/rooms/916639477088113322"
      }
    },
    {
      "type": "Feature",
      "geometry": {
        "type": "Point",
        "coordinates": [
          39.72477,
          41.0075
        ]
      },
      "properties": {
        "katman": "AIRBNB_ILANI",
        "id": "1441117595796802438",
        "ad": "Daire - Ortahisar",
        "alt_tur": "Daire",
        "fiyat_tl": 4381,
        "fiyat_1_gun_tl": null,
        "fiyat_1_hafta_tl": 4381,
        "fiyat_1_ay_tl": null,
        "fiyat_3_ay_tl": null,
        "puan": 4.71,
        "yorum": 21,
        "url": "https://www.airbnb.com.tr/rooms/1441117595796802438"
      }
    },
    {
      "type": "Feature",
      "geometry": {
        "type": "Point",
        "coordinates": [
          39.69803,
          41.00244
        ]
      },
      "properties": {
        "katman": "AIRBNB_ILANI",
        "id": "684651770355499286",
        "ad": "Çatı katı - Ortahisar",
        "alt_tur": "Daire / Ev",
        "fiyat_tl": 3500,
        "fiyat_1_gun_tl": null,
        "fiyat_1_hafta_tl": null,
        "fiyat_1_ay_tl": 3500,
        "fiyat_3_ay_tl": null,
        "puan": 4.91,
        "yorum": 139,
        "url": "https://www.airbnb.com.tr/rooms/684651770355499286"
      }
    },
    {
      "type": "Feature",
      "geometry": {
        "type": "Point",
        "coordinates": [
          39.74714,
          40.92451
        ]
      },
      "properties": {
        "katman": "AIRBNB_ILANI",
        "id": "45076226",
        "ad": "Ağaç ev - Ortahisar",
        "alt_tur": "Daire / Ev",
        "fiyat_tl": 3675,
        "fiyat_1_gun_tl": null,
        "fiyat_1_hafta_tl": null,
        "fiyat_1_ay_tl": 3725,
        "fiyat_3_ay_tl": 3625,
        "puan": 4.93,
        "yorum": 243,
        "url": "https://www.airbnb.com.tr/rooms/45076226"
      }
    },
    {
      "type": "Feature",
      "geometry": {
        "type": "Point",
        "coordinates": [
          39.7147,
          40.9748
        ]
      },
      "properties": {
        "katman": "AIRBNB_ILANI",
        "id": "1433255661697024772",
        "ad": "Bungalov - Ortahisar",
        "alt_tur": "Kır Evi / Bungalov",
        "fiyat_tl": 10714,
        "fiyat_1_gun_tl": null,
        "fiyat_1_hafta_tl": null,
        "fiyat_1_ay_tl": 11093,
        "fiyat_3_ay_tl": 10335,
        "puan": 5.0,
        "yorum": 62,
        "url": "https://www.airbnb.com.tr/rooms/1433255661697024772"
      }
    },
    {
      "type": "Feature",
      "geometry": {
        "type": "Point",
        "coordinates": [
          39.7352098734641,
          40.95596174780901
        ]
      },
      "properties": {
        "katman": "AIRBNB_ILANI",
        "id": "1465882991346432125",
        "ad": "Ağaç ev - Ortahisar",
        "alt_tur": "Daire / Ev",
        "fiyat_tl": 5437,
        "fiyat_1_gun_tl": null,
        "fiyat_1_hafta_tl": null,
        "fiyat_1_ay_tl": 5036,
        "fiyat_3_ay_tl": 5838,
        "puan": 4.61,
        "yorum": 41,
        "url": "https://www.airbnb.com.tr/rooms/1465882991346432125"
      }
    },
    {
      "type": "Feature",
      "geometry": {
        "type": "Point",
        "coordinates": [
          39.7791,
          40.9922
        ]
      },
      "properties": {
        "katman": "AIRBNB_ILANI",
        "id": "899160988646648035",
        "ad": "Ev - Ortahisar",
        "alt_tur": "Daire / Ev",
        "fiyat_tl": 2296,
        "fiyat_1_gun_tl": null,
        "fiyat_1_hafta_tl": null,
        "fiyat_1_ay_tl": 2296,
        "fiyat_3_ay_tl": 2296,
        "puan": 4.87,
        "yorum": 83,
        "url": "https://www.airbnb.com.tr/rooms/899160988646648035"
      }
    },
    {
      "type": "Feature",
      "geometry": {
        "type": "Point",
        "coordinates": [
          39.72778804480505,
          41.00452831087099
        ]
      },
      "properties": {
        "katman": "AIRBNB_ILANI",
        "id": "46615787",
        "ad": "Villa - Ortahisar",
        "alt_tur": "Müstakil Villa",
        "fiyat_tl": 15206,
        "fiyat_1_gun_tl": null,
        "fiyat_1_hafta_tl": null,
        "fiyat_1_ay_tl": 16200,
        "fiyat_3_ay_tl": 14211,
        "puan": 5.0,
        "yorum": 7,
        "url": "https://www.airbnb.com.tr/rooms/46615787"
      }
    },
    {
      "type": "Feature",
      "geometry": {
        "type": "Point",
        "coordinates": [
          39.69838695918333,
          41.00179370405318
        ]
      },
      "properties": {
        "katman": "AIRBNB_ILANI",
        "id": "664891987304964751",
        "ad": "Daire - Ortahisar",
        "alt_tur": "Daire",
        "fiyat_tl": 3700,
        "fiyat_1_gun_tl": null,
        "fiyat_1_hafta_tl": null,
        "fiyat_1_ay_tl": 3700,
        "fiyat_3_ay_tl": null,
        "puan": 4.9,
        "yorum": 48,
        "url": "https://www.airbnb.com.tr/rooms/664891987304964751"
      }
    },
    {
      "type": "Feature",
      "geometry": {
        "type": "Point",
        "coordinates": [
          39.829,
          40.9749
        ]
      },
      "properties": {
        "katman": "AIRBNB_ILANI",
        "id": "1219651615032968259",
        "ad": "Daire - Ortahisar",
        "alt_tur": "Daire",
        "fiyat_tl": 4379,
        "fiyat_1_gun_tl": null,
        "fiyat_1_hafta_tl": null,
        "fiyat_1_ay_tl": 4379,
        "fiyat_3_ay_tl": null,
        "puan": 4.97,
        "yorum": 29,
        "url": "https://www.airbnb.com.tr/rooms/1219651615032968259"
      }
    },
    {
      "type": "Feature",
      "geometry": {
        "type": "Point",
        "coordinates": [
          39.68659,
          40.97698
        ]
      },
      "properties": {
        "katman": "AIRBNB_ILANI",
        "id": "698464883862345708",
        "ad": "Villa - Ortahisar",
        "alt_tur": "Müstakil Villa",
        "fiyat_tl": 5329,
        "fiyat_1_gun_tl": null,
        "fiyat_1_hafta_tl": null,
        "fiyat_1_ay_tl": 5329,
        "fiyat_3_ay_tl": null,
        "puan": 4.8,
        "yorum": 80,
        "url": "https://www.airbnb.com.tr/rooms/698464883862345708"
      }
    },
    {
      "type": "Feature",
      "geometry": {
        "type": "Point",
        "coordinates": [
          39.72445232415619,
          41.00795541600939
        ]
      },
      "properties": {
        "katman": "AIRBNB_ILANI",
        "id": "1441117699008063820",
        "ad": "Daire - Ortahisar",
        "alt_tur": "Daire",
        "fiyat_tl": 2799,
        "fiyat_1_gun_tl": null,
        "fiyat_1_hafta_tl": null,
        "fiyat_1_ay_tl": null,
        "fiyat_3_ay_tl": 2799,
        "puan": 4.61,
        "yorum": 36,
        "url": "https://www.airbnb.com.tr/rooms/1441117699008063820"
      }
    },
    {
      "type": "Feature",
      "geometry": {
        "type": "Point",
        "coordinates": [
          39.75985251614699,
          40.9926025369119
        ]
      },
      "properties": {
        "katman": "AIRBNB_ILANI",
        "id": "1518235684457348066",
        "ad": "Butik otel - Ortahisar",
        "alt_tur": "Özel Oda",
        "fiyat_tl": 1736,
        "fiyat_1_gun_tl": null,
        "fiyat_1_hafta_tl": null,
        "fiyat_1_ay_tl": null,
        "fiyat_3_ay_tl": 1736,
        "puan": 4.8,
        "yorum": 65,
        "url": "https://www.airbnb.com.tr/rooms/1518235684457348066"
      }
    },
    {
      "type": "Feature",
      "geometry": {
        "type": "Point",
        "coordinates": [
          39.68522,
          40.97699
        ]
      },
      "properties": {
        "katman": "AIRBNB_ILANI",
        "id": "52366747",
        "ad": "Villa - Trabzon",
        "alt_tur": "Müstakil Villa",
        "fiyat_tl": 6624,
        "fiyat_1_gun_tl": null,
        "fiyat_1_hafta_tl": null,
        "fiyat_1_ay_tl": null,
        "fiyat_3_ay_tl": 6624,
        "puan": 5.0,
        "yorum": 81,
        "url": "https://www.airbnb.com.tr/rooms/52366747"
      }
    },
    {
      "type": "Feature",
      "geometry": {
        "type": "Point",
        "coordinates": [
          39.7653,
          40.9853
        ]
      },
      "properties": {
        "katman": "AIRBNB_ILANI",
        "id": "1359301283408562344",
        "ad": "Bungalov - Ortahisar",
        "alt_tur": "Müstakil Villa",
        "fiyat_tl": 6750,
        "fiyat_1_gun_tl": null,
        "fiyat_1_hafta_tl": null,
        "fiyat_1_ay_tl": null,
        "fiyat_3_ay_tl": 6750,
        "puan": 5.0,
        "yorum": 8,
        "url": "https://www.airbnb.com.tr/rooms/1359301283408562344"
      }
    },
    {
      "type": "Feature",
      "geometry": {
        "type": "Point",
        "coordinates": [
          39.7942,
          40.9902
        ]
      },
      "properties": {
        "katman": "AIRBNB_ILANI",
        "id": "1452006226638693585",
        "ad": "Daire - Trabzon Merkez or Trabzon Ortahisar",
        "alt_tur": "Daire",
        "fiyat_tl": 3929,
        "fiyat_1_gun_tl": null,
        "fiyat_1_hafta_tl": null,
        "fiyat_1_ay_tl": null,
        "fiyat_3_ay_tl": 3929,
        "puan": 4.85,
        "yorum": 196,
        "url": "https://www.airbnb.com.tr/rooms/1452006226638693585"
      }
    },
    {
      "type": "Feature",
      "geometry": {
        "type": "Point",
        "coordinates": [
          39.6864,
          40.97692
        ]
      },
      "properties": {
        "katman": "AIRBNB_ILANI",
        "id": "899832399594630163",
        "ad": "Ev - Ortahisar",
        "alt_tur": "Daire / Ev",
        "fiyat_tl": 4573,
        "fiyat_1_gun_tl": null,
        "fiyat_1_hafta_tl": null,
        "fiyat_1_ay_tl": null,
        "fiyat_3_ay_tl": 4573,
        "puan": 5.0,
        "yorum": 34,
        "url": "https://www.airbnb.com.tr/rooms/899832399594630163"
      }
    },
    {
      "type": "Feature",
      "geometry": {
        "type": "Point",
        "coordinates": [
          39.69663,
          40.99998
        ]
      },
      "properties": {
        "katman": "AIRBNB_ILANI",
        "id": "949291930040098475",
        "ad": "Daire - Ortahisar",
        "alt_tur": "Daire",
        "fiyat_tl": 4737,
        "fiyat_1_gun_tl": null,
        "fiyat_1_hafta_tl": null,
        "fiyat_1_ay_tl": null,
        "fiyat_3_ay_tl": 4737,
        "puan": 4.97,
        "yorum": 35,
        "url": "https://www.airbnb.com.tr/rooms/949291930040098475"
      }
    },
    {
      "type": "Feature",
      "geometry": {
        "type": "Point",
        "coordinates": [
          -74.2311,
          42.4328
        ]
      },
      "properties": {
        "katman": "AIRBNB_ILANI",
        "id": "1751040403921886634",
        "ad": "Ev - Preston-Potter Hollow, New York, Amerika Birleşik Devletleri",
        "alt_tur": "Daire / Ev",
        "fiyat_tl": 19120,
        "fiyat_1_gun_tl": null,
        "fiyat_1_hafta_tl": 19120,
        "fiyat_1_ay_tl": null,
        "fiyat_3_ay_tl": null,
        "puan": null,
        "yorum": 0,
        "url": "https://www.airbnb.com.tr/rooms/1751040403921886634"
      }
    },
    {
      "type": "Feature",
      "geometry": {
        "type": "Point",
        "coordinates": [
          -100.8264,
          25.2101
        ]
      },
      "properties": {
        "katman": "AIRBNB_ILANI",
        "id": "1752258862961603696",
        "ad": "Kulübe - Huachichil, Meksika",
        "alt_tur": "Daire / Ev",
        "fiyat_tl": 23262,
        "fiyat_1_gun_tl": null,
        "fiyat_1_hafta_tl": null,
        "fiyat_1_ay_tl": 23262,
        "fiyat_3_ay_tl": null,
        "puan": 5.0,
        "yorum": 3,
        "url": "https://www.airbnb.com.tr/rooms/1752258862961603696"
      }
    },
    {
      "type": "Feature",
      "geometry": {
        "type": "Point",
        "coordinates": [
          -92.2096,
          37.82813
        ]
      },
      "properties": {
        "katman": "AIRBNB_ILANI",
        "id": "1735006511019776519",
        "ad": "Ev - Waynesville, Missouri, Amerika Birleşik Devletleri",
        "alt_tur": "Özel Oda",
        "fiyat_tl": 17272,
        "fiyat_1_gun_tl": null,
        "fiyat_1_hafta_tl": null,
        "fiyat_1_ay_tl": 17272,
        "fiyat_3_ay_tl": null,
        "puan": null,
        "yorum": 0,
        "url": "https://www.airbnb.com.tr/rooms/1735006511019776519"
      }
    },
    {
      "type": "Feature",
      "geometry": {
        "type": "Point",
        "coordinates": [
          -122.7385,
          46.9948
        ]
      },
      "properties": {
        "katman": "AIRBNB_ILANI",
        "id": "583191071633447519",
        "ad": "Ev - Olympia",
        "alt_tur": "Daire / Ev",
        "fiyat_tl": 30165,
        "fiyat_1_gun_tl": null,
        "fiyat_1_hafta_tl": null,
        "fiyat_1_ay_tl": null,
        "fiyat_3_ay_tl": 30165,
        "puan": 5.0,
        "yorum": 17,
        "url": "https://www.airbnb.com.tr/rooms/583191071633447519"
      }
    },
    {
      "type": "Feature",
      "geometry": {
        "type": "Point",
        "coordinates": [
          -122.71641,
          47.00874
        ]
      },
      "properties": {
        "katman": "AIRBNB_ILANI",
        "id": "52772718",
        "ad": "Kır evi - Olympia",
        "alt_tur": "Kır Evi / Bungalov",
        "fiyat_tl": 14790,
        "fiyat_1_gun_tl": null,
        "fiyat_1_hafta_tl": null,
        "fiyat_1_ay_tl": null,
        "fiyat_3_ay_tl": 14790,
        "puan": 4.97,
        "yorum": 268,
        "url": "https://www.airbnb.com.tr/rooms/52772718"
      }
    },
    {
      "type": "Feature",
      "geometry": {
        "type": "Point",
        "coordinates": [
          40.9962,
          41.0665
        ]
      },
      "properties": {
        "katman": "AIRBNB_ILANI",
        "id": "1248412875531352473",
        "ad": "Ağaç ev - Muratköy",
        "alt_tur": "Daire / Ev",
        "fiyat_tl": 3406,
        "fiyat_1_gun_tl": 3406,
        "fiyat_1_hafta_tl": 3406,
        "fiyat_1_ay_tl": 3406,
        "fiyat_3_ay_tl": null,
        "puan": 5.0,
        "yorum": 9,
        "url": "https://www.airbnb.com.tr/rooms/1248412875531352473"
      }
    },
    {
      "type": "Feature",
      "geometry": {
        "type": "Point",
        "coordinates": [
          41.0011,
          41.1675
        ]
      },
      "properties": {
        "katman": "AIRBNB_ILANI",
        "id": "1413735867939451076",
        "ad": "Ağaç ev - Pirinçlik",
        "alt_tur": "Daire / Ev",
        "fiyat_tl": 5416,
        "fiyat_1_gun_tl": 5306,
        "fiyat_1_hafta_tl": 5525,
        "fiyat_1_ay_tl": null,
        "fiyat_3_ay_tl": null,
        "puan": 5.0,
        "yorum": 35,
        "url": "https://www.airbnb.com.tr/rooms/1413735867939451076"
      }
    },
    {
      "type": "Feature",
      "geometry": {
        "type": "Point",
        "coordinates": [
          41.00314,
          41.06757
        ]
      },
      "properties": {
        "katman": "AIRBNB_ILANI",
        "id": "1215692244852352415",
        "ad": "Bungalov - Muratköy",
        "alt_tur": "Kır Evi / Bungalov",
        "fiyat_tl": 3201,
        "fiyat_1_gun_tl": 3201,
        "fiyat_1_hafta_tl": null,
        "fiyat_1_ay_tl": null,
        "fiyat_3_ay_tl": null,
        "puan": 5.0,
        "yorum": 28,
        "url": "https://www.airbnb.com.tr/rooms/1215692244852352415"
      }
    },
    {
      "type": "Feature",
      "geometry": {
        "type": "Point",
        "coordinates": [
          41.0428,
          41.0988
        ]
      },
      "properties": {
        "katman": "AIRBNB_ILANI",
        "id": "1142804433680355267",
        "ad": "Rize bölgesinde oda",
        "alt_tur": "Özel Oda",
        "fiyat_tl": 7000,
        "fiyat_1_gun_tl": 7000,
        "fiyat_1_hafta_tl": null,
        "fiyat_1_ay_tl": null,
        "fiyat_3_ay_tl": null,
        "puan": 4.95,
        "yorum": 109,
        "url": "https://www.airbnb.com.tr/rooms/1142804433680355267"
      }
    },
    {
      "type": "Feature",
      "geometry": {
        "type": "Point",
        "coordinates": [
          41.02008,
          41.13889
        ]
      },
      "properties": {
        "katman": "AIRBNB_ILANI",
        "id": "1156455631384206470",
        "ad": "Ağaç ev - Şenyamaç",
        "alt_tur": "Müstakil Villa",
        "fiyat_tl": 5850,
        "fiyat_1_gun_tl": 5850,
        "fiyat_1_hafta_tl": null,
        "fiyat_1_ay_tl": null,
        "fiyat_3_ay_tl": null,
        "puan": 4.98,
        "yorum": 51,
        "url": "https://www.airbnb.com.tr/rooms/1156455631384206470"
      }
    },
    {
      "type": "Feature",
      "geometry": {
        "type": "Point",
        "coordinates": [
          41.03526943477499,
          41.10943514390488
        ]
      },
      "properties": {
        "katman": "AIRBNB_ILANI",
        "id": "1253600878967703408",
        "ad": "Bungalov - Duygulu",
        "alt_tur": "Kır Evi / Bungalov",
        "fiyat_tl": 4750,
        "fiyat_1_gun_tl": 5000,
        "fiyat_1_hafta_tl": null,
        "fiyat_1_ay_tl": 4500,
        "fiyat_3_ay_tl": null,
        "puan": 5.0,
        "yorum": 24,
        "url": "https://www.airbnb.com.tr/rooms/1253600878967703408"
      }
    },
    {
      "type": "Feature",
      "geometry": {
        "type": "Point",
        "coordinates": [
          41.0739,
          41.1145
        ]
      },
      "properties": {
        "katman": "AIRBNB_ILANI",
        "id": "1561734782320726014",
        "ad": "Bungalov - Şehitlik",
        "alt_tur": "Kır Evi / Bungalov",
        "fiyat_tl": 6900,
        "fiyat_1_gun_tl": 6900,
        "fiyat_1_hafta_tl": null,
        "fiyat_1_ay_tl": null,
        "fiyat_3_ay_tl": null,
        "puan": 5.0,
        "yorum": 27,
        "url": "https://www.airbnb.com.tr/rooms/1561734782320726014"
      }
    },
    {
      "type": "Feature",
      "geometry": {
        "type": "Point",
        "coordinates": [
          41.0434,
          41.0808
        ]
      },
      "properties": {
        "katman": "AIRBNB_ILANI",
        "id": "1110798006418251738",
        "ad": "Şato - Çayırdüzü",
        "alt_tur": "Daire / Ev",
        "fiyat_tl": 6000,
        "fiyat_1_gun_tl": 6000,
        "fiyat_1_hafta_tl": null,
        "fiyat_1_ay_tl": null,
        "fiyat_3_ay_tl": null,
        "puan": null,
        "yorum": 0,
        "url": "https://www.airbnb.com.tr/rooms/1110798006418251738"
      }
    },
    {
      "type": "Feature",
      "geometry": {
        "type": "Point",
        "coordinates": [
          40.99502,
          41.07015
        ]
      },
      "properties": {
        "katman": "AIRBNB_ILANI",
        "id": "1292190012051181822",
        "ad": "Daire - Muratköy",
        "alt_tur": "Özel Oda",
        "fiyat_tl": 3000,
        "fiyat_1_gun_tl": 3000,
        "fiyat_1_hafta_tl": null,
        "fiyat_1_ay_tl": null,
        "fiyat_3_ay_tl": null,
        "puan": 5.0,
        "yorum": 13,
        "url": "https://www.airbnb.com.tr/rooms/1292190012051181822"
      }
    },
    {
      "type": "Feature",
      "geometry": {
        "type": "Point",
        "coordinates": [
          40.98947,
          41.14784
        ]
      },
      "properties": {
        "katman": "AIRBNB_ILANI",
        "id": "953991792732669271",
        "ad": "Çadır - Çıraklar",
        "alt_tur": "Daire / Ev",
        "fiyat_tl": 7055,
        "fiyat_1_gun_tl": 7055,
        "fiyat_1_hafta_tl": null,
        "fiyat_1_ay_tl": null,
        "fiyat_3_ay_tl": null,
        "puan": 4.88,
        "yorum": 8,
        "url": "https://www.airbnb.com.tr/rooms/953991792732669271"
      }
    },
    {
      "type": "Feature",
      "geometry": {
        "type": "Point",
        "coordinates": [
          40.971,
          41.1736
        ]
      },
      "properties": {
        "katman": "AIRBNB_ILANI",
        "id": "1025145075561663656",
        "ad": "Bungalov - Ardeşen",
        "alt_tur": "Kır Evi / Bungalov",
        "fiyat_tl": 5780,
        "fiyat_1_gun_tl": 5780,
        "fiyat_1_hafta_tl": null,
        "fiyat_1_ay_tl": null,
        "fiyat_3_ay_tl": null,
        "puan": 4.93,
        "yorum": 56,
        "url": "https://www.airbnb.com.tr/rooms/1025145075561663656"
      }
    },
    {
      "type": "Feature",
      "geometry": {
        "type": "Point",
        "coordinates": [
          41.0476,
          41.0929
        ]
      },
      "properties": {
        "katman": "AIRBNB_ILANI",
        "id": "851483835763136594",
        "ad": "Bungalov - Behice",
        "alt_tur": "Kır Evi / Bungalov",
        "fiyat_tl": 6000,
        "fiyat_1_gun_tl": 6000,
        "fiyat_1_hafta_tl": null,
        "fiyat_1_ay_tl": null,
        "fiyat_3_ay_tl": null,
        "puan": 4.85,
        "yorum": 47,
        "url": "https://www.airbnb.com.tr/rooms/851483835763136594"
      }
    },
    {
      "type": "Feature",
      "geometry": {
        "type": "Point",
        "coordinates": [
          41.0064,
          41.0443
        ]
      },
      "properties": {
        "katman": "AIRBNB_ILANI",
        "id": "1145670592089912162",
        "ad": "Daire - Çamlıhemşin",
        "alt_tur": "Daire",
        "fiyat_tl": 3400,
        "fiyat_1_gun_tl": 3400,
        "fiyat_1_hafta_tl": null,
        "fiyat_1_ay_tl": null,
        "fiyat_3_ay_tl": null,
        "puan": 4.69,
        "yorum": 52,
        "url": "https://www.airbnb.com.tr/rooms/1145670592089912162"
      }
    },
    {
      "type": "Feature",
      "geometry": {
        "type": "Point",
        "coordinates": [
          41.03302077210861,
          41.10783069340574
        ]
      },
      "properties": {
        "katman": "AIRBNB_ILANI",
        "id": "888331729181671753",
        "ad": "Ev - Güllüköy",
        "alt_tur": "Daire / Ev",
        "fiyat_tl": 4000,
        "fiyat_1_gun_tl": 4000,
        "fiyat_1_hafta_tl": null,
        "fiyat_1_ay_tl": null,
        "fiyat_3_ay_tl": null,
        "puan": 4.95,
        "yorum": 38,
        "url": "https://www.airbnb.com.tr/rooms/888331729181671753"
      }
    },
    {
      "type": "Feature",
      "geometry": {
        "type": "Point",
        "coordinates": [
          41.05301,
          40.99944
        ]
      },
      "properties": {
        "katman": "AIRBNB_ILANI",
        "id": "683862436183281552",
        "ad": "Kamp aracı/Karavan - Çamlıhemşin",
        "alt_tur": "Daire / Ev",
        "fiyat_tl": 4700,
        "fiyat_1_gun_tl": 4700,
        "fiyat_1_hafta_tl": 4700,
        "fiyat_1_ay_tl": null,
        "fiyat_3_ay_tl": null,
        "puan": 4.9,
        "yorum": 20,
        "url": "https://www.airbnb.com.tr/rooms/683862436183281552"
      }
    },
    {
      "type": "Feature",
      "geometry": {
        "type": "Point",
        "coordinates": [
          40.9005,
          41.1692
        ]
      },
      "properties": {
        "katman": "AIRBNB_ILANI",
        "id": "1488332063120868975",
        "ad": "Ev - Pazar",
        "alt_tur": "Daire / Ev",
        "fiyat_tl": 5300,
        "fiyat_1_gun_tl": 5300,
        "fiyat_1_hafta_tl": null,
        "fiyat_1_ay_tl": null,
        "fiyat_3_ay_tl": null,
        "puan": null,
        "yorum": 0,
        "url": "https://www.airbnb.com.tr/rooms/1488332063120868975"
      }
    },
    {
      "type": "Feature",
      "geometry": {
        "type": "Point",
        "coordinates": [
          41.03921,
          41.1217
        ]
      },
      "properties": {
        "katman": "AIRBNB_ILANI",
        "id": "1198684887431943170",
        "ad": "Otel - Hoşdere",
        "alt_tur": "Özel Oda",
        "fiyat_tl": 3486,
        "fiyat_1_gun_tl": 3486,
        "fiyat_1_hafta_tl": null,
        "fiyat_1_ay_tl": null,
        "fiyat_3_ay_tl": null,
        "puan": 4.89,
        "yorum": 19,
        "url": "https://www.airbnb.com.tr/rooms/1198684887431943170"
      }
    },
    {
      "type": "Feature",
      "geometry": {
        "type": "Point",
        "coordinates": [
          41.0072,
          41.0627
        ]
      },
      "properties": {
        "katman": "AIRBNB_ILANI",
        "id": "1473861132126623189",
        "ad": "Daire - Köprübaşı",
        "alt_tur": "Daire",
        "fiyat_tl": 5000,
        "fiyat_1_gun_tl": 5000,
        "fiyat_1_hafta_tl": null,
        "fiyat_1_ay_tl": null,
        "fiyat_3_ay_tl": null,
        "puan": 5.0,
        "yorum": 3,
        "url": "https://www.airbnb.com.tr/rooms/1473861132126623189"
      }
    },
    {
      "type": "Feature",
      "geometry": {
        "type": "Point",
        "coordinates": [
          41.118,
          40.9551
        ]
      },
      "properties": {
        "katman": "AIRBNB_ILANI",
        "id": "1012543337046086622",
        "ad": "Kamp aracı/Karavan - Çamlıhemşin",
        "alt_tur": "Daire / Ev",
        "fiyat_tl": 6500,
        "fiyat_1_gun_tl": null,
        "fiyat_1_hafta_tl": 6500,
        "fiyat_1_ay_tl": null,
        "fiyat_3_ay_tl": null,
        "puan": 4.94,
        "yorum": 96,
        "url": "https://www.airbnb.com.tr/rooms/1012543337046086622"
      }
    },
    {
      "type": "Feature",
      "geometry": {
        "type": "Point",
        "coordinates": [
          41.0313455119866,
          41.068749499597835
        ]
      },
      "properties": {
        "katman": "AIRBNB_ILANI",
        "id": "1502016752437799602",
        "ad": "Ev - Topluca",
        "alt_tur": "Müstakil Villa",
        "fiyat_tl": 5750,
        "fiyat_1_gun_tl": null,
        "fiyat_1_hafta_tl": 6500,
        "fiyat_1_ay_tl": null,
        "fiyat_3_ay_tl": 5000,
        "puan": 4.92,
        "yorum": 26,
        "url": "https://www.airbnb.com.tr/rooms/1502016752437799602"
      }
    },
    {
      "type": "Feature",
      "geometry": {
        "type": "Point",
        "coordinates": [
          41.00646922451966,
          41.04424984164287
        ]
      },
      "properties": {
        "katman": "AIRBNB_ILANI",
        "id": "1540524184811148136",
        "ad": "Daire - Çamlıhemşin",
        "alt_tur": "Daire",
        "fiyat_tl": 4383,
        "fiyat_1_gun_tl": null,
        "fiyat_1_hafta_tl": 4650,
        "fiyat_1_ay_tl": 4200,
        "fiyat_3_ay_tl": 4300,
        "puan": 4.77,
        "yorum": 26,
        "url": "https://www.airbnb.com.tr/rooms/1540524184811148136"
      }
    },
    {
      "type": "Feature",
      "geometry": {
        "type": "Point",
        "coordinates": [
          41.04056425205591,
          41.10673995149138
        ]
      },
      "properties": {
        "katman": "AIRBNB_ILANI",
        "id": "922535257550350657",
        "ad": "Rize bölgesinde konaklama yeri",
        "alt_tur": "Daire / Ev",
        "fiyat_tl": 3367,
        "fiyat_1_gun_tl": null,
        "fiyat_1_hafta_tl": 3536,
        "fiyat_1_ay_tl": 3198,
        "fiyat_3_ay_tl": null,
        "puan": 5.0,
        "yorum": 11,
        "url": "https://www.airbnb.com.tr/rooms/922535257550350657"
      }
    },
    {
      "type": "Feature",
      "geometry": {
        "type": "Point",
        "coordinates": [
          41.00094398723978,
          41.06969026532181
        ]
      },
      "properties": {
        "katman": "AIRBNB_ILANI",
        "id": "1285236776156840685",
        "ad": "Bungalov - Muratköy",
        "alt_tur": "Kır Evi / Bungalov",
        "fiyat_tl": 3294,
        "fiyat_1_gun_tl": null,
        "fiyat_1_hafta_tl": 3294,
        "fiyat_1_ay_tl": null,
        "fiyat_3_ay_tl": null,
        "puan": 4.92,
        "yorum": 48,
        "url": "https://www.airbnb.com.tr/rooms/1285236776156840685"
      }
    },
    {
      "type": "Feature",
      "geometry": {
        "type": "Point",
        "coordinates": [
          41.0408,
          41.0871
        ]
      },
      "properties": {
        "katman": "AIRBNB_ILANI",
        "id": "917060702628506980",
        "ad": "Oda-kahvaltı - Behice",
        "alt_tur": "Özel Oda",
        "fiyat_tl": 4680,
        "fiyat_1_gun_tl": null,
        "fiyat_1_hafta_tl": 4680,
        "fiyat_1_ay_tl": null,
        "fiyat_3_ay_tl": null,
        "puan": 4.94,
        "yorum": 48,
        "url": "https://www.airbnb.com.tr/rooms/917060702628506980"
      }
    },
    {
      "type": "Feature",
      "geometry": {
        "type": "Point",
        "coordinates": [
          40.9933,
          41.0679
        ]
      },
      "properties": {
        "katman": "AIRBNB_ILANI",
        "id": "933047343920680942",
        "ad": "Muratköy bölgesinde konaklama yeri",
        "alt_tur": "Daire / Ev",
        "fiyat_tl": 2500,
        "fiyat_1_gun_tl": null,
        "fiyat_1_hafta_tl": 2500,
        "fiyat_1_ay_tl": null,
        "fiyat_3_ay_tl": null,
        "puan": 4.93,
        "yorum": 56,
        "url": "https://www.airbnb.com.tr/rooms/933047343920680942"
      }
    },
    {
      "type": "Feature",
      "geometry": {
        "type": "Point",
        "coordinates": [
          41.0549,
          41.1248
        ]
      },
      "properties": {
        "katman": "AIRBNB_ILANI",
        "id": "1195741918160471650",
        "ad": "Kulübe - Rize",
        "alt_tur": "Daire / Ev",
        "fiyat_tl": 7199,
        "fiyat_1_gun_tl": null,
        "fiyat_1_hafta_tl": 7199,
        "fiyat_1_ay_tl": null,
        "fiyat_3_ay_tl": null,
        "puan": 4.67,
        "yorum": 92,
        "url": "https://www.airbnb.com.tr/rooms/1195741918160471650"
      }
    },
    {
      "type": "Feature",
      "geometry": {
        "type": "Point",
        "coordinates": [
          41.0192,
          41.134
        ]
      },
      "properties": {
        "katman": "AIRBNB_ILANI",
        "id": "1209195341008648624",
        "ad": "Ağaç ev - Akkaya",
        "alt_tur": "Daire / Ev",
        "fiyat_tl": 5900,
        "fiyat_1_gun_tl": null,
        "fiyat_1_hafta_tl": 5900,
        "fiyat_1_ay_tl": null,
        "fiyat_3_ay_tl": null,
        "puan": 4.93,
        "yorum": 60,
        "url": "https://www.airbnb.com.tr/rooms/1209195341008648624"
      }
    },
    {
      "type": "Feature",
      "geometry": {
        "type": "Point",
        "coordinates": [
          41.0384,
          41.0851
        ]
      },
      "properties": {
        "katman": "AIRBNB_ILANI",
        "id": "35461945",
        "ad": "Daire - Behice",
        "alt_tur": "Daire",
        "fiyat_tl": 1950,
        "fiyat_1_gun_tl": null,
        "fiyat_1_hafta_tl": 1950,
        "fiyat_1_ay_tl": null,
        "fiyat_3_ay_tl": null,
        "puan": 4.66,
        "yorum": 44,
        "url": "https://www.airbnb.com.tr/rooms/35461945"
      }
    },
    {
      "type": "Feature",
      "geometry": {
        "type": "Point",
        "coordinates": [
          40.97953,
          41.15835
        ]
      },
      "properties": {
        "katman": "AIRBNB_ILANI",
        "id": "935344497516626555",
        "ad": "Bungalov - Beyazkaya",
        "alt_tur": "Kır Evi / Bungalov",
        "fiyat_tl": 7000,
        "fiyat_1_gun_tl": null,
        "fiyat_1_hafta_tl": 7000,
        "fiyat_1_ay_tl": null,
        "fiyat_3_ay_tl": null,
        "puan": 4.92,
        "yorum": 72,
        "url": "https://www.airbnb.com.tr/rooms/935344497516626555"
      }
    },
    {
      "type": "Feature",
      "geometry": {
        "type": "Point",
        "coordinates": [
          41.019,
          41.1581
        ]
      },
      "properties": {
        "katman": "AIRBNB_ILANI",
        "id": "1018230753498795821",
        "ad": "Bungalov - Ardeşen",
        "alt_tur": "Kır Evi / Bungalov",
        "fiyat_tl": 9348,
        "fiyat_1_gun_tl": null,
        "fiyat_1_hafta_tl": 9348,
        "fiyat_1_ay_tl": null,
        "fiyat_3_ay_tl": null,
        "puan": 4.92,
        "yorum": 116,
        "url": "https://www.airbnb.com.tr/rooms/1018230753498795821"
      }
    },
    {
      "type": "Feature",
      "geometry": {
        "type": "Point",
        "coordinates": [
          41.0272,
          41.064
        ]
      },
      "properties": {
        "katman": "AIRBNB_ILANI",
        "id": "1689034008385066192",
        "ad": "Ev - Çamlıhemşin",
        "alt_tur": "Daire / Ev",
        "fiyat_tl": 3600,
        "fiyat_1_gun_tl": null,
        "fiyat_1_hafta_tl": 3600,
        "fiyat_1_ay_tl": null,
        "fiyat_3_ay_tl": null,
        "puan": 4.9,
        "yorum": 20,
        "url": "https://www.airbnb.com.tr/rooms/1689034008385066192"
      }
    },
    {
      "type": "Feature",
      "geometry": {
        "type": "Point",
        "coordinates": [
          41.1197,
          40.9549
        ]
      },
      "properties": {
        "katman": "AIRBNB_ILANI",
        "id": "1747226300831880093",
        "ad": "Ev - Çamlıhemşin",
        "alt_tur": "Daire / Ev",
        "fiyat_tl": 6250,
        "fiyat_1_gun_tl": null,
        "fiyat_1_hafta_tl": 6250,
        "fiyat_1_ay_tl": null,
        "fiyat_3_ay_tl": null,
        "puan": null,
        "yorum": 0,
        "url": "https://www.airbnb.com.tr/rooms/1747226300831880093"
      }
    },
    {
      "type": "Feature",
      "geometry": {
        "type": "Point",
        "coordinates": [
          41.02441,
          41.13281
        ]
      },
      "properties": {
        "katman": "AIRBNB_ILANI",
        "id": "933872003212974119",
        "ad": "Villa - Ardeşen",
        "alt_tur": "Müstakil Villa",
        "fiyat_tl": 5885,
        "fiyat_1_gun_tl": null,
        "fiyat_1_hafta_tl": 5885,
        "fiyat_1_ay_tl": null,
        "fiyat_3_ay_tl": null,
        "puan": 4.93,
        "yorum": 27,
        "url": "https://www.airbnb.com.tr/rooms/933872003212974119"
      }
    },
    {
      "type": "Feature",
      "geometry": {
        "type": "Point",
        "coordinates": [
          41.0431,
          41.0979
        ]
      },
      "properties": {
        "katman": "AIRBNB_ILANI",
        "id": "1167970509978172636",
        "ad": "Behice bölgesinde oda",
        "alt_tur": "Özel Oda",
        "fiyat_tl": 5740,
        "fiyat_1_gun_tl": null,
        "fiyat_1_hafta_tl": null,
        "fiyat_1_ay_tl": 5740,
        "fiyat_3_ay_tl": 5740,
        "puan": 4.93,
        "yorum": 161,
        "url": "https://www.airbnb.com.tr/rooms/1167970509978172636"
      }
    },
    {
      "type": "Feature",
      "geometry": {
        "type": "Point",
        "coordinates": [
          41.0064,
          41.0443
        ]
      },
      "properties": {
        "katman": "AIRBNB_ILANI",
        "id": "1133964598791734150",
        "ad": "Çamlıhemşin bölgesinde konaklama yeri",
        "alt_tur": "Daire / Ev",
        "fiyat_tl": 4275,
        "fiyat_1_gun_tl": null,
        "fiyat_1_hafta_tl": null,
        "fiyat_1_ay_tl": 4300,
        "fiyat_3_ay_tl": 4250,
        "puan": 4.83,
        "yorum": 103,
        "url": "https://www.airbnb.com.tr/rooms/1133964598791734150"
      }
    },
    {
      "type": "Feature",
      "geometry": {
        "type": "Point",
        "coordinates": [
          40.9933,
          41.0679
        ]
      },
      "properties": {
        "katman": "AIRBNB_ILANI",
        "id": "700645650133517699",
        "ad": "Muratköy bölgesinde konaklama yeri",
        "alt_tur": "Daire / Ev",
        "fiyat_tl": 1800,
        "fiyat_1_gun_tl": null,
        "fiyat_1_hafta_tl": null,
        "fiyat_1_ay_tl": 1800,
        "fiyat_3_ay_tl": null,
        "puan": 4.88,
        "yorum": 170,
        "url": "https://www.airbnb.com.tr/rooms/700645650133517699"
      }
    },
    {
      "type": "Feature",
      "geometry": {
        "type": "Point",
        "coordinates": [
          41.010072175761906,
          41.071892732258654
        ]
      },
      "properties": {
        "katman": "AIRBNB_ILANI",
        "id": "1675907248330182047",
        "ad": "Ağaç ev - Köprübaşı",
        "alt_tur": "Daire / Ev",
        "fiyat_tl": 4800,
        "fiyat_1_gun_tl": null,
        "fiyat_1_hafta_tl": null,
        "fiyat_1_ay_tl": 4800,
        "fiyat_3_ay_tl": null,
        "puan": 4.9,
        "yorum": 21,
        "url": "https://www.airbnb.com.tr/rooms/1675907248330182047"
      }
    },
    {
      "type": "Feature",
      "geometry": {
        "type": "Point",
        "coordinates": [
          41.0084242799222,
          41.08356689633248
        ]
      },
      "properties": {
        "katman": "AIRBNB_ILANI",
        "id": "1405003423337435705",
        "ad": "Köprübaşı bölgesinde oda",
        "alt_tur": "Özel Oda",
        "fiyat_tl": 2000,
        "fiyat_1_gun_tl": null,
        "fiyat_1_hafta_tl": null,
        "fiyat_1_ay_tl": 2000,
        "fiyat_3_ay_tl": 2000,
        "puan": 4.84,
        "yorum": 63,
        "url": "https://www.airbnb.com.tr/rooms/1405003423337435705"
      }
    },
    {
      "type": "Feature",
      "geometry": {
        "type": "Point",
        "coordinates": [
          41.0089,
          41.0743
        ]
      },
      "properties": {
        "katman": "AIRBNB_ILANI",
        "id": "1174728489921125396",
        "ad": "Otel - Köprübaşı",
        "alt_tur": "Daire / Ev",
        "fiyat_tl": 7106,
        "fiyat_1_gun_tl": null,
        "fiyat_1_hafta_tl": null,
        "fiyat_1_ay_tl": 7106,
        "fiyat_3_ay_tl": 7106,
        "puan": 4.96,
        "yorum": 54,
        "url": "https://www.airbnb.com.tr/rooms/1174728489921125396"
      }
    },
    {
      "type": "Feature",
      "geometry": {
        "type": "Point",
        "coordinates": [
          41.01889786035599,
          41.12750038118542
        ]
      },
      "properties": {
        "katman": "AIRBNB_ILANI",
        "id": "1256602567099726852",
        "ad": "Kulübe - Akkaya",
        "alt_tur": "Daire / Ev",
        "fiyat_tl": 6542,
        "fiyat_1_gun_tl": null,
        "fiyat_1_hafta_tl": null,
        "fiyat_1_ay_tl": 6542,
        "fiyat_3_ay_tl": null,
        "puan": 4.94,
        "yorum": 48,
        "url": "https://www.airbnb.com.tr/rooms/1256602567099726852"
      }
    },
    {
      "type": "Feature",
      "geometry": {
        "type": "Point",
        "coordinates": [
          41.01753,
          41.07954
        ]
      },
      "properties": {
        "katman": "AIRBNB_ILANI",
        "id": "938130005336857031",
        "ad": "Daire - Çamlıhemşin",
        "alt_tur": "Daire",
        "fiyat_tl": 3599,
        "fiyat_1_gun_tl": null,
        "fiyat_1_hafta_tl": null,
        "fiyat_1_ay_tl": 3198,
        "fiyat_3_ay_tl": 4000,
        "puan": 4.92,
        "yorum": 60,
        "url": "https://www.airbnb.com.tr/rooms/938130005336857031"
      }
    },
    {
      "type": "Feature",
      "geometry": {
        "type": "Point",
        "coordinates": [
          41.0434,
          41.0793
        ]
      },
      "properties": {
        "katman": "AIRBNB_ILANI",
        "id": "1181807234143644356",
        "ad": "Ev - Çayırdüzü",
        "alt_tur": "Daire / Ev",
        "fiyat_tl": 5000,
        "fiyat_1_gun_tl": null,
        "fiyat_1_hafta_tl": null,
        "fiyat_1_ay_tl": 5000,
        "fiyat_3_ay_tl": 5000,
        "puan": 4.92,
        "yorum": 25,
        "url": "https://www.airbnb.com.tr/rooms/1181807234143644356"
      }
    },
    {
      "type": "Feature",
      "geometry": {
        "type": "Point",
        "coordinates": [
          41.005888427292945,
          41.04321885336284
        ]
      },
      "properties": {
        "katman": "AIRBNB_ILANI",
        "id": "1482564979913539465",
        "ad": "Daire - Çamlıhemşin",
        "alt_tur": "Daire",
        "fiyat_tl": 4072,
        "fiyat_1_gun_tl": null,
        "fiyat_1_hafta_tl": null,
        "fiyat_1_ay_tl": 4000,
        "fiyat_3_ay_tl": 4145,
        "puan": 4.89,
        "yorum": 35,
        "url": "https://www.airbnb.com.tr/rooms/1482564979913539465"
      }
    },
    {
      "type": "Feature",
      "geometry": {
        "type": "Point",
        "coordinates": [
          41.00787754129827,
          41.07114834343327
        ]
      },
      "properties": {
        "katman": "AIRBNB_ILANI",
        "id": "1495510259770885688",
        "ad": "Daire - Köprübaşı",
        "alt_tur": "Daire",
        "fiyat_tl": 6258,
        "fiyat_1_gun_tl": null,
        "fiyat_1_hafta_tl": null,
        "fiyat_1_ay_tl": 6000,
        "fiyat_3_ay_tl": 6517,
        "puan": 5.0,
        "yorum": 8,
        "url": "https://www.airbnb.com.tr/rooms/1495510259770885688"
      }
    },
    {
      "type": "Feature",
      "geometry": {
        "type": "Point",
        "coordinates": [
          41.0058,
          41.0455
        ]
      },
      "properties": {
        "katman": "AIRBNB_ILANI",
        "id": "1115934839670997624",
        "ad": "Daire - Çamlıhemşin",
        "alt_tur": "Daire",
        "fiyat_tl": 4933,
        "fiyat_1_gun_tl": null,
        "fiyat_1_hafta_tl": null,
        "fiyat_1_ay_tl": 4700,
        "fiyat_3_ay_tl": 5166,
        "puan": 4.74,
        "yorum": 39,
        "url": "https://www.airbnb.com.tr/rooms/1115934839670997624"
      }
    },
    {
      "type": "Feature",
      "geometry": {
        "type": "Point",
        "coordinates": [
          41.03717660329194,
          41.06247120150545
        ]
      },
      "properties": {
        "katman": "AIRBNB_ILANI",
        "id": "1227373331467403554",
        "ad": "Küçük ev - Topluca",
        "alt_tur": "Daire / Ev",
        "fiyat_tl": 6175,
        "fiyat_1_gun_tl": null,
        "fiyat_1_hafta_tl": null,
        "fiyat_1_ay_tl": 6175,
        "fiyat_3_ay_tl": null,
        "puan": 5.0,
        "yorum": 19,
        "url": "https://www.airbnb.com.tr/rooms/1227373331467403554"
      }
    },
    {
      "type": "Feature",
      "geometry": {
        "type": "Point",
        "coordinates": [
          41.04433,
          41.07899
        ]
      },
      "properties": {
        "katman": "AIRBNB_ILANI",
        "id": "1665266509065369826",
        "ad": "Kulübe - Çayırdüzü",
        "alt_tur": "Daire / Ev",
        "fiyat_tl": 6300,
        "fiyat_1_gun_tl": null,
        "fiyat_1_hafta_tl": null,
        "fiyat_1_ay_tl": 7000,
        "fiyat_3_ay_tl": 5600,
        "puan": null,
        "yorum": 0,
        "url": "https://www.airbnb.com.tr/rooms/1665266509065369826"
      }
    },
    {
      "type": "Feature",
      "geometry": {
        "type": "Point",
        "coordinates": [
          41.00723,
          41.07983
        ]
      },
      "properties": {
        "katman": "AIRBNB_ILANI",
        "id": "1220802773507467086",
        "ad": "Villa - Köprübaşı",
        "alt_tur": "Müstakil Villa",
        "fiyat_tl": 3550,
        "fiyat_1_gun_tl": null,
        "fiyat_1_hafta_tl": null,
        "fiyat_1_ay_tl": null,
        "fiyat_3_ay_tl": 3550,
        "puan": 4.71,
        "yorum": 72,
        "url": "https://www.airbnb.com.tr/rooms/1220802773507467086"
      }
    },
    {
      "type": "Feature",
      "geometry": {
        "type": "Point",
        "coordinates": [
          41.00718,
          41.08022
        ]
      },
      "properties": {
        "katman": "AIRBNB_ILANI",
        "id": "1179606770656509030",
        "ad": "Bungalov - Köprübaşı",
        "alt_tur": "Kır Evi / Bungalov",
        "fiyat_tl": 3550,
        "fiyat_1_gun_tl": null,
        "fiyat_1_hafta_tl": null,
        "fiyat_1_ay_tl": null,
        "fiyat_3_ay_tl": 3550,
        "puan": 4.82,
        "yorum": 44,
        "url": "https://www.airbnb.com.tr/rooms/1179606770656509030"
      }
    },
    {
      "type": "Feature",
      "geometry": {
        "type": "Point",
        "coordinates": [
          41.05533,
          41.10759
        ]
      },
      "properties": {
        "katman": "AIRBNB_ILANI",
        "id": "1443524133463267279",
        "ad": "Çadır - ARDEŞEN",
        "alt_tur": "Daire / Ev",
        "fiyat_tl": 6600,
        "fiyat_1_gun_tl": null,
        "fiyat_1_hafta_tl": null,
        "fiyat_1_ay_tl": null,
        "fiyat_3_ay_tl": 6600,
        "puan": 5.0,
        "yorum": 39,
        "url": "https://www.airbnb.com.tr/rooms/1443524133463267279"
      }
    },
    {
      "type": "Feature",
      "geometry": {
        "type": "Point",
        "coordinates": [
          41.0421,
          41.088
        ]
      },
      "properties": {
        "katman": "AIRBNB_ILANI",
        "id": "1393600085855229836",
        "ad": "Bungalov - Behice",
        "alt_tur": "Kır Evi / Bungalov",
        "fiyat_tl": 4914,
        "fiyat_1_gun_tl": null,
        "fiyat_1_hafta_tl": null,
        "fiyat_1_ay_tl": null,
        "fiyat_3_ay_tl": 4914,
        "puan": 4.88,
        "yorum": 16,
        "url": "https://www.airbnb.com.tr/rooms/1393600085855229836"
      }
    },
    {
      "type": "Feature",
      "geometry": {
        "type": "Point",
        "coordinates": [
          40.99116736160671,
          41.15716722255272
        ]
      },
      "properties": {
        "katman": "AIRBNB_ILANI",
        "id": "708564929888322006",
        "ad": "Bungalov - Ardeşen",
        "alt_tur": "Kır Evi / Bungalov",
        "fiyat_tl": 6082,
        "fiyat_1_gun_tl": null,
        "fiyat_1_hafta_tl": null,
        "fiyat_1_ay_tl": null,
        "fiyat_3_ay_tl": 6082,
        "puan": 4.98,
        "yorum": 63,
        "url": "https://www.airbnb.com.tr/rooms/708564929888322006"
      }
    },
    {
      "type": "Feature",
      "geometry": {
        "type": "Point",
        "coordinates": [
          41.1108,
          40.9517
        ]
      },
      "properties": {
        "katman": "AIRBNB_ILANI",
        "id": "1472424355427573478",
        "ad": "Dağ evi - Yukarışimşirli",
        "alt_tur": "Müstakil Villa",
        "fiyat_tl": 4865,
        "fiyat_1_gun_tl": null,
        "fiyat_1_hafta_tl": null,
        "fiyat_1_ay_tl": null,
        "fiyat_3_ay_tl": 4865,
        "puan": 4.75,
        "yorum": 8,
        "url": "https://www.airbnb.com.tr/rooms/1472424355427573478"
      }
    },
    {
      "type": "Feature",
      "geometry": {
        "type": "Point",
        "coordinates": [
          29.9286,
          40.7627
        ]
      },
      "properties": {
        "katman": "AIRBNB_ILANI",
        "id": "1752126248250676442",
        "ad": "Otel - İzmit",
        "alt_tur": "Özel Oda",
        "fiyat_tl": 3060,
        "fiyat_1_gun_tl": 3060,
        "fiyat_1_hafta_tl": 3000,
        "fiyat_1_ay_tl": 3120,
        "fiyat_3_ay_tl": null,
        "puan": null,
        "yorum": 0,
        "url": "https://www.airbnb.com.tr/rooms/1752126248250676442"
      }
    },
    {
      "type": "Feature",
      "geometry": {
        "type": "Point",
        "coordinates": [
          29.793429608274362,
          40.69462646585293
        ]
      },
      "properties": {
        "katman": "AIRBNB_ILANI",
        "id": "1666032536916627368",
        "ad": "Dağ evi - Gölcük",
        "alt_tur": "Daire / Ev",
        "fiyat_tl": 9375,
        "fiyat_1_gun_tl": 9500,
        "fiyat_1_hafta_tl": 9000,
        "fiyat_1_ay_tl": 10000,
        "fiyat_3_ay_tl": 9000,
        "puan": 5.0,
        "yorum": 21,
        "url": "https://www.airbnb.com.tr/rooms/1666032536916627368"
      }
    },
    {
      "type": "Feature",
      "geometry": {
        "type": "Point",
        "coordinates": [
          29.8124,
          40.6642
        ]
      },
      "properties": {
        "katman": "AIRBNB_ILANI",
        "id": "1734598603110304656",
        "ad": "Ev - Gölcük",
        "alt_tur": "Daire / Ev",
        "fiyat_tl": 16362,
        "fiyat_1_gun_tl": 16198,
        "fiyat_1_hafta_tl": 16000,
        "fiyat_1_ay_tl": 17250,
        "fiyat_3_ay_tl": 16000,
        "puan": 5.0,
        "yorum": 12,
        "url": "https://www.airbnb.com.tr/rooms/1734598603110304656"
      }
    },
    {
      "type": "Feature",
      "geometry": {
        "type": "Point",
        "coordinates": [
          29.9717,
          40.7744
        ]
      },
      "properties": {
        "katman": "AIRBNB_ILANI",
        "id": "1481076883392409482",
        "ad": "İzmit bölgesinde oda",
        "alt_tur": "Özel Oda",
        "fiyat_tl": 5000,
        "fiyat_1_gun_tl": 5000,
        "fiyat_1_hafta_tl": null,
        "fiyat_1_ay_tl": null,
        "fiyat_3_ay_tl": null,
        "puan": null,
        "yorum": 0,
        "url": "https://www.airbnb.com.tr/rooms/1481076883392409482"
      }
    },
    {
      "type": "Feature",
      "geometry": {
        "type": "Point",
        "coordinates": [
          30.1369,
          40.7053
        ]
      },
      "properties": {
        "katman": "AIRBNB_ILANI",
        "id": "1679209692351252576",
        "ad": "Ev - Maşukiye",
        "alt_tur": "Müstakil Villa",
        "fiyat_tl": 13000,
        "fiyat_1_gun_tl": 13000,
        "fiyat_1_hafta_tl": 13000,
        "fiyat_1_ay_tl": 13000,
        "fiyat_3_ay_tl": null,
        "puan": 5.0,
        "yorum": 9,
        "url": "https://www.airbnb.com.tr/rooms/1679209692351252576"
      }
    },
    {
      "type": "Feature",
      "geometry": {
        "type": "Point",
        "coordinates": [
          29.9281,
          40.7657
        ]
      },
      "properties": {
        "katman": "AIRBNB_ILANI",
        "id": "1765906146441210527",
        "ad": "Müşterek otel odası - İzmit",
        "alt_tur": "Özel Oda",
        "fiyat_tl": 2020,
        "fiyat_1_gun_tl": 2040,
        "fiyat_1_hafta_tl": 2000,
        "fiyat_1_ay_tl": null,
        "fiyat_3_ay_tl": null,
        "puan": null,
        "yorum": 0,
        "url": "https://www.airbnb.com.tr/rooms/1765906146441210527"
      }
    },
    {
      "type": "Feature",
      "geometry": {
        "type": "Point",
        "coordinates": [
          29.92148,
          40.76647
        ]
      },
      "properties": {
        "katman": "AIRBNB_ILANI",
        "id": "1600703905772482586",
        "ad": "Daire - İzmit",
        "alt_tur": "Daire",
        "fiyat_tl": 2562,
        "fiyat_1_gun_tl": 2625,
        "fiyat_1_hafta_tl": 2500,
        "fiyat_1_ay_tl": null,
        "fiyat_3_ay_tl": null,
        "puan": null,
        "yorum": 0,
        "url": "https://www.airbnb.com.tr/rooms/1600703905772482586"
      }
    },
    {
      "type": "Feature",
      "geometry": {
        "type": "Point",
        "coordinates": [
          30.1187,
          40.7071
        ]
      },
      "properties": {
        "katman": "AIRBNB_ILANI",
        "id": "986127194520774116",
        "ad": "Ev - Kartepe",
        "alt_tur": "Daire / Ev",
        "fiyat_tl": 11606,
        "fiyat_1_gun_tl": 11606,
        "fiyat_1_hafta_tl": null,
        "fiyat_1_ay_tl": null,
        "fiyat_3_ay_tl": null,
        "puan": 4.8,
        "yorum": 56,
        "url": "https://www.airbnb.com.tr/rooms/986127194520774116"
      }
    },
    {
      "type": "Feature",
      "geometry": {
        "type": "Point",
        "coordinates": [
          29.9278,
          40.7627
        ]
      },
      "properties": {
        "katman": "AIRBNB_ILANI",
        "id": "1680657320265231924",
        "ad": "Müşterek otel odası - İzmit",
        "alt_tur": "Özel Oda",
        "fiyat_tl": 3444,
        "fiyat_1_gun_tl": 3444,
        "fiyat_1_hafta_tl": 3444,
        "fiyat_1_ay_tl": null,
        "fiyat_3_ay_tl": null,
        "puan": null,
        "yorum": 0,
        "url": "https://www.airbnb.com.tr/rooms/1680657320265231924"
      }
    },
    {
      "type": "Feature",
      "geometry": {
        "type": "Point",
        "coordinates": [
          30.2018,
          40.6985
        ]
      },
      "properties": {
        "katman": "AIRBNB_ILANI",
        "id": "22988987",
        "ad": "Villa - Sapanca",
        "alt_tur": "Müstakil Villa",
        "fiyat_tl": 10000,
        "fiyat_1_gun_tl": 10000,
        "fiyat_1_hafta_tl": null,
        "fiyat_1_ay_tl": null,
        "fiyat_3_ay_tl": null,
        "puan": 4.99,
        "yorum": 172,
        "url": "https://www.airbnb.com.tr/rooms/22988987"
      }
    },
    {
      "type": "Feature",
      "geometry": {
        "type": "Point",
        "coordinates": [
          30.0901,
          40.70246
        ]
      },
      "properties": {
        "katman": "AIRBNB_ILANI",
        "id": "50235860",
        "ad": "Villa - Kartepe",
        "alt_tur": "Müstakil Villa",
        "fiyat_tl": 13300,
        "fiyat_1_gun_tl": 13300,
        "fiyat_1_hafta_tl": null,
        "fiyat_1_ay_tl": null,
        "fiyat_3_ay_tl": null,
        "puan": 4.91,
        "yorum": 142,
        "url": "https://www.airbnb.com.tr/rooms/50235860"
      }
    },
    {
      "type": "Feature",
      "geometry": {
        "type": "Point",
        "coordinates": [
          30.12634,
          40.70153
        ]
      },
      "properties": {
        "katman": "AIRBNB_ILANI",
        "id": "636675792771172025",
        "ad": "Bungalov - Kartepe",
        "alt_tur": "Kır Evi / Bungalov",
        "fiyat_tl": 5194,
        "fiyat_1_gun_tl": 5194,
        "fiyat_1_hafta_tl": null,
        "fiyat_1_ay_tl": null,
        "fiyat_3_ay_tl": null,
        "puan": 4.75,
        "yorum": 199,
        "url": "https://www.airbnb.com.tr/rooms/636675792771172025"
      }
    },
    {
      "type": "Feature",
      "geometry": {
        "type": "Point",
        "coordinates": [
          30.289579902122746,
          40.66740537942863
        ]
      },
      "properties": {
        "katman": "AIRBNB_ILANI",
        "id": "1259953377332531028",
        "ad": "Ağaç ev - Sapanca",
        "alt_tur": "Daire / Ev",
        "fiyat_tl": 8000,
        "fiyat_1_gun_tl": 8000,
        "fiyat_1_hafta_tl": null,
        "fiyat_1_ay_tl": null,
        "fiyat_3_ay_tl": null,
        "puan": 4.75,
        "yorum": 105,
        "url": "https://www.airbnb.com.tr/rooms/1259953377332531028"
      }
    },
    {
      "type": "Feature",
      "geometry": {
        "type": "Point",
        "coordinates": [
          30.0735,
          40.6269
        ]
      },
      "properties": {
        "katman": "AIRBNB_ILANI",
        "id": "879409984359760985",
        "ad": "Ev - Kartepe",
        "alt_tur": "Daire / Ev",
        "fiyat_tl": 7700,
        "fiyat_1_gun_tl": 7700,
        "fiyat_1_hafta_tl": null,
        "fiyat_1_ay_tl": null,
        "fiyat_3_ay_tl": null,
        "puan": 4.94,
        "yorum": 99,
        "url": "https://www.airbnb.com.tr/rooms/879409984359760985"
      }
    },
    {
      "type": "Feature",
      "geometry": {
        "type": "Point",
        "coordinates": [
          29.7637,
          40.77
        ]
      },
      "properties": {
        "katman": "AIRBNB_ILANI",
        "id": "53430293",
        "ad": "Otel - Körfez",
        "alt_tur": "Özel Oda",
        "fiyat_tl": 3780,
        "fiyat_1_gun_tl": 3780,
        "fiyat_1_hafta_tl": null,
        "fiyat_1_ay_tl": null,
        "fiyat_3_ay_tl": null,
        "puan": 5.0,
        "yorum": 3,
        "url": "https://www.airbnb.com.tr/rooms/53430293"
      }
    },
    {
      "type": "Feature",
      "geometry": {
        "type": "Point",
        "coordinates": [
          30.0994,
          40.6988
        ]
      },
      "properties": {
        "katman": "AIRBNB_ILANI",
        "id": "899703977090763885",
        "ad": "Küçük ev - Kartepe",
        "alt_tur": "Daire / Ev",
        "fiyat_tl": 4922,
        "fiyat_1_gun_tl": 4922,
        "fiyat_1_hafta_tl": null,
        "fiyat_1_ay_tl": null,
        "fiyat_3_ay_tl": null,
        "puan": 4.87,
        "yorum": 55,
        "url": "https://www.airbnb.com.tr/rooms/899703977090763885"
      }
    },
    {
      "type": "Feature",
      "geometry": {
        "type": "Point",
        "coordinates": [
          30.111,
          40.7008
        ]
      },
      "properties": {
        "katman": "AIRBNB_ILANI",
        "id": "884097485734282013",
        "ad": "Bungalov - Kartepe",
        "alt_tur": "Kır Evi / Bungalov",
        "fiyat_tl": 7500,
        "fiyat_1_gun_tl": 7500,
        "fiyat_1_hafta_tl": null,
        "fiyat_1_ay_tl": null,
        "fiyat_3_ay_tl": null,
        "puan": 4.91,
        "yorum": 104,
        "url": "https://www.airbnb.com.tr/rooms/884097485734282013"
      }
    },
    {
      "type": "Feature",
      "geometry": {
        "type": "Point",
        "coordinates": [
          30.1107,
          40.6997
        ]
      },
      "properties": {
        "katman": "AIRBNB_ILANI",
        "id": "1760038528846283134",
        "ad": "Ev - Kartepe",
        "alt_tur": "Müstakil Villa",
        "fiyat_tl": 11000,
        "fiyat_1_gun_tl": 11000,
        "fiyat_1_hafta_tl": null,
        "fiyat_1_ay_tl": null,
        "fiyat_3_ay_tl": null,
        "puan": null,
        "yorum": 0,
        "url": "https://www.airbnb.com.tr/rooms/1760038528846283134"
      }
    },
    {
      "type": "Feature",
      "geometry": {
        "type": "Point",
        "coordinates": [
          29.92573,
          40.76286
        ]
      },
      "properties": {
        "katman": "AIRBNB_ILANI",
        "id": "833117492617696926",
        "ad": "Ev - İzmit",
        "alt_tur": "Daire / Ev",
        "fiyat_tl": 2882,
        "fiyat_1_gun_tl": null,
        "fiyat_1_hafta_tl": 2842,
        "fiyat_1_ay_tl": 2961,
        "fiyat_3_ay_tl": 2842,
        "puan": 4.53,
        "yorum": 150,
        "url": "https://www.airbnb.com.tr/rooms/833117492617696926"
      }
    },
    {
      "type": "Feature",
      "geometry": {
        "type": "Point",
        "coordinates": [
          29.96137,
          40.76468
        ]
      },
      "properties": {
        "katman": "AIRBNB_ILANI",
        "id": "1618776495626789860",
        "ad": "Ev - İzmit",
        "alt_tur": "Daire / Ev",
        "fiyat_tl": 3617,
        "fiyat_1_gun_tl": null,
        "fiyat_1_hafta_tl": 3600,
        "fiyat_1_ay_tl": 3650,
        "fiyat_3_ay_tl": 3600,
        "puan": 4.87,
        "yorum": 23,
        "url": "https://www.airbnb.com.tr/rooms/1618776495626789860"
      }
    },
    {
      "type": "Feature",
      "geometry": {
        "type": "Point",
        "coordinates": [
          29.9591,
          40.676
        ]
      },
      "properties": {
        "katman": "AIRBNB_ILANI",
        "id": "1729141883703478608",
        "ad": "Villa - Başiskele",
        "alt_tur": "Müstakil Villa",
        "fiyat_tl": 15667,
        "fiyat_1_gun_tl": null,
        "fiyat_1_hafta_tl": 15000,
        "fiyat_1_ay_tl": 17000,
        "fiyat_3_ay_tl": 15000,
        "puan": 4.7,
        "yorum": 10,
        "url": "https://www.airbnb.com.tr/rooms/1729141883703478608"
      }
    },
    {
      "type": "Feature",
      "geometry": {
        "type": "Point",
        "coordinates": [
          30.0251,
          40.6825
        ]
      },
      "properties": {
        "katman": "AIRBNB_ILANI",
        "id": "1447058535268460507",
        "ad": "Ev - Kartepe",
        "alt_tur": "Daire / Ev",
        "fiyat_tl": 10000,
        "fiyat_1_gun_tl": null,
        "fiyat_1_hafta_tl": 10000,
        "fiyat_1_ay_tl": null,
        "fiyat_3_ay_tl": null,
        "puan": 4.93,
        "yorum": 28,
        "url": "https://www.airbnb.com.tr/rooms/1447058535268460507"
      }
    },
    {
      "type": "Feature",
      "geometry": {
        "type": "Point",
        "coordinates": [
          30.23518324973913,
          40.736040808229426
        ]
      },
      "properties": {
        "katman": "AIRBNB_ILANI",
        "id": "1215339819822944216",
        "ad": "Villa - Kartepe",
        "alt_tur": "Müstakil Villa",
        "fiyat_tl": 11843,
        "fiyat_1_gun_tl": null,
        "fiyat_1_hafta_tl": 11843,
        "fiyat_1_ay_tl": null,
        "fiyat_3_ay_tl": 11843,
        "puan": 4.97,
        "yorum": 228,
        "url": "https://www.airbnb.com.tr/rooms/1215339819822944216"
      }
    },
    {
      "type": "Feature",
      "geometry": {
        "type": "Point",
        "coordinates": [
          30.2379,
          40.6966
        ]
      },
      "properties": {
        "katman": "AIRBNB_ILANI",
        "id": "1766106527159043425",
        "ad": "Ev - Sapanca",
        "alt_tur": "Müstakil Villa",
        "fiyat_tl": 10000,
        "fiyat_1_gun_tl": null,
        "fiyat_1_hafta_tl": 10000,
        "fiyat_1_ay_tl": null,
        "fiyat_3_ay_tl": 10000,
        "puan": null,
        "yorum": 0,
        "url": "https://www.airbnb.com.tr/rooms/1766106527159043425"
      }
    },
    {
      "type": "Feature",
      "geometry": {
        "type": "Point",
        "coordinates": [
          30.17337,
          40.69265
        ]
      },
      "properties": {
        "katman": "AIRBNB_ILANI",
        "id": "680417198225543096",
        "ad": "Villa - Sapanca",
        "alt_tur": "Müstakil Villa",
        "fiyat_tl": 7500,
        "fiyat_1_gun_tl": null,
        "fiyat_1_hafta_tl": 7500,
        "fiyat_1_ay_tl": null,
        "fiyat_3_ay_tl": null,
        "puan": 4.97,
        "yorum": 212,
        "url": "https://www.airbnb.com.tr/rooms/680417198225543096"
      }
    },
    {
      "type": "Feature",
      "geometry": {
        "type": "Point",
        "coordinates": [
          29.8395,
          40.637
        ]
      },
      "properties": {
        "katman": "AIRBNB_ILANI",
        "id": "46963683",
        "ad": "Dağ evi - Gölcük",
        "alt_tur": "Daire / Ev",
        "fiyat_tl": 8290,
        "fiyat_1_gun_tl": null,
        "fiyat_1_hafta_tl": 7698,
        "fiyat_1_ay_tl": 9474,
        "fiyat_3_ay_tl": 7698,
        "puan": 4.96,
        "yorum": 137,
        "url": "https://www.airbnb.com.tr/rooms/46963683"
      }
    },
    {
      "type": "Feature",
      "geometry": {
        "type": "Point",
        "coordinates": [
          30.2473,
          40.6912
        ]
      },
      "properties": {
        "katman": "AIRBNB_ILANI",
        "id": "1327624048110468173",
        "ad": "Kulübe - Sapanca",
        "alt_tur": "Daire / Ev",
        "fiyat_tl": 10500,
        "fiyat_1_gun_tl": null,
        "fiyat_1_hafta_tl": 10500,
        "fiyat_1_ay_tl": null,
        "fiyat_3_ay_tl": null,
        "puan": 4.95,
        "yorum": 80,
        "url": "https://www.airbnb.com.tr/rooms/1327624048110468173"
      }
    },
    {
      "type": "Feature",
      "geometry": {
        "type": "Point",
        "coordinates": [
          29.7912,
          40.64615
        ]
      },
      "properties": {
        "katman": "AIRBNB_ILANI",
        "id": "1023078387793231676",
        "ad": "Küçük ev - Gölcük",
        "alt_tur": "Daire / Ev",
        "fiyat_tl": 5750,
        "fiyat_1_gun_tl": null,
        "fiyat_1_hafta_tl": 5750,
        "fiyat_1_ay_tl": null,
        "fiyat_3_ay_tl": null,
        "puan": 4.94,
        "yorum": 177,
        "url": "https://www.airbnb.com.tr/rooms/1023078387793231676"
      }
    },
    {
      "type": "Feature",
      "geometry": {
        "type": "Point",
        "coordinates": [
          30.2093,
          40.6894
        ]
      },
      "properties": {
        "katman": "AIRBNB_ILANI",
        "id": "1287029860339631695",
        "ad": "Ev - Sapanca",
        "alt_tur": "Müstakil Villa",
        "fiyat_tl": 11843,
        "fiyat_1_gun_tl": null,
        "fiyat_1_hafta_tl": 11843,
        "fiyat_1_ay_tl": null,
        "fiyat_3_ay_tl": 11843,
        "puan": 4.94,
        "yorum": 105,
        "url": "https://www.airbnb.com.tr/rooms/1287029860339631695"
      }
    },
    {
      "type": "Feature",
      "geometry": {
        "type": "Point",
        "coordinates": [
          29.924,
          40.7164
        ]
      },
      "properties": {
        "katman": "AIRBNB_ILANI",
        "id": "1134650183001779761",
        "ad": "Daire - Başiskele",
        "alt_tur": "Daire",
        "fiyat_tl": 11531,
        "fiyat_1_gun_tl": null,
        "fiyat_1_hafta_tl": null,
        "fiyat_1_ay_tl": 11531,
        "fiyat_3_ay_tl": 11531,
        "puan": 4.8,
        "yorum": 10,
        "url": "https://www.airbnb.com.tr/rooms/1134650183001779761"
      }
    },
    {
      "type": "Feature",
      "geometry": {
        "type": "Point",
        "coordinates": [
          29.9235,
          40.7839
        ]
      },
      "properties": {
        "katman": "AIRBNB_ILANI",
        "id": "1064891344888104389",
        "ad": "Ev - İzmit",
        "alt_tur": "Daire / Ev",
        "fiyat_tl": 2399,
        "fiyat_1_gun_tl": null,
        "fiyat_1_hafta_tl": null,
        "fiyat_1_ay_tl": 2399,
        "fiyat_3_ay_tl": null,
        "puan": 4.08,
        "yorum": 12,
        "url": "https://www.airbnb.com.tr/rooms/1064891344888104389"
      }
    },
    {
      "type": "Feature",
      "geometry": {
        "type": "Point",
        "coordinates": [
          30.224617283059622,
          40.6948911518148
        ]
      },
      "properties": {
        "katman": "AIRBNB_ILANI",
        "id": "50336656",
        "ad": "Bungalov - Sapanca",
        "alt_tur": "Kır Evi / Bungalov",
        "fiyat_tl": 8158,
        "fiyat_1_gun_tl": null,
        "fiyat_1_hafta_tl": null,
        "fiyat_1_ay_tl": 8158,
        "fiyat_3_ay_tl": null,
        "puan": 4.75,
        "yorum": 174,
        "url": "https://www.airbnb.com.tr/rooms/50336656"
      }
    },
    {
      "type": "Feature",
      "geometry": {
        "type": "Point",
        "coordinates": [
          30.1234,
          40.6908
        ]
      },
      "properties": {
        "katman": "AIRBNB_ILANI",
        "id": "1381981967151437786",
        "ad": "Villa - Kartepe",
        "alt_tur": "Müstakil Villa",
        "fiyat_tl": 17410,
        "fiyat_1_gun_tl": null,
        "fiyat_1_hafta_tl": null,
        "fiyat_1_ay_tl": 17290,
        "fiyat_3_ay_tl": 17530,
        "puan": 4.97,
        "yorum": 29,
        "url": "https://www.airbnb.com.tr/rooms/1381981967151437786"
      }
    },
    {
      "type": "Feature",
      "geometry": {
        "type": "Point",
        "coordinates": [
          30.2192,
          40.6902
        ]
      },
      "properties": {
        "katman": "AIRBNB_ILANI",
        "id": "631079258000498944",
        "ad": "Bungalov - Sapanca",
        "alt_tur": "Kır Evi / Bungalov",
        "fiyat_tl": 7700,
        "fiyat_1_gun_tl": null,
        "fiyat_1_hafta_tl": null,
        "fiyat_1_ay_tl": 8300,
        "fiyat_3_ay_tl": 7100,
        "puan": 4.89,
        "yorum": 150,
        "url": "https://www.airbnb.com.tr/rooms/631079258000498944"
      }
    },
    {
      "type": "Feature",
      "geometry": {
        "type": "Point",
        "coordinates": [
          30.10999177155104,
          40.70219322887811
        ]
      },
      "properties": {
        "katman": "AIRBNB_ILANI",
        "id": "1260883335151538789",
        "ad": "Ev - Kartepe",
        "alt_tur": "Daire / Ev",
        "fiyat_tl": 14500,
        "fiyat_1_gun_tl": null,
        "fiyat_1_hafta_tl": null,
        "fiyat_1_ay_tl": 14500,
        "fiyat_3_ay_tl": null,
        "puan": 4.96,
        "yorum": 68,
        "url": "https://www.airbnb.com.tr/rooms/1260883335151538789"
      }
    },
    {
      "type": "Feature",
      "geometry": {
        "type": "Point",
        "coordinates": [
          30.2052,
          40.7324
        ]
      },
      "properties": {
        "katman": "AIRBNB_ILANI",
        "id": "785213671875852683",
        "ad": "Villa - Kartepe",
        "alt_tur": "Müstakil Villa",
        "fiyat_tl": 16138,
        "fiyat_1_gun_tl": null,
        "fiyat_1_hafta_tl": null,
        "fiyat_1_ay_tl": 16138,
        "fiyat_3_ay_tl": null,
        "puan": 4.99,
        "yorum": 163,
        "url": "https://www.airbnb.com.tr/rooms/785213671875852683"
      }
    },
    {
      "type": "Feature",
      "geometry": {
        "type": "Point",
        "coordinates": [
          30.28014,
          40.6857
        ]
      },
      "properties": {
        "katman": "AIRBNB_ILANI",
        "id": "1249915970053351509",
        "ad": "Bungalov - Sapanca",
        "alt_tur": "Kır Evi / Bungalov",
        "fiyat_tl": 9000,
        "fiyat_1_gun_tl": null,
        "fiyat_1_hafta_tl": 9000,
        "fiyat_1_ay_tl": 9000,
        "fiyat_3_ay_tl": null,
        "puan": 4.88,
        "yorum": 49,
        "url": "https://www.airbnb.com.tr/rooms/1249915970053351509"
      }
    },
    {
      "type": "Feature",
      "geometry": {
        "type": "Point",
        "coordinates": [
          30.22157,
          40.67141
        ]
      },
      "properties": {
        "katman": "AIRBNB_ILANI",
        "id": "49518906",
        "ad": "Villa - Sapanca",
        "alt_tur": "Müstakil Villa",
        "fiyat_tl": 23686,
        "fiyat_1_gun_tl": null,
        "fiyat_1_hafta_tl": null,
        "fiyat_1_ay_tl": 23686,
        "fiyat_3_ay_tl": 23686,
        "puan": 4.96,
        "yorum": 72,
        "url": "https://www.airbnb.com.tr/rooms/49518906"
      }
    },
    {
      "type": "Feature",
      "geometry": {
        "type": "Point",
        "coordinates": [
          30.15049,
          40.69818
        ]
      },
      "properties": {
        "katman": "AIRBNB_ILANI",
        "id": "952582383983689704",
        "ad": "Villa - Kartepe",
        "alt_tur": "Müstakil Villa",
        "fiyat_tl": 48500,
        "fiyat_1_gun_tl": null,
        "fiyat_1_hafta_tl": null,
        "fiyat_1_ay_tl": 51000,
        "fiyat_3_ay_tl": 46000,
        "puan": 5.0,
        "yorum": 21,
        "url": "https://www.airbnb.com.tr/rooms/952582383983689704"
      }
    },
    {
      "type": "Feature",
      "geometry": {
        "type": "Point",
        "coordinates": [
          30.2158,
          40.6933
        ]
      },
      "properties": {
        "katman": "AIRBNB_ILANI",
        "id": "690508466283842274",
        "ad": "Villa - Sapanca",
        "alt_tur": "Müstakil Villa",
        "fiyat_tl": 22959,
        "fiyat_1_gun_tl": null,
        "fiyat_1_hafta_tl": null,
        "fiyat_1_ay_tl": null,
        "fiyat_3_ay_tl": 22959,
        "puan": 5.0,
        "yorum": 52,
        "url": "https://www.airbnb.com.tr/rooms/690508466283842274"
      }
    },
    {
      "type": "Feature",
      "geometry": {
        "type": "Point",
        "coordinates": [
          30.23128,
          40.68146
        ]
      },
      "properties": {
        "katman": "AIRBNB_ILANI",
        "id": "930456316014109258",
        "ad": "Ev - Sapanca",
        "alt_tur": "Müstakil Villa",
        "fiyat_tl": 9183,
        "fiyat_1_gun_tl": null,
        "fiyat_1_hafta_tl": null,
        "fiyat_1_ay_tl": null,
        "fiyat_3_ay_tl": 9183,
        "puan": 4.94,
        "yorum": 33,
        "url": "https://www.airbnb.com.tr/rooms/930456316014109258"
      }
    },
    {
      "type": "Feature",
      "geometry": {
        "type": "Point",
        "coordinates": [
          30.343130160942817,
          40.67981854561587
        ]
      },
      "properties": {
        "katman": "AIRBNB_ILANI",
        "id": "1257229687575875667",
        "ad": "Ev - Sapanca Arifiye",
        "alt_tur": "Müstakil Villa",
        "fiyat_tl": 19850,
        "fiyat_1_gun_tl": null,
        "fiyat_1_hafta_tl": 18634,
        "fiyat_1_ay_tl": null,
        "fiyat_3_ay_tl": 19850,
        "puan": 5.0,
        "yorum": 42,
        "url": "https://www.airbnb.com.tr/rooms/1257229687575875667"
      }
    },
    {
      "type": "Feature",
      "geometry": {
        "type": "Point",
        "coordinates": [
          30.2155,
          40.6964
        ]
      },
      "properties": {
        "katman": "AIRBNB_ILANI",
        "id": "1429522171151714121",
        "ad": "Villa - Sapanca",
        "alt_tur": "Müstakil Villa",
        "fiyat_tl": 15500,
        "fiyat_1_gun_tl": null,
        "fiyat_1_hafta_tl": null,
        "fiyat_1_ay_tl": null,
        "fiyat_3_ay_tl": 15500,
        "puan": 4.82,
        "yorum": 45,
        "url": "https://www.airbnb.com.tr/rooms/1429522171151714121"
      }
    },
    {
      "type": "Feature",
      "geometry": {
        "type": "Point",
        "coordinates": [
          115.1212,
          -8.8169
        ]
      },
      "properties": {
        "katman": "AIRBNB_ILANI",
        "id": "1755602806169123184",
        "ad": "Ev - Güney Kuta, Endonezya",
        "alt_tur": "Müstakil Villa",
        "fiyat_tl": 8105,
        "fiyat_1_gun_tl": 8105,
        "fiyat_1_hafta_tl": null,
        "fiyat_1_ay_tl": null,
        "fiyat_3_ay_tl": null,
        "puan": null,
        "yorum": 0,
        "url": "https://www.airbnb.com.tr/rooms/1755602806169123184"
      }
    },
    {
      "type": "Feature",
      "geometry": {
        "type": "Point",
        "coordinates": [
          176.1906,
          -38.1316
        ]
      },
      "properties": {
        "katman": "AIRBNB_ILANI",
        "id": "1730251373209040963",
        "ad": "Küçük ev - Ngongotahā Valley, Yeni Zelanda",
        "alt_tur": "Daire / Ev",
        "fiyat_tl": 8673,
        "fiyat_1_gun_tl": null,
        "fiyat_1_hafta_tl": null,
        "fiyat_1_ay_tl": null,
        "fiyat_3_ay_tl": 8673,
        "puan": 5.0,
        "yorum": 10,
        "url": "https://www.airbnb.com.tr/rooms/1730251373209040963"
      }
    },
    {
      "type": "Feature",
      "geometry": {
        "type": "Point",
        "coordinates": [
          28.9761,
          41.027
        ]
      },
      "properties": {
        "katman": "AIRBNB_ILANI",
        "id": "1154959175679556271",
        "ad": "Daire - Beyoğlu",
        "alt_tur": "Daire",
        "fiyat_tl": 5254,
        "fiyat_1_gun_tl": null,
        "fiyat_1_hafta_tl": 5254,
        "fiyat_1_ay_tl": null,
        "fiyat_3_ay_tl": null,
        "puan": 4.91,
        "yorum": 190,
        "url": "https://www.airbnb.com.tr/rooms/1154959175679556271"
      }
    },
    {
      "type": "Feature",
      "geometry": {
        "type": "Point",
        "coordinates": [
          28.9763,
          41.0267
        ]
      },
      "properties": {
        "katman": "AIRBNB_ILANI",
        "id": "1719442841154380141",
        "ad": "Daire - Beyoğlu",
        "alt_tur": "Daire",
        "fiyat_tl": 3550,
        "fiyat_1_gun_tl": null,
        "fiyat_1_hafta_tl": 3300,
        "fiyat_1_ay_tl": 3800,
        "fiyat_3_ay_tl": null,
        "puan": 4.89,
        "yorum": 18,
        "url": "https://www.airbnb.com.tr/rooms/1719442841154380141"
      }
    },
    {
      "type": "Feature",
      "geometry": {
        "type": "Point",
        "coordinates": [
          28.9762,
          41.027
        ]
      },
      "properties": {
        "katman": "AIRBNB_ILANI",
        "id": "1154338814226761016",
        "ad": "Daire - Beyoğlu",
        "alt_tur": "Daire",
        "fiyat_tl": 3064,
        "fiyat_1_gun_tl": null,
        "fiyat_1_hafta_tl": 3064,
        "fiyat_1_ay_tl": null,
        "fiyat_3_ay_tl": null,
        "puan": 4.81,
        "yorum": 58,
        "url": "https://www.airbnb.com.tr/rooms/1154338814226761016"
      }
    },
    {
      "type": "Feature",
      "geometry": {
        "type": "Point",
        "coordinates": [
          28.97739,
          41.02875
        ]
      },
      "properties": {
        "katman": "AIRBNB_ILANI",
        "id": "1501425710699146876",
        "ad": "Daire - Beyoğlu",
        "alt_tur": "Daire",
        "fiyat_tl": 2870,
        "fiyat_1_gun_tl": null,
        "fiyat_1_hafta_tl": 2870,
        "fiyat_1_ay_tl": null,
        "fiyat_3_ay_tl": null,
        "puan": 4.63,
        "yorum": 63,
        "url": "https://www.airbnb.com.tr/rooms/1501425710699146876"
      }
    },
    {
      "type": "Feature",
      "geometry": {
        "type": "Point",
        "coordinates": [
          28.9802,
          41.0277
        ]
      },
      "properties": {
        "katman": "AIRBNB_ILANI",
        "id": "867415442718272478",
        "ad": "Otel - Beyoğlu",
        "alt_tur": "Özel Oda",
        "fiyat_tl": 2829,
        "fiyat_1_gun_tl": null,
        "fiyat_1_hafta_tl": 2829,
        "fiyat_1_ay_tl": null,
        "fiyat_3_ay_tl": null,
        "puan": 4.55,
        "yorum": 152,
        "url": "https://www.airbnb.com.tr/rooms/867415442718272478"
      }
    },
    {
      "type": "Feature",
      "geometry": {
        "type": "Point",
        "coordinates": [
          28.9762,
          41.0257
        ]
      },
      "properties": {
        "katman": "AIRBNB_ILANI",
        "id": "989207746620128792",
        "ad": "Ev - Beyoğlu",
        "alt_tur": "Daire / Ev",
        "fiyat_tl": 6690,
        "fiyat_1_gun_tl": null,
        "fiyat_1_hafta_tl": 6690,
        "fiyat_1_ay_tl": null,
        "fiyat_3_ay_tl": null,
        "puan": 4.71,
        "yorum": 138,
        "url": "https://www.airbnb.com.tr/rooms/989207746620128792"
      }
    },
    {
      "type": "Feature",
      "geometry": {
        "type": "Point",
        "coordinates": [
          28.97767,
          41.02537
        ]
      },
      "properties": {
        "katman": "AIRBNB_ILANI",
        "id": "1480375463311193815",
        "ad": "Otel - Beyoğlu",
        "alt_tur": "Daire / Ev",
        "fiyat_tl": 3162,
        "fiyat_1_gun_tl": null,
        "fiyat_1_hafta_tl": 3162,
        "fiyat_1_ay_tl": null,
        "fiyat_3_ay_tl": null,
        "puan": 4.58,
        "yorum": 55,
        "url": "https://www.airbnb.com.tr/rooms/1480375463311193815"
      }
    },
    {
      "type": "Feature",
      "geometry": {
        "type": "Point",
        "coordinates": [
          28.97683,
          41.02493
        ]
      },
      "properties": {
        "katman": "AIRBNB_ILANI",
        "id": "1025947446677395433",
        "ad": "Daire - Beyoğlu",
        "alt_tur": "Daire",
        "fiyat_tl": 1942,
        "fiyat_1_gun_tl": null,
        "fiyat_1_hafta_tl": 1942,
        "fiyat_1_ay_tl": null,
        "fiyat_3_ay_tl": null,
        "puan": 4.57,
        "yorum": 81,
        "url": "https://www.airbnb.com.tr/rooms/1025947446677395433"
      }
    },
    {
      "type": "Feature",
      "geometry": {
        "type": "Point",
        "coordinates": [
          28.97204,
          41.02481
        ]
      },
      "properties": {
        "katman": "AIRBNB_ILANI",
        "id": "618816657012180690",
        "ad": "Daire - Beyoğlu",
        "alt_tur": "Daire",
        "fiyat_tl": 3357,
        "fiyat_1_gun_tl": null,
        "fiyat_1_hafta_tl": 3357,
        "fiyat_1_ay_tl": null,
        "fiyat_3_ay_tl": null,
        "puan": 4.54,
        "yorum": 50,
        "url": "https://www.airbnb.com.tr/rooms/618816657012180690"
      }
    },
    {
      "type": "Feature",
      "geometry": {
        "type": "Point",
        "coordinates": [
          28.98019,
          41.02784
        ]
      },
      "properties": {
        "katman": "AIRBNB_ILANI",
        "id": "1728241385797075287",
        "ad": "Daire - Beyoğlu",
        "alt_tur": "Özel Oda",
        "fiyat_tl": 3406,
        "fiyat_1_gun_tl": null,
        "fiyat_1_hafta_tl": 3406,
        "fiyat_1_ay_tl": null,
        "fiyat_3_ay_tl": null,
        "puan": 4.43,
        "yorum": 14,
        "url": "https://www.airbnb.com.tr/rooms/1728241385797075287"
      }
    },
    {
      "type": "Feature",
      "geometry": {
        "type": "Point",
        "coordinates": [
          28.98063,
          41.02963
        ]
      },
      "properties": {
        "katman": "AIRBNB_ILANI",
        "id": "50489589",
        "ad": "Daire - Beyoğlu",
        "alt_tur": "Daire",
        "fiyat_tl": 3065,
        "fiyat_1_gun_tl": null,
        "fiyat_1_hafta_tl": 3065,
        "fiyat_1_ay_tl": null,
        "fiyat_3_ay_tl": null,
        "puan": 4.89,
        "yorum": 346,
        "url": "https://www.airbnb.com.tr/rooms/50489589"
      }
    },
    {
      "type": "Feature",
      "geometry": {
        "type": "Point",
        "coordinates": [
          28.97826249675591,
          41.026882447616295
        ]
      },
      "properties": {
        "katman": "AIRBNB_ILANI",
        "id": "1774514230483493253",
        "ad": "Daire - Beyoğlu",
        "alt_tur": "Özel Oda",
        "fiyat_tl": 5192,
        "fiyat_1_gun_tl": null,
        "fiyat_1_hafta_tl": 5192,
        "fiyat_1_ay_tl": null,
        "fiyat_3_ay_tl": null,
        "puan": null,
        "yorum": 0,
        "url": "https://www.airbnb.com.tr/rooms/1774514230483493253"
      }
    },
    {
      "type": "Feature",
      "geometry": {
        "type": "Point",
        "coordinates": [
          28.979605074177545,
          41.028553527262844
        ]
      },
      "properties": {
        "katman": "AIRBNB_ILANI",
        "id": "1762213981428602970",
        "ad": "Daire - Beyoğlu",
        "alt_tur": "Özel Oda",
        "fiyat_tl": 6343,
        "fiyat_1_gun_tl": null,
        "fiyat_1_hafta_tl": 6343,
        "fiyat_1_ay_tl": null,
        "fiyat_3_ay_tl": null,
        "puan": 5.0,
        "yorum": 3,
        "url": "https://www.airbnb.com.tr/rooms/1762213981428602970"
      }
    },
    {
      "type": "Feature",
      "geometry": {
        "type": "Point",
        "coordinates": [
          28.9726,
          41.0258
        ]
      },
      "properties": {
        "katman": "AIRBNB_ILANI",
        "id": "1412335872319582061",
        "ad": "Daire - Beyoğlu",
        "alt_tur": "Daire",
        "fiyat_tl": 4598,
        "fiyat_1_gun_tl": null,
        "fiyat_1_hafta_tl": 4598,
        "fiyat_1_ay_tl": null,
        "fiyat_3_ay_tl": null,
        "puan": 4.67,
        "yorum": 64,
        "url": "https://www.airbnb.com.tr/rooms/1412335872319582061"
      }
    },
    {
      "type": "Feature",
      "geometry": {
        "type": "Point",
        "coordinates": [
          28.9777,
          41.0254
        ]
      },
      "properties": {
        "katman": "AIRBNB_ILANI",
        "id": "1686294850462579356",
        "ad": "Daire - Beyoğlu",
        "alt_tur": "Daire",
        "fiyat_tl": 2433,
        "fiyat_1_gun_tl": null,
        "fiyat_1_hafta_tl": 2433,
        "fiyat_1_ay_tl": null,
        "fiyat_3_ay_tl": null,
        "puan": 4.13,
        "yorum": 8,
        "url": "https://www.airbnb.com.tr/rooms/1686294850462579356"
      }
    },
    {
      "type": "Feature",
      "geometry": {
        "type": "Point",
        "coordinates": [
          28.972,
          41.0263
        ]
      },
      "properties": {
        "katman": "AIRBNB_ILANI",
        "id": "1425643523167450176",
        "ad": "Daire - Beyoğlu",
        "alt_tur": "Daire",
        "fiyat_tl": 2299,
        "fiyat_1_gun_tl": null,
        "fiyat_1_hafta_tl": 2299,
        "fiyat_1_ay_tl": null,
        "fiyat_3_ay_tl": null,
        "puan": 4.28,
        "yorum": 29,
        "url": "https://www.airbnb.com.tr/rooms/1425643523167450176"
      }
    },
    {
      "type": "Feature",
      "geometry": {
        "type": "Point",
        "coordinates": [
          28.972,
          41.0316
        ]
      },
      "properties": {
        "katman": "AIRBNB_ILANI",
        "id": "1144987558353688042",
        "ad": "Daire - Beyoğlu",
        "alt_tur": "Daire",
        "fiyat_tl": 3435,
        "fiyat_1_gun_tl": null,
        "fiyat_1_hafta_tl": 3435,
        "fiyat_1_ay_tl": null,
        "fiyat_3_ay_tl": null,
        "puan": 4.85,
        "yorum": 52,
        "url": "https://www.airbnb.com.tr/rooms/1144987558353688042"
      }
    },
    {
      "type": "Feature",
      "geometry": {
        "type": "Point",
        "coordinates": [
          28.97725,
          41.02714
        ]
      },
      "properties": {
        "katman": "AIRBNB_ILANI",
        "id": "42366447",
        "ad": "Apart otel - Beyoğlu",
        "alt_tur": "Daire",
        "fiyat_tl": 2650,
        "fiyat_1_gun_tl": null,
        "fiyat_1_hafta_tl": 2650,
        "fiyat_1_ay_tl": null,
        "fiyat_3_ay_tl": null,
        "puan": 4.76,
        "yorum": 171,
        "url": "https://www.airbnb.com.tr/rooms/42366447"
      }
    },
    {
      "type": "Feature",
      "geometry": {
        "type": "Point",
        "coordinates": [
          28.9761,
          41.027
        ]
      },
      "properties": {
        "katman": "AIRBNB_ILANI",
        "id": "1155011862139751362",
        "ad": "Daire - Beyoğlu",
        "alt_tur": "Daire",
        "fiyat_tl": 7201,
        "fiyat_1_gun_tl": null,
        "fiyat_1_hafta_tl": null,
        "fiyat_1_ay_tl": 7201,
        "fiyat_3_ay_tl": null,
        "puan": 4.91,
        "yorum": 179,
        "url": "https://www.airbnb.com.tr/rooms/1155011862139751362"
      }
    },
    {
      "type": "Feature",
      "geometry": {
        "type": "Point",
        "coordinates": [
          28.9782,
          41.0272
        ]
      },
      "properties": {
        "katman": "AIRBNB_ILANI",
        "id": "1081195837375243733",
        "ad": "Daire - Beyoğlu",
        "alt_tur": "Daire",
        "fiyat_tl": 4427,
        "fiyat_1_gun_tl": null,
        "fiyat_1_hafta_tl": null,
        "fiyat_1_ay_tl": 4427,
        "fiyat_3_ay_tl": null,
        "puan": 4.92,
        "yorum": 147,
        "url": "https://www.airbnb.com.tr/rooms/1081195837375243733"
      }
    },
    {
      "type": "Feature",
      "geometry": {
        "type": "Point",
        "coordinates": [
          28.9793,
          41.0286
        ]
      },
      "properties": {
        "katman": "AIRBNB_ILANI",
        "id": "1302306898725181535",
        "ad": "Daire - Beyoğlu",
        "alt_tur": "Özel Oda",
        "fiyat_tl": 3003,
        "fiyat_1_gun_tl": 3003,
        "fiyat_1_hafta_tl": null,
        "fiyat_1_ay_tl": 3003,
        "fiyat_3_ay_tl": null,
        "puan": 4.81,
        "yorum": 54,
        "url": "https://www.airbnb.com.tr/rooms/1302306898725181535"
      }
    },
    {
      "type": "Feature",
      "geometry": {
        "type": "Point",
        "coordinates": [
          28.97344,
          41.02865
        ]
      },
      "properties": {
        "katman": "AIRBNB_ILANI",
        "id": "1118672398612945421",
        "ad": "Otel - Beyoğlu",
        "alt_tur": "Daire / Ev",
        "fiyat_tl": 2433,
        "fiyat_1_gun_tl": null,
        "fiyat_1_hafta_tl": null,
        "fiyat_1_ay_tl": 2433,
        "fiyat_3_ay_tl": null,
        "puan": 4.58,
        "yorum": 102,
        "url": "https://www.airbnb.com.tr/rooms/1118672398612945421"
      }
    },
    {
      "type": "Feature",
      "geometry": {
        "type": "Point",
        "coordinates": [
          28.97514,
          41.02832
        ]
      },
      "properties": {
        "katman": "AIRBNB_ILANI",
        "id": "43733817",
        "ad": "Daire - Beyoğlu",
        "alt_tur": "Daire",
        "fiyat_tl": 3929,
        "fiyat_1_gun_tl": null,
        "fiyat_1_hafta_tl": null,
        "fiyat_1_ay_tl": 3929,
        "fiyat_3_ay_tl": null,
        "puan": 4.79,
        "yorum": 144,
        "url": "https://www.airbnb.com.tr/rooms/43733817"
      }
    },
    {
      "type": "Feature",
      "geometry": {
        "type": "Point",
        "coordinates": [
          28.97502,
          41.0298
        ]
      },
      "properties": {
        "katman": "AIRBNB_ILANI",
        "id": "1370939247172271714",
        "ad": "Otel - Beyoğlu",
        "alt_tur": "Daire / Ev",
        "fiyat_tl": 4300,
        "fiyat_1_gun_tl": null,
        "fiyat_1_hafta_tl": null,
        "fiyat_1_ay_tl": 4300,
        "fiyat_3_ay_tl": null,
        "puan": 4.79,
        "yorum": 78,
        "url": "https://www.airbnb.com.tr/rooms/1370939247172271714"
      }
    },
    {
      "type": "Feature",
      "geometry": {
        "type": "Point",
        "coordinates": [
          28.97,
          41.0268
        ]
      },
      "properties": {
        "katman": "AIRBNB_ILANI",
        "id": "1536850792809629403",
        "ad": "Daire - Beyoğlu",
        "alt_tur": "Daire",
        "fiyat_tl": 6792,
        "fiyat_1_gun_tl": null,
        "fiyat_1_hafta_tl": null,
        "fiyat_1_ay_tl": 6792,
        "fiyat_3_ay_tl": null,
        "puan": 4.93,
        "yorum": 60,
        "url": "https://www.airbnb.com.tr/rooms/1536850792809629403"
      }
    },
    {
      "type": "Feature",
      "geometry": {
        "type": "Point",
        "coordinates": [
          28.98248,
          41.02931
        ]
      },
      "properties": {
        "katman": "AIRBNB_ILANI",
        "id": "50489036",
        "ad": "Daire - Beyoğlu",
        "alt_tur": "Daire",
        "fiyat_tl": 3235,
        "fiyat_1_gun_tl": null,
        "fiyat_1_hafta_tl": null,
        "fiyat_1_ay_tl": 3235,
        "fiyat_3_ay_tl": null,
        "puan": 4.86,
        "yorum": 380,
        "url": "https://www.airbnb.com.tr/rooms/50489036"
      }
    },
    {
      "type": "Feature",
      "geometry": {
        "type": "Point",
        "coordinates": [
          28.97739,
          41.02703
        ]
      },
      "properties": {
        "katman": "AIRBNB_ILANI",
        "id": "953689131784876224",
        "ad": "Daire - Beyoğlu",
        "alt_tur": "Özel Oda",
        "fiyat_tl": 3649,
        "fiyat_1_gun_tl": null,
        "fiyat_1_hafta_tl": null,
        "fiyat_1_ay_tl": 3649,
        "fiyat_3_ay_tl": null,
        "puan": 4.54,
        "yorum": 155,
        "url": "https://www.airbnb.com.tr/rooms/953689131784876224"
      }
    },
    {
      "type": "Feature",
      "geometry": {
        "type": "Point",
        "coordinates": [
          28.9748,
          41.02873
        ]
      },
      "properties": {
        "katman": "AIRBNB_ILANI",
        "id": "1392786583531480308",
        "ad": "Daire - Beyoğlu",
        "alt_tur": "Daire",
        "fiyat_tl": 4300,
        "fiyat_1_gun_tl": null,
        "fiyat_1_hafta_tl": null,
        "fiyat_1_ay_tl": 4300,
        "fiyat_3_ay_tl": null,
        "puan": 4.76,
        "yorum": 66,
        "url": "https://www.airbnb.com.tr/rooms/1392786583531480308"
      }
    },
    {
      "type": "Feature",
      "geometry": {
        "type": "Point",
        "coordinates": [
          28.98253,
          41.03009
        ]
      },
      "properties": {
        "katman": "AIRBNB_ILANI",
        "id": "1692192749173221167",
        "ad": "Daire - Beyoğlu",
        "alt_tur": "Daire",
        "fiyat_tl": 2433,
        "fiyat_1_gun_tl": null,
        "fiyat_1_hafta_tl": null,
        "fiyat_1_ay_tl": 2433,
        "fiyat_3_ay_tl": null,
        "puan": 4.87,
        "yorum": 15,
        "url": "https://www.airbnb.com.tr/rooms/1692192749173221167"
      }
    },
    {
      "type": "Feature",
      "geometry": {
        "type": "Point",
        "coordinates": [
          28.97763,
          41.02764
        ]
      },
      "properties": {
        "katman": "AIRBNB_ILANI",
        "id": "1463141044167753766",
        "ad": "Daire - Beyoğlu",
        "alt_tur": "Daire",
        "fiyat_tl": 3929,
        "fiyat_1_gun_tl": null,
        "fiyat_1_hafta_tl": null,
        "fiyat_1_ay_tl": 3929,
        "fiyat_3_ay_tl": null,
        "puan": 4.87,
        "yorum": 52,
        "url": "https://www.airbnb.com.tr/rooms/1463141044167753766"
      }
    },
    {
      "type": "Feature",
      "geometry": {
        "type": "Point",
        "coordinates": [
          28.9748,
          41.0242
        ]
      },
      "properties": {
        "katman": "AIRBNB_ILANI",
        "id": "1250110590044752453",
        "ad": "Daire - Beyoğlu",
        "alt_tur": "Daire",
        "fiyat_tl": 6399,
        "fiyat_1_gun_tl": null,
        "fiyat_1_hafta_tl": null,
        "fiyat_1_ay_tl": 6399,
        "fiyat_3_ay_tl": null,
        "puan": 4.85,
        "yorum": 92,
        "url": "https://www.airbnb.com.tr/rooms/1250110590044752453"
      }
    },
    {
      "type": "Feature",
      "geometry": {
        "type": "Point",
        "coordinates": [
          28.97794,
          41.0353
        ]
      },
      "properties": {
        "katman": "AIRBNB_ILANI",
        "id": "1750182114845627316",
        "ad": "Daire - Beyoğlu",
        "alt_tur": "Daire",
        "fiyat_tl": 2600,
        "fiyat_1_gun_tl": null,
        "fiyat_1_hafta_tl": null,
        "fiyat_1_ay_tl": 2600,
        "fiyat_3_ay_tl": null,
        "puan": 4.75,
        "yorum": 8,
        "url": "https://www.airbnb.com.tr/rooms/1750182114845627316"
      }
    },
    {
      "type": "Feature",
      "geometry": {
        "type": "Point",
        "coordinates": [
          28.9726,
          41.0258
        ]
      },
      "properties": {
        "katman": "AIRBNB_ILANI",
        "id": "1407973863081553483",
        "ad": "Daire - Beyoğlu",
        "alt_tur": "Daire",
        "fiyat_tl": 6568,
        "fiyat_1_gun_tl": null,
        "fiyat_1_hafta_tl": null,
        "fiyat_1_ay_tl": 6568,
        "fiyat_3_ay_tl": null,
        "puan": 4.68,
        "yorum": 78,
        "url": "https://www.airbnb.com.tr/rooms/1407973863081553483"
      }
    },
    {
      "type": "Feature",
      "geometry": {
        "type": "Point",
        "coordinates": [
          28.976,
          41.027
        ]
      },
      "properties": {
        "katman": "AIRBNB_ILANI",
        "id": "1459953942530771193",
        "ad": "Daire - Beyoğlu",
        "alt_tur": "Daire",
        "fiyat_tl": 3272,
        "fiyat_1_gun_tl": null,
        "fiyat_1_hafta_tl": null,
        "fiyat_1_ay_tl": 3272,
        "fiyat_3_ay_tl": null,
        "puan": 4.72,
        "yorum": 47,
        "url": "https://www.airbnb.com.tr/rooms/1459953942530771193"
      }
    },
    {
      "type": "Feature",
      "geometry": {
        "type": "Point",
        "coordinates": [
          28.9699,
          41.0268
        ]
      },
      "properties": {
        "katman": "AIRBNB_ILANI",
        "id": "1546548044283461871",
        "ad": "Daire - Beyoğlu",
        "alt_tur": "Daire",
        "fiyat_tl": 7297,
        "fiyat_1_gun_tl": null,
        "fiyat_1_hafta_tl": null,
        "fiyat_1_ay_tl": 7297,
        "fiyat_3_ay_tl": null,
        "puan": 4.89,
        "yorum": 27,
        "url": "https://www.airbnb.com.tr/rooms/1546548044283461871"
      }
    },
    {
      "type": "Feature",
      "geometry": {
        "type": "Point",
        "coordinates": [
          28.706802988098374,
          40.99263887155878
        ]
      },
      "properties": {
        "katman": "AIRBNB_ILANI",
        "id": "1709570723610781039",
        "ad": "Daire - Avcılar",
        "alt_tur": "Daire",
        "fiyat_tl": 2398,
        "fiyat_1_gun_tl": null,
        "fiyat_1_hafta_tl": 2398,
        "fiyat_1_ay_tl": 2398,
        "fiyat_3_ay_tl": null,
        "puan": null,
        "yorum": 0,
        "url": "https://www.airbnb.com.tr/rooms/1709570723610781039"
      }
    },
    {
      "type": "Feature",
      "geometry": {
        "type": "Point",
        "coordinates": [
          28.70833,
          40.99272
        ]
      },
      "properties": {
        "katman": "AIRBNB_ILANI",
        "id": "1339009392541021637",
        "ad": "Otel - Avcılar",
        "alt_tur": "Özel Oda",
        "fiyat_tl": 1924,
        "fiyat_1_gun_tl": null,
        "fiyat_1_hafta_tl": 1939,
        "fiyat_1_ay_tl": 1908,
        "fiyat_3_ay_tl": null,
        "puan": 4.33,
        "yorum": 9,
        "url": "https://www.airbnb.com.tr/rooms/1339009392541021637"
      }
    },
    {
      "type": "Feature",
      "geometry": {
        "type": "Point",
        "coordinates": [
          28.721611704682935,
          40.99130826532397
        ]
      },
      "properties": {
        "katman": "AIRBNB_ILANI",
        "id": "1287576273065620477",
        "ad": "Otel - Avcılar",
        "alt_tur": "Özel Oda",
        "fiyat_tl": 1600,
        "fiyat_1_gun_tl": null,
        "fiyat_1_hafta_tl": 1600,
        "fiyat_1_ay_tl": null,
        "fiyat_3_ay_tl": null,
        "puan": 4.63,
        "yorum": 49,
        "url": "https://www.airbnb.com.tr/rooms/1287576273065620477"
      }
    },
    {
      "type": "Feature",
      "geometry": {
        "type": "Point",
        "coordinates": [
          28.73197,
          40.98061
        ]
      },
      "properties": {
        "katman": "AIRBNB_ILANI",
        "id": "1654712623357867101",
        "ad": "Avcılar bölgesinde oda",
        "alt_tur": "Özel Oda",
        "fiyat_tl": 1686,
        "fiyat_1_gun_tl": null,
        "fiyat_1_hafta_tl": 1683,
        "fiyat_1_ay_tl": 1688,
        "fiyat_3_ay_tl": null,
        "puan": 5.0,
        "yorum": 7,
        "url": "https://www.airbnb.com.tr/rooms/1654712623357867101"
      }
    },
    {
      "type": "Feature",
      "geometry": {
        "type": "Point",
        "coordinates": [
          28.6912,
          41.0026
        ]
      },
      "properties": {
        "katman": "AIRBNB_ILANI",
        "id": "1483083224032804669",
        "ad": "Daire - Esenyurt",
        "alt_tur": "Daire",
        "fiyat_tl": 2870,
        "fiyat_1_gun_tl": null,
        "fiyat_1_hafta_tl": 2870,
        "fiyat_1_ay_tl": 2870,
        "fiyat_3_ay_tl": null,
        "puan": 5.0,
        "yorum": 19,
        "url": "https://www.airbnb.com.tr/rooms/1483083224032804669"
      }
    },
    {
      "type": "Feature",
      "geometry": {
        "type": "Point",
        "coordinates": [
          28.71784,
          40.98984
        ]
      },
      "properties": {
        "katman": "AIRBNB_ILANI",
        "id": "1207072222986202094",
        "ad": "Otel - Avcılar",
        "alt_tur": "Özel Oda",
        "fiyat_tl": 2125,
        "fiyat_1_gun_tl": null,
        "fiyat_1_hafta_tl": 2000,
        "fiyat_1_ay_tl": 2250,
        "fiyat_3_ay_tl": null,
        "puan": 4.56,
        "yorum": 9,
        "url": "https://www.airbnb.com.tr/rooms/1207072222986202094"
      }
    },
    {
      "type": "Feature",
      "geometry": {
        "type": "Point",
        "coordinates": [
          28.7434,
          40.982
        ]
      },
      "properties": {
        "katman": "AIRBNB_ILANI",
        "id": "812275561988066064",
        "ad": "Daire - Avcılar",
        "alt_tur": "Daire",
        "fiyat_tl": 1468,
        "fiyat_1_gun_tl": null,
        "fiyat_1_hafta_tl": 1240,
        "fiyat_1_ay_tl": 1695,
        "fiyat_3_ay_tl": null,
        "puan": 4.67,
        "yorum": 12,
        "url": "https://www.airbnb.com.tr/rooms/812275561988066064"
      }
    },
    {
      "type": "Feature",
      "geometry": {
        "type": "Point",
        "coordinates": [
          28.6819,
          41.008
        ]
      },
      "properties": {
        "katman": "AIRBNB_ILANI",
        "id": "992855873315434009",
        "ad": "Daire - Esenyurt",
        "alt_tur": "Daire",
        "fiyat_tl": 3553,
        "fiyat_1_gun_tl": null,
        "fiyat_1_hafta_tl": 3553,
        "fiyat_1_ay_tl": null,
        "fiyat_3_ay_tl": null,
        "puan": 4.9,
        "yorum": 117,
        "url": "https://www.airbnb.com.tr/rooms/992855873315434009"
      }
    },
    {
      "type": "Feature",
      "geometry": {
        "type": "Point",
        "coordinates": [
          28.693688361714134,
          41.00144077958321
        ]
      },
      "properties": {
        "katman": "AIRBNB_ILANI",
        "id": "1392043800816233387",
        "ad": "Daire - Esenyurt",
        "alt_tur": "Daire",
        "fiyat_tl": 2870,
        "fiyat_1_gun_tl": null,
        "fiyat_1_hafta_tl": 2870,
        "fiyat_1_ay_tl": 2870,
        "fiyat_3_ay_tl": null,
        "puan": 4.67,
        "yorum": 58,
        "url": "https://www.airbnb.com.tr/rooms/1392043800816233387"
      }
    },
    {
      "type": "Feature",
      "geometry": {
        "type": "Point",
        "coordinates": [
          28.7209,
          40.9847
        ]
      },
      "properties": {
        "katman": "AIRBNB_ILANI",
        "id": "1393308720599835820",
        "ad": "Otel - Avcılar",
        "alt_tur": "Daire / Ev",
        "fiyat_tl": 2000,
        "fiyat_1_gun_tl": null,
        "fiyat_1_hafta_tl": 2000,
        "fiyat_1_ay_tl": null,
        "fiyat_3_ay_tl": null,
        "puan": 4.5,
        "yorum": 6,
        "url": "https://www.airbnb.com.tr/rooms/1393308720599835820"
      }
    },
    {
      "type": "Feature",
      "geometry": {
        "type": "Point",
        "coordinates": [
          28.6657,
          41.0055
        ]
      },
      "properties": {
        "katman": "AIRBNB_ILANI",
        "id": "1317476063874107519",
        "ad": "Daire - Beylikdüzü",
        "alt_tur": "Daire",
        "fiyat_tl": 4184,
        "fiyat_1_gun_tl": null,
        "fiyat_1_hafta_tl": 4184,
        "fiyat_1_ay_tl": null,
        "fiyat_3_ay_tl": null,
        "puan": 4.97,
        "yorum": 63,
        "url": "https://www.airbnb.com.tr/rooms/1317476063874107519"
      }
    },
    {
      "type": "Feature",
      "geometry": {
        "type": "Point",
        "coordinates": [
          28.665885960111304,
          41.00621590339906
        ]
      },
      "properties": {
        "katman": "AIRBNB_ILANI",
        "id": "1313729198620512594",
        "ad": "Daire - Beylikdüzü",
        "alt_tur": "Daire",
        "fiyat_tl": 4476,
        "fiyat_1_gun_tl": null,
        "fiyat_1_hafta_tl": 4476,
        "fiyat_1_ay_tl": null,
        "fiyat_3_ay_tl": null,
        "puan": 4.92,
        "yorum": 37,
        "url": "https://www.airbnb.com.tr/rooms/1313729198620512594"
      }
    },
    {
      "type": "Feature",
      "geometry": {
        "type": "Point",
        "coordinates": [
          28.7207,
          40.9713
        ]
      },
      "properties": {
        "katman": "AIRBNB_ILANI",
        "id": "1487978174774984367",
        "ad": "Otel - Avcılar",
        "alt_tur": "Özel Oda",
        "fiyat_tl": 4720,
        "fiyat_1_gun_tl": null,
        "fiyat_1_hafta_tl": 4495,
        "fiyat_1_ay_tl": 4944,
        "fiyat_3_ay_tl": null,
        "puan": 5.0,
        "yorum": 4,
        "url": "https://www.airbnb.com.tr/rooms/1487978174774984367"
      }
    },
    {
      "type": "Feature",
      "geometry": {
        "type": "Point",
        "coordinates": [
          28.7207,
          40.9714
        ]
      },
      "properties": {
        "katman": "AIRBNB_ILANI",
        "id": "1487976223952337388",
        "ad": "Otel - Avcılar",
        "alt_tur": "Özel Oda",
        "fiyat_tl": 4273,
        "fiyat_1_gun_tl": null,
        "fiyat_1_hafta_tl": 4273,
        "fiyat_1_ay_tl": null,
        "fiyat_3_ay_tl": null,
        "puan": 4.67,
        "yorum": 3,
        "url": "https://www.airbnb.com.tr/rooms/1487976223952337388"
      }
    },
    {
      "type": "Feature",
      "geometry": {
        "type": "Point",
        "coordinates": [
          28.7099,
          40.9926
        ]
      },
      "properties": {
        "katman": "AIRBNB_ILANI",
        "id": "1281022562749613566",
        "ad": "Otel - Avcılar",
        "alt_tur": "Özel Oda",
        "fiyat_tl": 2182,
        "fiyat_1_gun_tl": null,
        "fiyat_1_hafta_tl": 2182,
        "fiyat_1_ay_tl": null,
        "fiyat_3_ay_tl": null,
        "puan": 4.33,
        "yorum": 6,
        "url": "https://www.airbnb.com.tr/rooms/1281022562749613566"
      }
    },
    {
      "type": "Feature",
      "geometry": {
        "type": "Point",
        "coordinates": [
          28.7313,
          40.9809
        ]
      },
      "properties": {
        "katman": "AIRBNB_ILANI",
        "id": "1651516089110984180",
        "ad": "Avcılar bölgesinde oda",
        "alt_tur": "Özel Oda",
        "fiyat_tl": 1683,
        "fiyat_1_gun_tl": null,
        "fiyat_1_hafta_tl": 1683,
        "fiyat_1_ay_tl": null,
        "fiyat_3_ay_tl": null,
        "puan": 4.35,
        "yorum": 17,
        "url": "https://www.airbnb.com.tr/rooms/1651516089110984180"
      }
    },
    {
      "type": "Feature",
      "geometry": {
        "type": "Point",
        "coordinates": [
          28.6926,
          41.002
        ]
      },
      "properties": {
        "katman": "AIRBNB_ILANI",
        "id": "1388546504008815439",
        "ad": "Daire - Esenyurt",
        "alt_tur": "Daire",
        "fiyat_tl": 2870,
        "fiyat_1_gun_tl": null,
        "fiyat_1_hafta_tl": 2870,
        "fiyat_1_ay_tl": null,
        "fiyat_3_ay_tl": null,
        "puan": 4.8,
        "yorum": 10,
        "url": "https://www.airbnb.com.tr/rooms/1388546504008815439"
      }
    },
    {
      "type": "Feature",
      "geometry": {
        "type": "Point",
        "coordinates": [
          28.690563917061105,
          41.00133859389244
        ]
      },
      "properties": {
        "katman": "AIRBNB_ILANI",
        "id": "1486945030426384452",
        "ad": "Daire - Esenyurt",
        "alt_tur": "Daire",
        "fiyat_tl": 2870,
        "fiyat_1_gun_tl": null,
        "fiyat_1_hafta_tl": 2870,
        "fiyat_1_ay_tl": null,
        "fiyat_3_ay_tl": null,
        "puan": 4.6,
        "yorum": 10,
        "url": "https://www.airbnb.com.tr/rooms/1486945030426384452"
      }
    },
    {
      "type": "Feature",
      "geometry": {
        "type": "Point",
        "coordinates": [
          28.98061,
          41.00743
        ]
      },
      "properties": {
        "katman": "AIRBNB_ILANI",
        "id": "683029154265604041",
        "ad": "Butik otel - İstanbul",
        "alt_tur": "Daire / Ev",
        "fiyat_tl": 3368,
        "fiyat_1_gun_tl": null,
        "fiyat_1_hafta_tl": null,
        "fiyat_1_ay_tl": 3368,
        "fiyat_3_ay_tl": null,
        "puan": 4.92,
        "yorum": 224,
        "url": "https://www.airbnb.com.tr/rooms/683029154265604041"
      }
    },
    {
      "type": "Feature",
      "geometry": {
        "type": "Point",
        "coordinates": [
          28.7207,
          40.9712
        ]
      },
      "properties": {
        "katman": "AIRBNB_ILANI",
        "id": "1487983882479825287",
        "ad": "Otel - Avcılar",
        "alt_tur": "Daire / Ev",
        "fiyat_tl": 5394,
        "fiyat_1_gun_tl": null,
        "fiyat_1_hafta_tl": null,
        "fiyat_1_ay_tl": 5394,
        "fiyat_3_ay_tl": null,
        "puan": 5.0,
        "yorum": 3,
        "url": "https://www.airbnb.com.tr/rooms/1487983882479825287"
      }
    },
    {
      "type": "Feature",
      "geometry": {
        "type": "Point",
        "coordinates": [
          28.6818,
          41.0071
        ]
      },
      "properties": {
        "katman": "AIRBNB_ILANI",
        "id": "1646499903907910467",
        "ad": "Daire - Esenyurt",
        "alt_tur": "Daire",
        "fiyat_tl": 3553,
        "fiyat_1_gun_tl": null,
        "fiyat_1_hafta_tl": null,
        "fiyat_1_ay_tl": 3553,
        "fiyat_3_ay_tl": null,
        "puan": 5.0,
        "yorum": 8,
        "url": "https://www.airbnb.com.tr/rooms/1646499903907910467"
      }
    },
    {
      "type": "Feature",
      "geometry": {
        "type": "Point",
        "coordinates": [
          28.8978,
          40.9816
        ]
      },
      "properties": {
        "katman": "AIRBNB_ILANI",
        "id": "1262050327314015487",
        "ad": "Daire - Zeytinburnu",
        "alt_tur": "Daire",
        "fiyat_tl": 5000,
        "fiyat_1_gun_tl": null,
        "fiyat_1_hafta_tl": null,
        "fiyat_1_ay_tl": 5000,
        "fiyat_3_ay_tl": null,
        "puan": 4.95,
        "yorum": 43,
        "url": "https://www.airbnb.com.tr/rooms/1262050327314015487"
      }
    },
    {
      "type": "Feature",
      "geometry": {
        "type": "Point",
        "coordinates": [
          28.9757,
          41.03474
        ]
      },
      "properties": {
        "katman": "AIRBNB_ILANI",
        "id": "551344909149823217",
        "ad": "Apart otel - İstanbul",
        "alt_tur": "Özel Oda",
        "fiyat_tl": 3086,
        "fiyat_1_gun_tl": null,
        "fiyat_1_hafta_tl": null,
        "fiyat_1_ay_tl": 3086,
        "fiyat_3_ay_tl": null,
        "puan": 4.87,
        "yorum": 257,
        "url": "https://www.airbnb.com.tr/rooms/551344909149823217"
      }
    },
    {
      "type": "Feature",
      "geometry": {
        "type": "Point",
        "coordinates": [
          28.9814,
          41.037
        ]
      },
      "properties": {
        "katman": "AIRBNB_ILANI",
        "id": "1028798807708736514",
        "ad": "Daire - İstanbul",
        "alt_tur": "Daire",
        "fiyat_tl": 2579,
        "fiyat_1_gun_tl": null,
        "fiyat_1_hafta_tl": null,
        "fiyat_1_ay_tl": 2579,
        "fiyat_3_ay_tl": null,
        "puan": 4.83,
        "yorum": 212,
        "url": "https://www.airbnb.com.tr/rooms/1028798807708736514"
      }
    },
    {
      "type": "Feature",
      "geometry": {
        "type": "Point",
        "coordinates": [
          28.9416,
          41.0382
        ]
      },
      "properties": {
        "katman": "AIRBNB_ILANI",
        "id": "842516425453739491",
        "ad": "Misafir evi - İstanbul",
        "alt_tur": "Daire / Ev",
        "fiyat_tl": 2870,
        "fiyat_1_gun_tl": null,
        "fiyat_1_hafta_tl": null,
        "fiyat_1_ay_tl": 2870,
        "fiyat_3_ay_tl": null,
        "puan": 4.89,
        "yorum": 295,
        "url": "https://www.airbnb.com.tr/rooms/842516425453739491"
      }
    },
    {
      "type": "Feature",
      "geometry": {
        "type": "Point",
        "coordinates": [
          31.5826,
          40.719
        ]
      },
      "properties": {
        "katman": "AIRBNB_ILANI",
        "id": "44265778",
        "ad": "Ev - Bolu",
        "alt_tur": "Daire / Ev",
        "fiyat_tl": 2344,
        "fiyat_1_gun_tl": null,
        "fiyat_1_hafta_tl": 2200,
        "fiyat_1_ay_tl": null,
        "fiyat_3_ay_tl": 2487,
        "puan": 4.85,
        "yorum": 339,
        "url": "https://www.airbnb.com.tr/rooms/44265778"
      }
    },
    {
      "type": "Feature",
      "geometry": {
        "type": "Point",
        "coordinates": [
          31.6038,
          40.7325
        ]
      },
      "properties": {
        "katman": "AIRBNB_ILANI",
        "id": "1747783859867714329",
        "ad": "Daire - Bolu",
        "alt_tur": "Daire",
        "fiyat_tl": 4778,
        "fiyat_1_gun_tl": null,
        "fiyat_1_hafta_tl": 5000,
        "fiyat_1_ay_tl": null,
        "fiyat_3_ay_tl": 4555,
        "puan": null,
        "yorum": 0,
        "url": "https://www.airbnb.com.tr/rooms/1747783859867714329"
      }
    },
    {
      "type": "Feature",
      "geometry": {
        "type": "Point",
        "coordinates": [
          31.6482,
          40.7792
        ]
      },
      "properties": {
        "katman": "AIRBNB_ILANI",
        "id": "870877145292796806",
        "ad": "Ağaç ev - Bolu",
        "alt_tur": "Daire / Ev",
        "fiyat_tl": 6000,
        "fiyat_1_gun_tl": null,
        "fiyat_1_hafta_tl": 5800,
        "fiyat_1_ay_tl": null,
        "fiyat_3_ay_tl": 6200,
        "puan": 4.9,
        "yorum": 124,
        "url": "https://www.airbnb.com.tr/rooms/870877145292796806"
      }
    },
    {
      "type": "Feature",
      "geometry": {
        "type": "Point",
        "coordinates": [
          30.6861,
          40.6285
        ]
      },
      "properties": {
        "katman": "AIRBNB_ILANI",
        "id": "1584921761288810355",
        "ad": "Ev - Akyazı",
        "alt_tur": "Daire / Ev",
        "fiyat_tl": 6150,
        "fiyat_1_gun_tl": null,
        "fiyat_1_hafta_tl": 6150,
        "fiyat_1_ay_tl": null,
        "fiyat_3_ay_tl": null,
        "puan": 5.0,
        "yorum": 8,
        "url": "https://www.airbnb.com.tr/rooms/1584921761288810355"
      }
    },
    {
      "type": "Feature",
      "geometry": {
        "type": "Point",
        "coordinates": [
          31.58378,
          40.71826
        ]
      },
      "properties": {
        "katman": "AIRBNB_ILANI",
        "id": "47986411",
        "ad": "Misafir evi - Bolu",
        "alt_tur": "Daire / Ev",
        "fiyat_tl": 2184,
        "fiyat_1_gun_tl": null,
        "fiyat_1_hafta_tl": 2000,
        "fiyat_1_ay_tl": null,
        "fiyat_3_ay_tl": 2369,
        "puan": 4.86,
        "yorum": 274,
        "url": "https://www.airbnb.com.tr/rooms/47986411"
      }
    },
    {
      "type": "Feature",
      "geometry": {
        "type": "Point",
        "coordinates": [
          31.01065,
          40.58692
        ]
      },
      "properties": {
        "katman": "AIRBNB_ILANI",
        "id": "705676227426034708",
        "ad": "Kubbe - Bolu",
        "alt_tur": "Daire / Ev",
        "fiyat_tl": 5696,
        "fiyat_1_gun_tl": null,
        "fiyat_1_hafta_tl": 5696,
        "fiyat_1_ay_tl": null,
        "fiyat_3_ay_tl": null,
        "puan": 4.77,
        "yorum": 92,
        "url": "https://www.airbnb.com.tr/rooms/705676227426034708"
      }
    },
    {
      "type": "Feature",
      "geometry": {
        "type": "Point",
        "coordinates": [
          31.6482,
          40.7792
        ]
      },
      "properties": {
        "katman": "AIRBNB_ILANI",
        "id": "688416326043454110",
        "ad": "Dağ evi - Bolu",
        "alt_tur": "Daire / Ev",
        "fiyat_tl": 6500,
        "fiyat_1_gun_tl": null,
        "fiyat_1_hafta_tl": 6500,
        "fiyat_1_ay_tl": null,
        "fiyat_3_ay_tl": 6500,
        "puan": 4.83,
        "yorum": 108,
        "url": "https://www.airbnb.com.tr/rooms/688416326043454110"
      }
    },
    {
      "type": "Feature",
      "geometry": {
        "type": "Point",
        "coordinates": [
          31.5688,
          40.7715
        ]
      },
      "properties": {
        "katman": "AIRBNB_ILANI",
        "id": "42114993",
        "ad": "Küçük ev - Bolu",
        "alt_tur": "Daire / Ev",
        "fiyat_tl": 4145,
        "fiyat_1_gun_tl": null,
        "fiyat_1_hafta_tl": 4145,
        "fiyat_1_ay_tl": null,
        "fiyat_3_ay_tl": 4145,
        "puan": 4.97,
        "yorum": 158,
        "url": "https://www.airbnb.com.tr/rooms/42114993"
      }
    },
    {
      "type": "Feature",
      "geometry": {
        "type": "Point",
        "coordinates": [
          30.37391,
          40.59135
        ]
      },
      "properties": {
        "katman": "AIRBNB_ILANI",
        "id": "54053661",
        "ad": "Mağara - Geyve",
        "alt_tur": "Daire / Ev",
        "fiyat_tl": 7000,
        "fiyat_1_gun_tl": null,
        "fiyat_1_hafta_tl": 6250,
        "fiyat_1_ay_tl": null,
        "fiyat_3_ay_tl": 7750,
        "puan": 4.94,
        "yorum": 78,
        "url": "https://www.airbnb.com.tr/rooms/54053661"
      }
    },
    {
      "type": "Feature",
      "geometry": {
        "type": "Point",
        "coordinates": [
          31.6358,
          40.787
        ]
      },
      "properties": {
        "katman": "AIRBNB_ILANI",
        "id": "1310273511441014557",
        "ad": "Ev - Bolu",
        "alt_tur": "Daire / Ev",
        "fiyat_tl": 5475,
        "fiyat_1_gun_tl": null,
        "fiyat_1_hafta_tl": 5475,
        "fiyat_1_ay_tl": null,
        "fiyat_3_ay_tl": null,
        "puan": 4.94,
        "yorum": 31,
        "url": "https://www.airbnb.com.tr/rooms/1310273511441014557"
      }
    },
    {
      "type": "Feature",
      "geometry": {
        "type": "Point",
        "coordinates": [
          30.26593,
          40.67124
        ]
      },
      "properties": {
        "katman": "AIRBNB_ILANI",
        "id": "903446887104705544",
        "ad": "Ağaç ev - Sapanca",
        "alt_tur": "Daire / Ev",
        "fiyat_tl": 13700,
        "fiyat_1_gun_tl": null,
        "fiyat_1_hafta_tl": 13700,
        "fiyat_1_ay_tl": null,
        "fiyat_3_ay_tl": null,
        "puan": 4.91,
        "yorum": 169,
        "url": "https://www.airbnb.com.tr/rooms/903446887104705544"
      }
    },
    {
      "type": "Feature",
      "geometry": {
        "type": "Point",
        "coordinates": [
          31.08701,
          40.76024
        ]
      },
      "properties": {
        "katman": "AIRBNB_ILANI",
        "id": "1119540632158784508",
        "ad": "Ağaç ev - Düzce",
        "alt_tur": "Daire / Ev",
        "fiyat_tl": 5200,
        "fiyat_1_gun_tl": null,
        "fiyat_1_hafta_tl": 5200,
        "fiyat_1_ay_tl": null,
        "fiyat_3_ay_tl": 5200,
        "puan": 4.98,
        "yorum": 57,
        "url": "https://www.airbnb.com.tr/rooms/1119540632158784508"
      }
    },
    {
      "type": "Feature",
      "geometry": {
        "type": "Point",
        "coordinates": [
          31.386050976184222,
          40.57012652637416
        ]
      },
      "properties": {
        "katman": "AIRBNB_ILANI",
        "id": "1461586198121020248",
        "ad": "Ev - Keçikıran",
        "alt_tur": "Özel Oda",
        "fiyat_tl": 9183,
        "fiyat_1_gun_tl": null,
        "fiyat_1_hafta_tl": null,
        "fiyat_1_ay_tl": null,
        "fiyat_3_ay_tl": 9183,
        "puan": 4.62,
        "yorum": 13,
        "url": "https://www.airbnb.com.tr/rooms/1461586198121020248"
      }
    },
    {
      "type": "Feature",
      "geometry": {
        "type": "Point",
        "coordinates": [
          30.3755,
          40.6019
        ]
      },
      "properties": {
        "katman": "AIRBNB_ILANI",
        "id": "33733921",
        "ad": "Bungalov - Maksudiye",
        "alt_tur": "Kır Evi / Bungalov",
        "fiyat_tl": 4559,
        "fiyat_1_gun_tl": null,
        "fiyat_1_hafta_tl": null,
        "fiyat_1_ay_tl": null,
        "fiyat_3_ay_tl": 4559,
        "puan": 4.93,
        "yorum": 72,
        "url": "https://www.airbnb.com.tr/rooms/33733921"
      }
    },
    {
      "type": "Feature",
      "geometry": {
        "type": "Point",
        "coordinates": [
          31.4663,
          40.7051
        ]
      },
      "properties": {
        "katman": "AIRBNB_ILANI",
        "id": "1625177206708552094",
        "ad": "Ev - Ömerler",
        "alt_tur": "Daire / Ev",
        "fiyat_tl": 5921,
        "fiyat_1_gun_tl": null,
        "fiyat_1_hafta_tl": null,
        "fiyat_1_ay_tl": null,
        "fiyat_3_ay_tl": 5921,
        "puan": 5.0,
        "yorum": 24,
        "url": "https://www.airbnb.com.tr/rooms/1625177206708552094"
      }
    },
    {
      "type": "Feature",
      "geometry": {
        "type": "Point",
        "coordinates": [
          30.27688,
          40.6917
        ]
      },
      "properties": {
        "katman": "AIRBNB_ILANI",
        "id": "1092492845176450300",
        "ad": "Ev - Sapanca",
        "alt_tur": "Müstakil Villa",
        "fiyat_tl": 12000,
        "fiyat_1_gun_tl": null,
        "fiyat_1_hafta_tl": null,
        "fiyat_1_ay_tl": null,
        "fiyat_3_ay_tl": 12000,
        "puan": 5.0,
        "yorum": 67,
        "url": "https://www.airbnb.com.tr/rooms/1092492845176450300"
      }
    },
    {
      "type": "Feature",
      "geometry": {
        "type": "Point",
        "coordinates": [
          31.44716,
          40.6472
        ]
      },
      "properties": {
        "katman": "AIRBNB_ILANI",
        "id": "40802199",
        "ad": "Dağ evi - Bolu",
        "alt_tur": "Müstakil Villa",
        "fiyat_tl": 28684,
        "fiyat_1_gun_tl": null,
        "fiyat_1_hafta_tl": null,
        "fiyat_1_ay_tl": null,
        "fiyat_3_ay_tl": 28684,
        "puan": 4.98,
        "yorum": 48,
        "url": "https://www.airbnb.com.tr/rooms/40802199"
      }
    },
    {
      "type": "Feature",
      "geometry": {
        "type": "Point",
        "coordinates": [
          31.143995630439495,
          41.086927176695625
        ]
      },
      "properties": {
        "katman": "AIRBNB_ILANI",
        "id": "785177695485782601",
        "ad": "Daire - Akçakoca",
        "alt_tur": "Daire",
        "fiyat_tl": 4250,
        "fiyat_1_gun_tl": null,
        "fiyat_1_hafta_tl": 4000,
        "fiyat_1_ay_tl": 4500,
        "fiyat_3_ay_tl": null,
        "puan": 4.86,
        "yorum": 35,
        "url": "https://www.airbnb.com.tr/rooms/785177695485782601"
      }
    },
    {
      "type": "Feature",
      "geometry": {
        "type": "Point",
        "coordinates": [
          30.231,
          40.6929
        ]
      },
      "properties": {
        "katman": "AIRBNB_ILANI",
        "id": "1191762009555627992",
        "ad": "Ev - Sapanca",
        "alt_tur": "Daire / Ev",
        "fiyat_tl": 7000,
        "fiyat_1_gun_tl": null,
        "fiyat_1_hafta_tl": 7000,
        "fiyat_1_ay_tl": null,
        "fiyat_3_ay_tl": null,
        "puan": 4.98,
        "yorum": 60,
        "url": "https://www.airbnb.com.tr/rooms/1191762009555627992"
      }
    },
    {
      "type": "Feature",
      "geometry": {
        "type": "Point",
        "coordinates": [
          30.280568080922034,
          40.682427147086784
        ]
      },
      "properties": {
        "katman": "AIRBNB_ILANI",
        "id": "1641992424318022218",
        "ad": "Bungalov - Sapanca",
        "alt_tur": "Kır Evi / Bungalov",
        "fiyat_tl": 5500,
        "fiyat_1_gun_tl": null,
        "fiyat_1_hafta_tl": 5500,
        "fiyat_1_ay_tl": null,
        "fiyat_3_ay_tl": null,
        "puan": 5.0,
        "yorum": 7,
        "url": "https://www.airbnb.com.tr/rooms/1641992424318022218"
      }
    },
    {
      "type": "Feature",
      "geometry": {
        "type": "Point",
        "coordinates": [
          30.26762280103138,
          40.677775647234746
        ]
      },
      "properties": {
        "katman": "AIRBNB_ILANI",
        "id": "1352716372516426754",
        "ad": "Ağaç ev - Sapanca",
        "alt_tur": "Daire / Ev",
        "fiyat_tl": 4000,
        "fiyat_1_gun_tl": null,
        "fiyat_1_hafta_tl": 4000,
        "fiyat_1_ay_tl": null,
        "fiyat_3_ay_tl": null,
        "puan": 4.72,
        "yorum": 122,
        "url": "https://www.airbnb.com.tr/rooms/1352716372516426754"
      }
    },
    {
      "type": "Feature",
      "geometry": {
        "type": "Point",
        "coordinates": [
          30.30311,
          40.69486
        ]
      },
      "properties": {
        "katman": "AIRBNB_ILANI",
        "id": "899251073978279270",
        "ad": "Ağaç ev - Sapanca",
        "alt_tur": "Daire / Ev",
        "fiyat_tl": 10000,
        "fiyat_1_gun_tl": null,
        "fiyat_1_hafta_tl": 10000,
        "fiyat_1_ay_tl": null,
        "fiyat_3_ay_tl": null,
        "puan": 5.0,
        "yorum": 224,
        "url": "https://www.airbnb.com.tr/rooms/899251073978279270"
      }
    },
    {
      "type": "Feature",
      "geometry": {
        "type": "Point",
        "coordinates": [
          31.09537,
          40.7591
        ]
      },
      "properties": {
        "katman": "AIRBNB_ILANI",
        "id": "1021820467526174004",
        "ad": "Çiftlikte konaklama - Aydınpınar",
        "alt_tur": "Daire / Ev",
        "fiyat_tl": 4856,
        "fiyat_1_gun_tl": null,
        "fiyat_1_hafta_tl": 4856,
        "fiyat_1_ay_tl": 4856,
        "fiyat_3_ay_tl": null,
        "puan": 4.8,
        "yorum": 85,
        "url": "https://www.airbnb.com.tr/rooms/1021820467526174004"
      }
    },
    {
      "type": "Feature",
      "geometry": {
        "type": "Point",
        "coordinates": [
          31.2243,
          40.8321
        ]
      },
      "properties": {
        "katman": "AIRBNB_ILANI",
        "id": "1360953887014947240",
        "ad": "Ağaç ev - Yeşilçimen",
        "alt_tur": "Daire / Ev",
        "fiyat_tl": 12000,
        "fiyat_1_gun_tl": null,
        "fiyat_1_hafta_tl": 13000,
        "fiyat_1_ay_tl": 12000,
        "fiyat_3_ay_tl": 11000,
        "puan": 4.92,
        "yorum": 12,
        "url": "https://www.airbnb.com.tr/rooms/1360953887014947240"
      }
    },
    {
      "type": "Feature",
      "geometry": {
        "type": "Point",
        "coordinates": [
          30.3142,
          40.6814
        ]
      },
      "properties": {
        "katman": "AIRBNB_ILANI",
        "id": "1125241718378788949",
        "ad": "Bungalov - Hacımercan",
        "alt_tur": "Müstakil Villa",
        "fiyat_tl": 9900,
        "fiyat_1_gun_tl": null,
        "fiyat_1_hafta_tl": 9900,
        "fiyat_1_ay_tl": null,
        "fiyat_3_ay_tl": null,
        "puan": 4.95,
        "yorum": 65,
        "url": "https://www.airbnb.com.tr/rooms/1125241718378788949"
      }
    },
    {
      "type": "Feature",
      "geometry": {
        "type": "Point",
        "coordinates": [
          30.26817,
          40.68063
        ]
      },
      "properties": {
        "katman": "AIRBNB_ILANI",
        "id": "1416497957252347712",
        "ad": "Ağaç ev - Sapanca",
        "alt_tur": "Daire / Ev",
        "fiyat_tl": 6075,
        "fiyat_1_gun_tl": null,
        "fiyat_1_hafta_tl": 5850,
        "fiyat_1_ay_tl": 6300,
        "fiyat_3_ay_tl": null,
        "puan": 4.92,
        "yorum": 79,
        "url": "https://www.airbnb.com.tr/rooms/1416497957252347712"
      }
    },
    {
      "type": "Feature",
      "geometry": {
        "type": "Point",
        "coordinates": [
          31.1871,
          41.0933
        ]
      },
      "properties": {
        "katman": "AIRBNB_ILANI",
        "id": "1772312465719872431",
        "ad": "Ev - Akçakoca",
        "alt_tur": "Müstakil Villa",
        "fiyat_tl": 16500,
        "fiyat_1_gun_tl": null,
        "fiyat_1_hafta_tl": null,
        "fiyat_1_ay_tl": 11000,
        "fiyat_3_ay_tl": 22000,
        "puan": null,
        "yorum": 0,
        "url": "https://www.airbnb.com.tr/rooms/1772312465719872431"
      }
    },
    {
      "type": "Feature",
      "geometry": {
        "type": "Point",
        "coordinates": [
          30.282165570198334,
          40.664355514881315
        ]
      },
      "properties": {
        "katman": "AIRBNB_ILANI",
        "id": "691622608584974482",
        "ad": "Bungalov - Sapanca",
        "alt_tur": "Kır Evi / Bungalov",
        "fiyat_tl": 10800,
        "fiyat_1_gun_tl": null,
        "fiyat_1_hafta_tl": null,
        "fiyat_1_ay_tl": 10800,
        "fiyat_3_ay_tl": null,
        "puan": 5.0,
        "yorum": 20,
        "url": "https://www.airbnb.com.tr/rooms/691622608584974482"
      }
    },
    {
      "type": "Feature",
      "geometry": {
        "type": "Point",
        "coordinates": [
          31.14075,
          41.08824
        ]
      },
      "properties": {
        "katman": "AIRBNB_ILANI",
        "id": "689961135873597886",
        "ad": "Daire - Akçakoca",
        "alt_tur": "Daire",
        "fiyat_tl": 3500,
        "fiyat_1_gun_tl": null,
        "fiyat_1_hafta_tl": null,
        "fiyat_1_ay_tl": 3500,
        "fiyat_3_ay_tl": null,
        "puan": 4.86,
        "yorum": 92,
        "url": "https://www.airbnb.com.tr/rooms/689961135873597886"
      }
    },
    {
      "type": "Feature",
      "geometry": {
        "type": "Point",
        "coordinates": [
          31.49385,
          40.7358
        ]
      },
      "properties": {
        "katman": "AIRBNB_ILANI",
        "id": "45284140",
        "ad": "Kır evi - Yumrukaya",
        "alt_tur": "Kır Evi / Bungalov",
        "fiyat_tl": 30310,
        "fiyat_1_gun_tl": null,
        "fiyat_1_hafta_tl": null,
        "fiyat_1_ay_tl": null,
        "fiyat_3_ay_tl": 30310,
        "puan": 4.96,
        "yorum": 28,
        "url": "https://www.airbnb.com.tr/rooms/45284140"
      }
    },
    {
      "type": "Feature",
      "geometry": {
        "type": "Point",
        "coordinates": [
          30.85824904704583,
          41.04667938876421
        ]
      },
      "properties": {
        "katman": "AIRBNB_ILANI",
        "id": "1513225865238293253",
        "ad": "Villa - Kocaali",
        "alt_tur": "Müstakil Villa",
        "fiyat_tl": 9850,
        "fiyat_1_gun_tl": null,
        "fiyat_1_hafta_tl": null,
        "fiyat_1_ay_tl": null,
        "fiyat_3_ay_tl": 9850,
        "puan": 4.92,
        "yorum": 13,
        "url": "https://www.airbnb.com.tr/rooms/1513225865238293253"
      }
    },
    {
      "type": "Feature",
      "geometry": {
        "type": "Point",
        "coordinates": [
          30.28879,
          40.67978
        ]
      },
      "properties": {
        "katman": "AIRBNB_ILANI",
        "id": "1225510354889907472",
        "ad": "Villa - Sapanca",
        "alt_tur": "Müstakil Villa",
        "fiyat_tl": 29900,
        "fiyat_1_gun_tl": null,
        "fiyat_1_hafta_tl": null,
        "fiyat_1_ay_tl": null,
        "fiyat_3_ay_tl": 29900,
        "puan": 5.0,
        "yorum": 58,
        "url": "https://www.airbnb.com.tr/rooms/1225510354889907472"
      }
    },
    {
      "type": "Feature",
      "geometry": {
        "type": "Point",
        "coordinates": [
          -7.252104051614294,
          39.16851134672213
        ]
      },
      "properties": {
        "katman": "AIRBNB_ILANI",
        "id": "1753478332347392962",
        "ad": "Ev - Arronches, Portekiz",
        "alt_tur": "Daire / Ev",
        "fiyat_tl": 9093,
        "fiyat_1_gun_tl": null,
        "fiyat_1_hafta_tl": 9093,
        "fiyat_1_ay_tl": null,
        "fiyat_3_ay_tl": null,
        "puan": null,
        "yorum": 0,
        "url": "https://www.airbnb.com.tr/rooms/1753478332347392962"
      }
    },
    {
      "type": "Feature",
      "geometry": {
        "type": "Point",
        "coordinates": [
          29.01548,
          41.02166
        ]
      },
      "properties": {
        "katman": "AIRBNB_ILANI",
        "id": "1060653056221804114",
        "ad": "Otel - Üsküdar",
        "alt_tur": "Daire / Ev",
        "fiyat_tl": 2950,
        "fiyat_1_gun_tl": 2950,
        "fiyat_1_hafta_tl": 2950,
        "fiyat_1_ay_tl": 2950,
        "fiyat_3_ay_tl": null,
        "puan": 4.57,
        "yorum": 21,
        "url": "https://www.airbnb.com.tr/rooms/1060653056221804114"
      }
    },
    {
      "type": "Feature",
      "geometry": {
        "type": "Point",
        "coordinates": [
          29.0152,
          41.0225
        ]
      },
      "properties": {
        "katman": "AIRBNB_ILANI",
        "id": "947520235007685819",
        "ad": "Daire - Üsküdar",
        "alt_tur": "Daire",
        "fiyat_tl": 3308,
        "fiyat_1_gun_tl": 3308,
        "fiyat_1_hafta_tl": null,
        "fiyat_1_ay_tl": null,
        "fiyat_3_ay_tl": null,
        "puan": 4.86,
        "yorum": 90,
        "url": "https://www.airbnb.com.tr/rooms/947520235007685819"
      }
    },
    {
      "type": "Feature",
      "geometry": {
        "type": "Point",
        "coordinates": [
          29.01356,
          41.02178
        ]
      },
      "properties": {
        "katman": "AIRBNB_ILANI",
        "id": "1488196559270335383",
        "ad": "Daire - Üsküdar",
        "alt_tur": "Daire",
        "fiyat_tl": 4073,
        "fiyat_1_gun_tl": 4350,
        "fiyat_1_hafta_tl": 3350,
        "fiyat_1_ay_tl": 4520,
        "fiyat_3_ay_tl": null,
        "puan": null,
        "yorum": 0,
        "url": "https://www.airbnb.com.tr/rooms/1488196559270335383"
      }
    },
    {
      "type": "Feature",
      "geometry": {
        "type": "Point",
        "coordinates": [
          29.01734,
          41.02545
        ]
      },
      "properties": {
        "katman": "AIRBNB_ILANI",
        "id": "1172334674126036486",
        "ad": "Daire - Üsküdar",
        "alt_tur": "Daire",
        "fiyat_tl": 16250,
        "fiyat_1_gun_tl": 14500,
        "fiyat_1_hafta_tl": null,
        "fiyat_1_ay_tl": 18000,
        "fiyat_3_ay_tl": null,
        "puan": 4.99,
        "yorum": 118,
        "url": "https://www.airbnb.com.tr/rooms/1172334674126036486"
      }
    },
    {
      "type": "Feature",
      "geometry": {
        "type": "Point",
        "coordinates": [
          29.01453,
          41.02176
        ]
      },
      "properties": {
        "katman": "AIRBNB_ILANI",
        "id": "1234761584687294903",
        "ad": "Daire - Üsküdar",
        "alt_tur": "Daire",
        "fiyat_tl": 3819,
        "fiyat_1_gun_tl": 3938,
        "fiyat_1_hafta_tl": null,
        "fiyat_1_ay_tl": 3700,
        "fiyat_3_ay_tl": null,
        "puan": 4.5,
        "yorum": 10,
        "url": "https://www.airbnb.com.tr/rooms/1234761584687294903"
      }
    },
    {
      "type": "Feature",
      "geometry": {
        "type": "Point",
        "coordinates": [
          29.0152,
          41.0207
        ]
      },
      "properties": {
        "katman": "AIRBNB_ILANI",
        "id": "1186712845206034510",
        "ad": "Daire - Üsküdar",
        "alt_tur": "Daire",
        "fiyat_tl": 4145,
        "fiyat_1_gun_tl": 4145,
        "fiyat_1_hafta_tl": null,
        "fiyat_1_ay_tl": 4145,
        "fiyat_3_ay_tl": null,
        "puan": 4.67,
        "yorum": 15,
        "url": "https://www.airbnb.com.tr/rooms/1186712845206034510"
      }
    },
    {
      "type": "Feature",
      "geometry": {
        "type": "Point",
        "coordinates": [
          29.0305,
          40.9923
        ]
      },
      "properties": {
        "katman": "AIRBNB_ILANI",
        "id": "1677527038715510156",
        "ad": "Otel - İstanbul",
        "alt_tur": "Daire / Ev",
        "fiyat_tl": 3625,
        "fiyat_1_gun_tl": 3750,
        "fiyat_1_hafta_tl": 3500,
        "fiyat_1_ay_tl": 4250,
        "fiyat_3_ay_tl": 3500,
        "puan": 4.91,
        "yorum": 111,
        "url": "https://www.airbnb.com.tr/rooms/1677527038715510156"
      }
    },
    {
      "type": "Feature",
      "geometry": {
        "type": "Point",
        "coordinates": [
          28.97546,
          41.03688
        ]
      },
      "properties": {
        "katman": "AIRBNB_ILANI",
        "id": "1545780604483907267",
        "ad": "Daire - İstanbul",
        "alt_tur": "Daire",
        "fiyat_tl": 2676,
        "fiyat_1_gun_tl": 2676,
        "fiyat_1_hafta_tl": null,
        "fiyat_1_ay_tl": null,
        "fiyat_3_ay_tl": null,
        "puan": 4.85,
        "yorum": 47,
        "url": "https://www.airbnb.com.tr/rooms/1545780604483907267"
      }
    },
    {
      "type": "Feature",
      "geometry": {
        "type": "Point",
        "coordinates": [
          29.0152,
          41.0207
        ]
      },
      "properties": {
        "katman": "AIRBNB_ILANI",
        "id": "883460454778461370",
        "ad": "Daire - Üsküdar",
        "alt_tur": "Daire",
        "fiyat_tl": 4737,
        "fiyat_1_gun_tl": 4737,
        "fiyat_1_hafta_tl": null,
        "fiyat_1_ay_tl": null,
        "fiyat_3_ay_tl": null,
        "puan": 4.54,
        "yorum": 39,
        "url": "https://www.airbnb.com.tr/rooms/883460454778461370"
      }
    },
    {
      "type": "Feature",
      "geometry": {
        "type": "Point",
        "coordinates": [
          28.9717,
          41.0319
        ]
      },
      "properties": {
        "katman": "AIRBNB_ILANI",
        "id": "1407191190105920495",
        "ad": "Daire - İstanbul",
        "alt_tur": "Daire",
        "fiyat_tl": 2530,
        "fiyat_1_gun_tl": 2530,
        "fiyat_1_hafta_tl": null,
        "fiyat_1_ay_tl": null,
        "fiyat_3_ay_tl": null,
        "puan": 4.9,
        "yorum": 63,
        "url": "https://www.airbnb.com.tr/rooms/1407191190105920495"
      }
    },
    {
      "type": "Feature",
      "geometry": {
        "type": "Point",
        "coordinates": [
          29.0181,
          41.02474
        ]
      },
      "properties": {
        "katman": "AIRBNB_ILANI",
        "id": "1774127214722008942",
        "ad": "Daire - Üsküdar",
        "alt_tur": "Daire",
        "fiyat_tl": 6118,
        "fiyat_1_gun_tl": 6118,
        "fiyat_1_hafta_tl": null,
        "fiyat_1_ay_tl": null,
        "fiyat_3_ay_tl": null,
        "puan": null,
        "yorum": 0,
        "url": "https://www.airbnb.com.tr/rooms/1774127214722008942"
      }
    },
    {
      "type": "Feature",
      "geometry": {
        "type": "Point",
        "coordinates": [
          29.0152,
          41.0207
        ]
      },
      "properties": {
        "katman": "AIRBNB_ILANI",
        "id": "1186837830776522481",
        "ad": "Daire - Üsküdar",
        "alt_tur": "Daire",
        "fiyat_tl": 3553,
        "fiyat_1_gun_tl": 3553,
        "fiyat_1_hafta_tl": null,
        "fiyat_1_ay_tl": null,
        "fiyat_3_ay_tl": null,
        "puan": 3.89,
        "yorum": 9,
        "url": "https://www.airbnb.com.tr/rooms/1186837830776522481"
      }
    },
    {
      "type": "Feature",
      "geometry": {
        "type": "Point",
        "coordinates": [
          29.0215,
          41.0572
        ]
      },
      "properties": {
        "katman": "AIRBNB_ILANI",
        "id": "1579701904069060155",
        "ad": "İstanbul bölgesinde oda",
        "alt_tur": "Özel Oda",
        "fiyat_tl": 3100,
        "fiyat_1_gun_tl": 3100,
        "fiyat_1_hafta_tl": null,
        "fiyat_1_ay_tl": null,
        "fiyat_3_ay_tl": null,
        "puan": 4.89,
        "yorum": 38,
        "url": "https://www.airbnb.com.tr/rooms/1579701904069060155"
      }
    },
    {
      "type": "Feature",
      "geometry": {
        "type": "Point",
        "coordinates": [
          29.0152,
          41.0207
        ]
      },
      "properties": {
        "katman": "AIRBNB_ILANI",
        "id": "1168486961963219709",
        "ad": "Daire - Üsküdar",
        "alt_tur": "Daire",
        "fiyat_tl": 4737,
        "fiyat_1_gun_tl": 4737,
        "fiyat_1_hafta_tl": null,
        "fiyat_1_ay_tl": null,
        "fiyat_3_ay_tl": null,
        "puan": 4.8,
        "yorum": 5,
        "url": "https://www.airbnb.com.tr/rooms/1168486961963219709"
      }
    },
    {
      "type": "Feature",
      "geometry": {
        "type": "Point",
        "coordinates": [
          28.9826,
          41.0326
        ]
      },
      "properties": {
        "katman": "AIRBNB_ILANI",
        "id": "1761769066343661269",
        "ad": "Ev - İstanbul",
        "alt_tur": "Daire / Ev",
        "fiyat_tl": 7300,
        "fiyat_1_gun_tl": 7300,
        "fiyat_1_hafta_tl": null,
        "fiyat_1_ay_tl": null,
        "fiyat_3_ay_tl": 6500,
        "puan": null,
        "yorum": 0,
        "url": "https://www.airbnb.com.tr/rooms/1761769066343661269"
      }
    },
    {
      "type": "Feature",
      "geometry": {
        "type": "Point",
        "coordinates": [
          29.02162,
          40.98874
        ]
      },
      "properties": {
        "katman": "AIRBNB_ILANI",
        "id": "993238924760026492",
        "ad": "Daire - İstanbul",
        "alt_tur": "Özel Oda",
        "fiyat_tl": 9244,
        "fiyat_1_gun_tl": 9244,
        "fiyat_1_hafta_tl": null,
        "fiyat_1_ay_tl": null,
        "fiyat_3_ay_tl": null,
        "puan": 4.93,
        "yorum": 110,
        "url": "https://www.airbnb.com.tr/rooms/993238924760026492"
      }
    },
    {
      "type": "Feature",
      "geometry": {
        "type": "Point",
        "coordinates": [
          29.02782,
          40.99407
        ]
      },
      "properties": {
        "katman": "AIRBNB_ILANI",
        "id": "1213812394557076150",
        "ad": "Daire - İstanbul",
        "alt_tur": "Özel Oda",
        "fiyat_tl": 2360,
        "fiyat_1_gun_tl": null,
        "fiyat_1_hafta_tl": 2360,
        "fiyat_1_ay_tl": null,
        "fiyat_3_ay_tl": null,
        "puan": 4.66,
        "yorum": 61,
        "url": "https://www.airbnb.com.tr/rooms/1213812394557076150"
      }
    },
    {
      "type": "Feature",
      "geometry": {
        "type": "Point",
        "coordinates": [
          28.97735,
          41.0371
        ]
      },
      "properties": {
        "katman": "AIRBNB_ILANI",
        "id": "879739325628150319",
        "ad": "Daire - İstanbul",
        "alt_tur": "Daire",
        "fiyat_tl": 2818,
        "fiyat_1_gun_tl": null,
        "fiyat_1_hafta_tl": 2818,
        "fiyat_1_ay_tl": null,
        "fiyat_3_ay_tl": null,
        "puan": 4.83,
        "yorum": 194,
        "url": "https://www.airbnb.com.tr/rooms/879739325628150319"
      }
    },
    {
      "type": "Feature",
      "geometry": {
        "type": "Point",
        "coordinates": [
          28.9803,
          41.039
        ]
      },
      "properties": {
        "katman": "AIRBNB_ILANI",
        "id": "1437193765292254398",
        "ad": "Daire - İstanbul",
        "alt_tur": "Daire",
        "fiyat_tl": 3357,
        "fiyat_1_gun_tl": null,
        "fiyat_1_hafta_tl": 3357,
        "fiyat_1_ay_tl": null,
        "fiyat_3_ay_tl": null,
        "puan": 4.73,
        "yorum": 71,
        "url": "https://www.airbnb.com.tr/rooms/1437193765292254398"
      }
    },
    {
      "type": "Feature",
      "geometry": {
        "type": "Point",
        "coordinates": [
          29.0152,
          41.0207
        ]
      },
      "properties": {
        "katman": "AIRBNB_ILANI",
        "id": "896393536889369024",
        "ad": "Daire - Üsküdar",
        "alt_tur": "Daire",
        "fiyat_tl": 2660,
        "fiyat_1_gun_tl": null,
        "fiyat_1_hafta_tl": 2800,
        "fiyat_1_ay_tl": 2520,
        "fiyat_3_ay_tl": null,
        "puan": 4.53,
        "yorum": 38,
        "url": "https://www.airbnb.com.tr/rooms/896393536889369024"
      }
    },
    {
      "type": "Feature",
      "geometry": {
        "type": "Point",
        "coordinates": [
          29.0283,
          40.9923
        ]
      },
      "properties": {
        "katman": "AIRBNB_ILANI",
        "id": "1760386631034890044",
        "ad": "Daire - İstanbul",
        "alt_tur": "Daire",
        "fiyat_tl": 2975,
        "fiyat_1_gun_tl": null,
        "fiyat_1_hafta_tl": 2975,
        "fiyat_1_ay_tl": null,
        "fiyat_3_ay_tl": null,
        "puan": 5.0,
        "yorum": 3,
        "url": "https://www.airbnb.com.tr/rooms/1760386631034890044"
      }
    },
    {
      "type": "Feature",
      "geometry": {
        "type": "Point",
        "coordinates": [
          29.02486,
          40.99512
        ]
      },
      "properties": {
        "katman": "AIRBNB_ILANI",
        "id": "905644234516061542",
        "ad": "Daire - İstanbul",
        "alt_tur": "Daire",
        "fiyat_tl": 3649,
        "fiyat_1_gun_tl": null,
        "fiyat_1_hafta_tl": 3649,
        "fiyat_1_ay_tl": null,
        "fiyat_3_ay_tl": null,
        "puan": 4.96,
        "yorum": 71,
        "url": "https://www.airbnb.com.tr/rooms/905644234516061542"
      }
    },
    {
      "type": "Feature",
      "geometry": {
        "type": "Point",
        "coordinates": [
          29.02784,
          40.99252
        ]
      },
      "properties": {
        "katman": "AIRBNB_ILANI",
        "id": "775718212939196125",
        "ad": "Daire - İstanbul",
        "alt_tur": "Daire",
        "fiyat_tl": 2300,
        "fiyat_1_gun_tl": null,
        "fiyat_1_hafta_tl": 2300,
        "fiyat_1_ay_tl": 2500,
        "fiyat_3_ay_tl": null,
        "puan": 4.69,
        "yorum": 357,
        "url": "https://www.airbnb.com.tr/rooms/775718212939196125"
      }
    },
    {
      "type": "Feature",
      "geometry": {
        "type": "Point",
        "coordinates": [
          29.012,
          41.017
        ]
      },
      "properties": {
        "katman": "AIRBNB_ILANI",
        "id": "30076067",
        "ad": "Üsküdar bölgesinde konaklama yeri",
        "alt_tur": "Daire / Ev",
        "fiyat_tl": 2358,
        "fiyat_1_gun_tl": null,
        "fiyat_1_hafta_tl": 2358,
        "fiyat_1_ay_tl": 2358,
        "fiyat_3_ay_tl": null,
        "puan": 5.0,
        "yorum": 33,
        "url": "https://www.airbnb.com.tr/rooms/30076067"
      }
    },
    {
      "type": "Feature",
      "geometry": {
        "type": "Point",
        "coordinates": [
          29.0242,
          41.05044
        ]
      },
      "properties": {
        "katman": "AIRBNB_ILANI",
        "id": "1290320833933125097",
        "ad": "Otel - İstanbul",
        "alt_tur": "Daire / Ev",
        "fiyat_tl": 3649,
        "fiyat_1_gun_tl": null,
        "fiyat_1_hafta_tl": 3649,
        "fiyat_1_ay_tl": null,
        "fiyat_3_ay_tl": null,
        "puan": 4.91,
        "yorum": 65,
        "url": "https://www.airbnb.com.tr/rooms/1290320833933125097"
      }
    },
    {
      "type": "Feature",
      "geometry": {
        "type": "Point",
        "coordinates": [
          28.9847,
          41.0349
        ]
      },
      "properties": {
        "katman": "AIRBNB_ILANI",
        "id": "1624741887193514358",
        "ad": "Daire - İstanbul",
        "alt_tur": "Daire",
        "fiyat_tl": 2600,
        "fiyat_1_gun_tl": null,
        "fiyat_1_hafta_tl": 2600,
        "fiyat_1_ay_tl": null,
        "fiyat_3_ay_tl": null,
        "puan": 4.83,
        "yorum": 18,
        "url": "https://www.airbnb.com.tr/rooms/1624741887193514358"
      }
    },
    {
      "type": "Feature",
      "geometry": {
        "type": "Point",
        "coordinates": [
          29.0272,
          40.9968
        ]
      },
      "properties": {
        "katman": "AIRBNB_ILANI",
        "id": "1263619858068019496",
        "ad": "Daire - İstanbul",
        "alt_tur": "Daire",
        "fiyat_tl": 2500,
        "fiyat_1_gun_tl": null,
        "fiyat_1_hafta_tl": 2500,
        "fiyat_1_ay_tl": null,
        "fiyat_3_ay_tl": null,
        "puan": 4.78,
        "yorum": 160,
        "url": "https://www.airbnb.com.tr/rooms/1263619858068019496"
      }
    },
    {
      "type": "Feature",
      "geometry": {
        "type": "Point",
        "coordinates": [
          29.00417,
          41.04495
        ]
      },
      "properties": {
        "katman": "AIRBNB_ILANI",
        "id": "1520546014000209789",
        "ad": "Daire - İstanbul",
        "alt_tur": "Daire",
        "fiyat_tl": 5786,
        "fiyat_1_gun_tl": null,
        "fiyat_1_hafta_tl": 5786,
        "fiyat_1_ay_tl": null,
        "fiyat_3_ay_tl": null,
        "puan": 4.93,
        "yorum": 72,
        "url": "https://www.airbnb.com.tr/rooms/1520546014000209789"
      }
    },
    {
      "type": "Feature",
      "geometry": {
        "type": "Point",
        "coordinates": [
          29.02728,
          40.99798
        ]
      },
      "properties": {
        "katman": "AIRBNB_ILANI",
        "id": "1544976550642760778",
        "ad": "Daire - İstanbul",
        "alt_tur": "Daire",
        "fiyat_tl": 1749,
        "fiyat_1_gun_tl": null,
        "fiyat_1_hafta_tl": 1749,
        "fiyat_1_ay_tl": null,
        "fiyat_3_ay_tl": null,
        "puan": 4.53,
        "yorum": 62,
        "url": "https://www.airbnb.com.tr/rooms/1544976550642760778"
      }
    },
    {
      "type": "Feature",
      "geometry": {
        "type": "Point",
        "coordinates": [
          28.9812,
          41.0058
        ]
      },
      "properties": {
        "katman": "AIRBNB_ILANI",
        "id": "12143410",
        "ad": "İstanbul bölgesinde oda",
        "alt_tur": "Özel Oda",
        "fiyat_tl": 3839,
        "fiyat_1_gun_tl": null,
        "fiyat_1_hafta_tl": 3839,
        "fiyat_1_ay_tl": null,
        "fiyat_3_ay_tl": null,
        "puan": 4.89,
        "yorum": 214,
        "url": "https://www.airbnb.com.tr/rooms/12143410"
      }
    },
    {
      "type": "Feature",
      "geometry": {
        "type": "Point",
        "coordinates": [
          29.01491,
          41.02337
        ]
      },
      "properties": {
        "katman": "AIRBNB_ILANI",
        "id": "1539914071940867624",
        "ad": "Daire - Üsküdar, İstanbul, Turkiye",
        "alt_tur": "Özel Oda",
        "fiyat_tl": 4622,
        "fiyat_1_gun_tl": null,
        "fiyat_1_hafta_tl": null,
        "fiyat_1_ay_tl": 4622,
        "fiyat_3_ay_tl": null,
        "puan": 5.0,
        "yorum": 6,
        "url": "https://www.airbnb.com.tr/rooms/1539914071940867624"
      }
    },
    {
      "type": "Feature",
      "geometry": {
        "type": "Point",
        "coordinates": [
          29.00897,
          41.02248
        ]
      },
      "properties": {
        "katman": "AIRBNB_ILANI",
        "id": "1644838555106966388",
        "ad": "Daire - Üsküdar",
        "alt_tur": "Daire",
        "fiyat_tl": 7297,
        "fiyat_1_gun_tl": null,
        "fiyat_1_hafta_tl": null,
        "fiyat_1_ay_tl": 7297,
        "fiyat_3_ay_tl": null,
        "puan": 4.9,
        "yorum": 10,
        "url": "https://www.airbnb.com.tr/rooms/1644838555106966388"
      }
    },
    {
      "type": "Feature",
      "geometry": {
        "type": "Point",
        "coordinates": [
          29.0287,
          41.0237
        ]
      },
      "properties": {
        "katman": "AIRBNB_ILANI",
        "id": "1289085935065395024",
        "ad": "Daire - Üsküdar",
        "alt_tur": "Daire",
        "fiyat_tl": 3878,
        "fiyat_1_gun_tl": null,
        "fiyat_1_hafta_tl": null,
        "fiyat_1_ay_tl": 3878,
        "fiyat_3_ay_tl": null,
        "puan": 4.94,
        "yorum": 49,
        "url": "https://www.airbnb.com.tr/rooms/1289085935065395024"
      }
    },
    {
      "type": "Feature",
      "geometry": {
        "type": "Point",
        "coordinates": [
          28.9803,
          41.039
        ]
      },
      "properties": {
        "katman": "AIRBNB_ILANI",
        "id": "1436494893616892369",
        "ad": "Daire - İstanbul",
        "alt_tur": "Daire",
        "fiyat_tl": 3357,
        "fiyat_1_gun_tl": null,
        "fiyat_1_hafta_tl": null,
        "fiyat_1_ay_tl": 3357,
        "fiyat_3_ay_tl": null,
        "puan": 4.73,
        "yorum": 66,
        "url": "https://www.airbnb.com.tr/rooms/1436494893616892369"
      }
    },
    {
      "type": "Feature",
      "geometry": {
        "type": "Point",
        "coordinates": [
          29.00874,
          41.02409
        ]
      },
      "properties": {
        "katman": "AIRBNB_ILANI",
        "id": "39314973",
        "ad": "Daire - Üsküdar",
        "alt_tur": "Daire",
        "fiyat_tl": 11086,
        "fiyat_1_gun_tl": null,
        "fiyat_1_hafta_tl": null,
        "fiyat_1_ay_tl": 11086,
        "fiyat_3_ay_tl": null,
        "puan": 4.6,
        "yorum": 97,
        "url": "https://www.airbnb.com.tr/rooms/39314973"
      }
    },
    {
      "type": "Feature",
      "geometry": {
        "type": "Point",
        "coordinates": [
          29.02973,
          41.03571
        ]
      },
      "properties": {
        "katman": "AIRBNB_ILANI",
        "id": "1572572632600727146",
        "ad": "Daire - Üsküdar",
        "alt_tur": "Özel Oda",
        "fiyat_tl": 10385,
        "fiyat_1_gun_tl": null,
        "fiyat_1_hafta_tl": null,
        "fiyat_1_ay_tl": 10385,
        "fiyat_3_ay_tl": null,
        "puan": 4.81,
        "yorum": 26,
        "url": "https://www.airbnb.com.tr/rooms/1572572632600727146"
      }
    },
    {
      "type": "Feature",
      "geometry": {
        "type": "Point",
        "coordinates": [
          29.0152,
          41.0207
        ]
      },
      "properties": {
        "katman": "AIRBNB_ILANI",
        "id": "1297024476985429371",
        "ad": "Daire - Üsküdar",
        "alt_tur": "Daire",
        "fiyat_tl": 4100,
        "fiyat_1_gun_tl": null,
        "fiyat_1_hafta_tl": null,
        "fiyat_1_ay_tl": 4100,
        "fiyat_3_ay_tl": null,
        "puan": 4.5,
        "yorum": 6,
        "url": "https://www.airbnb.com.tr/rooms/1297024476985429371"
      }
    },
    {
      "type": "Feature",
      "geometry": {
        "type": "Point",
        "coordinates": [
          28.9825,
          41.0325
        ]
      },
      "properties": {
        "katman": "AIRBNB_ILANI",
        "id": "1045413530542671833",
        "ad": "Daire - İstanbul",
        "alt_tur": "Daire",
        "fiyat_tl": 3355,
        "fiyat_1_gun_tl": null,
        "fiyat_1_hafta_tl": null,
        "fiyat_1_ay_tl": 3355,
        "fiyat_3_ay_tl": null,
        "puan": 4.79,
        "yorum": 147,
        "url": "https://www.airbnb.com.tr/rooms/1045413530542671833"
      }
    },
    {
      "type": "Feature",
      "geometry": {
        "type": "Point",
        "coordinates": [
          29.09529,
          40.87628
        ]
      },
      "properties": {
        "katman": "AIRBNB_ILANI",
        "id": "35534459",
        "ad": "Ev - Adalar",
        "alt_tur": "Daire / Ev",
        "fiyat_tl": 4250,
        "fiyat_1_gun_tl": null,
        "fiyat_1_hafta_tl": 4500,
        "fiyat_1_ay_tl": null,
        "fiyat_3_ay_tl": 4000,
        "puan": 4.97,
        "yorum": 316,
        "url": "https://www.airbnb.com.tr/rooms/35534459"
      }
    },
    {
      "type": "Feature",
      "geometry": {
        "type": "Point",
        "coordinates": [
          29.1301,
          40.8702
        ]
      },
      "properties": {
        "katman": "AIRBNB_ILANI",
        "id": "1420206141361888279",
        "ad": "Otel - Adalar",
        "alt_tur": "Özel Oda",
        "fiyat_tl": 7347,
        "fiyat_1_gun_tl": null,
        "fiyat_1_hafta_tl": 7152,
        "fiyat_1_ay_tl": 7736,
        "fiyat_3_ay_tl": 7152,
        "puan": 5.0,
        "yorum": 25,
        "url": "https://www.airbnb.com.tr/rooms/1420206141361888279"
      }
    },
    {
      "type": "Feature",
      "geometry": {
        "type": "Point",
        "coordinates": [
          29.12866,
          40.8727
        ]
      },
      "properties": {
        "katman": "AIRBNB_ILANI",
        "id": "987344568538229165",
        "ad": "Daire - Adalar",
        "alt_tur": "Daire",
        "fiyat_tl": 5333,
        "fiyat_1_gun_tl": null,
        "fiyat_1_hafta_tl": 5333,
        "fiyat_1_ay_tl": null,
        "fiyat_3_ay_tl": null,
        "puan": 4.62,
        "yorum": 111,
        "url": "https://www.airbnb.com.tr/rooms/987344568538229165"
      }
    },
    {
      "type": "Feature",
      "geometry": {
        "type": "Point",
        "coordinates": [
          29.12343,
          40.86553
        ]
      },
      "properties": {
        "katman": "AIRBNB_ILANI",
        "id": "8715436",
        "ad": "Daire - Büyükada",
        "alt_tur": "Daire",
        "fiyat_tl": 11301,
        "fiyat_1_gun_tl": null,
        "fiyat_1_hafta_tl": 11956,
        "fiyat_1_ay_tl": 11956,
        "fiyat_3_ay_tl": 9992,
        "puan": 4.98,
        "yorum": 320,
        "url": "https://www.airbnb.com.tr/rooms/8715436"
      }
    },
    {
      "type": "Feature",
      "geometry": {
        "type": "Point",
        "coordinates": [
          29.12812,
          40.87413
        ]
      },
      "properties": {
        "katman": "AIRBNB_ILANI",
        "id": "584440859527914384",
        "ad": "Butik otel - Adalar",
        "alt_tur": "Özel Oda",
        "fiyat_tl": 3500,
        "fiyat_1_gun_tl": null,
        "fiyat_1_hafta_tl": 3500,
        "fiyat_1_ay_tl": null,
        "fiyat_3_ay_tl": null,
        "puan": 4.6,
        "yorum": 42,
        "url": "https://www.airbnb.com.tr/rooms/584440859527914384"
      }
    },
    {
      "type": "Feature",
      "geometry": {
        "type": "Point",
        "coordinates": [
          29.11798,
          40.86779
        ]
      },
      "properties": {
        "katman": "AIRBNB_ILANI",
        "id": "551828892898499255",
        "ad": "Villa - Adalar",
        "alt_tur": "Müstakil Villa",
        "fiyat_tl": 10206,
        "fiyat_1_gun_tl": null,
        "fiyat_1_hafta_tl": 10206,
        "fiyat_1_ay_tl": 10206,
        "fiyat_3_ay_tl": 10206,
        "puan": 4.8,
        "yorum": 289,
        "url": "https://www.airbnb.com.tr/rooms/551828892898499255"
      }
    },
    {
      "type": "Feature",
      "geometry": {
        "type": "Point",
        "coordinates": [
          29.1291,
          40.8731
        ]
      },
      "properties": {
        "katman": "AIRBNB_ILANI",
        "id": "1057686692482410181",
        "ad": "Otel - Adalar",
        "alt_tur": "Özel Oda",
        "fiyat_tl": 3852,
        "fiyat_1_gun_tl": null,
        "fiyat_1_hafta_tl": 4320,
        "fiyat_1_ay_tl": null,
        "fiyat_3_ay_tl": 3385,
        "puan": 4.72,
        "yorum": 61,
        "url": "https://www.airbnb.com.tr/rooms/1057686692482410181"
      }
    },
    {
      "type": "Feature",
      "geometry": {
        "type": "Point",
        "coordinates": [
          29.13078,
          40.87374
        ]
      },
      "properties": {
        "katman": "AIRBNB_ILANI",
        "id": "977945204022046751",
        "ad": "Daire - Adalar",
        "alt_tur": "Daire",
        "fiyat_tl": 7176,
        "fiyat_1_gun_tl": null,
        "fiyat_1_hafta_tl": 7176,
        "fiyat_1_ay_tl": 7176,
        "fiyat_3_ay_tl": null,
        "puan": 5.0,
        "yorum": 29,
        "url": "https://www.airbnb.com.tr/rooms/977945204022046751"
      }
    },
    {
      "type": "Feature",
      "geometry": {
        "type": "Point",
        "coordinates": [
          29.0961,
          40.8785
        ]
      },
      "properties": {
        "katman": "AIRBNB_ILANI",
        "id": "1470866746029522774",
        "ad": "Ev - Adalar",
        "alt_tur": "Daire / Ev",
        "fiyat_tl": 10488,
        "fiyat_1_gun_tl": null,
        "fiyat_1_hafta_tl": 9200,
        "fiyat_1_ay_tl": 11606,
        "fiyat_3_ay_tl": 10658,
        "puan": 5.0,
        "yorum": 39,
        "url": "https://www.airbnb.com.tr/rooms/1470866746029522774"
      }
    },
    {
      "type": "Feature",
      "geometry": {
        "type": "Point",
        "coordinates": [
          29.0982,
          40.8772
        ]
      },
      "properties": {
        "katman": "AIRBNB_ILANI",
        "id": "1621062989017287691",
        "ad": "Daire - Adalar",
        "alt_tur": "Daire",
        "fiyat_tl": 8466,
        "fiyat_1_gun_tl": null,
        "fiyat_1_hafta_tl": 8903,
        "fiyat_1_ay_tl": 8028,
        "fiyat_3_ay_tl": null,
        "puan": 4.86,
        "yorum": 36,
        "url": "https://www.airbnb.com.tr/rooms/1621062989017287691"
      }
    },
    {
      "type": "Feature",
      "geometry": {
        "type": "Point",
        "coordinates": [
          29.09512,
          40.87559
        ]
      },
      "properties": {
        "katman": "AIRBNB_ILANI",
        "id": "35727547",
        "ad": "Ev - Adalar",
        "alt_tur": "Daire / Ev",
        "fiyat_tl": 6400,
        "fiyat_1_gun_tl": null,
        "fiyat_1_hafta_tl": 6400,
        "fiyat_1_ay_tl": 6400,
        "fiyat_3_ay_tl": 6400,
        "puan": 4.94,
        "yorum": 206,
        "url": "https://www.airbnb.com.tr/rooms/35727547"
      }
    },
    {
      "type": "Feature",
      "geometry": {
        "type": "Point",
        "coordinates": [
          29.12851,
          40.87411
        ]
      },
      "properties": {
        "katman": "AIRBNB_ILANI",
        "id": "4044301",
        "ad": "Daire - Büyükada",
        "alt_tur": "Daire",
        "fiyat_tl": 6624,
        "fiyat_1_gun_tl": null,
        "fiyat_1_hafta_tl": 6624,
        "fiyat_1_ay_tl": null,
        "fiyat_3_ay_tl": null,
        "puan": 4.89,
        "yorum": 45,
        "url": "https://www.airbnb.com.tr/rooms/4044301"
      }
    },
    {
      "type": "Feature",
      "geometry": {
        "type": "Point",
        "coordinates": [
          29.127204768682617,
          40.86525008530339
        ]
      },
      "properties": {
        "katman": "AIRBNB_ILANI",
        "id": "4034893",
        "ad": "Villa - Büyükada",
        "alt_tur": "Müstakil Villa",
        "fiyat_tl": 13921,
        "fiyat_1_gun_tl": null,
        "fiyat_1_hafta_tl": 11311,
        "fiyat_1_ay_tl": 16531,
        "fiyat_3_ay_tl": null,
        "puan": 4.54,
        "yorum": 93,
        "url": "https://www.airbnb.com.tr/rooms/4034893"
      }
    },
    {
      "type": "Feature",
      "geometry": {
        "type": "Point",
        "coordinates": [
          29.12704,
          40.86513
        ]
      },
      "properties": {
        "katman": "AIRBNB_ILANI",
        "id": "7531650",
        "ad": "Daire - Büyükada",
        "alt_tur": "Özel Oda",
        "fiyat_tl": 9374,
        "fiyat_1_gun_tl": null,
        "fiyat_1_hafta_tl": 9374,
        "fiyat_1_ay_tl": null,
        "fiyat_3_ay_tl": null,
        "puan": 4.8,
        "yorum": 113,
        "url": "https://www.airbnb.com.tr/rooms/7531650"
      }
    },
    {
      "type": "Feature",
      "geometry": {
        "type": "Point",
        "coordinates": [
          29.12873,
          40.87403
        ]
      },
      "properties": {
        "katman": "AIRBNB_ILANI",
        "id": "4044582",
        "ad": "Daire - Büyükada",
        "alt_tur": "Daire",
        "fiyat_tl": 6708,
        "fiyat_1_gun_tl": null,
        "fiyat_1_hafta_tl": 6708,
        "fiyat_1_ay_tl": null,
        "fiyat_3_ay_tl": null,
        "puan": 4.83,
        "yorum": 72,
        "url": "https://www.airbnb.com.tr/rooms/4044582"
      }
    },
    {
      "type": "Feature",
      "geometry": {
        "type": "Point",
        "coordinates": [
          29.13260353057673,
          40.873331598051294
        ]
      },
      "properties": {
        "katman": "AIRBNB_ILANI",
        "id": "648205508375237249",
        "ad": "Butik otel - Adalar ",
        "alt_tur": "Özel Oda",
        "fiyat_tl": 7500,
        "fiyat_1_gun_tl": null,
        "fiyat_1_hafta_tl": 7500,
        "fiyat_1_ay_tl": null,
        "fiyat_3_ay_tl": null,
        "puan": 4.85,
        "yorum": 61,
        "url": "https://www.airbnb.com.tr/rooms/648205508375237249"
      }
    },
    {
      "type": "Feature",
      "geometry": {
        "type": "Point",
        "coordinates": [
          29.12728954589303,
          40.86568401745756
        ]
      },
      "properties": {
        "katman": "AIRBNB_ILANI",
        "id": "4042600",
        "ad": "Daire - Büyükada",
        "alt_tur": "Daire",
        "fiyat_tl": 10680,
        "fiyat_1_gun_tl": null,
        "fiyat_1_hafta_tl": 8813,
        "fiyat_1_ay_tl": 12546,
        "fiyat_3_ay_tl": null,
        "puan": 4.68,
        "yorum": 73,
        "url": "https://www.airbnb.com.tr/rooms/4042600"
      }
    },
    {
      "type": "Feature",
      "geometry": {
        "type": "Point",
        "coordinates": [
          29.1259,
          40.8731
        ]
      },
      "properties": {
        "katman": "AIRBNB_ILANI",
        "id": "838387268606299909",
        "ad": "Daire - Adalar",
        "alt_tur": "Daire",
        "fiyat_tl": 14401,
        "fiyat_1_gun_tl": null,
        "fiyat_1_hafta_tl": 13282,
        "fiyat_1_ay_tl": 15520,
        "fiyat_3_ay_tl": null,
        "puan": 4.91,
        "yorum": 67,
        "url": "https://www.airbnb.com.tr/rooms/838387268606299909"
      }
    },
    {
      "type": "Feature",
      "geometry": {
        "type": "Point",
        "coordinates": [
          29.12928,
          40.87209
        ]
      },
      "properties": {
        "katman": "AIRBNB_ILANI",
        "id": "1502924377346480931",
        "ad": "Daire - Adalar",
        "alt_tur": "Özel Oda",
        "fiyat_tl": 17415,
        "fiyat_1_gun_tl": null,
        "fiyat_1_hafta_tl": null,
        "fiyat_1_ay_tl": 18243,
        "fiyat_3_ay_tl": 16587,
        "puan": 4.89,
        "yorum": 19,
        "url": "https://www.airbnb.com.tr/rooms/1502924377346480931"
      }
    },
    {
      "type": "Feature",
      "geometry": {
        "type": "Point",
        "coordinates": [
          29.13758,
          40.86952
        ]
      },
      "properties": {
        "katman": "AIRBNB_ILANI",
        "id": "3301481",
        "ad": "Ev - Adalar",
        "alt_tur": "Daire / Ev",
        "fiyat_tl": 17028,
        "fiyat_1_gun_tl": null,
        "fiyat_1_hafta_tl": null,
        "fiyat_1_ay_tl": 19461,
        "fiyat_3_ay_tl": 14596,
        "puan": 4.78,
        "yorum": 74,
        "url": "https://www.airbnb.com.tr/rooms/3301481"
      }
    },
    {
      "type": "Feature",
      "geometry": {
        "type": "Point",
        "coordinates": [
          29.1306,
          40.8703
        ]
      },
      "properties": {
        "katman": "AIRBNB_ILANI",
        "id": "51171781",
        "ad": "Ev - Adalar",
        "alt_tur": "Daire / Ev",
        "fiyat_tl": 5894,
        "fiyat_1_gun_tl": null,
        "fiyat_1_hafta_tl": null,
        "fiyat_1_ay_tl": 5894,
        "fiyat_3_ay_tl": null,
        "puan": 4.92,
        "yorum": 88,
        "url": "https://www.airbnb.com.tr/rooms/51171781"
      }
    },
    {
      "type": "Feature",
      "geometry": {
        "type": "Point",
        "coordinates": [
          29.055278286305374,
          40.91154319148144
        ]
      },
      "properties": {
        "katman": "AIRBNB_ILANI",
        "id": "1260113907456305917",
        "ad": "Daire - Kınalıada",
        "alt_tur": "Daire",
        "fiyat_tl": 6500,
        "fiyat_1_gun_tl": null,
        "fiyat_1_hafta_tl": null,
        "fiyat_1_ay_tl": 6500,
        "fiyat_3_ay_tl": null,
        "puan": 5.0,
        "yorum": 67,
        "url": "https://www.airbnb.com.tr/rooms/1260113907456305917"
      }
    },
    {
      "type": "Feature",
      "geometry": {
        "type": "Point",
        "coordinates": [
          29.12785,
          40.87265
        ]
      },
      "properties": {
        "katman": "AIRBNB_ILANI",
        "id": "979646474293838095",
        "ad": "Daire - Adalar",
        "alt_tur": "Daire",
        "fiyat_tl": 7368,
        "fiyat_1_gun_tl": null,
        "fiyat_1_hafta_tl": null,
        "fiyat_1_ay_tl": 7634,
        "fiyat_3_ay_tl": 7101,
        "puan": 4.75,
        "yorum": 115,
        "url": "https://www.airbnb.com.tr/rooms/979646474293838095"
      }
    },
    {
      "type": "Feature",
      "geometry": {
        "type": "Point",
        "coordinates": [
          29.12571,
          40.87373
        ]
      },
      "properties": {
        "katman": "AIRBNB_ILANI",
        "id": "838387276067870877",
        "ad": "Daire - Adalar",
        "alt_tur": "Daire",
        "fiyat_tl": 14401,
        "fiyat_1_gun_tl": null,
        "fiyat_1_hafta_tl": null,
        "fiyat_1_ay_tl": 14401,
        "fiyat_3_ay_tl": null,
        "puan": 4.9,
        "yorum": 73,
        "url": "https://www.airbnb.com.tr/rooms/838387276067870877"
      }
    },
    {
      "type": "Feature",
      "geometry": {
        "type": "Point",
        "coordinates": [
          29.128636614172326,
          40.87109128218163
        ]
      },
      "properties": {
        "katman": "AIRBNB_ILANI",
        "id": "1457977212591156421",
        "ad": "Daire - Adalar",
        "alt_tur": "Daire",
        "fiyat_tl": 7846,
        "fiyat_1_gun_tl": null,
        "fiyat_1_hafta_tl": null,
        "fiyat_1_ay_tl": 8586,
        "fiyat_3_ay_tl": 7106,
        "puan": 4.76,
        "yorum": 58,
        "url": "https://www.airbnb.com.tr/rooms/1457977212591156421"
      }
    },
    {
      "type": "Feature",
      "geometry": {
        "type": "Point",
        "coordinates": [
          29.1302,
          40.8614
        ]
      },
      "properties": {
        "katman": "AIRBNB_ILANI",
        "id": "906640708235370913",
        "ad": "Ev - Adalar",
        "alt_tur": "Daire / Ev",
        "fiyat_tl": 9882,
        "fiyat_1_gun_tl": null,
        "fiyat_1_hafta_tl": null,
        "fiyat_1_ay_tl": 9882,
        "fiyat_3_ay_tl": null,
        "puan": 4.55,
        "yorum": 60,
        "url": "https://www.airbnb.com.tr/rooms/906640708235370913"
      }
    },
    {
      "type": "Feature",
      "geometry": {
        "type": "Point",
        "coordinates": [
          29.09533365110249,
          40.87487228895398
        ]
      },
      "properties": {
        "katman": "AIRBNB_ILANI",
        "id": "1508830285963206450",
        "ad": "Ev - Adalar",
        "alt_tur": "Daire / Ev",
        "fiyat_tl": 5790,
        "fiyat_1_gun_tl": null,
        "fiyat_1_hafta_tl": null,
        "fiyat_1_ay_tl": null,
        "fiyat_3_ay_tl": 5790,
        "puan": 4.76,
        "yorum": 46,
        "url": "https://www.airbnb.com.tr/rooms/1508830285963206450"
      }
    },
    {
      "type": "Feature",
      "geometry": {
        "type": "Point",
        "coordinates": [
          29.09001,
          40.87219
        ]
      },
      "properties": {
        "katman": "AIRBNB_ILANI",
        "id": "607069272851808679",
        "ad": "Adalar bölgesinde odalar",
        "alt_tur": "Özel Oda",
        "fiyat_tl": 2296,
        "fiyat_1_gun_tl": null,
        "fiyat_1_hafta_tl": null,
        "fiyat_1_ay_tl": null,
        "fiyat_3_ay_tl": 2296,
        "puan": 4.9,
        "yorum": 166,
        "url": "https://www.airbnb.com.tr/rooms/607069272851808679"
      }
    },
    {
      "type": "Feature",
      "geometry": {
        "type": "Point",
        "coordinates": [
          29.1302,
          40.8752
        ]
      },
      "properties": {
        "katman": "AIRBNB_ILANI",
        "id": "944785284055094806",
        "ad": "Daire - Adalar",
        "alt_tur": "Daire",
        "fiyat_tl": 12285,
        "fiyat_1_gun_tl": null,
        "fiyat_1_hafta_tl": null,
        "fiyat_1_ay_tl": null,
        "fiyat_3_ay_tl": 12285,
        "puan": 4.98,
        "yorum": 57,
        "url": "https://www.airbnb.com.tr/rooms/944785284055094806"
      }
    },
    {
      "type": "Feature",
      "geometry": {
        "type": "Point",
        "coordinates": [
          29.11841,
          40.87063
        ]
      },
      "properties": {
        "katman": "AIRBNB_ILANI",
        "id": "23458427",
        "ad": "Adalar bölgesinde oda",
        "alt_tur": "Özel Oda",
        "fiyat_tl": 5288,
        "fiyat_1_gun_tl": null,
        "fiyat_1_hafta_tl": null,
        "fiyat_1_ay_tl": null,
        "fiyat_3_ay_tl": 5288,
        "puan": 4.82,
        "yorum": 65,
        "url": "https://www.airbnb.com.tr/rooms/23458427"
      }
    },
    {
      "type": "Feature",
      "geometry": {
        "type": "Point",
        "coordinates": [
          29.1305,
          40.8698
        ]
      },
      "properties": {
        "katman": "AIRBNB_ILANI",
        "id": "1027687653563413170",
        "ad": "Butik otel - Adalar",
        "alt_tur": "Daire / Ev",
        "fiyat_tl": 11579,
        "fiyat_1_gun_tl": null,
        "fiyat_1_hafta_tl": null,
        "fiyat_1_ay_tl": null,
        "fiyat_3_ay_tl": 11579,
        "puan": 4.92,
        "yorum": 150,
        "url": "https://www.airbnb.com.tr/rooms/1027687653563413170"
      }
    },
    {
      "type": "Feature",
      "geometry": {
        "type": "Point",
        "coordinates": [
          29.12844,
          40.86131
        ]
      },
      "properties": {
        "katman": "AIRBNB_ILANI",
        "id": "588927571781459237",
        "ad": "Villa - Adalar",
        "alt_tur": "Müstakil Villa",
        "fiyat_tl": 27550,
        "fiyat_1_gun_tl": null,
        "fiyat_1_hafta_tl": null,
        "fiyat_1_ay_tl": null,
        "fiyat_3_ay_tl": 27550,
        "puan": 4.92,
        "yorum": 52,
        "url": "https://www.airbnb.com.tr/rooms/588927571781459237"
      }
    },
    {
      "type": "Feature",
      "geometry": {
        "type": "Point",
        "coordinates": [
          29.1294,
          40.874
        ]
      },
      "properties": {
        "katman": "AIRBNB_ILANI",
        "id": "736326211374719354",
        "ad": "Otel - Adalar",
        "alt_tur": "Özel Oda",
        "fiyat_tl": 2050,
        "fiyat_1_gun_tl": null,
        "fiyat_1_hafta_tl": null,
        "fiyat_1_ay_tl": null,
        "fiyat_3_ay_tl": 2050,
        "puan": 3.55,
        "yorum": 11,
        "url": "https://www.airbnb.com.tr/rooms/736326211374719354"
      }
    },
    {
      "type": "Feature",
      "geometry": {
        "type": "Point",
        "coordinates": [
          29.1003,
          40.8771
        ]
      },
      "properties": {
        "katman": "AIRBNB_ILANI",
        "id": "1336179486544235364",
        "ad": "Otel - Adalar",
        "alt_tur": "Özel Oda",
        "fiyat_tl": 4046,
        "fiyat_1_gun_tl": null,
        "fiyat_1_hafta_tl": 3500,
        "fiyat_1_ay_tl": 4592,
        "fiyat_3_ay_tl": null,
        "puan": 4.73,
        "yorum": 80,
        "url": "https://www.airbnb.com.tr/rooms/1336179486544235364"
      }
    },
    {
      "type": "Feature",
      "geometry": {
        "type": "Point",
        "coordinates": [
          29.0945,
          40.875
        ]
      },
      "properties": {
        "katman": "AIRBNB_ILANI",
        "id": "1528185938191853707",
        "ad": "Misafir evi - Adalar",
        "alt_tur": "Özel Oda",
        "fiyat_tl": 3022,
        "fiyat_1_gun_tl": null,
        "fiyat_1_hafta_tl": 3022,
        "fiyat_1_ay_tl": null,
        "fiyat_3_ay_tl": null,
        "puan": 4.18,
        "yorum": 17,
        "url": "https://www.airbnb.com.tr/rooms/1528185938191853707"
      }
    },
    {
      "type": "Feature",
      "geometry": {
        "type": "Point",
        "coordinates": [
          29.09685,
          40.87577
        ]
      },
      "properties": {
        "katman": "AIRBNB_ILANI",
        "id": "947468060922760338",
        "ad": "Daire - Adalar",
        "alt_tur": "Daire",
        "fiyat_tl": 10000,
        "fiyat_1_gun_tl": null,
        "fiyat_1_hafta_tl": 10000,
        "fiyat_1_ay_tl": null,
        "fiyat_3_ay_tl": 10000,
        "puan": 4.96,
        "yorum": 111,
        "url": "https://www.airbnb.com.tr/rooms/947468060922760338"
      }
    },
    {
      "type": "Feature",
      "geometry": {
        "type": "Point",
        "coordinates": [
          29.0987,
          40.8768
        ]
      },
      "properties": {
        "katman": "AIRBNB_ILANI",
        "id": "1407906090536582846",
        "ad": "Daire - Adalar",
        "alt_tur": "Daire",
        "fiyat_tl": 7895,
        "fiyat_1_gun_tl": null,
        "fiyat_1_hafta_tl": 7698,
        "fiyat_1_ay_tl": 8290,
        "fiyat_3_ay_tl": 7698,
        "puan": 4.95,
        "yorum": 37,
        "url": "https://www.airbnb.com.tr/rooms/1407906090536582846"
      }
    },
    {
      "type": "Feature",
      "geometry": {
        "type": "Point",
        "coordinates": [
          29.0945,
          40.8751
        ]
      },
      "properties": {
        "katman": "AIRBNB_ILANI",
        "id": "1526011561942231664",
        "ad": "Misafir evi - Adalar",
        "alt_tur": "Özel Oda",
        "fiyat_tl": 4155,
        "fiyat_1_gun_tl": null,
        "fiyat_1_hafta_tl": 4155,
        "fiyat_1_ay_tl": null,
        "fiyat_3_ay_tl": null,
        "puan": 4.79,
        "yorum": 19,
        "url": "https://www.airbnb.com.tr/rooms/1526011561942231664"
      }
    },
    {
      "type": "Feature",
      "geometry": {
        "type": "Point",
        "coordinates": [
          29.0964,
          40.8754
        ]
      },
      "properties": {
        "katman": "AIRBNB_ILANI",
        "id": "901876285284938640",
        "ad": "Daire - Adalar",
        "alt_tur": "Daire",
        "fiyat_tl": 8323,
        "fiyat_1_gun_tl": null,
        "fiyat_1_hafta_tl": 8323,
        "fiyat_1_ay_tl": null,
        "fiyat_3_ay_tl": null,
        "puan": 4.9,
        "yorum": 51,
        "url": "https://www.airbnb.com.tr/rooms/901876285284938640"
      }
    },
    {
      "type": "Feature",
      "geometry": {
        "type": "Point",
        "coordinates": [
          29.11775,
          40.86341
        ]
      },
      "properties": {
        "katman": "AIRBNB_ILANI",
        "id": "944880520009513628",
        "ad": "Ev - Adalar",
        "alt_tur": "Daire / Ev",
        "fiyat_tl": 8774,
        "fiyat_1_gun_tl": null,
        "fiyat_1_hafta_tl": 8774,
        "fiyat_1_ay_tl": null,
        "fiyat_3_ay_tl": null,
        "puan": 4.61,
        "yorum": 140,
        "url": "https://www.airbnb.com.tr/rooms/944880520009513628"
      }
    },
    {
      "type": "Feature",
      "geometry": {
        "type": "Point",
        "coordinates": [
          29.09474099200706,
          40.87537018058039
        ]
      },
      "properties": {
        "katman": "AIRBNB_ILANI",
        "id": "1673889304579321545",
        "ad": "Adalar bölgesinde oda",
        "alt_tur": "Özel Oda",
        "fiyat_tl": 3772,
        "fiyat_1_gun_tl": null,
        "fiyat_1_hafta_tl": null,
        "fiyat_1_ay_tl": 4019,
        "fiyat_3_ay_tl": 3526,
        "puan": 5.0,
        "yorum": 4,
        "url": "https://www.airbnb.com.tr/rooms/1673889304579321545"
      }
    },
    {
      "type": "Feature",
      "geometry": {
        "type": "Point",
        "coordinates": [
          29.0887,
          40.8786
        ]
      },
      "properties": {
        "katman": "AIRBNB_ILANI",
        "id": "50309924",
        "ad": "Daire - Adalar",
        "alt_tur": "Daire",
        "fiyat_tl": 11251,
        "fiyat_1_gun_tl": null,
        "fiyat_1_hafta_tl": null,
        "fiyat_1_ay_tl": 11251,
        "fiyat_3_ay_tl": 11251,
        "puan": 4.92,
        "yorum": 50,
        "url": "https://www.airbnb.com.tr/rooms/50309924"
      }
    },
    {
      "type": "Feature",
      "geometry": {
        "type": "Point",
        "coordinates": [
          29.1299,
          40.8741
        ]
      },
      "properties": {
        "katman": "AIRBNB_ILANI",
        "id": "944636644815486505",
        "ad": "Daire - Adalar",
        "alt_tur": "Daire",
        "fiyat_tl": 7176,
        "fiyat_1_gun_tl": null,
        "fiyat_1_hafta_tl": null,
        "fiyat_1_ay_tl": 7176,
        "fiyat_3_ay_tl": null,
        "puan": 5.0,
        "yorum": 71,
        "url": "https://www.airbnb.com.tr/rooms/944636644815486505"
      }
    },
    {
      "type": "Feature",
      "geometry": {
        "type": "Point",
        "coordinates": [
          29.0958,
          40.8752
        ]
      },
      "properties": {
        "katman": "AIRBNB_ILANI",
        "id": "1729498833840574752",
        "ad": "Ev - Adalar",
        "alt_tur": "Daire / Ev",
        "fiyat_tl": 11701,
        "fiyat_1_gun_tl": null,
        "fiyat_1_hafta_tl": null,
        "fiyat_1_ay_tl": 11701,
        "fiyat_3_ay_tl": null,
        "puan": 4.78,
        "yorum": 9,
        "url": "https://www.airbnb.com.tr/rooms/1729498833840574752"
      }
    },
    {
      "type": "Feature",
      "geometry": {
        "type": "Point",
        "coordinates": [
          29.1002,
          40.8771
        ]
      },
      "properties": {
        "katman": "AIRBNB_ILANI",
        "id": "1336419681220558750",
        "ad": "Otel - Adalar",
        "alt_tur": "Özel Oda",
        "fiyat_tl": 3788,
        "fiyat_1_gun_tl": null,
        "fiyat_1_hafta_tl": null,
        "fiyat_1_ay_tl": null,
        "fiyat_3_ay_tl": 3788,
        "puan": 4.78,
        "yorum": 36,
        "url": "https://www.airbnb.com.tr/rooms/1336419681220558750"
      }
    },
    {
      "type": "Feature",
      "geometry": {
        "type": "Point",
        "coordinates": [
          28.94628,
          41.01257
        ]
      },
      "properties": {
        "katman": "AIRBNB_ILANI",
        "id": "1615241072439796903",
        "ad": "Fatih bölgesinde konaklama yeri",
        "alt_tur": "Daire / Ev",
        "fiyat_tl": 1740,
        "fiyat_1_gun_tl": 1740,
        "fiyat_1_hafta_tl": null,
        "fiyat_1_ay_tl": null,
        "fiyat_3_ay_tl": null,
        "puan": null,
        "yorum": 0,
        "url": "https://www.airbnb.com.tr/rooms/1615241072439796903"
      }
    },
    {
      "type": "Feature",
      "geometry": {
        "type": "Point",
        "coordinates": [
          28.9644,
          41.019
        ]
      },
      "properties": {
        "katman": "AIRBNB_ILANI",
        "id": "635605841962029446",
        "ad": "Butik otel - Fatih",
        "alt_tur": "Özel Oda",
        "fiyat_tl": 1445,
        "fiyat_1_gun_tl": null,
        "fiyat_1_hafta_tl": null,
        "fiyat_1_ay_tl": 1445,
        "fiyat_3_ay_tl": null,
        "puan": 4.69,
        "yorum": 211,
        "url": "https://www.airbnb.com.tr/rooms/635605841962029446"
      }
    },
    {
      "type": "Feature",
      "geometry": {
        "type": "Point",
        "coordinates": [
          28.9636,
          41.0194
        ]
      },
      "properties": {
        "katman": "AIRBNB_ILANI",
        "id": "801170387303949323",
        "ad": "Butik otel - Fatih",
        "alt_tur": "Özel Oda",
        "fiyat_tl": 1465,
        "fiyat_1_gun_tl": null,
        "fiyat_1_hafta_tl": null,
        "fiyat_1_ay_tl": 1465,
        "fiyat_3_ay_tl": null,
        "puan": 4.52,
        "yorum": 145,
        "url": "https://www.airbnb.com.tr/rooms/801170387303949323"
      }
    },
    {
      "type": "Feature",
      "geometry": {
        "type": "Point",
        "coordinates": [
          28.97875,
          41.003471
        ]
      },
      "properties": {
        "katman": "AIRBNB_ILANI",
        "id": "6009785",
        "ad": "Otel odası - Fatih",
        "alt_tur": "Özel Oda",
        "fiyat_tl": 1965,
        "fiyat_1_gun_tl": 1965,
        "fiyat_1_hafta_tl": null,
        "fiyat_1_ay_tl": null,
        "fiyat_3_ay_tl": null,
        "puan": 4.63,
        "yorum": 347,
        "url": "https://www.airbnb.com.tr/rooms/6009785"
      }
    },
    {
      "type": "Feature",
      "geometry": {
        "type": "Point",
        "coordinates": [
          28.9751,
          41.0031
        ]
      },
      "properties": {
        "katman": "AIRBNB_ILANI",
        "id": "1486800914558541098",
        "ad": "Otel - Fatih",
        "alt_tur": "Özel Oda",
        "fiyat_tl": 10736,
        "fiyat_1_gun_tl": 10104,
        "fiyat_1_hafta_tl": 11367,
        "fiyat_1_ay_tl": null,
        "fiyat_3_ay_tl": null,
        "puan": 5.0,
        "yorum": 3,
        "url": "https://www.airbnb.com.tr/rooms/1486800914558541098"
      }
    },
    {
      "type": "Feature",
      "geometry": {
        "type": "Point",
        "coordinates": [
          28.97987,
          41.00526
        ]
      },
      "properties": {
        "katman": "AIRBNB_ILANI",
        "id": "41042744",
        "ad": "Butik otel - Fatih",
        "alt_tur": "Özel Oda",
        "fiyat_tl": 2526,
        "fiyat_1_gun_tl": 3031,
        "fiyat_1_hafta_tl": null,
        "fiyat_1_ay_tl": null,
        "fiyat_3_ay_tl": 2021,
        "puan": 4.84,
        "yorum": 108,
        "url": "https://www.airbnb.com.tr/rooms/41042744"
      }
    },
    {
      "type": "Feature",
      "geometry": {
        "type": "Point",
        "coordinates": [
          28.97061,
          41.00589
        ]
      },
      "properties": {
        "katman": "AIRBNB_ILANI",
        "id": "6664471",
        "ad": "Daire - Fatih",
        "alt_tur": "Daire",
        "fiyat_tl": 2526,
        "fiyat_1_gun_tl": 2526,
        "fiyat_1_hafta_tl": null,
        "fiyat_1_ay_tl": null,
        "fiyat_3_ay_tl": null,
        "puan": 4.77,
        "yorum": 532,
        "url": "https://www.airbnb.com.tr/rooms/6664471"
      }
    },
    {
      "type": "Feature",
      "geometry": {
        "type": "Point",
        "coordinates": [
          28.98187,
          41.0073
        ]
      },
      "properties": {
        "katman": "AIRBNB_ILANI",
        "id": "731235850367220031",
        "ad": "Otel - Fatih",
        "alt_tur": "Daire / Ev",
        "fiyat_tl": 2210,
        "fiyat_1_gun_tl": 2161,
        "fiyat_1_hafta_tl": 2259,
        "fiyat_1_ay_tl": null,
        "fiyat_3_ay_tl": null,
        "puan": 4.64,
        "yorum": 22,
        "url": "https://www.airbnb.com.tr/rooms/731235850367220031"
      }
    },
    {
      "type": "Feature",
      "geometry": {
        "type": "Point",
        "coordinates": [
          28.97812,
          41.00411
        ]
      },
      "properties": {
        "katman": "AIRBNB_ILANI",
        "id": "53312212",
        "ad": "Daire - Fatih",
        "alt_tur": "Daire",
        "fiyat_tl": 5782,
        "fiyat_1_gun_tl": 5782,
        "fiyat_1_hafta_tl": null,
        "fiyat_1_ay_tl": null,
        "fiyat_3_ay_tl": null,
        "puan": 4.86,
        "yorum": 146,
        "url": "https://www.airbnb.com.tr/rooms/53312212"
      }
    },
    {
      "type": "Feature",
      "geometry": {
        "type": "Point",
        "coordinates": [
          28.9798,
          41.0043
        ]
      },
      "properties": {
        "katman": "AIRBNB_ILANI",
        "id": "39799282",
        "ad": "Butik otel - Fatih",
        "alt_tur": "Daire / Ev",
        "fiyat_tl": 2554,
        "fiyat_1_gun_tl": 2554,
        "fiyat_1_hafta_tl": null,
        "fiyat_1_ay_tl": null,
        "fiyat_3_ay_tl": null,
        "puan": 4.79,
        "yorum": 56,
        "url": "https://www.airbnb.com.tr/rooms/39799282"
      }
    },
    {
      "type": "Feature",
      "geometry": {
        "type": "Point",
        "coordinates": [
          28.9756,
          41.00387
        ]
      },
      "properties": {
        "katman": "AIRBNB_ILANI",
        "id": "1441214579530566555",
        "ad": "Otel - Fatih",
        "alt_tur": "Daire / Ev",
        "fiyat_tl": 16419,
        "fiyat_1_gun_tl": 16419,
        "fiyat_1_hafta_tl": null,
        "fiyat_1_ay_tl": null,
        "fiyat_3_ay_tl": null,
        "puan": 4.76,
        "yorum": 38,
        "url": "https://www.airbnb.com.tr/rooms/1441214579530566555"
      }
    },
    {
      "type": "Feature",
      "geometry": {
        "type": "Point",
        "coordinates": [
          28.9756,
          41.0039
        ]
      },
      "properties": {
        "katman": "AIRBNB_ILANI",
        "id": "16277332",
        "ad": "Otel - Fatih",
        "alt_tur": "Daire / Ev",
        "fiyat_tl": 4491,
        "fiyat_1_gun_tl": 4491,
        "fiyat_1_hafta_tl": null,
        "fiyat_1_ay_tl": null,
        "fiyat_3_ay_tl": null,
        "puan": 4.86,
        "yorum": 214,
        "url": "https://www.airbnb.com.tr/rooms/16277332"
      }
    },
    {
      "type": "Feature",
      "geometry": {
        "type": "Point",
        "coordinates": [
          28.9671,
          41.0064
        ]
      },
      "properties": {
        "katman": "AIRBNB_ILANI",
        "id": "5148344",
        "ad": "Daire - Fatih",
        "alt_tur": "Özel Oda",
        "fiyat_tl": 2239,
        "fiyat_1_gun_tl": 2239,
        "fiyat_1_hafta_tl": null,
        "fiyat_1_ay_tl": null,
        "fiyat_3_ay_tl": null,
        "puan": 4.55,
        "yorum": 344,
        "url": "https://www.airbnb.com.tr/rooms/5148344"
      }
    },
    {
      "type": "Feature",
      "geometry": {
        "type": "Point",
        "coordinates": [
          28.96506,
          41.00267
        ]
      },
      "properties": {
        "katman": "AIRBNB_ILANI",
        "id": "1607781216201699498",
        "ad": "Daire - Fatih",
        "alt_tur": "Daire",
        "fiyat_tl": 3087,
        "fiyat_1_gun_tl": 3087,
        "fiyat_1_hafta_tl": null,
        "fiyat_1_ay_tl": null,
        "fiyat_3_ay_tl": null,
        "puan": 4.83,
        "yorum": 24,
        "url": "https://www.airbnb.com.tr/rooms/1607781216201699498"
      }
    },
    {
      "type": "Feature",
      "geometry": {
        "type": "Point",
        "coordinates": [
          28.9809,
          41.0048
        ]
      },
      "properties": {
        "katman": "AIRBNB_ILANI",
        "id": "1308602686102254499",
        "ad": "Daire - Fatih",
        "alt_tur": "Daire",
        "fiyat_tl": 4598,
        "fiyat_1_gun_tl": 4598,
        "fiyat_1_hafta_tl": null,
        "fiyat_1_ay_tl": null,
        "fiyat_3_ay_tl": null,
        "puan": 4.83,
        "yorum": 66,
        "url": "https://www.airbnb.com.tr/rooms/1308602686102254499"
      }
    },
    {
      "type": "Feature",
      "geometry": {
        "type": "Point",
        "coordinates": [
          28.969,
          41.004
        ]
      },
      "properties": {
        "katman": "AIRBNB_ILANI",
        "id": "1489119506114603473",
        "ad": "Ev - Fatih",
        "alt_tur": "Daire / Ev",
        "fiyat_tl": 3480,
        "fiyat_1_gun_tl": 3480,
        "fiyat_1_hafta_tl": null,
        "fiyat_1_ay_tl": null,
        "fiyat_3_ay_tl": null,
        "puan": 4.72,
        "yorum": 39,
        "url": "https://www.airbnb.com.tr/rooms/1489119506114603473"
      }
    },
    {
      "type": "Feature",
      "geometry": {
        "type": "Point",
        "coordinates": [
          28.98026,
          41.00451
        ]
      },
      "properties": {
        "katman": "AIRBNB_ILANI",
        "id": "6663647",
        "ad": "Otel odası - Fatih",
        "alt_tur": "Özel Oda",
        "fiyat_tl": 1123,
        "fiyat_1_gun_tl": 1123,
        "fiyat_1_hafta_tl": null,
        "fiyat_1_ay_tl": null,
        "fiyat_3_ay_tl": null,
        "puan": 4.59,
        "yorum": 51,
        "url": "https://www.airbnb.com.tr/rooms/6663647"
      }
    },
    {
      "type": "Feature",
      "geometry": {
        "type": "Point",
        "coordinates": [
          28.96996,
          41.0068
        ]
      },
      "properties": {
        "katman": "AIRBNB_ILANI",
        "id": "1242291922764084246",
        "ad": "Otel - Fatih",
        "alt_tur": "Özel Oda",
        "fiyat_tl": 2579,
        "fiyat_1_gun_tl": null,
        "fiyat_1_hafta_tl": 2579,
        "fiyat_1_ay_tl": null,
        "fiyat_3_ay_tl": null,
        "puan": 4.95,
        "yorum": 81,
        "url": "https://www.airbnb.com.tr/rooms/1242291922764084246"
      }
    },
    {
      "type": "Feature",
      "geometry": {
        "type": "Point",
        "coordinates": [
          28.96885,
          41.0047
        ]
      },
      "properties": {
        "katman": "AIRBNB_ILANI",
        "id": "1088169385475296987",
        "ad": "Daire - Fatih",
        "alt_tur": "Daire",
        "fiyat_tl": 3508,
        "fiyat_1_gun_tl": null,
        "fiyat_1_hafta_tl": 3508,
        "fiyat_1_ay_tl": null,
        "fiyat_3_ay_tl": null,
        "puan": 4.92,
        "yorum": 88,
        "url": "https://www.airbnb.com.tr/rooms/1088169385475296987"
      }
    },
    {
      "type": "Feature",
      "geometry": {
        "type": "Point",
        "coordinates": [
          28.981186,
          41.005753
        ]
      },
      "properties": {
        "katman": "AIRBNB_ILANI",
        "id": "10893816",
        "ad": "Otel odası - Fatih",
        "alt_tur": "Özel Oda",
        "fiyat_tl": 3536,
        "fiyat_1_gun_tl": null,
        "fiyat_1_hafta_tl": 3536,
        "fiyat_1_ay_tl": null,
        "fiyat_3_ay_tl": null,
        "puan": 4.93,
        "yorum": 91,
        "url": "https://www.airbnb.com.tr/rooms/10893816"
      }
    },
    {
      "type": "Feature",
      "geometry": {
        "type": "Point",
        "coordinates": [
          28.97325,
          41.0032
        ]
      },
      "properties": {
        "katman": "AIRBNB_ILANI",
        "id": "51596997",
        "ad": "Fatih bölgesinde oda",
        "alt_tur": "Özel Oda",
        "fiyat_tl": 2021,
        "fiyat_1_gun_tl": null,
        "fiyat_1_hafta_tl": 2021,
        "fiyat_1_ay_tl": null,
        "fiyat_3_ay_tl": null,
        "puan": 4.78,
        "yorum": 228,
        "url": "https://www.airbnb.com.tr/rooms/51596997"
      }
    },
    {
      "type": "Feature",
      "geometry": {
        "type": "Point",
        "coordinates": [
          28.96733,
          41.00663
        ]
      },
      "properties": {
        "katman": "AIRBNB_ILANI",
        "id": "1232040698605929076",
        "ad": "Otel - Fatih",
        "alt_tur": "Daire / Ev",
        "fiyat_tl": 1540,
        "fiyat_1_gun_tl": null,
        "fiyat_1_hafta_tl": 1540,
        "fiyat_1_ay_tl": null,
        "fiyat_3_ay_tl": null,
        "puan": 4.5,
        "yorum": 32,
        "url": "https://www.airbnb.com.tr/rooms/1232040698605929076"
      }
    },
    {
      "type": "Feature",
      "geometry": {
        "type": "Point",
        "coordinates": [
          28.9689,
          41.00363
        ]
      },
      "properties": {
        "katman": "AIRBNB_ILANI",
        "id": "615603530031317680",
        "ad": "Butik otel - Fatih",
        "alt_tur": "Özel Oda",
        "fiyat_tl": 2470,
        "fiyat_1_gun_tl": null,
        "fiyat_1_hafta_tl": 2470,
        "fiyat_1_ay_tl": null,
        "fiyat_3_ay_tl": null,
        "puan": 4.85,
        "yorum": 86,
        "url": "https://www.airbnb.com.tr/rooms/615603530031317680"
      }
    },
    {
      "type": "Feature",
      "geometry": {
        "type": "Point",
        "coordinates": [
          28.97507,
          41.00425
        ]
      },
      "properties": {
        "katman": "AIRBNB_ILANI",
        "id": "1582627120085138135",
        "ad": "Daire - Fatih",
        "alt_tur": "Daire",
        "fiyat_tl": 5220,
        "fiyat_1_gun_tl": null,
        "fiyat_1_hafta_tl": 5220,
        "fiyat_1_ay_tl": null,
        "fiyat_3_ay_tl": null,
        "puan": 4.9,
        "yorum": 30,
        "url": "https://www.airbnb.com.tr/rooms/1582627120085138135"
      }
    },
    {
      "type": "Feature",
      "geometry": {
        "type": "Point",
        "coordinates": [
          28.964,
          41.0041
        ]
      },
      "properties": {
        "katman": "AIRBNB_ILANI",
        "id": "1702746068002334092",
        "ad": "Daire - Fatih",
        "alt_tur": "Daire",
        "fiyat_tl": 1970,
        "fiyat_1_gun_tl": null,
        "fiyat_1_hafta_tl": 1970,
        "fiyat_1_ay_tl": null,
        "fiyat_3_ay_tl": null,
        "puan": 4.8,
        "yorum": 5,
        "url": "https://www.airbnb.com.tr/rooms/1702746068002334092"
      }
    },
    {
      "type": "Feature",
      "geometry": {
        "type": "Point",
        "coordinates": [
          28.964,
          41.0045
        ]
      },
      "properties": {
        "katman": "AIRBNB_ILANI",
        "id": "50560014",
        "ad": "Daire - Fatih",
        "alt_tur": "Özel Oda",
        "fiyat_tl": 5161,
        "fiyat_1_gun_tl": null,
        "fiyat_1_hafta_tl": 5161,
        "fiyat_1_ay_tl": null,
        "fiyat_3_ay_tl": null,
        "puan": 4.72,
        "yorum": 359,
        "url": "https://www.airbnb.com.tr/rooms/50560014"
      }
    },
    {
      "type": "Feature",
      "geometry": {
        "type": "Point",
        "coordinates": [
          28.9782,
          41.0125
        ]
      },
      "properties": {
        "katman": "AIRBNB_ILANI",
        "id": "1082418584907176892",
        "ad": "Otel - Fatih",
        "alt_tur": "Daire / Ev",
        "fiyat_tl": 4698,
        "fiyat_1_gun_tl": null,
        "fiyat_1_hafta_tl": 4698,
        "fiyat_1_ay_tl": null,
        "fiyat_3_ay_tl": null,
        "puan": 4.78,
        "yorum": 81,
        "url": "https://www.airbnb.com.tr/rooms/1082418584907176892"
      }
    },
    {
      "type": "Feature",
      "geometry": {
        "type": "Point",
        "coordinates": [
          28.9756,
          41.00356
        ]
      },
      "properties": {
        "katman": "AIRBNB_ILANI",
        "id": "962306980659365536",
        "ad": "Butik otel - Fatih",
        "alt_tur": "Özel Oda",
        "fiyat_tl": 4434,
        "fiyat_1_gun_tl": null,
        "fiyat_1_hafta_tl": 4434,
        "fiyat_1_ay_tl": null,
        "fiyat_3_ay_tl": null,
        "puan": 4.67,
        "yorum": 69,
        "url": "https://www.airbnb.com.tr/rooms/962306980659365536"
      }
    },
    {
      "type": "Feature",
      "geometry": {
        "type": "Point",
        "coordinates": [
          28.97012,
          41.00252
        ]
      },
      "properties": {
        "katman": "AIRBNB_ILANI",
        "id": "1318799498189068285",
        "ad": "Otel - Fatih",
        "alt_tur": "Daire / Ev",
        "fiyat_tl": 2077,
        "fiyat_1_gun_tl": null,
        "fiyat_1_hafta_tl": 2077,
        "fiyat_1_ay_tl": null,
        "fiyat_3_ay_tl": null,
        "puan": 4.88,
        "yorum": 50,
        "url": "https://www.airbnb.com.tr/rooms/1318799498189068285"
      }
    },
    {
      "type": "Feature",
      "geometry": {
        "type": "Point",
        "coordinates": [
          28.97603,
          41.00227
        ]
      },
      "properties": {
        "katman": "AIRBNB_ILANI",
        "id": "52589401",
        "ad": "Butik otel - Fatih",
        "alt_tur": "Daire / Ev",
        "fiyat_tl": 3340,
        "fiyat_1_gun_tl": null,
        "fiyat_1_hafta_tl": 3340,
        "fiyat_1_ay_tl": null,
        "fiyat_3_ay_tl": null,
        "puan": 4.84,
        "yorum": 19,
        "url": "https://www.airbnb.com.tr/rooms/52589401"
      }
    },
    {
      "type": "Feature",
      "geometry": {
        "type": "Point",
        "coordinates": [
          28.97018,
          41.00787
        ]
      },
      "properties": {
        "katman": "AIRBNB_ILANI",
        "id": "1670523371738060763",
        "ad": "Fatih bölgesinde oda",
        "alt_tur": "Özel Oda",
        "fiyat_tl": 1852,
        "fiyat_1_gun_tl": null,
        "fiyat_1_hafta_tl": 1852,
        "fiyat_1_ay_tl": null,
        "fiyat_3_ay_tl": null,
        "puan": 4.92,
        "yorum": 13,
        "url": "https://www.airbnb.com.tr/rooms/1670523371738060763"
      }
    },
    {
      "type": "Feature",
      "geometry": {
        "type": "Point",
        "coordinates": [
          28.97039,
          41.0029
        ]
      },
      "properties": {
        "katman": "AIRBNB_ILANI",
        "id": "52403715",
        "ad": "Daire - Fatih",
        "alt_tur": "Daire",
        "fiyat_tl": 4912,
        "fiyat_1_gun_tl": null,
        "fiyat_1_hafta_tl": null,
        "fiyat_1_ay_tl": 4912,
        "fiyat_3_ay_tl": null,
        "puan": 5.0,
        "yorum": 19,
        "url": "https://www.airbnb.com.tr/rooms/52403715"
      }
    },
    {
      "type": "Feature",
      "geometry": {
        "type": "Point",
        "coordinates": [
          28.96883,
          41.00476
        ]
      },
      "properties": {
        "katman": "AIRBNB_ILANI",
        "id": "52404800",
        "ad": "Daire - Fatih",
        "alt_tur": "Daire",
        "fiyat_tl": 1965,
        "fiyat_1_gun_tl": null,
        "fiyat_1_hafta_tl": null,
        "fiyat_1_ay_tl": 1965,
        "fiyat_3_ay_tl": null,
        "puan": 4.77,
        "yorum": 193,
        "url": "https://www.airbnb.com.tr/rooms/52404800"
      }
    },
    {
      "type": "Feature",
      "geometry": {
        "type": "Point",
        "coordinates": [
          28.9719,
          41.00262
        ]
      },
      "properties": {
        "katman": "AIRBNB_ILANI",
        "id": "1416034036789205212",
        "ad": "Daire - Fatih",
        "alt_tur": "Daire",
        "fiyat_tl": 5866,
        "fiyat_1_gun_tl": null,
        "fiyat_1_hafta_tl": null,
        "fiyat_1_ay_tl": 5866,
        "fiyat_3_ay_tl": null,
        "puan": 4.93,
        "yorum": 70,
        "url": "https://www.airbnb.com.tr/rooms/1416034036789205212"
      }
    },
    {
      "type": "Feature",
      "geometry": {
        "type": "Point",
        "coordinates": [
          28.96805,
          41.00526
        ]
      },
      "properties": {
        "katman": "AIRBNB_ILANI",
        "id": "1491826217102106746",
        "ad": "Daire - Fatih",
        "alt_tur": "Daire",
        "fiyat_tl": 6736,
        "fiyat_1_gun_tl": null,
        "fiyat_1_hafta_tl": null,
        "fiyat_1_ay_tl": 6736,
        "fiyat_3_ay_tl": null,
        "puan": 4.74,
        "yorum": 58,
        "url": "https://www.airbnb.com.tr/rooms/1491826217102106746"
      }
    },
    {
      "type": "Feature",
      "geometry": {
        "type": "Point",
        "coordinates": [
          28.96941,
          41.00464
        ]
      },
      "properties": {
        "katman": "AIRBNB_ILANI",
        "id": "899862006559341090",
        "ad": "Daire - Fatih",
        "alt_tur": "Daire",
        "fiyat_tl": 5613,
        "fiyat_1_gun_tl": null,
        "fiyat_1_hafta_tl": null,
        "fiyat_1_ay_tl": 5613,
        "fiyat_3_ay_tl": null,
        "puan": 4.91,
        "yorum": 211,
        "url": "https://www.airbnb.com.tr/rooms/899862006559341090"
      }
    },
    {
      "type": "Feature",
      "geometry": {
        "type": "Point",
        "coordinates": [
          28.9785,
          41.014
        ]
      },
      "properties": {
        "katman": "AIRBNB_ILANI",
        "id": "1029627266045825159",
        "ad": "Daire - Fatih",
        "alt_tur": "Özel Oda",
        "fiyat_tl": 3500,
        "fiyat_1_gun_tl": null,
        "fiyat_1_hafta_tl": null,
        "fiyat_1_ay_tl": 3800,
        "fiyat_3_ay_tl": 3200,
        "puan": 4.85,
        "yorum": 150,
        "url": "https://www.airbnb.com.tr/rooms/1029627266045825159"
      }
    },
    {
      "type": "Feature",
      "geometry": {
        "type": "Point",
        "coordinates": [
          28.9733,
          41.0034
        ]
      },
      "properties": {
        "katman": "AIRBNB_ILANI",
        "id": "1172302114758712800",
        "ad": "Otel - Fatih",
        "alt_tur": "Daire / Ev",
        "fiyat_tl": 3985,
        "fiyat_1_gun_tl": null,
        "fiyat_1_hafta_tl": null,
        "fiyat_1_ay_tl": 3985,
        "fiyat_3_ay_tl": null,
        "puan": 4.82,
        "yorum": 71,
        "url": "https://www.airbnb.com.tr/rooms/1172302114758712800"
      }
    },
    {
      "type": "Feature",
      "geometry": {
        "type": "Point",
        "coordinates": [
          28.9802,
          41.0058
        ]
      },
      "properties": {
        "katman": "AIRBNB_ILANI",
        "id": "1519693840794790838",
        "ad": "Daire - Fatih",
        "alt_tur": "Daire",
        "fiyat_tl": 4500,
        "fiyat_1_gun_tl": null,
        "fiyat_1_hafta_tl": null,
        "fiyat_1_ay_tl": 4500,
        "fiyat_3_ay_tl": null,
        "puan": 4.89,
        "yorum": 18,
        "url": "https://www.airbnb.com.tr/rooms/1519693840794790838"
      }
    },
    {
      "type": "Feature",
      "geometry": {
        "type": "Point",
        "coordinates": [
          28.97,
          41.00302
        ]
      },
      "properties": {
        "katman": "AIRBNB_ILANI",
        "id": "1318746243400974118",
        "ad": "Otel - Fatih",
        "alt_tur": "Daire / Ev",
        "fiyat_tl": 2178,
        "fiyat_1_gun_tl": null,
        "fiyat_1_hafta_tl": null,
        "fiyat_1_ay_tl": 2178,
        "fiyat_3_ay_tl": null,
        "puan": 4.97,
        "yorum": 30,
        "url": "https://www.airbnb.com.tr/rooms/1318746243400974118"
      }
    },
    {
      "type": "Feature",
      "geometry": {
        "type": "Point",
        "coordinates": [
          28.9705,
          41.00436
        ]
      },
      "properties": {
        "katman": "AIRBNB_ILANI",
        "id": "1598811067842811477",
        "ad": "Ev - Fatih",
        "alt_tur": "Daire / Ev",
        "fiyat_tl": 1824,
        "fiyat_1_gun_tl": null,
        "fiyat_1_hafta_tl": null,
        "fiyat_1_ay_tl": 1824,
        "fiyat_3_ay_tl": null,
        "puan": 4.72,
        "yorum": 32,
        "url": "https://www.airbnb.com.tr/rooms/1598811067842811477"
      }
    },
    {
      "type": "Feature",
      "geometry": {
        "type": "Point",
        "coordinates": [
          28.9709,
          41.0036
        ]
      },
      "properties": {
        "katman": "AIRBNB_ILANI",
        "id": "1755398968122007437",
        "ad": "Ev - Fatih",
        "alt_tur": "Müstakil Villa",
        "fiyat_tl": 6455,
        "fiyat_1_gun_tl": null,
        "fiyat_1_hafta_tl": null,
        "fiyat_1_ay_tl": 6455,
        "fiyat_3_ay_tl": null,
        "puan": 5.0,
        "yorum": 4,
        "url": "https://www.airbnb.com.tr/rooms/1755398968122007437"
      }
    },
    {
      "type": "Feature",
      "geometry": {
        "type": "Point",
        "coordinates": [
          28.97,
          41.0056
        ]
      },
      "properties": {
        "katman": "AIRBNB_ILANI",
        "id": "37932001",
        "ad": "Daire - Fatih",
        "alt_tur": "Özel Oda",
        "fiyat_tl": 10509,
        "fiyat_1_gun_tl": null,
        "fiyat_1_hafta_tl": null,
        "fiyat_1_ay_tl": 10509,
        "fiyat_3_ay_tl": null,
        "puan": 4.83,
        "yorum": 208,
        "url": "https://www.airbnb.com.tr/rooms/37932001"
      }
    },
    {
      "type": "Feature",
      "geometry": {
        "type": "Point",
        "coordinates": [
          28.9648,
          41.0061
        ]
      },
      "properties": {
        "katman": "AIRBNB_ILANI",
        "id": "857301620880022191",
        "ad": "Daire - Fatih",
        "alt_tur": "Daire",
        "fiyat_tl": 4266,
        "fiyat_1_gun_tl": null,
        "fiyat_1_hafta_tl": null,
        "fiyat_1_ay_tl": 4266,
        "fiyat_3_ay_tl": null,
        "puan": 4.9,
        "yorum": 80,
        "url": "https://www.airbnb.com.tr/rooms/857301620880022191"
      }
    },
    {
      "type": "Feature",
      "geometry": {
        "type": "Point",
        "coordinates": [
          28.9762,
          41.0032
        ]
      },
      "properties": {
        "katman": "AIRBNB_ILANI",
        "id": "1377615206799293577",
        "ad": "Konaklama yeri - Fatih",
        "alt_tur": "Daire / Ev",
        "fiyat_tl": 4500,
        "fiyat_1_gun_tl": null,
        "fiyat_1_hafta_tl": null,
        "fiyat_1_ay_tl": 4500,
        "fiyat_3_ay_tl": null,
        "puan": 4.85,
        "yorum": 73,
        "url": "https://www.airbnb.com.tr/rooms/1377615206799293577"
      }
    },
    {
      "type": "Feature",
      "geometry": {
        "type": "Point",
        "coordinates": [
          28.9682,
          41.0057
        ]
      },
      "properties": {
        "katman": "AIRBNB_ILANI",
        "id": "1486064071175854867",
        "ad": "Daire - Fatih",
        "alt_tur": "Daire",
        "fiyat_tl": 2189,
        "fiyat_1_gun_tl": null,
        "fiyat_1_hafta_tl": null,
        "fiyat_1_ay_tl": 2189,
        "fiyat_3_ay_tl": null,
        "puan": 4.32,
        "yorum": 34,
        "url": "https://www.airbnb.com.tr/rooms/1486064071175854867"
      }
    },
    {
      "type": "Feature",
      "geometry": {
        "type": "Point",
        "coordinates": [
          28.9811,
          41.0054
        ]
      },
      "properties": {
        "katman": "AIRBNB_ILANI",
        "id": "1304983908792112006",
        "ad": "Daire - Fatih",
        "alt_tur": "Daire",
        "fiyat_tl": 6388,
        "fiyat_1_gun_tl": null,
        "fiyat_1_hafta_tl": null,
        "fiyat_1_ay_tl": null,
        "fiyat_3_ay_tl": 6388,
        "puan": 4.91,
        "yorum": 88,
        "url": "https://www.airbnb.com.tr/rooms/1304983908792112006"
      }
    },
    {
      "type": "Feature",
      "geometry": {
        "type": "Point",
        "coordinates": [
          28.9811,
          41.0051
        ]
      },
      "properties": {
        "katman": "AIRBNB_ILANI",
        "id": "48548949",
        "ad": "Daire - Fatih",
        "alt_tur": "Daire",
        "fiyat_tl": 3677,
        "fiyat_1_gun_tl": null,
        "fiyat_1_hafta_tl": null,
        "fiyat_1_ay_tl": null,
        "fiyat_3_ay_tl": 3677,
        "puan": 4.85,
        "yorum": 244,
        "url": "https://www.airbnb.com.tr/rooms/48548949"
      }
    },
    {
      "type": "Feature",
      "geometry": {
        "type": "Point",
        "coordinates": [
          28.9775,
          41.0033
        ]
      },
      "properties": {
        "katman": "AIRBNB_ILANI",
        "id": "1591486854260030855",
        "ad": "Ev - Fatih",
        "alt_tur": "Daire / Ev",
        "fiyat_tl": 2807,
        "fiyat_1_gun_tl": null,
        "fiyat_1_hafta_tl": null,
        "fiyat_1_ay_tl": null,
        "fiyat_3_ay_tl": 2807,
        "puan": 4.89,
        "yorum": 46,
        "url": "https://www.airbnb.com.tr/rooms/1591486854260030855"
      }
    },
    {
      "type": "Feature",
      "geometry": {
        "type": "Point",
        "coordinates": [
          28.96883,
          41.0068
        ]
      },
      "properties": {
        "katman": "AIRBNB_ILANI",
        "id": "1232043377122842319",
        "ad": "Otel - Fatih",
        "alt_tur": "Daire / Ev",
        "fiyat_tl": 1400,
        "fiyat_1_gun_tl": null,
        "fiyat_1_hafta_tl": null,
        "fiyat_1_ay_tl": null,
        "fiyat_3_ay_tl": 1400,
        "puan": 4.45,
        "yorum": 87,
        "url": "https://www.airbnb.com.tr/rooms/1232043377122842319"
      }
    },
    {
      "type": "Feature",
      "geometry": {
        "type": "Point",
        "coordinates": [
          28.96884,
          41.00481
        ]
      },
      "properties": {
        "katman": "AIRBNB_ILANI",
        "id": "1643282030176668602",
        "ad": "Daire - Fatih",
        "alt_tur": "Özel Oda",
        "fiyat_tl": 1909,
        "fiyat_1_gun_tl": null,
        "fiyat_1_hafta_tl": null,
        "fiyat_1_ay_tl": null,
        "fiyat_3_ay_tl": 1909,
        "puan": 5.0,
        "yorum": 8,
        "url": "https://www.airbnb.com.tr/rooms/1643282030176668602"
      }
    },
    {
      "type": "Feature",
      "geometry": {
        "type": "Point",
        "coordinates": [
          28.97253,
          41.00607
        ]
      },
      "properties": {
        "katman": "AIRBNB_ILANI",
        "id": "4442791",
        "ad": "Daire - Fatih",
        "alt_tur": "Daire",
        "fiyat_tl": 2245,
        "fiyat_1_gun_tl": null,
        "fiyat_1_hafta_tl": null,
        "fiyat_1_ay_tl": null,
        "fiyat_3_ay_tl": 2245,
        "puan": 4.75,
        "yorum": 483,
        "url": "https://www.airbnb.com.tr/rooms/4442791"
      }
    },
    {
      "type": "Feature",
      "geometry": {
        "type": "Point",
        "coordinates": [
          28.9775,
          41.0033
        ]
      },
      "properties": {
        "katman": "AIRBNB_ILANI",
        "id": "1724095919396709259",
        "ad": "Daire - Fatih",
        "alt_tur": "Daire",
        "fiyat_tl": 3649,
        "fiyat_1_gun_tl": null,
        "fiyat_1_hafta_tl": null,
        "fiyat_1_ay_tl": null,
        "fiyat_3_ay_tl": 3649,
        "puan": 4.83,
        "yorum": 12,
        "url": "https://www.airbnb.com.tr/rooms/1724095919396709259"
      }
    },
    {
      "type": "Feature",
      "geometry": {
        "type": "Point",
        "coordinates": [
          28.96748,
          41.00661
        ]
      },
      "properties": {
        "katman": "AIRBNB_ILANI",
        "id": "1209902763509450239",
        "ad": "Daire - Fatih",
        "alt_tur": "Daire",
        "fiyat_tl": 1871,
        "fiyat_1_gun_tl": null,
        "fiyat_1_hafta_tl": null,
        "fiyat_1_ay_tl": null,
        "fiyat_3_ay_tl": 1871,
        "puan": 4.8,
        "yorum": 93,
        "url": "https://www.airbnb.com.tr/rooms/1209902763509450239"
      }
    },
    {
      "type": "Feature",
      "geometry": {
        "type": "Point",
        "coordinates": [
          28.9762,
          41.0032
        ]
      },
      "properties": {
        "katman": "AIRBNB_ILANI",
        "id": "1377604051407533941",
        "ad": "Konaklama yeri - Fatih",
        "alt_tur": "Özel Oda",
        "fiyat_tl": 4000,
        "fiyat_1_gun_tl": null,
        "fiyat_1_hafta_tl": null,
        "fiyat_1_ay_tl": null,
        "fiyat_3_ay_tl": 4000,
        "puan": 4.77,
        "yorum": 102,
        "url": "https://www.airbnb.com.tr/rooms/1377604051407533941"
      }
    },
    {
      "type": "Feature",
      "geometry": {
        "type": "Point",
        "coordinates": [
          28.97569,
          41.00348
        ]
      },
      "properties": {
        "katman": "AIRBNB_ILANI",
        "id": "1707515514618780018",
        "ad": "Daire - Fatih",
        "alt_tur": "Daire",
        "fiyat_tl": 6399,
        "fiyat_1_gun_tl": null,
        "fiyat_1_hafta_tl": null,
        "fiyat_1_ay_tl": null,
        "fiyat_3_ay_tl": 6399,
        "puan": 4.56,
        "yorum": 9,
        "url": "https://www.airbnb.com.tr/rooms/1707515514618780018"
      }
    },
    {
      "type": "Feature",
      "geometry": {
        "type": "Point",
        "coordinates": [
          28.9675,
          41.0059
        ]
      },
      "properties": {
        "katman": "AIRBNB_ILANI",
        "id": "53513374",
        "ad": "Daire - Fatih",
        "alt_tur": "Daire",
        "fiyat_tl": 1459,
        "fiyat_1_gun_tl": null,
        "fiyat_1_hafta_tl": null,
        "fiyat_1_ay_tl": null,
        "fiyat_3_ay_tl": 1459,
        "puan": 4.77,
        "yorum": 222,
        "url": "https://www.airbnb.com.tr/rooms/53513374"
      }
    },
    {
      "type": "Feature",
      "geometry": {
        "type": "Point",
        "coordinates": [
          28.9688,
          41.0059
        ]
      },
      "properties": {
        "katman": "AIRBNB_ILANI",
        "id": "907740026155863016",
        "ad": "Daire - Fatih",
        "alt_tur": "Özel Oda",
        "fiyat_tl": 8420,
        "fiyat_1_gun_tl": null,
        "fiyat_1_hafta_tl": null,
        "fiyat_1_ay_tl": null,
        "fiyat_3_ay_tl": 8420,
        "puan": 4.89,
        "yorum": 201,
        "url": "https://www.airbnb.com.tr/rooms/907740026155863016"
      }
    },
    {
      "type": "Feature",
      "geometry": {
        "type": "Point",
        "coordinates": [
          28.96935,
          41.00648
        ]
      },
      "properties": {
        "katman": "AIRBNB_ILANI",
        "id": "52404937",
        "ad": "Daire - Fatih",
        "alt_tur": "Daire",
        "fiyat_tl": 1740,
        "fiyat_1_gun_tl": null,
        "fiyat_1_hafta_tl": null,
        "fiyat_1_ay_tl": null,
        "fiyat_3_ay_tl": 1740,
        "puan": 4.74,
        "yorum": 207,
        "url": "https://www.airbnb.com.tr/rooms/52404937"
      }
    },
    {
      "type": "Feature",
      "geometry": {
        "type": "Point",
        "coordinates": [
          -80.6925,
          -0.9525
        ]
      },
      "properties": {
        "katman": "AIRBNB_ILANI",
        "id": "1761827817229930242",
        "ad": "Daire - Manta, Ekvador",
        "alt_tur": "Daire",
        "fiyat_tl": 1460,
        "fiyat_1_gun_tl": 1460,
        "fiyat_1_hafta_tl": null,
        "fiyat_1_ay_tl": null,
        "fiyat_3_ay_tl": null,
        "puan": null,
        "yorum": 0,
        "url": "https://www.airbnb.com.tr/rooms/1761827817229930242"
      }
    },
    {
      "type": "Feature",
      "geometry": {
        "type": "Point",
        "coordinates": [
          19.8029,
          41.3393
        ]
      },
      "properties": {
        "katman": "AIRBNB_ILANI",
        "id": "1753010233834178046",
        "ad": "Daire - Tiran, Arnavutluk",
        "alt_tur": "Daire",
        "fiyat_tl": 2919,
        "fiyat_1_gun_tl": 2919,
        "fiyat_1_hafta_tl": null,
        "fiyat_1_ay_tl": null,
        "fiyat_3_ay_tl": null,
        "puan": 5.0,
        "yorum": 3,
        "url": "https://www.airbnb.com.tr/rooms/1753010233834178046"
      }
    },
    {
      "type": "Feature",
      "geometry": {
        "type": "Point",
        "coordinates": [
          -75.0207,
          41.9125
        ]
      },
      "properties": {
        "katman": "AIRBNB_ILANI",
        "id": "1762712501095700259",
        "ad": "Kulübe - Roscoe, New York, Amerika Birleşik Devletleri",
        "alt_tur": "Daire / Ev",
        "fiyat_tl": 33692,
        "fiyat_1_gun_tl": null,
        "fiyat_1_hafta_tl": null,
        "fiyat_1_ay_tl": 33692,
        "fiyat_3_ay_tl": null,
        "puan": null,
        "yorum": 0,
        "url": "https://www.airbnb.com.tr/rooms/1762712501095700259"
      }
    },
    {
      "type": "Feature",
      "geometry": {
        "type": "Point",
        "coordinates": [
          88.35159896436679,
          22.683587376621162
        ]
      },
      "properties": {
        "katman": "AIRBNB_ILANI",
        "id": "1768075042772319627",
        "ad": "Ev - Debaipukur, Hindistan",
        "alt_tur": "Daire / Ev",
        "fiyat_tl": 1216,
        "fiyat_1_gun_tl": 1216,
        "fiyat_1_hafta_tl": null,
        "fiyat_1_ay_tl": null,
        "fiyat_3_ay_tl": null,
        "puan": null,
        "yorum": 0,
        "url": "https://www.airbnb.com.tr/rooms/1768075042772319627"
      }
    },
    {
      "type": "Feature",
      "geometry": {
        "type": "Point",
        "coordinates": [
          -39.034,
          -16.3818
        ]
      },
      "properties": {
        "katman": "AIRBNB_ILANI",
        "id": "1766912834442274774",
        "ad": "Daire - Porto Seguro, Brezilya",
        "alt_tur": "Daire",
        "fiyat_tl": 2811,
        "fiyat_1_gun_tl": null,
        "fiyat_1_hafta_tl": 2811,
        "fiyat_1_ay_tl": null,
        "fiyat_3_ay_tl": null,
        "puan": null,
        "yorum": 0,
        "url": "https://www.airbnb.com.tr/rooms/1766912834442274774"
      }
    },
    {
      "type": "Feature",
      "geometry": {
        "type": "Point",
        "coordinates": [
          -171.747,
          -13.8602
        ]
      },
      "properties": {
        "katman": "AIRBNB_ILANI",
        "id": "1752431616139570142",
        "ad": "Ev - Apia, Samoa",
        "alt_tur": "Özel Oda",
        "fiyat_tl": 14408,
        "fiyat_1_gun_tl": null,
        "fiyat_1_hafta_tl": null,
        "fiyat_1_ay_tl": null,
        "fiyat_3_ay_tl": 14408,
        "puan": null,
        "yorum": 0,
        "url": "https://www.airbnb.com.tr/rooms/1752431616139570142"
      }
    },
    {
      "type": "Feature",
      "geometry": {
        "type": "Point",
        "coordinates": [
          28.98132,
          41.05422
        ]
      },
      "properties": {
        "katman": "AIRBNB_ILANI",
        "id": "46386595",
        "ad": "Site içi konut - İstanbul",
        "alt_tur": "Daire / Ev",
        "fiyat_tl": 5950,
        "fiyat_1_gun_tl": 5950,
        "fiyat_1_hafta_tl": null,
        "fiyat_1_ay_tl": null,
        "fiyat_3_ay_tl": null,
        "puan": 4.84,
        "yorum": 159,
        "url": "https://www.airbnb.com.tr/rooms/46386595"
      }
    },
    {
      "type": "Feature",
      "geometry": {
        "type": "Point",
        "coordinates": [
          28.98466,
          41.05803
        ]
      },
      "properties": {
        "katman": "AIRBNB_ILANI",
        "id": "37250528",
        "ad": "Daire - İstanbul",
        "alt_tur": "Daire",
        "fiyat_tl": 2725,
        "fiyat_1_gun_tl": 2725,
        "fiyat_1_hafta_tl": null,
        "fiyat_1_ay_tl": null,
        "fiyat_3_ay_tl": null,
        "puan": 4.43,
        "yorum": 236,
        "url": "https://www.airbnb.com.tr/rooms/37250528"
      }
    },
    {
      "type": "Feature",
      "geometry": {
        "type": "Point",
        "coordinates": [
          28.9416,
          41.0382
        ]
      },
      "properties": {
        "katman": "AIRBNB_ILANI",
        "id": "881662279190014080",
        "ad": "Misafir evi - İstanbul",
        "alt_tur": "Daire / Ev",
        "fiyat_tl": 1800,
        "fiyat_1_gun_tl": 1800,
        "fiyat_1_hafta_tl": null,
        "fiyat_1_ay_tl": null,
        "fiyat_3_ay_tl": null,
        "puan": 4.89,
        "yorum": 233,
        "url": "https://www.airbnb.com.tr/rooms/881662279190014080"
      }
    },
    {
      "type": "Feature",
      "geometry": {
        "type": "Point",
        "coordinates": [
          28.9833,
          41.0515
        ]
      },
      "properties": {
        "katman": "AIRBNB_ILANI",
        "id": "843840183562215849",
        "ad": "Daire - İstanbul",
        "alt_tur": "Daire",
        "fiyat_tl": 3876,
        "fiyat_1_gun_tl": 3876,
        "fiyat_1_hafta_tl": null,
        "fiyat_1_ay_tl": null,
        "fiyat_3_ay_tl": null,
        "puan": 4.75,
        "yorum": 219,
        "url": "https://www.airbnb.com.tr/rooms/843840183562215849"
      }
    },
    {
      "type": "Feature",
      "geometry": {
        "type": "Point",
        "coordinates": [
          28.9852,
          41.0592
        ]
      },
      "properties": {
        "katman": "AIRBNB_ILANI",
        "id": "1374192737862792461",
        "ad": "Otel odası - İstanbul",
        "alt_tur": "Özel Oda",
        "fiyat_tl": 6175,
        "fiyat_1_gun_tl": 6175,
        "fiyat_1_hafta_tl": 6175,
        "fiyat_1_ay_tl": null,
        "fiyat_3_ay_tl": null,
        "puan": 4.87,
        "yorum": 223,
        "url": "https://www.airbnb.com.tr/rooms/1374192737862792461"
      }
    },
    {
      "type": "Feature",
      "geometry": {
        "type": "Point",
        "coordinates": [
          28.9865,
          41.0585
        ]
      },
      "properties": {
        "katman": "AIRBNB_ILANI",
        "id": "1091239181909682964",
        "ad": "Daire - İstanbul",
        "alt_tur": "Daire",
        "fiyat_tl": 2968,
        "fiyat_1_gun_tl": 2968,
        "fiyat_1_hafta_tl": null,
        "fiyat_1_ay_tl": null,
        "fiyat_3_ay_tl": null,
        "puan": 4.91,
        "yorum": 34,
        "url": "https://www.airbnb.com.tr/rooms/1091239181909682964"
      }
    },
    {
      "type": "Feature",
      "geometry": {
        "type": "Point",
        "coordinates": [
          28.9771,
          41.06
        ]
      },
      "properties": {
        "katman": "AIRBNB_ILANI",
        "id": "1746859512564812682",
        "ad": "Otel - İstanbul",
        "alt_tur": "Özel Oda",
        "fiyat_tl": 3529,
        "fiyat_1_gun_tl": 3697,
        "fiyat_1_hafta_tl": 3361,
        "fiyat_1_ay_tl": null,
        "fiyat_3_ay_tl": null,
        "puan": null,
        "yorum": 0,
        "url": "https://www.airbnb.com.tr/rooms/1746859512564812682"
      }
    },
    {
      "type": "Feature",
      "geometry": {
        "type": "Point",
        "coordinates": [
          28.995012449239262,
          41.06488526002631
        ]
      },
      "properties": {
        "katman": "AIRBNB_ILANI",
        "id": "1771683529379114819",
        "ad": "Daire - İstanbul",
        "alt_tur": "Özel Oda",
        "fiyat_tl": 7878,
        "fiyat_1_gun_tl": 7606,
        "fiyat_1_hafta_tl": 8150,
        "fiyat_1_ay_tl": null,
        "fiyat_3_ay_tl": null,
        "puan": null,
        "yorum": 0,
        "url": "https://www.airbnb.com.tr/rooms/1771683529379114819"
      }
    },
    {
      "type": "Feature",
      "geometry": {
        "type": "Point",
        "coordinates": [
          28.9859,
          41.0555
        ]
      },
      "properties": {
        "katman": "AIRBNB_ILANI",
        "id": "1425384551898329429",
        "ad": "Daire - İstanbul",
        "alt_tur": "Daire",
        "fiyat_tl": 4744,
        "fiyat_1_gun_tl": 4744,
        "fiyat_1_hafta_tl": null,
        "fiyat_1_ay_tl": null,
        "fiyat_3_ay_tl": null,
        "puan": 4.88,
        "yorum": 40,
        "url": "https://www.airbnb.com.tr/rooms/1425384551898329429"
      }
    },
    {
      "type": "Feature",
      "geometry": {
        "type": "Point",
        "coordinates": [
          29.002,
          41.0649
        ]
      },
      "properties": {
        "katman": "AIRBNB_ILANI",
        "id": "1363028275754582748",
        "ad": "Daire - İstanbul",
        "alt_tur": "Daire",
        "fiyat_tl": 3775,
        "fiyat_1_gun_tl": 3775,
        "fiyat_1_hafta_tl": null,
        "fiyat_1_ay_tl": null,
        "fiyat_3_ay_tl": null,
        "puan": 4.79,
        "yorum": 157,
        "url": "https://www.airbnb.com.tr/rooms/1363028275754582748"
      }
    },
    {
      "type": "Feature",
      "geometry": {
        "type": "Point",
        "coordinates": [
          28.9834,
          41.0593
        ]
      },
      "properties": {
        "katman": "AIRBNB_ILANI",
        "id": "1211484785120648009",
        "ad": "Daire - İstanbul",
        "alt_tur": "Özel Oda",
        "fiyat_tl": 7090,
        "fiyat_1_gun_tl": 7090,
        "fiyat_1_hafta_tl": null,
        "fiyat_1_ay_tl": null,
        "fiyat_3_ay_tl": null,
        "puan": 4.83,
        "yorum": 36,
        "url": "https://www.airbnb.com.tr/rooms/1211484785120648009"
      }
    },
    {
      "type": "Feature",
      "geometry": {
        "type": "Point",
        "coordinates": [
          28.9823,
          41.0395
        ]
      },
      "properties": {
        "katman": "AIRBNB_ILANI",
        "id": "4497823",
        "ad": "Daire - İstanbul",
        "alt_tur": "Daire",
        "fiyat_tl": 2676,
        "fiyat_1_gun_tl": 2676,
        "fiyat_1_hafta_tl": null,
        "fiyat_1_ay_tl": null,
        "fiyat_3_ay_tl": null,
        "puan": 4.76,
        "yorum": 321,
        "url": "https://www.airbnb.com.tr/rooms/4497823"
      }
    },
    {
      "type": "Feature",
      "geometry": {
        "type": "Point",
        "coordinates": [
          28.97717,
          41.03696
        ]
      },
      "properties": {
        "katman": "AIRBNB_ILANI",
        "id": "1565050077972789633",
        "ad": "Daire - İstanbul",
        "alt_tur": "Daire",
        "fiyat_tl": 2822,
        "fiyat_1_gun_tl": 2822,
        "fiyat_1_hafta_tl": null,
        "fiyat_1_ay_tl": null,
        "fiyat_3_ay_tl": null,
        "puan": 4.67,
        "yorum": 6,
        "url": "https://www.airbnb.com.tr/rooms/1565050077972789633"
      }
    },
    {
      "type": "Feature",
      "geometry": {
        "type": "Point",
        "coordinates": [
          28.991,
          41.0704
        ]
      },
      "properties": {
        "katman": "AIRBNB_ILANI",
        "id": "1536895995733572250",
        "ad": "Otel - İstanbul",
        "alt_tur": "Özel Oda",
        "fiyat_tl": 1674,
        "fiyat_1_gun_tl": 1674,
        "fiyat_1_hafta_tl": null,
        "fiyat_1_ay_tl": null,
        "fiyat_3_ay_tl": null,
        "puan": 4.67,
        "yorum": 6,
        "url": "https://www.airbnb.com.tr/rooms/1536895995733572250"
      }
    },
    {
      "type": "Feature",
      "geometry": {
        "type": "Point",
        "coordinates": [
          28.9688,
          41.0644
        ]
      },
      "properties": {
        "katman": "AIRBNB_ILANI",
        "id": "637399593308273563",
        "ad": "Daire - Kâğıthane",
        "alt_tur": "Daire",
        "fiyat_tl": 9512,
        "fiyat_1_gun_tl": 9512,
        "fiyat_1_hafta_tl": null,
        "fiyat_1_ay_tl": null,
        "fiyat_3_ay_tl": null,
        "puan": 4.74,
        "yorum": 43,
        "url": "https://www.airbnb.com.tr/rooms/637399593308273563"
      }
    },
    {
      "type": "Feature",
      "geometry": {
        "type": "Point",
        "coordinates": [
          28.98395,
          41.07182
        ]
      },
      "properties": {
        "katman": "AIRBNB_ILANI",
        "id": "744250951455842889",
        "ad": "Daire - Kâğıthane",
        "alt_tur": "Daire",
        "fiyat_tl": 4884,
        "fiyat_1_gun_tl": 4884,
        "fiyat_1_hafta_tl": null,
        "fiyat_1_ay_tl": null,
        "fiyat_3_ay_tl": null,
        "puan": 4.92,
        "yorum": 61,
        "url": "https://www.airbnb.com.tr/rooms/744250951455842889"
      }
    },
    {
      "type": "Feature",
      "geometry": {
        "type": "Point",
        "coordinates": [
          28.98644,
          41.05996
        ]
      },
      "properties": {
        "katman": "AIRBNB_ILANI",
        "id": "906517975466816180",
        "ad": "Daire - İstanbul",
        "alt_tur": "Daire",
        "fiyat_tl": 3405,
        "fiyat_1_gun_tl": null,
        "fiyat_1_hafta_tl": 3405,
        "fiyat_1_ay_tl": null,
        "fiyat_3_ay_tl": null,
        "puan": 4.72,
        "yorum": 95,
        "url": "https://www.airbnb.com.tr/rooms/906517975466816180"
      }
    },
    {
      "type": "Feature",
      "geometry": {
        "type": "Point",
        "coordinates": [
          28.98285571378664,
          41.05343214435558
        ]
      },
      "properties": {
        "katman": "AIRBNB_ILANI",
        "id": "1262189200423098908",
        "ad": "Otel - İstanbul",
        "alt_tur": "Özel Oda",
        "fiyat_tl": 2487,
        "fiyat_1_gun_tl": null,
        "fiyat_1_hafta_tl": 2487,
        "fiyat_1_ay_tl": null,
        "fiyat_3_ay_tl": null,
        "puan": 4.81,
        "yorum": 27,
        "url": "https://www.airbnb.com.tr/rooms/1262189200423098908"
      }
    },
    {
      "type": "Feature",
      "geometry": {
        "type": "Point",
        "coordinates": [
          28.9688,
          41.0644
        ]
      },
      "properties": {
        "katman": "AIRBNB_ILANI",
        "id": "53703046",
        "ad": "Site içi konut - Kâğıthane",
        "alt_tur": "Daire / Ev",
        "fiyat_tl": 10874,
        "fiyat_1_gun_tl": null,
        "fiyat_1_hafta_tl": 10874,
        "fiyat_1_ay_tl": null,
        "fiyat_3_ay_tl": null,
        "puan": 4.93,
        "yorum": 90,
        "url": "https://www.airbnb.com.tr/rooms/53703046"
      }
    },
    {
      "type": "Feature",
      "geometry": {
        "type": "Point",
        "coordinates": [
          28.9816,
          41.052
        ]
      },
      "properties": {
        "katman": "AIRBNB_ILANI",
        "id": "1193362103746462114",
        "ad": "Daire - İstanbul",
        "alt_tur": "Daire",
        "fiyat_tl": 2749,
        "fiyat_1_gun_tl": null,
        "fiyat_1_hafta_tl": 2749,
        "fiyat_1_ay_tl": null,
        "fiyat_3_ay_tl": null,
        "puan": 4.61,
        "yorum": 41,
        "url": "https://www.airbnb.com.tr/rooms/1193362103746462114"
      }
    },
    {
      "type": "Feature",
      "geometry": {
        "type": "Point",
        "coordinates": [
          28.98518,
          41.05833
        ]
      },
      "properties": {
        "katman": "AIRBNB_ILANI",
        "id": "594133631643137789",
        "ad": "Daire - İstanbul",
        "alt_tur": "Daire",
        "fiyat_tl": 2433,
        "fiyat_1_gun_tl": null,
        "fiyat_1_hafta_tl": 2433,
        "fiyat_1_ay_tl": null,
        "fiyat_3_ay_tl": null,
        "puan": 4.33,
        "yorum": 251,
        "url": "https://www.airbnb.com.tr/rooms/594133631643137789"
      }
    },
    {
      "type": "Feature",
      "geometry": {
        "type": "Point",
        "coordinates": [
          28.98287,
          41.06964
        ]
      },
      "properties": {
        "katman": "AIRBNB_ILANI",
        "id": "1001457037647238914",
        "ad": "Daire - Kâğıthane",
        "alt_tur": "Daire",
        "fiyat_tl": 2013,
        "fiyat_1_gun_tl": null,
        "fiyat_1_hafta_tl": 2013,
        "fiyat_1_ay_tl": null,
        "fiyat_3_ay_tl": null,
        "puan": 4.55,
        "yorum": 44,
        "url": "https://www.airbnb.com.tr/rooms/1001457037647238914"
      }
    },
    {
      "type": "Feature",
      "geometry": {
        "type": "Point",
        "coordinates": [
          28.9657,
          41.0633
        ]
      },
      "properties": {
        "katman": "AIRBNB_ILANI",
        "id": "1435617611979217092",
        "ad": "Daire - Kâğıthane",
        "alt_tur": "Daire",
        "fiyat_tl": 5684,
        "fiyat_1_gun_tl": null,
        "fiyat_1_hafta_tl": 5684,
        "fiyat_1_ay_tl": null,
        "fiyat_3_ay_tl": null,
        "puan": 4.64,
        "yorum": 45,
        "url": "https://www.airbnb.com.tr/rooms/1435617611979217092"
      }
    },
    {
      "type": "Feature",
      "geometry": {
        "type": "Point",
        "coordinates": [
          28.98756,
          41.05601
        ]
      },
      "properties": {
        "katman": "AIRBNB_ILANI",
        "id": "608423745441529878",
        "ad": "Daire - İstanbul",
        "alt_tur": "Daire",
        "fiyat_tl": 2932,
        "fiyat_1_gun_tl": null,
        "fiyat_1_hafta_tl": 2932,
        "fiyat_1_ay_tl": null,
        "fiyat_3_ay_tl": null,
        "puan": 4.57,
        "yorum": 79,
        "url": "https://www.airbnb.com.tr/rooms/608423745441529878"
      }
    },
    {
      "type": "Feature",
      "geometry": {
        "type": "Point",
        "coordinates": [
          28.976,
          41.03643
        ]
      },
      "properties": {
        "katman": "AIRBNB_ILANI",
        "id": "1402282516034980521",
        "ad": "Daire - İstanbul",
        "alt_tur": "Daire",
        "fiyat_tl": 2579,
        "fiyat_1_gun_tl": null,
        "fiyat_1_hafta_tl": 2579,
        "fiyat_1_ay_tl": null,
        "fiyat_3_ay_tl": null,
        "puan": 4.81,
        "yorum": 78,
        "url": "https://www.airbnb.com.tr/rooms/1402282516034980521"
      }
    },
    {
      "type": "Feature",
      "geometry": {
        "type": "Point",
        "coordinates": [
          28.97684,
          41.03747
        ]
      },
      "properties": {
        "katman": "AIRBNB_ILANI",
        "id": "1642931713808171902",
        "ad": "Daire - İstanbul",
        "alt_tur": "Daire",
        "fiyat_tl": 2870,
        "fiyat_1_gun_tl": null,
        "fiyat_1_hafta_tl": 2870,
        "fiyat_1_ay_tl": null,
        "fiyat_3_ay_tl": null,
        "puan": 5.0,
        "yorum": 31,
        "url": "https://www.airbnb.com.tr/rooms/1642931713808171902"
      }
    },
    {
      "type": "Feature",
      "geometry": {
        "type": "Point",
        "coordinates": [
          28.9837,
          41.0705
        ]
      },
      "properties": {
        "katman": "AIRBNB_ILANI",
        "id": "1468425770507430793",
        "ad": "Daire - Kâğıthane",
        "alt_tur": "Daire",
        "fiyat_tl": 1712,
        "fiyat_1_gun_tl": null,
        "fiyat_1_hafta_tl": 1712,
        "fiyat_1_ay_tl": null,
        "fiyat_3_ay_tl": null,
        "puan": 4.44,
        "yorum": 48,
        "url": "https://www.airbnb.com.tr/rooms/1468425770507430793"
      }
    },
    {
      "type": "Feature",
      "geometry": {
        "type": "Point",
        "coordinates": [
          28.9751,
          41.0577
        ]
      },
      "properties": {
        "katman": "AIRBNB_ILANI",
        "id": "1704365658391060762",
        "ad": "Daire - İstanbul",
        "alt_tur": "Daire",
        "fiyat_tl": 8170,
        "fiyat_1_gun_tl": null,
        "fiyat_1_hafta_tl": 8170,
        "fiyat_1_ay_tl": null,
        "fiyat_3_ay_tl": null,
        "puan": 4.9,
        "yorum": 10,
        "url": "https://www.airbnb.com.tr/rooms/1704365658391060762"
      }
    },
    {
      "type": "Feature",
      "geometry": {
        "type": "Point",
        "coordinates": [
          28.953,
          41.0573
        ]
      },
      "properties": {
        "katman": "AIRBNB_ILANI",
        "id": "758789759501379776",
        "ad": "İstanbul bölgesinde oda",
        "alt_tur": "Özel Oda",
        "fiyat_tl": 1200,
        "fiyat_1_gun_tl": null,
        "fiyat_1_hafta_tl": 1200,
        "fiyat_1_ay_tl": null,
        "fiyat_3_ay_tl": null,
        "puan": 4.77,
        "yorum": 60,
        "url": "https://www.airbnb.com.tr/rooms/758789759501379776"
      }
    },
    {
      "type": "Feature",
      "geometry": {
        "type": "Point",
        "coordinates": [
          28.98717,
          41.04807
        ]
      },
      "properties": {
        "katman": "AIRBNB_ILANI",
        "id": "1313903911861469022",
        "ad": "Otel - Şişli",
        "alt_tur": "Özel Oda",
        "fiyat_tl": 3087,
        "fiyat_1_gun_tl": 3087,
        "fiyat_1_hafta_tl": null,
        "fiyat_1_ay_tl": null,
        "fiyat_3_ay_tl": null,
        "puan": 4.69,
        "yorum": 55,
        "url": "https://www.airbnb.com.tr/rooms/1313903911861469022"
      }
    },
    {
      "type": "Feature",
      "geometry": {
        "type": "Point",
        "coordinates": [
          28.9866,
          41.0492
        ]
      },
      "properties": {
        "katman": "AIRBNB_ILANI",
        "id": "1197548302136486091",
        "ad": "Otel - Şişli",
        "alt_tur": "Özel Oda",
        "fiyat_tl": 2807,
        "fiyat_1_gun_tl": 2807,
        "fiyat_1_hafta_tl": null,
        "fiyat_1_ay_tl": null,
        "fiyat_3_ay_tl": null,
        "puan": 4.67,
        "yorum": 30,
        "url": "https://www.airbnb.com.tr/rooms/1197548302136486091"
      }
    },
    {
      "type": "Feature",
      "geometry": {
        "type": "Point",
        "coordinates": [
          28.9915,
          41.0531
        ]
      },
      "properties": {
        "katman": "AIRBNB_ILANI",
        "id": "767280356640187342",
        "ad": "Daire - Şişli",
        "alt_tur": "Daire",
        "fiyat_tl": 9234,
        "fiyat_1_gun_tl": 9234,
        "fiyat_1_hafta_tl": null,
        "fiyat_1_ay_tl": null,
        "fiyat_3_ay_tl": null,
        "puan": 5.0,
        "yorum": 7,
        "url": "https://www.airbnb.com.tr/rooms/767280356640187342"
      }
    },
    {
      "type": "Feature",
      "geometry": {
        "type": "Point",
        "coordinates": [
          28.9906,
          41.0551
        ]
      },
      "properties": {
        "katman": "AIRBNB_ILANI",
        "id": "1599353325437104123",
        "ad": "Daire - Şişli",
        "alt_tur": "Daire",
        "fiyat_tl": 7298,
        "fiyat_1_gun_tl": 7298,
        "fiyat_1_hafta_tl": null,
        "fiyat_1_ay_tl": null,
        "fiyat_3_ay_tl": null,
        "puan": 4.92,
        "yorum": 12,
        "url": "https://www.airbnb.com.tr/rooms/1599353325437104123"
      }
    },
    {
      "type": "Feature",
      "geometry": {
        "type": "Point",
        "coordinates": [
          28.9867,
          41.04684
        ]
      },
      "properties": {
        "katman": "AIRBNB_ILANI",
        "id": "39400711",
        "ad": "Daire - Şişli",
        "alt_tur": "Daire",
        "fiyat_tl": 3789,
        "fiyat_1_gun_tl": 3929,
        "fiyat_1_hafta_tl": 3649,
        "fiyat_1_ay_tl": null,
        "fiyat_3_ay_tl": null,
        "puan": 4.55,
        "yorum": 137,
        "url": "https://www.airbnb.com.tr/rooms/39400711"
      }
    },
    {
      "type": "Feature",
      "geometry": {
        "type": "Point",
        "coordinates": [
          28.9917,
          41.0555
        ]
      },
      "properties": {
        "katman": "AIRBNB_ILANI",
        "id": "1323886155907034604",
        "ad": "Otel - Şişli",
        "alt_tur": "Özel Oda",
        "fiyat_tl": 8701,
        "fiyat_1_gun_tl": 8701,
        "fiyat_1_hafta_tl": 8701,
        "fiyat_1_ay_tl": null,
        "fiyat_3_ay_tl": null,
        "puan": 5.0,
        "yorum": 3,
        "url": "https://www.airbnb.com.tr/rooms/1323886155907034604"
      }
    },
    {
      "type": "Feature",
      "geometry": {
        "type": "Point",
        "coordinates": [
          28.9865,
          41.0504
        ]
      },
      "properties": {
        "katman": "AIRBNB_ILANI",
        "id": "1593381613757749669",
        "ad": "Butik otel - Şişli",
        "alt_tur": "Özel Oda",
        "fiyat_tl": 2900,
        "fiyat_1_gun_tl": 2900,
        "fiyat_1_hafta_tl": null,
        "fiyat_1_ay_tl": null,
        "fiyat_3_ay_tl": null,
        "puan": 4.26,
        "yorum": 43,
        "url": "https://www.airbnb.com.tr/rooms/1593381613757749669"
      }
    },
    {
      "type": "Feature",
      "geometry": {
        "type": "Point",
        "coordinates": [
          28.98833,
          41.03775
        ]
      },
      "properties": {
        "katman": "AIRBNB_ILANI",
        "id": "53303207",
        "ad": "Çatı katı - Beyoğlu",
        "alt_tur": "Daire / Ev",
        "fiyat_tl": 7578,
        "fiyat_1_gun_tl": 7578,
        "fiyat_1_hafta_tl": null,
        "fiyat_1_ay_tl": null,
        "fiyat_3_ay_tl": null,
        "puan": 4.66,
        "yorum": 206,
        "url": "https://www.airbnb.com.tr/rooms/53303207"
      }
    },
    {
      "type": "Feature",
      "geometry": {
        "type": "Point",
        "coordinates": [
          28.986,
          41.0554
        ]
      },
      "properties": {
        "katman": "AIRBNB_ILANI",
        "id": "1392728680069397371",
        "ad": "Daire - Şişli",
        "alt_tur": "Daire",
        "fiyat_tl": 5838,
        "fiyat_1_gun_tl": 5838,
        "fiyat_1_hafta_tl": null,
        "fiyat_1_ay_tl": null,
        "fiyat_3_ay_tl": null,
        "puan": 5.0,
        "yorum": 18,
        "url": "https://www.airbnb.com.tr/rooms/1392728680069397371"
      }
    },
    {
      "type": "Feature",
      "geometry": {
        "type": "Point",
        "coordinates": [
          28.99191,
          41.05374
        ]
      },
      "properties": {
        "katman": "AIRBNB_ILANI",
        "id": "1439097354806360776",
        "ad": "Daire - Şişli",
        "alt_tur": "Daire",
        "fiyat_tl": 4859,
        "fiyat_1_gun_tl": null,
        "fiyat_1_hafta_tl": 4859,
        "fiyat_1_ay_tl": null,
        "fiyat_3_ay_tl": null,
        "puan": 5.0,
        "yorum": 27,
        "url": "https://www.airbnb.com.tr/rooms/1439097354806360776"
      }
    },
    {
      "type": "Feature",
      "geometry": {
        "type": "Point",
        "coordinates": [
          28.98736,
          41.05034
        ]
      },
      "properties": {
        "katman": "AIRBNB_ILANI",
        "id": "1614397362792621086",
        "ad": "Daire - Şişli",
        "alt_tur": "Daire",
        "fiyat_tl": 3256,
        "fiyat_1_gun_tl": null,
        "fiyat_1_hafta_tl": 3256,
        "fiyat_1_ay_tl": null,
        "fiyat_3_ay_tl": null,
        "puan": 5.0,
        "yorum": 4,
        "url": "https://www.airbnb.com.tr/rooms/1614397362792621086"
      }
    },
    {
      "type": "Feature",
      "geometry": {
        "type": "Point",
        "coordinates": [
          28.98712,
          41.04843
        ]
      },
      "properties": {
        "katman": "AIRBNB_ILANI",
        "id": "46328535",
        "ad": "Daire - Şişli",
        "alt_tur": "Daire",
        "fiyat_tl": 4117,
        "fiyat_1_gun_tl": null,
        "fiyat_1_hafta_tl": 3850,
        "fiyat_1_ay_tl": 4250,
        "fiyat_3_ay_tl": 4250,
        "puan": 4.91,
        "yorum": 147,
        "url": "https://www.airbnb.com.tr/rooms/46328535"
      }
    },
    {
      "type": "Feature",
      "geometry": {
        "type": "Point",
        "coordinates": [
          28.98656,
          41.05171
        ]
      },
      "properties": {
        "katman": "AIRBNB_ILANI",
        "id": "1674494919381504560",
        "ad": "Şişli bölgesinde oda",
        "alt_tur": "Özel Oda",
        "fiyat_tl": 2755,
        "fiyat_1_gun_tl": null,
        "fiyat_1_hafta_tl": 2755,
        "fiyat_1_ay_tl": null,
        "fiyat_3_ay_tl": null,
        "puan": 5.0,
        "yorum": 23,
        "url": "https://www.airbnb.com.tr/rooms/1674494919381504560"
      }
    },
    {
      "type": "Feature",
      "geometry": {
        "type": "Point",
        "coordinates": [
          28.9866,
          41.0493
        ]
      },
      "properties": {
        "katman": "AIRBNB_ILANI",
        "id": "1197540464604782892",
        "ad": "Otel - Şişli",
        "alt_tur": "Özel Oda",
        "fiyat_tl": 3087,
        "fiyat_1_gun_tl": null,
        "fiyat_1_hafta_tl": 3087,
        "fiyat_1_ay_tl": null,
        "fiyat_3_ay_tl": null,
        "puan": 4.82,
        "yorum": 51,
        "url": "https://www.airbnb.com.tr/rooms/1197540464604782892"
      }
    },
    {
      "type": "Feature",
      "geometry": {
        "type": "Point",
        "coordinates": [
          28.9855,
          41.0443
        ]
      },
      "properties": {
        "katman": "AIRBNB_ILANI",
        "id": "1766776414539716193",
        "ad": "Daire - Şişli",
        "alt_tur": "Daire",
        "fiyat_tl": 2600,
        "fiyat_1_gun_tl": null,
        "fiyat_1_hafta_tl": 2600,
        "fiyat_1_ay_tl": null,
        "fiyat_3_ay_tl": null,
        "puan": 5.0,
        "yorum": 4,
        "url": "https://www.airbnb.com.tr/rooms/1766776414539716193"
      }
    },
    {
      "type": "Feature",
      "geometry": {
        "type": "Point",
        "coordinates": [
          28.9973,
          41.0549
        ]
      },
      "properties": {
        "katman": "AIRBNB_ILANI",
        "id": "1750765663463820496",
        "ad": "Otel - Şişli",
        "alt_tur": "Özel Oda",
        "fiyat_tl": 3700,
        "fiyat_1_gun_tl": null,
        "fiyat_1_hafta_tl": 3700,
        "fiyat_1_ay_tl": null,
        "fiyat_3_ay_tl": null,
        "puan": null,
        "yorum": 0,
        "url": "https://www.airbnb.com.tr/rooms/1750765663463820496"
      }
    },
    {
      "type": "Feature",
      "geometry": {
        "type": "Point",
        "coordinates": [
          28.9858,
          41.047
        ]
      },
      "properties": {
        "katman": "AIRBNB_ILANI",
        "id": "1673877496053334635",
        "ad": "Otel - Şişli",
        "alt_tur": "Daire / Ev",
        "fiyat_tl": 2250,
        "fiyat_1_gun_tl": null,
        "fiyat_1_hafta_tl": 2250,
        "fiyat_1_ay_tl": null,
        "fiyat_3_ay_tl": null,
        "puan": 5.0,
        "yorum": 7,
        "url": "https://www.airbnb.com.tr/rooms/1673877496053334635"
      }
    },
    {
      "type": "Feature",
      "geometry": {
        "type": "Point",
        "coordinates": [
          28.98723,
          41.04835
        ]
      },
      "properties": {
        "katman": "AIRBNB_ILANI",
        "id": "1204447856632863112",
        "ad": "Otel - Şişli",
        "alt_tur": "Daire / Ev",
        "fiyat_tl": 2919,
        "fiyat_1_gun_tl": null,
        "fiyat_1_hafta_tl": 2919,
        "fiyat_1_ay_tl": null,
        "fiyat_3_ay_tl": null,
        "puan": 4.8,
        "yorum": 65,
        "url": "https://www.airbnb.com.tr/rooms/1204447856632863112"
      }
    },
    {
      "type": "Feature",
      "geometry": {
        "type": "Point",
        "coordinates": [
          28.9869,
          41.0519
        ]
      },
      "properties": {
        "katman": "AIRBNB_ILANI",
        "id": "708860523876802083",
        "ad": "Daire - Şişli",
        "alt_tur": "Daire",
        "fiyat_tl": 4028,
        "fiyat_1_gun_tl": null,
        "fiyat_1_hafta_tl": 4028,
        "fiyat_1_ay_tl": null,
        "fiyat_3_ay_tl": null,
        "puan": 4.63,
        "yorum": 83,
        "url": "https://www.airbnb.com.tr/rooms/708860523876802083"
      }
    },
    {
      "type": "Feature",
      "geometry": {
        "type": "Point",
        "coordinates": [
          28.9867,
          41.055
        ]
      },
      "properties": {
        "katman": "AIRBNB_ILANI",
        "id": "41311684",
        "ad": "Ev - Şişli",
        "alt_tur": "Daire / Ev",
        "fiyat_tl": 4432,
        "fiyat_1_gun_tl": null,
        "fiyat_1_hafta_tl": null,
        "fiyat_1_ay_tl": 4432,
        "fiyat_3_ay_tl": null,
        "puan": 4.75,
        "yorum": 212,
        "url": "https://www.airbnb.com.tr/rooms/41311684"
      }
    },
    {
      "type": "Feature",
      "geometry": {
        "type": "Point",
        "coordinates": [
          28.9866,
          41.0493
        ]
      },
      "properties": {
        "katman": "AIRBNB_ILANI",
        "id": "1254943510557944544",
        "ad": "Otel - Şişli",
        "alt_tur": "Özel Oda",
        "fiyat_tl": 3298,
        "fiyat_1_gun_tl": null,
        "fiyat_1_hafta_tl": null,
        "fiyat_1_ay_tl": 3368,
        "fiyat_3_ay_tl": 3228,
        "puan": 4.97,
        "yorum": 33,
        "url": "https://www.airbnb.com.tr/rooms/1254943510557944544"
      }
    },
    {
      "type": "Feature",
      "geometry": {
        "type": "Point",
        "coordinates": [
          28.99125,
          41.05282
        ]
      },
      "properties": {
        "katman": "AIRBNB_ILANI",
        "id": "1357869411174942589",
        "ad": "Daire - Şişli",
        "alt_tur": "Daire",
        "fiyat_tl": 5356,
        "fiyat_1_gun_tl": null,
        "fiyat_1_hafta_tl": null,
        "fiyat_1_ay_tl": 4974,
        "fiyat_3_ay_tl": 5738,
        "puan": 4.89,
        "yorum": 75,
        "url": "https://www.airbnb.com.tr/rooms/1357869411174942589"
      }
    },
    {
      "type": "Feature",
      "geometry": {
        "type": "Point",
        "coordinates": [
          28.98584,
          41.05582
        ]
      },
      "properties": {
        "katman": "AIRBNB_ILANI",
        "id": "48238395",
        "ad": "Daire - Şişli",
        "alt_tur": "Daire",
        "fiyat_tl": 4290,
        "fiyat_1_gun_tl": null,
        "fiyat_1_hafta_tl": null,
        "fiyat_1_ay_tl": 4290,
        "fiyat_3_ay_tl": null,
        "puan": 4.78,
        "yorum": 126,
        "url": "https://www.airbnb.com.tr/rooms/48238395"
      }
    },
    {
      "type": "Feature",
      "geometry": {
        "type": "Point",
        "coordinates": [
          28.99751501164504,
          41.048019054946394
        ]
      },
      "properties": {
        "katman": "AIRBNB_ILANI",
        "id": "1444917240367617236",
        "ad": "Daire - Beşiktaş",
        "alt_tur": "Daire",
        "fiyat_tl": 5165,
        "fiyat_1_gun_tl": null,
        "fiyat_1_hafta_tl": null,
        "fiyat_1_ay_tl": 5165,
        "fiyat_3_ay_tl": null,
        "puan": 4.94,
        "yorum": 51,
        "url": "https://www.airbnb.com.tr/rooms/1444917240367617236"
      }
    },
    {
      "type": "Feature",
      "geometry": {
        "type": "Point",
        "coordinates": [
          28.98297,
          41.04746
        ]
      },
      "properties": {
        "katman": "AIRBNB_ILANI",
        "id": "1176694435393883974",
        "ad": "Daire - Şişli",
        "alt_tur": "Daire",
        "fiyat_tl": 4087,
        "fiyat_1_gun_tl": null,
        "fiyat_1_hafta_tl": null,
        "fiyat_1_ay_tl": 4087,
        "fiyat_3_ay_tl": null,
        "puan": 4.78,
        "yorum": 63,
        "url": "https://www.airbnb.com.tr/rooms/1176694435393883974"
      }
    },
    {
      "type": "Feature",
      "geometry": {
        "type": "Point",
        "coordinates": [
          28.9816,
          41.0474
        ]
      },
      "properties": {
        "katman": "AIRBNB_ILANI",
        "id": "1109545657673192104",
        "ad": "Daire - Şişli",
        "alt_tur": "Daire",
        "fiyat_tl": 6228,
        "fiyat_1_gun_tl": null,
        "fiyat_1_hafta_tl": null,
        "fiyat_1_ay_tl": 6325,
        "fiyat_3_ay_tl": 6130,
        "puan": 4.93,
        "yorum": 123,
        "url": "https://www.airbnb.com.tr/rooms/1109545657673192104"
      }
    },
    {
      "type": "Feature",
      "geometry": {
        "type": "Point",
        "coordinates": [
          28.9898,
          41.0522
        ]
      },
      "properties": {
        "katman": "AIRBNB_ILANI",
        "id": "589677561585111387",
        "ad": "Otel odası - Şişli",
        "alt_tur": "Özel Oda",
        "fiyat_tl": 3368,
        "fiyat_1_gun_tl": null,
        "fiyat_1_hafta_tl": null,
        "fiyat_1_ay_tl": 3368,
        "fiyat_3_ay_tl": 3368,
        "puan": 5.0,
        "yorum": 3,
        "url": "https://www.airbnb.com.tr/rooms/589677561585111387"
      }
    },
    {
      "type": "Feature",
      "geometry": {
        "type": "Point",
        "coordinates": [
          28.9926,
          41.0539
        ]
      },
      "properties": {
        "katman": "AIRBNB_ILANI",
        "id": "1008616844663014990",
        "ad": "Daire - Şişli",
        "alt_tur": "Daire",
        "fiyat_tl": 7286,
        "fiyat_1_gun_tl": null,
        "fiyat_1_hafta_tl": null,
        "fiyat_1_ay_tl": 7286,
        "fiyat_3_ay_tl": null,
        "puan": 4.66,
        "yorum": 59,
        "url": "https://www.airbnb.com.tr/rooms/1008616844663014990"
      }
    },
    {
      "type": "Feature",
      "geometry": {
        "type": "Point",
        "coordinates": [
          28.9898,
          41.0547
        ]
      },
      "properties": {
        "katman": "AIRBNB_ILANI",
        "id": "1277392215287750945",
        "ad": "Daire - Şişli",
        "alt_tur": "Daire",
        "fiyat_tl": 6500,
        "fiyat_1_gun_tl": null,
        "fiyat_1_hafta_tl": null,
        "fiyat_1_ay_tl": 6500,
        "fiyat_3_ay_tl": null,
        "puan": 5.0,
        "yorum": 5,
        "url": "https://www.airbnb.com.tr/rooms/1277392215287750945"
      }
    },
    {
      "type": "Feature",
      "geometry": {
        "type": "Point",
        "coordinates": [
          28.9863,
          41.05146
        ]
      },
      "properties": {
        "katman": "AIRBNB_ILANI",
        "id": "1038926754391751950",
        "ad": "Oda-kahvaltı - Şişli",
        "alt_tur": "Özel Oda",
        "fiyat_tl": 3099,
        "fiyat_1_gun_tl": null,
        "fiyat_1_hafta_tl": null,
        "fiyat_1_ay_tl": 3099,
        "fiyat_3_ay_tl": null,
        "puan": 4.79,
        "yorum": 43,
        "url": "https://www.airbnb.com.tr/rooms/1038926754391751950"
      }
    },
    {
      "type": "Feature",
      "geometry": {
        "type": "Point",
        "coordinates": [
          28.98553,
          41.05793
        ]
      },
      "properties": {
        "katman": "AIRBNB_ILANI",
        "id": "1632639062656748456",
        "ad": "Daire - Şişli",
        "alt_tur": "Daire",
        "fiyat_tl": 2919,
        "fiyat_1_gun_tl": null,
        "fiyat_1_hafta_tl": null,
        "fiyat_1_ay_tl": 2919,
        "fiyat_3_ay_tl": null,
        "puan": 4.58,
        "yorum": 26,
        "url": "https://www.airbnb.com.tr/rooms/1632639062656748456"
      }
    },
    {
      "type": "Feature",
      "geometry": {
        "type": "Point",
        "coordinates": [
          28.98602,
          41.05032
        ]
      },
      "properties": {
        "katman": "AIRBNB_ILANI",
        "id": "1388492891997306510",
        "ad": "Daire - Şişli",
        "alt_tur": "Daire",
        "fiyat_tl": 6147,
        "fiyat_1_gun_tl": null,
        "fiyat_1_hafta_tl": null,
        "fiyat_1_ay_tl": 6147,
        "fiyat_3_ay_tl": null,
        "puan": 4.78,
        "yorum": 46,
        "url": "https://www.airbnb.com.tr/rooms/1388492891997306510"
      }
    },
    {
      "type": "Feature",
      "geometry": {
        "type": "Point",
        "coordinates": [
          28.98584,
          41.05399
        ]
      },
      "properties": {
        "katman": "AIRBNB_ILANI",
        "id": "48237067",
        "ad": "Daire - Şişli",
        "alt_tur": "Daire",
        "fiyat_tl": 3962,
        "fiyat_1_gun_tl": null,
        "fiyat_1_hafta_tl": null,
        "fiyat_1_ay_tl": null,
        "fiyat_3_ay_tl": 3962,
        "puan": 4.82,
        "yorum": 200,
        "url": "https://www.airbnb.com.tr/rooms/48237067"
      }
    },
    {
      "type": "Feature",
      "geometry": {
        "type": "Point",
        "coordinates": [
          28.98576,
          41.05557
        ]
      },
      "properties": {
        "katman": "AIRBNB_ILANI",
        "id": "635109882169862615",
        "ad": "Daire - Şişli",
        "alt_tur": "Daire",
        "fiyat_tl": 3078,
        "fiyat_1_gun_tl": null,
        "fiyat_1_hafta_tl": null,
        "fiyat_1_ay_tl": null,
        "fiyat_3_ay_tl": 3078,
        "puan": 4.71,
        "yorum": 75,
        "url": "https://www.airbnb.com.tr/rooms/635109882169862615"
      }
    },
    {
      "type": "Feature",
      "geometry": {
        "type": "Point",
        "coordinates": [
          28.9876,
          41.05419
        ]
      },
      "properties": {
        "katman": "AIRBNB_ILANI",
        "id": "608427691087002672",
        "ad": "Daire - Şişli",
        "alt_tur": "Daire",
        "fiyat_tl": 3505,
        "fiyat_1_gun_tl": null,
        "fiyat_1_hafta_tl": null,
        "fiyat_1_ay_tl": null,
        "fiyat_3_ay_tl": 3505,
        "puan": 4.79,
        "yorum": 129,
        "url": "https://www.airbnb.com.tr/rooms/608427691087002672"
      }
    },
    {
      "type": "Feature",
      "geometry": {
        "type": "Point",
        "coordinates": [
          28.9825,
          41.0333
        ]
      },
      "properties": {
        "katman": "AIRBNB_ILANI",
        "id": "1456476249792829755",
        "ad": "Daire - Beyoğlu",
        "alt_tur": "Özel Oda",
        "fiyat_tl": 1600,
        "fiyat_1_gun_tl": null,
        "fiyat_1_hafta_tl": null,
        "fiyat_1_ay_tl": null,
        "fiyat_3_ay_tl": 1600,
        "puan": 4.92,
        "yorum": 103,
        "url": "https://www.airbnb.com.tr/rooms/1456476249792829755"
      }
    },
    {
      "type": "Feature",
      "geometry": {
        "type": "Point",
        "coordinates": [
          28.9904,
          41.0523
        ]
      },
      "properties": {
        "katman": "AIRBNB_ILANI",
        "id": "1476755363986655456",
        "ad": "Daire - Şişli",
        "alt_tur": "Daire",
        "fiyat_tl": 14623,
        "fiyat_1_gun_tl": null,
        "fiyat_1_hafta_tl": null,
        "fiyat_1_ay_tl": null,
        "fiyat_3_ay_tl": 14623,
        "puan": 4.97,
        "yorum": 35,
        "url": "https://www.airbnb.com.tr/rooms/1476755363986655456"
      }
    },
    {
      "type": "Feature",
      "geometry": {
        "type": "Point",
        "coordinates": [
          28.9827,
          41.0379
        ]
      },
      "properties": {
        "katman": "AIRBNB_ILANI",
        "id": "1324040445121535940",
        "ad": "Ev - Beyoğlu",
        "alt_tur": "Daire / Ev",
        "fiyat_tl": 3878,
        "fiyat_1_gun_tl": null,
        "fiyat_1_hafta_tl": null,
        "fiyat_1_ay_tl": null,
        "fiyat_3_ay_tl": 3878,
        "puan": 4.89,
        "yorum": 140,
        "url": "https://www.airbnb.com.tr/rooms/1324040445121535940"
      }
    },
    {
      "type": "Feature",
      "geometry": {
        "type": "Point",
        "coordinates": [
          28.98769,
          41.05464
        ]
      },
      "properties": {
        "katman": "AIRBNB_ILANI",
        "id": "48227345",
        "ad": "Daire - Şişli",
        "alt_tur": "Daire",
        "fiyat_tl": 4796,
        "fiyat_1_gun_tl": null,
        "fiyat_1_hafta_tl": null,
        "fiyat_1_ay_tl": null,
        "fiyat_3_ay_tl": 4796,
        "puan": 4.69,
        "yorum": 124,
        "url": "https://www.airbnb.com.tr/rooms/48227345"
      }
    },
    {
      "type": "Feature",
      "geometry": {
        "type": "Point",
        "coordinates": [
          29.00267,
          41.04514
        ]
      },
      "properties": {
        "katman": "AIRBNB_ILANI",
        "id": "1414371770197759722",
        "ad": "Otel odası - Beşiktaş",
        "alt_tur": "Özel Oda",
        "fiyat_tl": 11227,
        "fiyat_1_gun_tl": null,
        "fiyat_1_hafta_tl": null,
        "fiyat_1_ay_tl": null,
        "fiyat_3_ay_tl": 11227,
        "puan": 4.89,
        "yorum": 66,
        "url": "https://www.airbnb.com.tr/rooms/1414371770197759722"
      }
    },
    {
      "type": "Feature",
      "geometry": {
        "type": "Point",
        "coordinates": [
          28.99903,
          41.04554
        ]
      },
      "properties": {
        "katman": "AIRBNB_ILANI",
        "id": "1410278112043858983",
        "ad": "Daire - Beşiktaş",
        "alt_tur": "Özel Oda",
        "fiyat_tl": 2870,
        "fiyat_1_gun_tl": null,
        "fiyat_1_hafta_tl": null,
        "fiyat_1_ay_tl": null,
        "fiyat_3_ay_tl": 2870,
        "puan": 4.66,
        "yorum": 47,
        "url": "https://www.airbnb.com.tr/rooms/1410278112043858983"
      }
    },
    {
      "type": "Feature",
      "geometry": {
        "type": "Point",
        "coordinates": [
          28.99153,
          41.05571
        ]
      },
      "properties": {
        "katman": "AIRBNB_ILANI",
        "id": "1410842745980798872",
        "ad": "Daire - Şişli",
        "alt_tur": "Daire",
        "fiyat_tl": 3582,
        "fiyat_1_gun_tl": null,
        "fiyat_1_hafta_tl": null,
        "fiyat_1_ay_tl": null,
        "fiyat_3_ay_tl": 3582,
        "puan": 4.77,
        "yorum": 66,
        "url": "https://www.airbnb.com.tr/rooms/1410842745980798872"
      }
    },
    {
      "type": "Feature",
      "geometry": {
        "type": "Point",
        "coordinates": [
          -50.0492,
          -28.959
        ]
      },
      "properties": {
        "katman": "AIRBNB_ILANI",
        "id": "1576878165262254649",
        "ad": "Ev - Cambará do Sul, Brezilya",
        "alt_tur": "Daire / Ev",
        "fiyat_tl": 16548,
        "fiyat_1_gun_tl": null,
        "fiyat_1_hafta_tl": null,
        "fiyat_1_ay_tl": null,
        "fiyat_3_ay_tl": 16548,
        "puan": 5.0,
        "yorum": 14,
        "url": "https://www.airbnb.com.tr/rooms/1576878165262254649"
      }
    },
    {
      "type": "Feature",
      "geometry": {
        "type": "Point",
        "coordinates": [
          115.1831,
          -8.7141
        ]
      },
      "properties": {
        "katman": "AIRBNB_ILANI",
        "id": "1759271237376648912",
        "ad": "Kuta, Endonezya bölgesinde oda",
        "alt_tur": "Özel Oda",
        "fiyat_tl": 825,
        "fiyat_1_gun_tl": 825,
        "fiyat_1_hafta_tl": null,
        "fiyat_1_ay_tl": null,
        "fiyat_3_ay_tl": null,
        "puan": null,
        "yorum": 0,
        "url": "https://www.airbnb.com.tr/rooms/1759271237376648912"
      }
    },
    {
      "type": "Feature",
      "geometry": {
        "type": "Point",
        "coordinates": [
          -50.4495,
          -21.1759
        ]
      },
      "properties": {
        "katman": "AIRBNB_ILANI",
        "id": "1763180684061293054",
        "ad": "Daire - Araçatuba, Brezilya",
        "alt_tur": "Daire",
        "fiyat_tl": 1843,
        "fiyat_1_gun_tl": 1843,
        "fiyat_1_hafta_tl": null,
        "fiyat_1_ay_tl": null,
        "fiyat_3_ay_tl": null,
        "puan": null,
        "yorum": 0,
        "url": "https://www.airbnb.com.tr/rooms/1763180684061293054"
      }
    },
    {
      "type": "Feature",
      "geometry": {
        "type": "Point",
        "coordinates": [
          -49.618,
          -17.2759
        ]
      },
      "properties": {
        "katman": "AIRBNB_ILANI",
        "id": "1284031084499248366",
        "ad": "Besi çiftliği - Cezarina, Brezilya",
        "alt_tur": "Daire / Ev",
        "fiyat_tl": 5784,
        "fiyat_1_gun_tl": null,
        "fiyat_1_hafta_tl": null,
        "fiyat_1_ay_tl": 5784,
        "fiyat_3_ay_tl": null,
        "puan": 5.0,
        "yorum": 5,
        "url": "https://www.airbnb.com.tr/rooms/1284031084499248366"
      }
    },
    {
      "type": "Feature",
      "geometry": {
        "type": "Point",
        "coordinates": [
          -80.28152,
          33.30657
        ]
      },
      "properties": {
        "katman": "AIRBNB_ILANI",
        "id": "1448507539064220666",
        "ad": "Çiftlikte konaklama - Eutawville, Güney Carolina, Amerika Birleşik Devletleri",
        "alt_tur": "Daire / Ev",
        "fiyat_tl": 14742,
        "fiyat_1_gun_tl": null,
        "fiyat_1_hafta_tl": null,
        "fiyat_1_ay_tl": 14742,
        "fiyat_3_ay_tl": null,
        "puan": 4.96,
        "yorum": 23,
        "url": "https://www.airbnb.com.tr/rooms/1448507539064220666"
      }
    },
    {
      "type": "Feature",
      "geometry": {
        "type": "Point",
        "coordinates": [
          -74.7296,
          4.1699
        ]
      },
      "properties": {
        "katman": "AIRBNB_ILANI",
        "id": "1689992299510262286",
        "ad": "Ev - Carmen de Apicalá, Kolombiya",
        "alt_tur": "Daire / Ev",
        "fiyat_tl": 15546,
        "fiyat_1_gun_tl": null,
        "fiyat_1_hafta_tl": null,
        "fiyat_1_ay_tl": 15546,
        "fiyat_3_ay_tl": null,
        "puan": 5.0,
        "yorum": 37,
        "url": "https://www.airbnb.com.tr/rooms/1689992299510262286"
      }
    },
    {
      "type": "Feature",
      "geometry": {
        "type": "Point",
        "coordinates": [
          36.11945523384655,
          36.19663854640965
        ]
      },
      "properties": {
        "katman": "AIRBNB_ILANI",
        "id": "1467199247727446744",
        "ad": "Daire - Defne",
        "alt_tur": "Daire",
        "fiyat_tl": 2605,
        "fiyat_1_gun_tl": 2605,
        "fiyat_1_hafta_tl": null,
        "fiyat_1_ay_tl": null,
        "fiyat_3_ay_tl": 2605,
        "puan": 4.33,
        "yorum": 12,
        "url": "https://www.airbnb.com.tr/rooms/1467199247727446744"
      }
    },
    {
      "type": "Feature",
      "geometry": {
        "type": "Point",
        "coordinates": [
          36.1995,
          36.3302
        ]
      },
      "properties": {
        "katman": "AIRBNB_ILANI",
        "id": "1639696909792487403",
        "ad": "Ev - Antakya",
        "alt_tur": "Daire / Ev",
        "fiyat_tl": 2132,
        "fiyat_1_gun_tl": 2132,
        "fiyat_1_hafta_tl": null,
        "fiyat_1_ay_tl": null,
        "fiyat_3_ay_tl": 2132,
        "puan": 4.4,
        "yorum": 10,
        "url": "https://www.airbnb.com.tr/rooms/1639696909792487403"
      }
    },
    {
      "type": "Feature",
      "geometry": {
        "type": "Point",
        "coordinates": [
          36.1643,
          36.1981
        ]
      },
      "properties": {
        "katman": "AIRBNB_ILANI",
        "id": "1768023562989380723",
        "ad": "Otel - Antakya",
        "alt_tur": "Özel Oda",
        "fiyat_tl": 5614,
        "fiyat_1_gun_tl": 5628,
        "fiyat_1_hafta_tl": null,
        "fiyat_1_ay_tl": null,
        "fiyat_3_ay_tl": 5600,
        "puan": null,
        "yorum": 0,
        "url": "https://www.airbnb.com.tr/rooms/1768023562989380723"
      }
    },
    {
      "type": "Feature",
      "geometry": {
        "type": "Point",
        "coordinates": [
          36.11956406691178,
          36.19789238142914
        ]
      },
      "properties": {
        "katman": "AIRBNB_ILANI",
        "id": "1515356826190248347",
        "ad": "Daire - Defne",
        "alt_tur": "Daire",
        "fiyat_tl": 4382,
        "fiyat_1_gun_tl": 4382,
        "fiyat_1_hafta_tl": null,
        "fiyat_1_ay_tl": null,
        "fiyat_3_ay_tl": 4382,
        "puan": null,
        "yorum": 0,
        "url": "https://www.airbnb.com.tr/rooms/1515356826190248347"
      }
    },
    {
      "type": "Feature",
      "geometry": {
        "type": "Point",
        "coordinates": [
          36.1643,
          36.1981
        ]
      },
      "properties": {
        "katman": "AIRBNB_ILANI",
        "id": "1768029589229753482",
        "ad": "Otel - Antakya",
        "alt_tur": "Özel Oda",
        "fiyat_tl": 5012,
        "fiyat_1_gun_tl": 5025,
        "fiyat_1_hafta_tl": null,
        "fiyat_1_ay_tl": null,
        "fiyat_3_ay_tl": 5000,
        "puan": null,
        "yorum": 0,
        "url": "https://www.airbnb.com.tr/rooms/1768029589229753482"
      }
    },
    {
      "type": "Feature",
      "geometry": {
        "type": "Point",
        "coordinates": [
          36.228202458468154,
          36.32967112250007
        ]
      },
      "properties": {
        "katman": "AIRBNB_ILANI",
        "id": "1658151950093534247",
        "ad": "Daire - Zülüflühan",
        "alt_tur": "Daire",
        "fiyat_tl": 2339,
        "fiyat_1_gun_tl": 2724,
        "fiyat_1_hafta_tl": null,
        "fiyat_1_ay_tl": null,
        "fiyat_3_ay_tl": 1954,
        "puan": null,
        "yorum": 0,
        "url": "https://www.airbnb.com.tr/rooms/1658151950093534247"
      }
    },
    {
      "type": "Feature",
      "geometry": {
        "type": "Point",
        "coordinates": [
          36.1359,
          36.1964
        ]
      },
      "properties": {
        "katman": "AIRBNB_ILANI",
        "id": "1528366629571487776",
        "ad": "Antakya bölgesinde oda",
        "alt_tur": "Özel Oda",
        "fiyat_tl": 2724,
        "fiyat_1_gun_tl": 2724,
        "fiyat_1_hafta_tl": null,
        "fiyat_1_ay_tl": null,
        "fiyat_3_ay_tl": 2724,
        "puan": 4.4,
        "yorum": 5,
        "url": "https://www.airbnb.com.tr/rooms/1528366629571487776"
      }
    },
    {
      "type": "Feature",
      "geometry": {
        "type": "Point",
        "coordinates": [
          36.121383948395994,
          36.196920309674354
        ]
      },
      "properties": {
        "katman": "AIRBNB_ILANI",
        "id": "1562819726402769554",
        "ad": "Daire - Antakya",
        "alt_tur": "Daire",
        "fiyat_tl": 4145,
        "fiyat_1_gun_tl": 4145,
        "fiyat_1_hafta_tl": null,
        "fiyat_1_ay_tl": null,
        "fiyat_3_ay_tl": 4145,
        "puan": 4.0,
        "yorum": 7,
        "url": "https://www.airbnb.com.tr/rooms/1562819726402769554"
      }
    },
    {
      "type": "Feature",
      "geometry": {
        "type": "Point",
        "coordinates": [
          36.20061112768738,
          36.3310442987635
        ]
      },
      "properties": {
        "katman": "AIRBNB_ILANI",
        "id": "1524568780418468153",
        "ad": "Antakya bölgesinde oda",
        "alt_tur": "Özel Oda",
        "fiyat_tl": 2901,
        "fiyat_1_gun_tl": 2901,
        "fiyat_1_hafta_tl": null,
        "fiyat_1_ay_tl": null,
        "fiyat_3_ay_tl": 2901,
        "puan": 4.89,
        "yorum": 9,
        "url": "https://www.airbnb.com.tr/rooms/1524568780418468153"
      }
    },
    {
      "type": "Feature",
      "geometry": {
        "type": "Point",
        "coordinates": [
          36.1643,
          36.1981
        ]
      },
      "properties": {
        "katman": "AIRBNB_ILANI",
        "id": "1768025703280117109",
        "ad": "Otel - Antakya",
        "alt_tur": "Özel Oda",
        "fiyat_tl": 5814,
        "fiyat_1_gun_tl": 5829,
        "fiyat_1_hafta_tl": null,
        "fiyat_1_ay_tl": null,
        "fiyat_3_ay_tl": 5800,
        "puan": null,
        "yorum": 0,
        "url": "https://www.airbnb.com.tr/rooms/1768025703280117109"
      }
    },
    {
      "type": "Feature",
      "geometry": {
        "type": "Point",
        "coordinates": [
          36.1643,
          36.1981
        ]
      },
      "properties": {
        "katman": "AIRBNB_ILANI",
        "id": "1768032034235733369",
        "ad": "Otel - Antakya",
        "alt_tur": "Özel Oda",
        "fiyat_tl": 5814,
        "fiyat_1_gun_tl": 5829,
        "fiyat_1_hafta_tl": null,
        "fiyat_1_ay_tl": null,
        "fiyat_3_ay_tl": 5800,
        "puan": null,
        "yorum": 0,
        "url": "https://www.airbnb.com.tr/rooms/1768032034235733369"
      }
    },
    {
      "type": "Feature",
      "geometry": {
        "type": "Point",
        "coordinates": [
          36.1643,
          36.1981
        ]
      },
      "properties": {
        "katman": "AIRBNB_ILANI",
        "id": "1767983949633628353",
        "ad": "Otel - Antakya",
        "alt_tur": "Daire / Ev",
        "fiyat_tl": 5614,
        "fiyat_1_gun_tl": 5628,
        "fiyat_1_hafta_tl": null,
        "fiyat_1_ay_tl": null,
        "fiyat_3_ay_tl": 5600,
        "puan": null,
        "yorum": 0,
        "url": "https://www.airbnb.com.tr/rooms/1767983949633628353"
      }
    },
    {
      "type": "Feature",
      "geometry": {
        "type": "Point",
        "coordinates": [
          36.1643,
          36.1981
        ]
      },
      "properties": {
        "katman": "AIRBNB_ILANI",
        "id": "1767989153940943705",
        "ad": "Otel - Antakya",
        "alt_tur": "Daire / Ev",
        "fiyat_tl": 5814,
        "fiyat_1_gun_tl": 5829,
        "fiyat_1_hafta_tl": null,
        "fiyat_1_ay_tl": null,
        "fiyat_3_ay_tl": 5800,
        "puan": null,
        "yorum": 0,
        "url": "https://www.airbnb.com.tr/rooms/1767989153940943705"
      }
    },
    {
      "type": "Feature",
      "geometry": {
        "type": "Point",
        "coordinates": [
          36.1644,
          36.198
        ]
      },
      "properties": {
        "katman": "AIRBNB_ILANI",
        "id": "1734042851491289255",
        "ad": "Antakya bölgesinde oda",
        "alt_tur": "Özel Oda",
        "fiyat_tl": 6200,
        "fiyat_1_gun_tl": 6200,
        "fiyat_1_hafta_tl": null,
        "fiyat_1_ay_tl": null,
        "fiyat_3_ay_tl": 6200,
        "puan": null,
        "yorum": 0,
        "url": "https://www.airbnb.com.tr/rooms/1734042851491289255"
      }
    },
    {
      "type": "Feature",
      "geometry": {
        "type": "Point",
        "coordinates": [
          36.1643,
          36.1981
        ]
      },
      "properties": {
        "katman": "AIRBNB_ILANI",
        "id": "1767987261213425428",
        "ad": "Otel - Antakya",
        "alt_tur": "Özel Oda",
        "fiyat_tl": 5614,
        "fiyat_1_gun_tl": 5628,
        "fiyat_1_hafta_tl": null,
        "fiyat_1_ay_tl": null,
        "fiyat_3_ay_tl": 5600,
        "puan": null,
        "yorum": 0,
        "url": "https://www.airbnb.com.tr/rooms/1767987261213425428"
      }
    },
    {
      "type": "Feature",
      "geometry": {
        "type": "Point",
        "coordinates": [
          36.1643,
          36.1981
        ]
      },
      "properties": {
        "katman": "AIRBNB_ILANI",
        "id": "1767922951979685166",
        "ad": "Otel - Antakya",
        "alt_tur": "Özel Oda",
        "fiyat_tl": 4824,
        "fiyat_1_gun_tl": 4824,
        "fiyat_1_hafta_tl": null,
        "fiyat_1_ay_tl": null,
        "fiyat_3_ay_tl": null,
        "puan": null,
        "yorum": 0,
        "url": "https://www.airbnb.com.tr/rooms/1767922951979685166"
      }
    },
    {
      "type": "Feature",
      "geometry": {
        "type": "Point",
        "coordinates": [
          36.1643,
          36.1981
        ]
      },
      "properties": {
        "katman": "AIRBNB_ILANI",
        "id": "1767911607487224341",
        "ad": "Otel - Antakya",
        "alt_tur": "Özel Oda",
        "fiyat_tl": 5025,
        "fiyat_1_gun_tl": 5025,
        "fiyat_1_hafta_tl": null,
        "fiyat_1_ay_tl": null,
        "fiyat_3_ay_tl": null,
        "puan": null,
        "yorum": 0,
        "url": "https://www.airbnb.com.tr/rooms/1767911607487224341"
      }
    },
    {
      "type": "Feature",
      "geometry": {
        "type": "Point",
        "coordinates": [
          36.1643,
          36.1981
        ]
      },
      "properties": {
        "katman": "AIRBNB_ILANI",
        "id": "1767926442403896419",
        "ad": "Otel - Antakya",
        "alt_tur": "Özel Oda",
        "fiyat_tl": 4824,
        "fiyat_1_gun_tl": 4824,
        "fiyat_1_hafta_tl": null,
        "fiyat_1_ay_tl": null,
        "fiyat_3_ay_tl": null,
        "puan": null,
        "yorum": 0,
        "url": "https://www.airbnb.com.tr/rooms/1767926442403896419"
      }
    },
    {
      "type": "Feature",
      "geometry": {
        "type": "Point",
        "coordinates": [
          36.1637,
          36.1985
        ]
      },
      "properties": {
        "katman": "AIRBNB_ILANI",
        "id": "1757149050458503068",
        "ad": "Otel - Antakya",
        "alt_tur": "Daire / Ev",
        "fiyat_tl": 3929,
        "fiyat_1_gun_tl": null,
        "fiyat_1_hafta_tl": null,
        "fiyat_1_ay_tl": null,
        "fiyat_3_ay_tl": 3929,
        "puan": null,
        "yorum": 0,
        "url": "https://www.airbnb.com.tr/rooms/1757149050458503068"
      }
    },
    {
      "type": "Feature",
      "geometry": {
        "type": "Point",
        "coordinates": [
          36.209,
          36.3415
        ]
      },
      "properties": {
        "katman": "AIRBNB_ILANI",
        "id": "1752932811661748072",
        "ad": "Otel - Zülüflühan",
        "alt_tur": "Daire / Ev",
        "fiyat_tl": 3500,
        "fiyat_1_gun_tl": null,
        "fiyat_1_hafta_tl": null,
        "fiyat_1_ay_tl": null,
        "fiyat_3_ay_tl": 3500,
        "puan": null,
        "yorum": 0,
        "url": "https://www.airbnb.com.tr/rooms/1752932811661748072"
      }
    },
    {
      "type": "Feature",
      "geometry": {
        "type": "Point",
        "coordinates": [
          36.1643,
          36.1981
        ]
      },
      "properties": {
        "katman": "AIRBNB_ILANI",
        "id": "1767921494196302771",
        "ad": "Otel - Antakya",
        "alt_tur": "Özel Oda",
        "fiyat_tl": 4999,
        "fiyat_1_gun_tl": null,
        "fiyat_1_hafta_tl": null,
        "fiyat_1_ay_tl": null,
        "fiyat_3_ay_tl": 4999,
        "puan": null,
        "yorum": 0,
        "url": "https://www.airbnb.com.tr/rooms/1767921494196302771"
      }
    },
    {
      "type": "Feature",
      "geometry": {
        "type": "Point",
        "coordinates": [
          81.0108,
          26.7794
        ]
      },
      "properties": {
        "katman": "AIRBNB_ILANI",
        "id": "1758903985521947352",
        "ad": "Ev - Lucknow, Hindistan",
        "alt_tur": "Özel Oda",
        "fiyat_tl": 2687,
        "fiyat_1_gun_tl": 2687,
        "fiyat_1_hafta_tl": null,
        "fiyat_1_ay_tl": null,
        "fiyat_3_ay_tl": null,
        "puan": 5.0,
        "yorum": 3,
        "url": "https://www.airbnb.com.tr/rooms/1758903985521947352"
      }
    },
    {
      "type": "Feature",
      "geometry": {
        "type": "Point",
        "coordinates": [
          -93.11393,
          34.43395
        ]
      },
      "properties": {
        "katman": "AIRBNB_ILANI",
        "id": "1765553363981157775",
        "ad": "Ev - Hot Springs, Arkansas, Amerika Birleşik Devletleri",
        "alt_tur": "Müstakil Villa",
        "fiyat_tl": 23475,
        "fiyat_1_gun_tl": null,
        "fiyat_1_hafta_tl": null,
        "fiyat_1_ay_tl": null,
        "fiyat_3_ay_tl": 23475,
        "puan": 5.0,
        "yorum": 3,
        "url": "https://www.airbnb.com.tr/rooms/1765553363981157775"
      }
    },
    {
      "type": "Feature",
      "geometry": {
        "type": "Point",
        "coordinates": [
          72.9737,
          19.2771
        ]
      },
      "properties": {
        "katman": "AIRBNB_ILANI",
        "id": "1721033972971798523",
        "ad": "Daire - Thane, Hindistan",
        "alt_tur": "Daire",
        "fiyat_tl": 963,
        "fiyat_1_gun_tl": 963,
        "fiyat_1_hafta_tl": null,
        "fiyat_1_ay_tl": null,
        "fiyat_3_ay_tl": null,
        "puan": null,
        "yorum": 0,
        "url": "https://www.airbnb.com.tr/rooms/1721033972971798523"
      }
    },
    {
      "type": "Feature",
      "geometry": {
        "type": "Point",
        "coordinates": [
          -75.5064,
          10.4582
        ]
      },
      "properties": {
        "katman": "AIRBNB_ILANI",
        "id": "1736604576840651256",
        "ad": "Daire - La Boquilla, Kolombiya",
        "alt_tur": "Daire",
        "fiyat_tl": 5852,
        "fiyat_1_gun_tl": 5852,
        "fiyat_1_hafta_tl": null,
        "fiyat_1_ay_tl": null,
        "fiyat_3_ay_tl": null,
        "puan": null,
        "yorum": 0,
        "url": "https://www.airbnb.com.tr/rooms/1736604576840651256"
      }
    },
    {
      "type": "Feature",
      "geometry": {
        "type": "Point",
        "coordinates": [
          -48.6817,
          -26.7377
        ]
      },
      "properties": {
        "katman": "AIRBNB_ILANI",
        "id": "1742140226355583749",
        "ad": "Daire - Balneário Piçarras, Brezilya",
        "alt_tur": "Daire",
        "fiyat_tl": 4338,
        "fiyat_1_gun_tl": 4338,
        "fiyat_1_hafta_tl": null,
        "fiyat_1_ay_tl": null,
        "fiyat_3_ay_tl": null,
        "puan": null,
        "yorum": 0,
        "url": "https://www.airbnb.com.tr/rooms/1742140226355583749"
      }
    },
    {
      "type": "Feature",
      "geometry": {
        "type": "Point",
        "coordinates": [
          80.2036,
          12.9114
        ]
      },
      "properties": {
        "katman": "AIRBNB_ILANI",
        "id": "1770189988486189987",
        "ad": "Daire - Chennai, Hindistan",
        "alt_tur": "Özel Oda",
        "fiyat_tl": 1267,
        "fiyat_1_gun_tl": null,
        "fiyat_1_hafta_tl": null,
        "fiyat_1_ay_tl": null,
        "fiyat_3_ay_tl": 1267,
        "puan": 5.0,
        "yorum": 3,
        "url": "https://www.airbnb.com.tr/rooms/1770189988486189987"
      }
    },
    {
      "type": "Feature",
      "geometry": {
        "type": "Point",
        "coordinates": [
          -43.348557919722246,
          -21.76581112610332
        ]
      },
      "properties": {
        "katman": "AIRBNB_ILANI",
        "id": "1424772060070487184",
        "ad": "Daire - Juiz de Fora",
        "alt_tur": "Daire",
        "fiyat_tl": 1287,
        "fiyat_1_gun_tl": null,
        "fiyat_1_hafta_tl": 1287,
        "fiyat_1_ay_tl": null,
        "fiyat_3_ay_tl": null,
        "puan": 4.9,
        "yorum": 101,
        "url": "https://www.airbnb.com.tr/rooms/1424772060070487184"
      }
    },
    {
      "type": "Feature",
      "geometry": {
        "type": "Point",
        "coordinates": [
          -43.3478,
          -21.7659
        ]
      },
      "properties": {
        "katman": "AIRBNB_ILANI",
        "id": "772289854169994490",
        "ad": "Daire - Juiz de Fora",
        "alt_tur": "Daire",
        "fiyat_tl": 2131,
        "fiyat_1_gun_tl": null,
        "fiyat_1_hafta_tl": 1833,
        "fiyat_1_ay_tl": 2429,
        "fiyat_3_ay_tl": null,
        "puan": 4.96,
        "yorum": 348,
        "url": "https://www.airbnb.com.tr/rooms/772289854169994490"
      }
    },
    {
      "type": "Feature",
      "geometry": {
        "type": "Point",
        "coordinates": [
          -43.34778,
          -21.76524
        ]
      },
      "properties": {
        "katman": "AIRBNB_ILANI",
        "id": "1238899873285412915",
        "ad": "Daire - Juiz de Fora",
        "alt_tur": "Daire",
        "fiyat_tl": 1569,
        "fiyat_1_gun_tl": null,
        "fiyat_1_hafta_tl": 1399,
        "fiyat_1_ay_tl": 1739,
        "fiyat_3_ay_tl": null,
        "puan": 4.82,
        "yorum": 50,
        "url": "https://www.airbnb.com.tr/rooms/1238899873285412915"
      }
    },
    {
      "type": "Feature",
      "geometry": {
        "type": "Point",
        "coordinates": [
          -43.34857,
          -21.76466
        ]
      },
      "properties": {
        "katman": "AIRBNB_ILANI",
        "id": "1105645704578843568",
        "ad": "Daire - Juiz de Fora",
        "alt_tur": "Daire",
        "fiyat_tl": 1810,
        "fiyat_1_gun_tl": null,
        "fiyat_1_hafta_tl": 1810,
        "fiyat_1_ay_tl": null,
        "fiyat_3_ay_tl": null,
        "puan": 5.0,
        "yorum": 15,
        "url": "https://www.airbnb.com.tr/rooms/1105645704578843568"
      }
    },
    {
      "type": "Feature",
      "geometry": {
        "type": "Point",
        "coordinates": [
          -43.348262753085756,
          -21.764700759847823
        ]
      },
      "properties": {
        "katman": "AIRBNB_ILANI",
        "id": "1475311610212573930",
        "ad": "Daire - Juiz de Fora",
        "alt_tur": "Daire",
        "fiyat_tl": 1880,
        "fiyat_1_gun_tl": null,
        "fiyat_1_hafta_tl": 1814,
        "fiyat_1_ay_tl": 1947,
        "fiyat_3_ay_tl": null,
        "puan": 4.94,
        "yorum": 51,
        "url": "https://www.airbnb.com.tr/rooms/1475311610212573930"
      }
    },
    {
      "type": "Feature",
      "geometry": {
        "type": "Point",
        "coordinates": [
          -43.3477,
          -21.7658
        ]
      },
      "properties": {
        "katman": "AIRBNB_ILANI",
        "id": "1752239480180930453",
        "ad": "Daire - Juiz de Fora",
        "alt_tur": "Daire",
        "fiyat_tl": 1975,
        "fiyat_1_gun_tl": null,
        "fiyat_1_hafta_tl": 1928,
        "fiyat_1_ay_tl": 2022,
        "fiyat_3_ay_tl": null,
        "puan": 5.0,
        "yorum": 8,
        "url": "https://www.airbnb.com.tr/rooms/1752239480180930453"
      }
    },
    {
      "type": "Feature",
      "geometry": {
        "type": "Point",
        "coordinates": [
          -43.34866,
          -21.76526
        ]
      },
      "properties": {
        "katman": "AIRBNB_ILANI",
        "id": "1242282318042183143",
        "ad": "Daire - Juiz de Fora",
        "alt_tur": "Daire",
        "fiyat_tl": 2006,
        "fiyat_1_gun_tl": null,
        "fiyat_1_hafta_tl": 1959,
        "fiyat_1_ay_tl": 2053,
        "fiyat_3_ay_tl": null,
        "puan": 4.64,
        "yorum": 53,
        "url": "https://www.airbnb.com.tr/rooms/1242282318042183143"
      }
    },
    {
      "type": "Feature",
      "geometry": {
        "type": "Point",
        "coordinates": [
          -43.3481,
          -21.7667
        ]
      },
      "properties": {
        "katman": "AIRBNB_ILANI",
        "id": "812555866796950437",
        "ad": "Daire - Juiz de Fora",
        "alt_tur": "Daire",
        "fiyat_tl": 1531,
        "fiyat_1_gun_tl": null,
        "fiyat_1_hafta_tl": 1531,
        "fiyat_1_ay_tl": null,
        "fiyat_3_ay_tl": null,
        "puan": 4.95,
        "yorum": 353,
        "url": "https://www.airbnb.com.tr/rooms/812555866796950437"
      }
    },
    {
      "type": "Feature",
      "geometry": {
        "type": "Point",
        "coordinates": [
          -43.3477,
          -21.7658
        ]
      },
      "properties": {
        "katman": "AIRBNB_ILANI",
        "id": "1769582075863044500",
        "ad": "Daire - Juiz de Fora",
        "alt_tur": "Daire",
        "fiyat_tl": 1756,
        "fiyat_1_gun_tl": null,
        "fiyat_1_hafta_tl": 1696,
        "fiyat_1_ay_tl": 1815,
        "fiyat_3_ay_tl": null,
        "puan": null,
        "yorum": 0,
        "url": "https://www.airbnb.com.tr/rooms/1769582075863044500"
      }
    },
    {
      "type": "Feature",
      "geometry": {
        "type": "Point",
        "coordinates": [
          -43.34852536517233,
          -21.76476875141029
        ]
      },
      "properties": {
        "katman": "AIRBNB_ILANI",
        "id": "1289210864408544044",
        "ad": "Otel odası - Juiz de Fora",
        "alt_tur": "Özel Oda",
        "fiyat_tl": 1777,
        "fiyat_1_gun_tl": null,
        "fiyat_1_hafta_tl": 1577,
        "fiyat_1_ay_tl": 1977,
        "fiyat_3_ay_tl": null,
        "puan": 4.64,
        "yorum": 56,
        "url": "https://www.airbnb.com.tr/rooms/1289210864408544044"
      }
    },
    {
      "type": "Feature",
      "geometry": {
        "type": "Point",
        "coordinates": [
          -43.34927,
          -21.76571
        ]
      },
      "properties": {
        "katman": "AIRBNB_ILANI",
        "id": "1070144681895929961",
        "ad": "Daire - Juiz de Fora",
        "alt_tur": "Daire",
        "fiyat_tl": 1300,
        "fiyat_1_gun_tl": null,
        "fiyat_1_hafta_tl": 1134,
        "fiyat_1_ay_tl": 1465,
        "fiyat_3_ay_tl": null,
        "puan": 4.91,
        "yorum": 182,
        "url": "https://www.airbnb.com.tr/rooms/1070144681895929961"
      }
    },
    {
      "type": "Feature",
      "geometry": {
        "type": "Point",
        "coordinates": [
          -43.3475,
          -21.7657
        ]
      },
      "properties": {
        "katman": "AIRBNB_ILANI",
        "id": "923166724047971730",
        "ad": "Daire - Juiz de Fora",
        "alt_tur": "Daire",
        "fiyat_tl": 2391,
        "fiyat_1_gun_tl": null,
        "fiyat_1_hafta_tl": 2301,
        "fiyat_1_ay_tl": 2481,
        "fiyat_3_ay_tl": null,
        "puan": 4.93,
        "yorum": 126,
        "url": "https://www.airbnb.com.tr/rooms/923166724047971730"
      }
    },
    {
      "type": "Feature",
      "geometry": {
        "type": "Point",
        "coordinates": [
          -43.3475,
          -21.7657
        ]
      },
      "properties": {
        "katman": "AIRBNB_ILANI",
        "id": "693634900862422168",
        "ad": "Daire - Juiz de Fora",
        "alt_tur": "Daire",
        "fiyat_tl": 1711,
        "fiyat_1_gun_tl": null,
        "fiyat_1_hafta_tl": 1711,
        "fiyat_1_ay_tl": null,
        "fiyat_3_ay_tl": null,
        "puan": 4.84,
        "yorum": 87,
        "url": "https://www.airbnb.com.tr/rooms/693634900862422168"
      }
    },
    {
      "type": "Feature",
      "geometry": {
        "type": "Point",
        "coordinates": [
          -43.34823,
          -21.76604
        ]
      },
      "properties": {
        "katman": "AIRBNB_ILANI",
        "id": "1127020255247444920",
        "ad": "Daire - Juiz de Fora",
        "alt_tur": "Daire",
        "fiyat_tl": 2339,
        "fiyat_1_gun_tl": null,
        "fiyat_1_hafta_tl": 2339,
        "fiyat_1_ay_tl": null,
        "fiyat_3_ay_tl": null,
        "puan": 4.94,
        "yorum": 238,
        "url": "https://www.airbnb.com.tr/rooms/1127020255247444920"
      }
    },
    {
      "type": "Feature",
      "geometry": {
        "type": "Point",
        "coordinates": [
          -43.3475,
          -21.7658
        ]
      },
      "properties": {
        "katman": "AIRBNB_ILANI",
        "id": "836371787276900352",
        "ad": "Daire - Juiz de Fora",
        "alt_tur": "Daire",
        "fiyat_tl": 2036,
        "fiyat_1_gun_tl": null,
        "fiyat_1_hafta_tl": 2013,
        "fiyat_1_ay_tl": 2060,
        "fiyat_3_ay_tl": null,
        "puan": 4.98,
        "yorum": 96,
        "url": "https://www.airbnb.com.tr/rooms/836371787276900352"
      }
    },
    {
      "type": "Feature",
      "geometry": {
        "type": "Point",
        "coordinates": [
          -43.34720396460739,
          -21.7651763908029
        ]
      },
      "properties": {
        "katman": "AIRBNB_ILANI",
        "id": "1379705245005598174",
        "ad": "Daire - Juiz de Fora",
        "alt_tur": "Daire",
        "fiyat_tl": 1980,
        "fiyat_1_gun_tl": null,
        "fiyat_1_hafta_tl": 1980,
        "fiyat_1_ay_tl": null,
        "fiyat_3_ay_tl": null,
        "puan": 4.92,
        "yorum": 26,
        "url": "https://www.airbnb.com.tr/rooms/1379705245005598174"
      }
    },
    {
      "type": "Feature",
      "geometry": {
        "type": "Point",
        "coordinates": [
          -43.3475,
          -21.7657
        ]
      },
      "properties": {
        "katman": "AIRBNB_ILANI",
        "id": "1481263371775212523",
        "ad": "Daire - Juiz de Fora",
        "alt_tur": "Daire",
        "fiyat_tl": 2084,
        "fiyat_1_gun_tl": null,
        "fiyat_1_hafta_tl": 2084,
        "fiyat_1_ay_tl": null,
        "fiyat_3_ay_tl": null,
        "puan": 4.86,
        "yorum": 44,
        "url": "https://www.airbnb.com.tr/rooms/1481263371775212523"
      }
    },
    {
      "type": "Feature",
      "geometry": {
        "type": "Point",
        "coordinates": [
          -43.3476,
          -21.7657
        ]
      },
      "properties": {
        "katman": "AIRBNB_ILANI",
        "id": "1335413603426811900",
        "ad": "Daire - Juiz de Fora",
        "alt_tur": "Daire",
        "fiyat_tl": 1602,
        "fiyat_1_gun_tl": null,
        "fiyat_1_hafta_tl": 1602,
        "fiyat_1_ay_tl": 1602,
        "fiyat_3_ay_tl": null,
        "puan": 4.81,
        "yorum": 62,
        "url": "https://www.airbnb.com.tr/rooms/1335413603426811900"
      }
    },
    {
      "type": "Feature",
      "geometry": {
        "type": "Point",
        "coordinates": [
          -43.3475,
          -21.7657
        ]
      },
      "properties": {
        "katman": "AIRBNB_ILANI",
        "id": "1516691873396613200",
        "ad": "Daire - Juiz de Fora",
        "alt_tur": "Daire",
        "fiyat_tl": 2311,
        "fiyat_1_gun_tl": null,
        "fiyat_1_hafta_tl": null,
        "fiyat_1_ay_tl": 2311,
        "fiyat_3_ay_tl": null,
        "puan": 4.82,
        "yorum": 33,
        "url": "https://www.airbnb.com.tr/rooms/1516691873396613200"
      }
    },
    {
      "type": "Feature",
      "geometry": {
        "type": "Point",
        "coordinates": [
          -43.3475,
          -21.7657
        ]
      },
      "properties": {
        "katman": "AIRBNB_ILANI",
        "id": "810227844291374711",
        "ad": "Daire - Juiz de Fora",
        "alt_tur": "Daire",
        "fiyat_tl": 2084,
        "fiyat_1_gun_tl": null,
        "fiyat_1_hafta_tl": null,
        "fiyat_1_ay_tl": 2084,
        "fiyat_3_ay_tl": null,
        "puan": 4.94,
        "yorum": 98,
        "url": "https://www.airbnb.com.tr/rooms/810227844291374711"
      }
    },
    {
      "type": "Feature",
      "geometry": {
        "type": "Point",
        "coordinates": [
          -43.34836,
          -21.76672
        ]
      },
      "properties": {
        "katman": "AIRBNB_ILANI",
        "id": "1439778457114700551",
        "ad": "Daire - Juiz de Fora",
        "alt_tur": "Daire",
        "fiyat_tl": 2339,
        "fiyat_1_gun_tl": null,
        "fiyat_1_hafta_tl": null,
        "fiyat_1_ay_tl": 2339,
        "fiyat_3_ay_tl": null,
        "puan": 4.89,
        "yorum": 35,
        "url": "https://www.airbnb.com.tr/rooms/1439778457114700551"
      }
    },
    {
      "type": "Feature",
      "geometry": {
        "type": "Point",
        "coordinates": [
          -43.3477,
          -21.7658
        ]
      },
      "properties": {
        "katman": "AIRBNB_ILANI",
        "id": "1660546709791570581",
        "ad": "Daire - Juiz de Fora",
        "alt_tur": "Daire",
        "fiyat_tl": 2292,
        "fiyat_1_gun_tl": null,
        "fiyat_1_hafta_tl": null,
        "fiyat_1_ay_tl": 2292,
        "fiyat_3_ay_tl": null,
        "puan": 5.0,
        "yorum": 13,
        "url": "https://www.airbnb.com.tr/rooms/1660546709791570581"
      }
    },
    {
      "type": "Feature",
      "geometry": {
        "type": "Point",
        "coordinates": [
          -43.34877,
          -21.7655
        ]
      },
      "properties": {
        "katman": "AIRBNB_ILANI",
        "id": "715069550894522858",
        "ad": "Site içi konut - Juiz de Fora",
        "alt_tur": "Daire / Ev",
        "fiyat_tl": 2386,
        "fiyat_1_gun_tl": null,
        "fiyat_1_hafta_tl": null,
        "fiyat_1_ay_tl": 2386,
        "fiyat_3_ay_tl": null,
        "puan": 4.92,
        "yorum": 265,
        "url": "https://www.airbnb.com.tr/rooms/715069550894522858"
      }
    },
    {
      "type": "Feature",
      "geometry": {
        "type": "Point",
        "coordinates": [
          -43.3475,
          -21.7657
        ]
      },
      "properties": {
        "katman": "AIRBNB_ILANI",
        "id": "854377364370409852",
        "ad": "Daire - Juiz de Fora",
        "alt_tur": "Daire",
        "fiyat_tl": 2060,
        "fiyat_1_gun_tl": null,
        "fiyat_1_hafta_tl": null,
        "fiyat_1_ay_tl": 2060,
        "fiyat_3_ay_tl": null,
        "puan": 4.91,
        "yorum": 46,
        "url": "https://www.airbnb.com.tr/rooms/854377364370409852"
      }
    },
    {
      "type": "Feature",
      "geometry": {
        "type": "Point",
        "coordinates": [
          -43.3476,
          -21.7658
        ]
      },
      "properties": {
        "katman": "AIRBNB_ILANI",
        "id": "957097030831161039",
        "ad": "Çatı katı - Juiz de Fora",
        "alt_tur": "Daire / Ev",
        "fiyat_tl": 2481,
        "fiyat_1_gun_tl": null,
        "fiyat_1_hafta_tl": null,
        "fiyat_1_ay_tl": 2481,
        "fiyat_3_ay_tl": null,
        "puan": 4.88,
        "yorum": 115,
        "url": "https://www.airbnb.com.tr/rooms/957097030831161039"
      }
    },
    {
      "type": "Feature",
      "geometry": {
        "type": "Point",
        "coordinates": [
          43.39009,
          38.4974
        ]
      },
      "properties": {
        "katman": "AIRBNB_ILANI",
        "id": "1771974273309341627",
        "ad": "Daire - İpekyolu",
        "alt_tur": "Daire",
        "fiyat_tl": 2189,
        "fiyat_1_gun_tl": 2313,
        "fiyat_1_hafta_tl": 2051,
        "fiyat_1_ay_tl": 2113,
        "fiyat_3_ay_tl": 2279,
        "puan": null,
        "yorum": 0,
        "url": "https://www.airbnb.com.tr/rooms/1771974273309341627"
      }
    },
    {
      "type": "Feature",
      "geometry": {
        "type": "Point",
        "coordinates": [
          43.38875,
          38.50281
        ]
      },
      "properties": {
        "katman": "AIRBNB_ILANI",
        "id": "1449367312804422398",
        "ad": "Daire - Van",
        "alt_tur": "Daire",
        "fiyat_tl": 2600,
        "fiyat_1_gun_tl": 2600,
        "fiyat_1_hafta_tl": null,
        "fiyat_1_ay_tl": null,
        "fiyat_3_ay_tl": null,
        "puan": 4.8,
        "yorum": 5,
        "url": "https://www.airbnb.com.tr/rooms/1449367312804422398"
      }
    },
    {
      "type": "Feature",
      "geometry": {
        "type": "Point",
        "coordinates": [
          43.3913,
          38.4996
        ]
      },
      "properties": {
        "katman": "AIRBNB_ILANI",
        "id": "1607081060932540166",
        "ad": "Otel - İpekyolu",
        "alt_tur": "Daire / Ev",
        "fiyat_tl": 2494,
        "fiyat_1_gun_tl": 2494,
        "fiyat_1_hafta_tl": null,
        "fiyat_1_ay_tl": 2507,
        "fiyat_3_ay_tl": 2482,
        "puan": null,
        "yorum": 0,
        "url": "https://www.airbnb.com.tr/rooms/1607081060932540166"
      }
    },
    {
      "type": "Feature",
      "geometry": {
        "type": "Point",
        "coordinates": [
          43.3903,
          38.4981
        ]
      },
      "properties": {
        "katman": "AIRBNB_ILANI",
        "id": "1476820724298282132",
        "ad": "Misafir evi - Van",
        "alt_tur": "Daire / Ev",
        "fiyat_tl": 1750,
        "fiyat_1_gun_tl": 1750,
        "fiyat_1_hafta_tl": 1700,
        "fiyat_1_ay_tl": 1800,
        "fiyat_3_ay_tl": null,
        "puan": 4.31,
        "yorum": 13,
        "url": "https://www.airbnb.com.tr/rooms/1476820724298282132"
      }
    },
    {
      "type": "Feature",
      "geometry": {
        "type": "Point",
        "coordinates": [
          43.3733771683738,
          38.5023637985355
        ]
      },
      "properties": {
        "katman": "AIRBNB_ILANI",
        "id": "1391522242796228390",
        "ad": "Ev - Van",
        "alt_tur": "Daire / Ev",
        "fiyat_tl": 2850,
        "fiyat_1_gun_tl": 3000,
        "fiyat_1_hafta_tl": 2700,
        "fiyat_1_ay_tl": 2700,
        "fiyat_3_ay_tl": 3000,
        "puan": 4.88,
        "yorum": 8,
        "url": "https://www.airbnb.com.tr/rooms/1391522242796228390"
      }
    },
    {
      "type": "Feature",
      "geometry": {
        "type": "Point",
        "coordinates": [
          43.3934,
          38.4943
        ]
      },
      "properties": {
        "katman": "AIRBNB_ILANI",
        "id": "1727033957101383822",
        "ad": "Daire - Van Merkez",
        "alt_tur": "Daire",
        "fiyat_tl": 5800,
        "fiyat_1_gun_tl": 5613,
        "fiyat_1_hafta_tl": null,
        "fiyat_1_ay_tl": 5894,
        "fiyat_3_ay_tl": 5894,
        "puan": null,
        "yorum": 0,
        "url": "https://www.airbnb.com.tr/rooms/1727033957101383822"
      }
    },
    {
      "type": "Feature",
      "geometry": {
        "type": "Point",
        "coordinates": [
          43.392,
          38.4937
        ]
      },
      "properties": {
        "katman": "AIRBNB_ILANI",
        "id": "1667414022958587816",
        "ad": "Daire - Van Merkez",
        "alt_tur": "Daire",
        "fiyat_tl": 3000,
        "fiyat_1_gun_tl": 3000,
        "fiyat_1_hafta_tl": 3000,
        "fiyat_1_ay_tl": null,
        "fiyat_3_ay_tl": null,
        "puan": 4.67,
        "yorum": 3,
        "url": "https://www.airbnb.com.tr/rooms/1667414022958587816"
      }
    },
    {
      "type": "Feature",
      "geometry": {
        "type": "Point",
        "coordinates": [
          43.3931,
          38.4923
        ]
      },
      "properties": {
        "katman": "AIRBNB_ILANI",
        "id": "935475816757563386",
        "ad": "Daire - Van",
        "alt_tur": "Daire",
        "fiyat_tl": 2582,
        "fiyat_1_gun_tl": 2582,
        "fiyat_1_hafta_tl": 2582,
        "fiyat_1_ay_tl": null,
        "fiyat_3_ay_tl": null,
        "puan": 4.38,
        "yorum": 13,
        "url": "https://www.airbnb.com.tr/rooms/935475816757563386"
      }
    },
    {
      "type": "Feature",
      "geometry": {
        "type": "Point",
        "coordinates": [
          43.3899,
          38.5004
        ]
      },
      "properties": {
        "katman": "AIRBNB_ILANI",
        "id": "1461474574606477447",
        "ad": "Müşterek otel odası - Van",
        "alt_tur": "Özel Oda",
        "fiyat_tl": 4500,
        "fiyat_1_gun_tl": 4500,
        "fiyat_1_hafta_tl": null,
        "fiyat_1_ay_tl": 4500,
        "fiyat_3_ay_tl": 4500,
        "puan": null,
        "yorum": 0,
        "url": "https://www.airbnb.com.tr/rooms/1461474574606477447"
      }
    },
    {
      "type": "Feature",
      "geometry": {
        "type": "Point",
        "coordinates": [
          43.389858469001204,
          38.500042689793524
        ]
      },
      "properties": {
        "katman": "AIRBNB_ILANI",
        "id": "1445525847831073174",
        "ad": "Daire - Van",
        "alt_tur": "Daire",
        "fiyat_tl": 3368,
        "fiyat_1_gun_tl": 3368,
        "fiyat_1_hafta_tl": 3368,
        "fiyat_1_ay_tl": null,
        "fiyat_3_ay_tl": null,
        "puan": 4.71,
        "yorum": 14,
        "url": "https://www.airbnb.com.tr/rooms/1445525847831073174"
      }
    },
    {
      "type": "Feature",
      "geometry": {
        "type": "Point",
        "coordinates": [
          43.3896,
          38.5031
        ]
      },
      "properties": {
        "katman": "AIRBNB_ILANI",
        "id": "1769770940797823428",
        "ad": "Daire - İpekyolu",
        "alt_tur": "Daire",
        "fiyat_tl": 2700,
        "fiyat_1_gun_tl": 2700,
        "fiyat_1_hafta_tl": 2700,
        "fiyat_1_ay_tl": null,
        "fiyat_3_ay_tl": null,
        "puan": null,
        "yorum": 0,
        "url": "https://www.airbnb.com.tr/rooms/1769770940797823428"
      }
    },
    {
      "type": "Feature",
      "geometry": {
        "type": "Point",
        "coordinates": [
          43.3884,
          38.495
        ]
      },
      "properties": {
        "katman": "AIRBNB_ILANI",
        "id": "1719580170948471301",
        "ad": "Daire - Van Merkez",
        "alt_tur": "Daire",
        "fiyat_tl": 3000,
        "fiyat_1_gun_tl": 3000,
        "fiyat_1_hafta_tl": null,
        "fiyat_1_ay_tl": null,
        "fiyat_3_ay_tl": null,
        "puan": null,
        "yorum": 0,
        "url": "https://www.airbnb.com.tr/rooms/1719580170948471301"
      }
    },
    {
      "type": "Feature",
      "geometry": {
        "type": "Point",
        "coordinates": [
          43.3918,
          38.5003
        ]
      },
      "properties": {
        "katman": "AIRBNB_ILANI",
        "id": "1674421117958140803",
        "ad": "Otel - İpekyolu",
        "alt_tur": "Özel Oda",
        "fiyat_tl": 3200,
        "fiyat_1_gun_tl": 3200,
        "fiyat_1_hafta_tl": null,
        "fiyat_1_ay_tl": null,
        "fiyat_3_ay_tl": null,
        "puan": null,
        "yorum": 0,
        "url": "https://www.airbnb.com.tr/rooms/1674421117958140803"
      }
    },
    {
      "type": "Feature",
      "geometry": {
        "type": "Point",
        "coordinates": [
          43.3932,
          38.4988
        ]
      },
      "properties": {
        "katman": "AIRBNB_ILANI",
        "id": "1722370860604689222",
        "ad": "Daire - İpekyolu",
        "alt_tur": "Daire",
        "fiyat_tl": 5342,
        "fiyat_1_gun_tl": 5356,
        "fiyat_1_hafta_tl": 5329,
        "fiyat_1_ay_tl": null,
        "fiyat_3_ay_tl": null,
        "puan": null,
        "yorum": 0,
        "url": "https://www.airbnb.com.tr/rooms/1722370860604689222"
      }
    },
    {
      "type": "Feature",
      "geometry": {
        "type": "Point",
        "coordinates": [
          43.3903,
          38.5015
        ]
      },
      "properties": {
        "katman": "AIRBNB_ILANI",
        "id": "1690030178329729930",
        "ad": "Daire - İpekyolu",
        "alt_tur": "Daire",
        "fiyat_tl": 6800,
        "fiyat_1_gun_tl": 6800,
        "fiyat_1_hafta_tl": null,
        "fiyat_1_ay_tl": 6800,
        "fiyat_3_ay_tl": null,
        "puan": null,
        "yorum": 0,
        "url": "https://www.airbnb.com.tr/rooms/1690030178329729930"
      }
    },
    {
      "type": "Feature",
      "geometry": {
        "type": "Point",
        "coordinates": [
          43.38240183779018,
          38.50094833179514
        ]
      },
      "properties": {
        "katman": "AIRBNB_ILANI",
        "id": "1316003749353068532",
        "ad": "Daire - Van",
        "alt_tur": "Daire",
        "fiyat_tl": 3000,
        "fiyat_1_gun_tl": 3000,
        "fiyat_1_hafta_tl": null,
        "fiyat_1_ay_tl": null,
        "fiyat_3_ay_tl": null,
        "puan": 4.33,
        "yorum": 12,
        "url": "https://www.airbnb.com.tr/rooms/1316003749353068532"
      }
    },
    {
      "type": "Feature",
      "geometry": {
        "type": "Point",
        "coordinates": [
          43.40303,
          38.49638
        ]
      },
      "properties": {
        "katman": "AIRBNB_ILANI",
        "id": "1459573352646175176",
        "ad": "Daire - Van",
        "alt_tur": "Daire",
        "fiyat_tl": 2700,
        "fiyat_1_gun_tl": 2700,
        "fiyat_1_hafta_tl": 2700,
        "fiyat_1_ay_tl": null,
        "fiyat_3_ay_tl": null,
        "puan": null,
        "yorum": 0,
        "url": "https://www.airbnb.com.tr/rooms/1459573352646175176"
      }
    },
    {
      "type": "Feature",
      "geometry": {
        "type": "Point",
        "coordinates": [
          43.3901,
          38.4978
        ]
      },
      "properties": {
        "katman": "AIRBNB_ILANI",
        "id": "1722675405168096570",
        "ad": "Daire - İpekyolu",
        "alt_tur": "Daire",
        "fiyat_tl": 2178,
        "fiyat_1_gun_tl": 2178,
        "fiyat_1_hafta_tl": null,
        "fiyat_1_ay_tl": null,
        "fiyat_3_ay_tl": null,
        "puan": null,
        "yorum": 0,
        "url": "https://www.airbnb.com.tr/rooms/1722675405168096570"
      }
    },
    {
      "type": "Feature",
      "geometry": {
        "type": "Point",
        "coordinates": [
          43.394007018076515,
          38.49766052558011
        ]
      },
      "properties": {
        "katman": "AIRBNB_ILANI",
        "id": "1463817605961896590",
        "ad": "Daire - Van",
        "alt_tur": "Daire",
        "fiyat_tl": 3218,
        "fiyat_1_gun_tl": null,
        "fiyat_1_hafta_tl": 3031,
        "fiyat_1_ay_tl": 3312,
        "fiyat_3_ay_tl": 3312,
        "puan": 4.93,
        "yorum": 14,
        "url": "https://www.airbnb.com.tr/rooms/1463817605961896590"
      }
    },
    {
      "type": "Feature",
      "geometry": {
        "type": "Point",
        "coordinates": [
          43.3969,
          38.4945
        ]
      },
      "properties": {
        "katman": "AIRBNB_ILANI",
        "id": "1753784193122960778",
        "ad": "Daire - İpekyolu",
        "alt_tur": "Daire",
        "fiyat_tl": 3200,
        "fiyat_1_gun_tl": null,
        "fiyat_1_hafta_tl": 3200,
        "fiyat_1_ay_tl": null,
        "fiyat_3_ay_tl": null,
        "puan": null,
        "yorum": 0,
        "url": "https://www.airbnb.com.tr/rooms/1753784193122960778"
      }
    },
    {
      "type": "Feature",
      "geometry": {
        "type": "Point",
        "coordinates": [
          43.389168742376626,
          38.50378142950784
        ]
      },
      "properties": {
        "katman": "AIRBNB_ILANI",
        "id": "1704966820353585690",
        "ad": "Daire - Van Merkez",
        "alt_tur": "Daire",
        "fiyat_tl": 3000,
        "fiyat_1_gun_tl": null,
        "fiyat_1_hafta_tl": 3000,
        "fiyat_1_ay_tl": null,
        "fiyat_3_ay_tl": 3000,
        "puan": 4.76,
        "yorum": 17,
        "url": "https://www.airbnb.com.tr/rooms/1704966820353585690"
      }
    },
    {
      "type": "Feature",
      "geometry": {
        "type": "Point",
        "coordinates": [
          43.3892,
          38.5031
        ]
      },
      "properties": {
        "katman": "AIRBNB_ILANI",
        "id": "1751450461829824578",
        "ad": "Daire - Van Merkez",
        "alt_tur": "Daire",
        "fiyat_tl": 3000,
        "fiyat_1_gun_tl": null,
        "fiyat_1_hafta_tl": 3000,
        "fiyat_1_ay_tl": null,
        "fiyat_3_ay_tl": null,
        "puan": null,
        "yorum": 0,
        "url": "https://www.airbnb.com.tr/rooms/1751450461829824578"
      }
    },
    {
      "type": "Feature",
      "geometry": {
        "type": "Point",
        "coordinates": [
          43.3972,
          38.5
        ]
      },
      "properties": {
        "katman": "AIRBNB_ILANI",
        "id": "1744222766420484708",
        "ad": "Tekne - İpekyolu",
        "alt_tur": "Daire / Ev",
        "fiyat_tl": 2400,
        "fiyat_1_gun_tl": null,
        "fiyat_1_hafta_tl": 2400,
        "fiyat_1_ay_tl": null,
        "fiyat_3_ay_tl": null,
        "puan": null,
        "yorum": 0,
        "url": "https://www.airbnb.com.tr/rooms/1744222766420484708"
      }
    },
    {
      "type": "Feature",
      "geometry": {
        "type": "Point",
        "coordinates": [
          43.3812,
          38.5001
        ]
      },
      "properties": {
        "katman": "AIRBNB_ILANI",
        "id": "1759324393237857608",
        "ad": "Daire - Van Merkez",
        "alt_tur": "Daire",
        "fiyat_tl": 1800,
        "fiyat_1_gun_tl": null,
        "fiyat_1_hafta_tl": 1800,
        "fiyat_1_ay_tl": 1800,
        "fiyat_3_ay_tl": null,
        "puan": null,
        "yorum": 0,
        "url": "https://www.airbnb.com.tr/rooms/1759324393237857608"
      }
    },
    {
      "type": "Feature",
      "geometry": {
        "type": "Point",
        "coordinates": [
          43.3973,
          38.5019
        ]
      },
      "properties": {
        "katman": "AIRBNB_ILANI",
        "id": "1709561606744512833",
        "ad": "Daire - Van Merkez",
        "alt_tur": "Daire",
        "fiyat_tl": 2300,
        "fiyat_1_gun_tl": null,
        "fiyat_1_hafta_tl": 2300,
        "fiyat_1_ay_tl": 2300,
        "fiyat_3_ay_tl": null,
        "puan": 3.83,
        "yorum": 6,
        "url": "https://www.airbnb.com.tr/rooms/1709561606744512833"
      }
    },
    {
      "type": "Feature",
      "geometry": {
        "type": "Point",
        "coordinates": [
          43.38913,
          38.50202
        ]
      },
      "properties": {
        "katman": "AIRBNB_ILANI",
        "id": "1653704198204639101",
        "ad": "Daire - İpekyolu",
        "alt_tur": "Daire",
        "fiyat_tl": 4974,
        "fiyat_1_gun_tl": null,
        "fiyat_1_hafta_tl": 4974,
        "fiyat_1_ay_tl": null,
        "fiyat_3_ay_tl": null,
        "puan": null,
        "yorum": 0,
        "url": "https://www.airbnb.com.tr/rooms/1653704198204639101"
      }
    },
    {
      "type": "Feature",
      "geometry": {
        "type": "Point",
        "coordinates": [
          43.3902,
          38.5011
        ]
      },
      "properties": {
        "katman": "AIRBNB_ILANI",
        "id": "1692592708544006857",
        "ad": "Daire - İpekyolu",
        "alt_tur": "Daire",
        "fiyat_tl": 5329,
        "fiyat_1_gun_tl": null,
        "fiyat_1_hafta_tl": 5329,
        "fiyat_1_ay_tl": null,
        "fiyat_3_ay_tl": null,
        "puan": 3.0,
        "yorum": 3,
        "url": "https://www.airbnb.com.tr/rooms/1692592708544006857"
      }
    },
    {
      "type": "Feature",
      "geometry": {
        "type": "Point",
        "coordinates": [
          43.3841,
          38.5004
        ]
      },
      "properties": {
        "katman": "AIRBNB_ILANI",
        "id": "1738322660631521947",
        "ad": "Site içi konut - İpekyolu",
        "alt_tur": "Daire / Ev",
        "fiyat_tl": 2250,
        "fiyat_1_gun_tl": null,
        "fiyat_1_hafta_tl": null,
        "fiyat_1_ay_tl": 2250,
        "fiyat_3_ay_tl": 2250,
        "puan": 5.0,
        "yorum": 10,
        "url": "https://www.airbnb.com.tr/rooms/1738322660631521947"
      }
    },
    {
      "type": "Feature",
      "geometry": {
        "type": "Point",
        "coordinates": [
          43.3935,
          38.4921
        ]
      },
      "properties": {
        "katman": "AIRBNB_ILANI",
        "id": "920997405451208456",
        "ad": "Daire - Van",
        "alt_tur": "Daire",
        "fiyat_tl": 4968,
        "fiyat_1_gun_tl": null,
        "fiyat_1_hafta_tl": null,
        "fiyat_1_ay_tl": 4968,
        "fiyat_3_ay_tl": 4968,
        "puan": 4.58,
        "yorum": 55,
        "url": "https://www.airbnb.com.tr/rooms/920997405451208456"
      }
    },
    {
      "type": "Feature",
      "geometry": {
        "type": "Point",
        "coordinates": [
          43.3935,
          38.4922
        ]
      },
      "properties": {
        "katman": "AIRBNB_ILANI",
        "id": "1750035309891143365",
        "ad": "Daire - İpekyolu",
        "alt_tur": "Daire",
        "fiyat_tl": 2500,
        "fiyat_1_gun_tl": null,
        "fiyat_1_hafta_tl": null,
        "fiyat_1_ay_tl": 2500,
        "fiyat_3_ay_tl": 2500,
        "puan": 5.0,
        "yorum": 4,
        "url": "https://www.airbnb.com.tr/rooms/1750035309891143365"
      }
    },
    {
      "type": "Feature",
      "geometry": {
        "type": "Point",
        "coordinates": [
          43.3969,
          38.4945
        ]
      },
      "properties": {
        "katman": "AIRBNB_ILANI",
        "id": "1728253084745462573",
        "ad": "Daire - İpekyolu",
        "alt_tur": "Daire",
        "fiyat_tl": 3200,
        "fiyat_1_gun_tl": null,
        "fiyat_1_hafta_tl": null,
        "fiyat_1_ay_tl": 3200,
        "fiyat_3_ay_tl": 3200,
        "puan": null,
        "yorum": 0,
        "url": "https://www.airbnb.com.tr/rooms/1728253084745462573"
      }
    },
    {
      "type": "Feature",
      "geometry": {
        "type": "Point",
        "coordinates": [
          43.39021,
          38.50267
        ]
      },
      "properties": {
        "katman": "AIRBNB_ILANI",
        "id": "884496807160775699",
        "ad": "Daire - Van",
        "alt_tur": "Daire",
        "fiyat_tl": 1990,
        "fiyat_1_gun_tl": null,
        "fiyat_1_hafta_tl": null,
        "fiyat_1_ay_tl": 2500,
        "fiyat_3_ay_tl": 1480,
        "puan": 4.5,
        "yorum": 18,
        "url": "https://www.airbnb.com.tr/rooms/884496807160775699"
      }
    },
    {
      "type": "Feature",
      "geometry": {
        "type": "Point",
        "coordinates": [
          43.3895,
          38.5022
        ]
      },
      "properties": {
        "katman": "AIRBNB_ILANI",
        "id": "1449372522109121607",
        "ad": "Daire - Van",
        "alt_tur": "Daire",
        "fiyat_tl": 2250,
        "fiyat_1_gun_tl": null,
        "fiyat_1_hafta_tl": null,
        "fiyat_1_ay_tl": 2500,
        "fiyat_3_ay_tl": 2000,
        "puan": null,
        "yorum": 0,
        "url": "https://www.airbnb.com.tr/rooms/1449372522109121607"
      }
    },
    {
      "type": "Feature",
      "geometry": {
        "type": "Point",
        "coordinates": [
          43.391,
          38.5002
        ]
      },
      "properties": {
        "katman": "AIRBNB_ILANI",
        "id": "1264234048398669363",
        "ad": "Daire - Van",
        "alt_tur": "Daire",
        "fiyat_tl": 2818,
        "fiyat_1_gun_tl": null,
        "fiyat_1_hafta_tl": null,
        "fiyat_1_ay_tl": 2818,
        "fiyat_3_ay_tl": null,
        "puan": 4.95,
        "yorum": 21,
        "url": "https://www.airbnb.com.tr/rooms/1264234048398669363"
      }
    },
    {
      "type": "Feature",
      "geometry": {
        "type": "Point",
        "coordinates": [
          43.3903,
          38.5032
        ]
      },
      "properties": {
        "katman": "AIRBNB_ILANI",
        "id": "1710871221465746549",
        "ad": "Daire - Van Merkez",
        "alt_tur": "Daire",
        "fiyat_tl": 3000,
        "fiyat_1_gun_tl": null,
        "fiyat_1_hafta_tl": null,
        "fiyat_1_ay_tl": 3000,
        "fiyat_3_ay_tl": null,
        "puan": 5.0,
        "yorum": 4,
        "url": "https://www.airbnb.com.tr/rooms/1710871221465746549"
      }
    },
    {
      "type": "Feature",
      "geometry": {
        "type": "Point",
        "coordinates": [
          43.3574,
          38.4822
        ]
      },
      "properties": {
        "katman": "AIRBNB_ILANI",
        "id": "1167377898481069491",
        "ad": "Daire - Van",
        "alt_tur": "Daire",
        "fiyat_tl": 4092,
        "fiyat_1_gun_tl": null,
        "fiyat_1_hafta_tl": null,
        "fiyat_1_ay_tl": null,
        "fiyat_3_ay_tl": 4092,
        "puan": 4.8,
        "yorum": 70,
        "url": "https://www.airbnb.com.tr/rooms/1167377898481069491"
      }
    },
    {
      "type": "Feature",
      "geometry": {
        "type": "Point",
        "coordinates": [
          43.357614213449935,
          38.48778289692216
        ]
      },
      "properties": {
        "katman": "AIRBNB_ILANI",
        "id": "1496621234878319150",
        "ad": "Daire - İpekyolu",
        "alt_tur": "Daire",
        "fiyat_tl": 5038,
        "fiyat_1_gun_tl": null,
        "fiyat_1_hafta_tl": null,
        "fiyat_1_ay_tl": null,
        "fiyat_3_ay_tl": 5038,
        "puan": 4.86,
        "yorum": 14,
        "url": "https://www.airbnb.com.tr/rooms/1496621234878319150"
      }
    },
    {
      "type": "Feature",
      "geometry": {
        "type": "Point",
        "coordinates": [
          43.391,
          38.5002
        ]
      },
      "properties": {
        "katman": "AIRBNB_ILANI",
        "id": "1264239630060933642",
        "ad": "Daire - Van",
        "alt_tur": "Daire",
        "fiyat_tl": 5613,
        "fiyat_1_gun_tl": null,
        "fiyat_1_hafta_tl": null,
        "fiyat_1_ay_tl": null,
        "fiyat_3_ay_tl": 5613,
        "puan": 4.63,
        "yorum": 24,
        "url": "https://www.airbnb.com.tr/rooms/1264239630060933642"
      }
    },
    {
      "type": "Feature",
      "geometry": {
        "type": "Point",
        "coordinates": [
          43.390211740365075,
          38.4990198594033
        ]
      },
      "properties": {
        "katman": "AIRBNB_ILANI",
        "id": "1263717510922748935",
        "ad": "Daire - Van",
        "alt_tur": "Daire",
        "fiyat_tl": 3564,
        "fiyat_1_gun_tl": null,
        "fiyat_1_hafta_tl": null,
        "fiyat_1_ay_tl": null,
        "fiyat_3_ay_tl": 3564,
        "puan": 4.76,
        "yorum": 46,
        "url": "https://www.airbnb.com.tr/rooms/1263717510922748935"
      }
    },
    {
      "type": "Feature",
      "geometry": {
        "type": "Point",
        "coordinates": [
          43.3906,
          38.4992
        ]
      },
      "properties": {
        "katman": "AIRBNB_ILANI",
        "id": "1722364108880530103",
        "ad": "Daire - Van Merkez",
        "alt_tur": "Daire",
        "fiyat_tl": 5329,
        "fiyat_1_gun_tl": null,
        "fiyat_1_hafta_tl": null,
        "fiyat_1_ay_tl": null,
        "fiyat_3_ay_tl": 5329,
        "puan": null,
        "yorum": 0,
        "url": "https://www.airbnb.com.tr/rooms/1722364108880530103"
      }
    },
    {
      "type": "Feature",
      "geometry": {
        "type": "Point",
        "coordinates": [
          -122.89069,
          47.06114
        ]
      },
      "properties": {
        "katman": "AIRBNB_ILANI",
        "id": "4985230",
        "ad": "Misafir evi - Olympia",
        "alt_tur": "Daire / Ev",
        "fiyat_tl": 6300,
        "fiyat_1_gun_tl": null,
        "fiyat_1_hafta_tl": null,
        "fiyat_1_ay_tl": null,
        "fiyat_3_ay_tl": 6300,
        "puan": 4.96,
        "yorum": 247,
        "url": "https://www.airbnb.com.tr/rooms/4985230"
      }
    },
    {
      "type": "Feature",
      "geometry": {
        "type": "Point",
        "coordinates": [
          -122.78323,
          46.99317
        ]
      },
      "properties": {
        "katman": "AIRBNB_ILANI",
        "id": "851354108430245373",
        "ad": "Kulübe - Olympia",
        "alt_tur": "Özel Oda",
        "fiyat_tl": 24278,
        "fiyat_1_gun_tl": null,
        "fiyat_1_hafta_tl": null,
        "fiyat_1_ay_tl": null,
        "fiyat_3_ay_tl": 24278,
        "puan": 4.9,
        "yorum": 67,
        "url": "https://www.airbnb.com.tr/rooms/851354108430245373"
      }
    },
    {
      "type": "Feature",
      "geometry": {
        "type": "Point",
        "coordinates": [
          -123.01737,
          47.07474
        ]
      },
      "properties": {
        "katman": "AIRBNB_ILANI",
        "id": "1158726982749146504",
        "ad": "Ev - Olympia",
        "alt_tur": "Daire / Ev",
        "fiyat_tl": 8466,
        "fiyat_1_gun_tl": 8466,
        "fiyat_1_hafta_tl": null,
        "fiyat_1_ay_tl": null,
        "fiyat_3_ay_tl": null,
        "puan": 4.85,
        "yorum": 80,
        "url": "https://www.airbnb.com.tr/rooms/1158726982749146504"
      }
    },
    {
      "type": "Feature",
      "geometry": {
        "type": "Point",
        "coordinates": [
          -123.01632,
          47.07816
        ]
      },
      "properties": {
        "katman": "AIRBNB_ILANI",
        "id": "5571999",
        "ad": "Ev - Olympia",
        "alt_tur": "Daire / Ev",
        "fiyat_tl": 10922,
        "fiyat_1_gun_tl": null,
        "fiyat_1_hafta_tl": 10922,
        "fiyat_1_ay_tl": null,
        "fiyat_3_ay_tl": null,
        "puan": 4.93,
        "yorum": 163,
        "url": "https://www.airbnb.com.tr/rooms/5571999"
      }
    },
    {
      "type": "Feature",
      "geometry": {
        "type": "Point",
        "coordinates": [
          -122.82779,
          47.10589
        ]
      },
      "properties": {
        "katman": "AIRBNB_ILANI",
        "id": "30105202",
        "ad": "Kır evi - Olympia",
        "alt_tur": "Kır Evi / Bungalov",
        "fiyat_tl": 11725,
        "fiyat_1_gun_tl": null,
        "fiyat_1_hafta_tl": null,
        "fiyat_1_ay_tl": 11725,
        "fiyat_3_ay_tl": null,
        "puan": 4.94,
        "yorum": 603,
        "url": "https://www.airbnb.com.tr/rooms/30105202"
      }
    },
    {
      "type": "Feature",
      "geometry": {
        "type": "Point",
        "coordinates": [
          38.1127,
          40.9483
        ]
      },
      "properties": {
        "katman": "AIRBNB_ILANI",
        "id": "1760161579258307606",
        "ad": "Ev - Piraziz",
        "alt_tur": "Daire / Ev",
        "fiyat_tl": 13850,
        "fiyat_1_gun_tl": 13850,
        "fiyat_1_hafta_tl": null,
        "fiyat_1_ay_tl": 13850,
        "fiyat_3_ay_tl": 13850,
        "puan": null,
        "yorum": 0,
        "url": "https://www.airbnb.com.tr/rooms/1760161579258307606"
      }
    },
    {
      "type": "Feature",
      "geometry": {
        "type": "Point",
        "coordinates": [
          38.35013,
          40.67582
        ]
      },
      "properties": {
        "katman": "AIRBNB_ILANI",
        "id": "1457124714713246953",
        "ad": "Ağaç ev - Dereli",
        "alt_tur": "Daire / Ev",
        "fiyat_tl": 5075,
        "fiyat_1_gun_tl": 5075,
        "fiyat_1_hafta_tl": null,
        "fiyat_1_ay_tl": null,
        "fiyat_3_ay_tl": null,
        "puan": 4.8,
        "yorum": 15,
        "url": "https://www.airbnb.com.tr/rooms/1457124714713246953"
      }
    },
    {
      "type": "Feature",
      "geometry": {
        "type": "Point",
        "coordinates": [
          38.1274,
          40.7472
        ]
      },
      "properties": {
        "katman": "AIRBNB_ILANI",
        "id": "909124703401262124",
        "ad": "Daire - Kovanlık",
        "alt_tur": "Daire",
        "fiyat_tl": 3533,
        "fiyat_1_gun_tl": 3500,
        "fiyat_1_hafta_tl": null,
        "fiyat_1_ay_tl": 3500,
        "fiyat_3_ay_tl": 3600,
        "puan": 5.0,
        "yorum": 63,
        "url": "https://www.airbnb.com.tr/rooms/909124703401262124"
      }
    },
    {
      "type": "Feature",
      "geometry": {
        "type": "Point",
        "coordinates": [
          38.23788,
          40.9326
        ]
      },
      "properties": {
        "katman": "AIRBNB_ILANI",
        "id": "1206690234590718536",
        "ad": "Küçük ev - Bulancak",
        "alt_tur": "Daire / Ev",
        "fiyat_tl": 9684,
        "fiyat_1_gun_tl": 8000,
        "fiyat_1_hafta_tl": null,
        "fiyat_1_ay_tl": 9000,
        "fiyat_3_ay_tl": 12053,
        "puan": 4.9,
        "yorum": 10,
        "url": "https://www.airbnb.com.tr/rooms/1206690234590718536"
      }
    },
    {
      "type": "Feature",
      "geometry": {
        "type": "Point",
        "coordinates": [
          38.1488,
          40.9523
        ]
      },
      "properties": {
        "katman": "AIRBNB_ILANI",
        "id": "1702844427249945741",
        "ad": "Daire - Piraziz",
        "alt_tur": "Daire",
        "fiyat_tl": 5729,
        "fiyat_1_gun_tl": 5729,
        "fiyat_1_hafta_tl": null,
        "fiyat_1_ay_tl": 6128,
        "fiyat_3_ay_tl": 5329,
        "puan": 4.83,
        "yorum": 6,
        "url": "https://www.airbnb.com.tr/rooms/1702844427249945741"
      }
    },
    {
      "type": "Feature",
      "geometry": {
        "type": "Point",
        "coordinates": [
          38.1324,
          40.9369
        ]
      },
      "properties": {
        "katman": "AIRBNB_ILANI",
        "id": "946090619040403451",
        "ad": "Ev - Piraziz",
        "alt_tur": "Daire / Ev",
        "fiyat_tl": 4700,
        "fiyat_1_gun_tl": 4700,
        "fiyat_1_hafta_tl": null,
        "fiyat_1_ay_tl": 4700,
        "fiyat_3_ay_tl": 4700,
        "puan": 4.71,
        "yorum": 49,
        "url": "https://www.airbnb.com.tr/rooms/946090619040403451"
      }
    },
    {
      "type": "Feature",
      "geometry": {
        "type": "Point",
        "coordinates": [
          38.3401,
          40.6992
        ]
      },
      "properties": {
        "katman": "AIRBNB_ILANI",
        "id": "1049318830936196826",
        "ad": "Ev - Yavuzkemal",
        "alt_tur": "Daire / Ev",
        "fiyat_tl": 4333,
        "fiyat_1_gun_tl": 4250,
        "fiyat_1_hafta_tl": null,
        "fiyat_1_ay_tl": 4250,
        "fiyat_3_ay_tl": 4500,
        "puan": 5.0,
        "yorum": 10,
        "url": "https://www.airbnb.com.tr/rooms/1049318830936196826"
      }
    },
    {
      "type": "Feature",
      "geometry": {
        "type": "Point",
        "coordinates": [
          38.1263,
          40.953
        ]
      },
      "properties": {
        "katman": "AIRBNB_ILANI",
        "id": "925815339199720817",
        "ad": "Ev - Piraziz",
        "alt_tur": "Daire / Ev",
        "fiyat_tl": 4750,
        "fiyat_1_gun_tl": 4750,
        "fiyat_1_hafta_tl": null,
        "fiyat_1_ay_tl": 4750,
        "fiyat_3_ay_tl": 4750,
        "puan": 4.63,
        "yorum": 16,
        "url": "https://www.airbnb.com.tr/rooms/925815339199720817"
      }
    },
    {
      "type": "Feature",
      "geometry": {
        "type": "Point",
        "coordinates": [
          38.05594,
          40.96739
        ]
      },
      "properties": {
        "katman": "AIRBNB_ILANI",
        "id": "716307482525543929",
        "ad": "Otel - Ordu",
        "alt_tur": "Özel Oda",
        "fiyat_tl": 4400,
        "fiyat_1_gun_tl": 4400,
        "fiyat_1_hafta_tl": null,
        "fiyat_1_ay_tl": null,
        "fiyat_3_ay_tl": null,
        "puan": 4.88,
        "yorum": 8,
        "url": "https://www.airbnb.com.tr/rooms/716307482525543929"
      }
    },
    {
      "type": "Feature",
      "geometry": {
        "type": "Point",
        "coordinates": [
          38.3401,
          40.6991
        ]
      },
      "properties": {
        "katman": "AIRBNB_ILANI",
        "id": "1379071326832115038",
        "ad": "Ev - Yavuzkemal",
        "alt_tur": "Daire / Ev",
        "fiyat_tl": 5500,
        "fiyat_1_gun_tl": 5500,
        "fiyat_1_hafta_tl": null,
        "fiyat_1_ay_tl": 5500,
        "fiyat_3_ay_tl": 5500,
        "puan": 5.0,
        "yorum": 3,
        "url": "https://www.airbnb.com.tr/rooms/1379071326832115038"
      }
    },
    {
      "type": "Feature",
      "geometry": {
        "type": "Point",
        "coordinates": [
          38.149,
          40.9517
        ]
      },
      "properties": {
        "katman": "AIRBNB_ILANI",
        "id": "673866264037271683",
        "ad": "Daire - Piraziz",
        "alt_tur": "Daire",
        "fiyat_tl": 4118,
        "fiyat_1_gun_tl": 4441,
        "fiyat_1_hafta_tl": null,
        "fiyat_1_ay_tl": 4435,
        "fiyat_3_ay_tl": 3477,
        "puan": 4.44,
        "yorum": 25,
        "url": "https://www.airbnb.com.tr/rooms/673866264037271683"
      }
    },
    {
      "type": "Feature",
      "geometry": {
        "type": "Point",
        "coordinates": [
          38.35233,
          40.66724
        ]
      },
      "properties": {
        "katman": "AIRBNB_ILANI",
        "id": "547746536203884236",
        "ad": "Bungalov - Dereli",
        "alt_tur": "Kır Evi / Bungalov",
        "fiyat_tl": 13000,
        "fiyat_1_gun_tl": 13000,
        "fiyat_1_hafta_tl": null,
        "fiyat_1_ay_tl": null,
        "fiyat_3_ay_tl": null,
        "puan": null,
        "yorum": 0,
        "url": "https://www.airbnb.com.tr/rooms/547746536203884236"
      }
    },
    {
      "type": "Feature",
      "geometry": {
        "type": "Point",
        "coordinates": [
          38.1242,
          40.9507
        ]
      },
      "properties": {
        "katman": "AIRBNB_ILANI",
        "id": "1760111220190237314",
        "ad": "Ev - Piraziz",
        "alt_tur": "Müstakil Villa",
        "fiyat_tl": 10005,
        "fiyat_1_gun_tl": null,
        "fiyat_1_hafta_tl": null,
        "fiyat_1_ay_tl": 10010,
        "fiyat_3_ay_tl": 10000,
        "puan": null,
        "yorum": 0,
        "url": "https://www.airbnb.com.tr/rooms/1760111220190237314"
      }
    },
    {
      "type": "Feature",
      "geometry": {
        "type": "Point",
        "coordinates": [
          38.17453,
          40.93275
        ]
      },
      "properties": {
        "katman": "AIRBNB_ILANI",
        "id": "933334471203577500",
        "ad": "Ev - Piraziz",
        "alt_tur": "Daire / Ev",
        "fiyat_tl": 3700,
        "fiyat_1_gun_tl": null,
        "fiyat_1_hafta_tl": null,
        "fiyat_1_ay_tl": 3700,
        "fiyat_3_ay_tl": 3700,
        "puan": 4.88,
        "yorum": 56,
        "url": "https://www.airbnb.com.tr/rooms/933334471203577500"
      }
    },
    {
      "type": "Feature",
      "geometry": {
        "type": "Point",
        "coordinates": [
          32.8768,
          39.8981
        ]
      },
      "properties": {
        "katman": "AIRBNB_ILANI",
        "id": "795552635967970410",
        "ad": "Daire - Çankaya",
        "alt_tur": "Daire",
        "fiyat_tl": 4500,
        "fiyat_1_gun_tl": 4500,
        "fiyat_1_hafta_tl": null,
        "fiyat_1_ay_tl": null,
        "fiyat_3_ay_tl": null,
        "puan": 4.78,
        "yorum": 187,
        "url": "https://www.airbnb.com.tr/rooms/795552635967970410"
      }
    },
    {
      "type": "Feature",
      "geometry": {
        "type": "Point",
        "coordinates": [
          32.8714,
          39.898
        ]
      },
      "properties": {
        "katman": "AIRBNB_ILANI",
        "id": "1578965242529466217",
        "ad": "Otel - Yüzüncüyıl",
        "alt_tur": "Özel Oda",
        "fiyat_tl": 3138,
        "fiyat_1_gun_tl": 3138,
        "fiyat_1_hafta_tl": null,
        "fiyat_1_ay_tl": 3400,
        "fiyat_3_ay_tl": 2875,
        "puan": 4.82,
        "yorum": 11,
        "url": "https://www.airbnb.com.tr/rooms/1578965242529466217"
      }
    },
    {
      "type": "Feature",
      "geometry": {
        "type": "Point",
        "coordinates": [
          32.868,
          39.8939
        ]
      },
      "properties": {
        "katman": "AIRBNB_ILANI",
        "id": "20019889",
        "ad": "Daire - Çankaya",
        "alt_tur": "Daire",
        "fiyat_tl": 5395,
        "fiyat_1_gun_tl": 5395,
        "fiyat_1_hafta_tl": null,
        "fiyat_1_ay_tl": null,
        "fiyat_3_ay_tl": null,
        "puan": 4.93,
        "yorum": 84,
        "url": "https://www.airbnb.com.tr/rooms/20019889"
      }
    },
    {
      "type": "Feature",
      "geometry": {
        "type": "Point",
        "coordinates": [
          32.8768,
          39.8982
        ]
      },
      "properties": {
        "katman": "AIRBNB_ILANI",
        "id": "791031839699463034",
        "ad": "Daire - Çankaya",
        "alt_tur": "Daire",
        "fiyat_tl": 4322,
        "fiyat_1_gun_tl": 4322,
        "fiyat_1_hafta_tl": null,
        "fiyat_1_ay_tl": null,
        "fiyat_3_ay_tl": null,
        "puan": 4.86,
        "yorum": 202,
        "url": "https://www.airbnb.com.tr/rooms/791031839699463034"
      }
    },
    {
      "type": "Feature",
      "geometry": {
        "type": "Point",
        "coordinates": [
          32.869606061397036,
          39.89881242995501
        ]
      },
      "properties": {
        "katman": "AIRBNB_ILANI",
        "id": "1382413842420511600",
        "ad": "Daire - Yüzüncüyıl",
        "alt_tur": "Daire",
        "fiyat_tl": 3275,
        "fiyat_1_gun_tl": 3275,
        "fiyat_1_hafta_tl": null,
        "fiyat_1_ay_tl": null,
        "fiyat_3_ay_tl": null,
        "puan": 4.69,
        "yorum": 103,
        "url": "https://www.airbnb.com.tr/rooms/1382413842420511600"
      }
    },
    {
      "type": "Feature",
      "geometry": {
        "type": "Point",
        "coordinates": [
          32.8703,
          39.8911
        ]
      },
      "properties": {
        "katman": "AIRBNB_ILANI",
        "id": "1401328636102989054",
        "ad": "Çankaya bölgesinde oda",
        "alt_tur": "Özel Oda",
        "fiyat_tl": 6158,
        "fiyat_1_gun_tl": 6158,
        "fiyat_1_hafta_tl": null,
        "fiyat_1_ay_tl": 6750,
        "fiyat_3_ay_tl": 5566,
        "puan": 4.81,
        "yorum": 83,
        "url": "https://www.airbnb.com.tr/rooms/1401328636102989054"
      }
    },
    {
      "type": "Feature",
      "geometry": {
        "type": "Point",
        "coordinates": [
          32.8681,
          39.8993
        ]
      },
      "properties": {
        "katman": "AIRBNB_ILANI",
        "id": "1441770814970703570",
        "ad": "Yüzüncüyıl bölgesinde oda",
        "alt_tur": "Özel Oda",
        "fiyat_tl": 2600,
        "fiyat_1_gun_tl": 2600,
        "fiyat_1_hafta_tl": null,
        "fiyat_1_ay_tl": null,
        "fiyat_3_ay_tl": null,
        "puan": 3.93,
        "yorum": 15,
        "url": "https://www.airbnb.com.tr/rooms/1441770814970703570"
      }
    },
    {
      "type": "Feature",
      "geometry": {
        "type": "Point",
        "coordinates": [
          32.8833,
          39.8832
        ]
      },
      "properties": {
        "katman": "AIRBNB_ILANI",
        "id": "49582519",
        "ad": "Daire - Çankaya",
        "alt_tur": "Daire",
        "fiyat_tl": 3848,
        "fiyat_1_gun_tl": 3848,
        "fiyat_1_hafta_tl": null,
        "fiyat_1_ay_tl": null,
        "fiyat_3_ay_tl": null,
        "puan": 4.85,
        "yorum": 136,
        "url": "https://www.airbnb.com.tr/rooms/49582519"
      }
    },
    {
      "type": "Feature",
      "geometry": {
        "type": "Point",
        "coordinates": [
          32.8708178072763,
          39.891672330728014
        ]
      },
      "properties": {
        "katman": "AIRBNB_ILANI",
        "id": "1411319632311342291",
        "ad": "Daire - Çankaya",
        "alt_tur": "Özel Oda",
        "fiyat_tl": 5626,
        "fiyat_1_gun_tl": 5922,
        "fiyat_1_hafta_tl": null,
        "fiyat_1_ay_tl": null,
        "fiyat_3_ay_tl": 5329,
        "puan": 4.67,
        "yorum": 102,
        "url": "https://www.airbnb.com.tr/rooms/1411319632311342291"
      }
    },
    {
      "type": "Feature",
      "geometry": {
        "type": "Point",
        "coordinates": [
          32.86704,
          39.91322
        ]
      },
      "properties": {
        "katman": "AIRBNB_ILANI",
        "id": "1077500248705904073",
        "ad": "Çadır - Çankaya",
        "alt_tur": "Daire / Ev",
        "fiyat_tl": 3868,
        "fiyat_1_gun_tl": 3868,
        "fiyat_1_hafta_tl": null,
        "fiyat_1_ay_tl": null,
        "fiyat_3_ay_tl": null,
        "puan": 4.8,
        "yorum": 154,
        "url": "https://www.airbnb.com.tr/rooms/1077500248705904073"
      }
    },
    {
      "type": "Feature",
      "geometry": {
        "type": "Point",
        "coordinates": [
          32.8778,
          39.8995
        ]
      },
      "properties": {
        "katman": "AIRBNB_ILANI",
        "id": "1353670286886398690",
        "ad": "Daire - Çankaya",
        "alt_tur": "Daire",
        "fiyat_tl": 4520,
        "fiyat_1_gun_tl": 4462,
        "fiyat_1_hafta_tl": null,
        "fiyat_1_ay_tl": 4577,
        "fiyat_3_ay_tl": null,
        "puan": 4.57,
        "yorum": 168,
        "url": "https://www.airbnb.com.tr/rooms/1353670286886398690"
      }
    },
    {
      "type": "Feature",
      "geometry": {
        "type": "Point",
        "coordinates": [
          32.8714,
          39.898
        ]
      },
      "properties": {
        "katman": "AIRBNB_ILANI",
        "id": "1578343340578390667",
        "ad": "Otel - Yüzüncüyıl",
        "alt_tur": "Özel Oda",
        "fiyat_tl": 4125,
        "fiyat_1_gun_tl": 4250,
        "fiyat_1_hafta_tl": null,
        "fiyat_1_ay_tl": null,
        "fiyat_3_ay_tl": 4000,
        "puan": 4.33,
        "yorum": 15,
        "url": "https://www.airbnb.com.tr/rooms/1578343340578390667"
      }
    },
    {
      "type": "Feature",
      "geometry": {
        "type": "Point",
        "coordinates": [
          32.86852,
          39.89834
        ]
      },
      "properties": {
        "katman": "AIRBNB_ILANI",
        "id": "805063131914361596",
        "ad": "Ev - Yüzüncüyıl",
        "alt_tur": "Özel Oda",
        "fiyat_tl": 3200,
        "fiyat_1_gun_tl": 3200,
        "fiyat_1_hafta_tl": null,
        "fiyat_1_ay_tl": null,
        "fiyat_3_ay_tl": null,
        "puan": 4.71,
        "yorum": 24,
        "url": "https://www.airbnb.com.tr/rooms/805063131914361596"
      }
    },
    {
      "type": "Feature",
      "geometry": {
        "type": "Point",
        "coordinates": [
          32.8778,
          39.8995
        ]
      },
      "properties": {
        "katman": "AIRBNB_ILANI",
        "id": "1353737258424104015",
        "ad": "Daire - Çankaya",
        "alt_tur": "Daire",
        "fiyat_tl": 5670,
        "fiyat_1_gun_tl": 5612,
        "fiyat_1_hafta_tl": null,
        "fiyat_1_ay_tl": 5727,
        "fiyat_3_ay_tl": null,
        "puan": 4.35,
        "yorum": 133,
        "url": "https://www.airbnb.com.tr/rooms/1353737258424104015"
      }
    },
    {
      "type": "Feature",
      "geometry": {
        "type": "Point",
        "coordinates": [
          32.8833,
          39.8832
        ]
      },
      "properties": {
        "katman": "AIRBNB_ILANI",
        "id": "49581878",
        "ad": "Daire - Çankaya",
        "alt_tur": "Daire",
        "fiyat_tl": 3572,
        "fiyat_1_gun_tl": 3572,
        "fiyat_1_hafta_tl": null,
        "fiyat_1_ay_tl": null,
        "fiyat_3_ay_tl": null,
        "puan": 4.77,
        "yorum": 56,
        "url": "https://www.airbnb.com.tr/rooms/49581878"
      }
    },
    {
      "type": "Feature",
      "geometry": {
        "type": "Point",
        "coordinates": [
          32.86837,
          39.89377
        ]
      },
      "properties": {
        "katman": "AIRBNB_ILANI",
        "id": "26022050",
        "ad": "Daire - Çankaya",
        "alt_tur": "Daire",
        "fiyat_tl": 5843,
        "fiyat_1_gun_tl": 5843,
        "fiyat_1_hafta_tl": null,
        "fiyat_1_ay_tl": null,
        "fiyat_3_ay_tl": null,
        "puan": 4.87,
        "yorum": 98,
        "url": "https://www.airbnb.com.tr/rooms/26022050"
      }
    },
    {
      "type": "Feature",
      "geometry": {
        "type": "Point",
        "coordinates": [
          32.8594,
          39.9067
        ]
      },
      "properties": {
        "katman": "AIRBNB_ILANI",
        "id": "1587562364570115603",
        "ad": "Daire - Çankaya",
        "alt_tur": "Daire",
        "fiyat_tl": 3656,
        "fiyat_1_gun_tl": 3656,
        "fiyat_1_hafta_tl": null,
        "fiyat_1_ay_tl": null,
        "fiyat_3_ay_tl": null,
        "puan": 4.81,
        "yorum": 31,
        "url": "https://www.airbnb.com.tr/rooms/1587562364570115603"
      }
    },
    {
      "type": "Feature",
      "geometry": {
        "type": "Point",
        "coordinates": [
          32.86993623606262,
          39.89873657368284
        ]
      },
      "properties": {
        "katman": "AIRBNB_ILANI",
        "id": "1397902374831348895",
        "ad": "Daire - Yüzüncüyıl",
        "alt_tur": "Özel Oda",
        "fiyat_tl": 3450,
        "fiyat_1_gun_tl": 3450,
        "fiyat_1_hafta_tl": null,
        "fiyat_1_ay_tl": null,
        "fiyat_3_ay_tl": null,
        "puan": 4.56,
        "yorum": 27,
        "url": "https://www.airbnb.com.tr/rooms/1397902374831348895"
      }
    },
    {
      "type": "Feature",
      "geometry": {
        "type": "Point",
        "coordinates": [
          32.87082626939232,
          39.897408580522665
        ]
      },
      "properties": {
        "katman": "AIRBNB_ILANI",
        "id": "1678444686547850304",
        "ad": "Daire - Yüzüncüyıl",
        "alt_tur": "Daire",
        "fiyat_tl": 2812,
        "fiyat_1_gun_tl": null,
        "fiyat_1_hafta_tl": null,
        "fiyat_1_ay_tl": 2825,
        "fiyat_3_ay_tl": 2800,
        "puan": 4.89,
        "yorum": 9,
        "url": "https://www.airbnb.com.tr/rooms/1678444686547850304"
      }
    },
    {
      "type": "Feature",
      "geometry": {
        "type": "Point",
        "coordinates": [
          32.868,
          39.8939
        ]
      },
      "properties": {
        "katman": "AIRBNB_ILANI",
        "id": "21669916",
        "ad": "Daire - Çankaya",
        "alt_tur": "Daire",
        "fiyat_tl": 5395,
        "fiyat_1_gun_tl": null,
        "fiyat_1_hafta_tl": null,
        "fiyat_1_ay_tl": 5395,
        "fiyat_3_ay_tl": 5395,
        "puan": 4.9,
        "yorum": 220,
        "url": "https://www.airbnb.com.tr/rooms/21669916"
      }
    },
    {
      "type": "Feature",
      "geometry": {
        "type": "Point",
        "coordinates": [
          32.8768,
          39.8981
        ]
      },
      "properties": {
        "katman": "AIRBNB_ILANI",
        "id": "791056994107813979",
        "ad": "Daire - Çankaya",
        "alt_tur": "Daire",
        "fiyat_tl": 5625,
        "fiyat_1_gun_tl": null,
        "fiyat_1_hafta_tl": null,
        "fiyat_1_ay_tl": 5625,
        "fiyat_3_ay_tl": null,
        "puan": 4.81,
        "yorum": 185,
        "url": "https://www.airbnb.com.tr/rooms/791056994107813979"
      }
    },
    {
      "type": "Feature",
      "geometry": {
        "type": "Point",
        "coordinates": [
          32.8673,
          39.89579
        ]
      },
      "properties": {
        "katman": "AIRBNB_ILANI",
        "id": "643527643369444334",
        "ad": "Daire - Çankaya",
        "alt_tur": "Daire",
        "fiyat_tl": 6087,
        "fiyat_1_gun_tl": null,
        "fiyat_1_hafta_tl": null,
        "fiyat_1_ay_tl": 6896,
        "fiyat_3_ay_tl": 5278,
        "puan": 4.86,
        "yorum": 124,
        "url": "https://www.airbnb.com.tr/rooms/643527643369444334"
      }
    },
    {
      "type": "Feature",
      "geometry": {
        "type": "Point",
        "coordinates": [
          32.861,
          39.8932
        ]
      },
      "properties": {
        "katman": "AIRBNB_ILANI",
        "id": "977634965244614196",
        "ad": "Daire - Çankaya",
        "alt_tur": "Daire",
        "fiyat_tl": 5984,
        "fiyat_1_gun_tl": null,
        "fiyat_1_hafta_tl": null,
        "fiyat_1_ay_tl": 6057,
        "fiyat_3_ay_tl": 5911,
        "puan": 4.78,
        "yorum": 79,
        "url": "https://www.airbnb.com.tr/rooms/977634965244614196"
      }
    },
    {
      "type": "Feature",
      "geometry": {
        "type": "Point",
        "coordinates": [
          32.8768,
          39.8981
        ]
      },
      "properties": {
        "katman": "AIRBNB_ILANI",
        "id": "791150399282240882",
        "ad": "Daire - Çankaya",
        "alt_tur": "Daire",
        "fiyat_tl": 4589,
        "fiyat_1_gun_tl": null,
        "fiyat_1_hafta_tl": null,
        "fiyat_1_ay_tl": 4589,
        "fiyat_3_ay_tl": null,
        "puan": 4.8,
        "yorum": 178,
        "url": "https://www.airbnb.com.tr/rooms/791150399282240882"
      }
    },
    {
      "type": "Feature",
      "geometry": {
        "type": "Point",
        "coordinates": [
          32.87347551127138,
          39.88528042691677
        ]
      },
      "properties": {
        "katman": "AIRBNB_ILANI",
        "id": "1443600368681277364",
        "ad": "Daire - Çankaya",
        "alt_tur": "Daire",
        "fiyat_tl": 5888,
        "fiyat_1_gun_tl": null,
        "fiyat_1_hafta_tl": null,
        "fiyat_1_ay_tl": 5888,
        "fiyat_3_ay_tl": null,
        "puan": 4.67,
        "yorum": 46,
        "url": "https://www.airbnb.com.tr/rooms/1443600368681277364"
      }
    },
    {
      "type": "Feature",
      "geometry": {
        "type": "Point",
        "coordinates": [
          32.87232076308751,
          39.884870706822085
        ]
      },
      "properties": {
        "katman": "AIRBNB_ILANI",
        "id": "1443585223685373598",
        "ad": "Daire - Çankaya",
        "alt_tur": "Daire",
        "fiyat_tl": 5888,
        "fiyat_1_gun_tl": null,
        "fiyat_1_hafta_tl": null,
        "fiyat_1_ay_tl": 5888,
        "fiyat_3_ay_tl": null,
        "puan": 4.64,
        "yorum": 74,
        "url": "https://www.airbnb.com.tr/rooms/1443585223685373598"
      }
    },
    {
      "type": "Feature",
      "geometry": {
        "type": "Point",
        "coordinates": [
          32.86039,
          39.89389
        ]
      },
      "properties": {
        "katman": "AIRBNB_ILANI",
        "id": "972975237344717292",
        "ad": "Daire - Çankaya",
        "alt_tur": "Daire",
        "fiyat_tl": 7224,
        "fiyat_1_gun_tl": null,
        "fiyat_1_hafta_tl": null,
        "fiyat_1_ay_tl": 6614,
        "fiyat_3_ay_tl": 7833,
        "puan": 4.82,
        "yorum": 116,
        "url": "https://www.airbnb.com.tr/rooms/972975237344717292"
      }
    },
    {
      "type": "Feature",
      "geometry": {
        "type": "Point",
        "coordinates": [
          32.867,
          39.8964
        ]
      },
      "properties": {
        "katman": "AIRBNB_ILANI",
        "id": "17484619",
        "ad": "Daire - Çankaya",
        "alt_tur": "Daire",
        "fiyat_tl": 5395,
        "fiyat_1_gun_tl": null,
        "fiyat_1_hafta_tl": null,
        "fiyat_1_ay_tl": 5395,
        "fiyat_3_ay_tl": 5395,
        "puan": 4.87,
        "yorum": 182,
        "url": "https://www.airbnb.com.tr/rooms/17484619"
      }
    },
    {
      "type": "Feature",
      "geometry": {
        "type": "Point",
        "coordinates": [
          32.86723,
          39.89457
        ]
      },
      "properties": {
        "katman": "AIRBNB_ILANI",
        "id": "22046079",
        "ad": "Daire - Çankaya",
        "alt_tur": "Daire",
        "fiyat_tl": 5843,
        "fiyat_1_gun_tl": null,
        "fiyat_1_hafta_tl": null,
        "fiyat_1_ay_tl": 5843,
        "fiyat_3_ay_tl": 5843,
        "puan": 4.83,
        "yorum": 75,
        "url": "https://www.airbnb.com.tr/rooms/22046079"
      }
    },
    {
      "type": "Feature",
      "geometry": {
        "type": "Point",
        "coordinates": [
          32.861,
          39.8932
        ]
      },
      "properties": {
        "katman": "AIRBNB_ILANI",
        "id": "974659329352761578",
        "ad": "Daire - Çankaya",
        "alt_tur": "Daire",
        "fiyat_tl": 5629,
        "fiyat_1_gun_tl": null,
        "fiyat_1_hafta_tl": null,
        "fiyat_1_ay_tl": 5629,
        "fiyat_3_ay_tl": null,
        "puan": 4.65,
        "yorum": 51,
        "url": "https://www.airbnb.com.tr/rooms/974659329352761578"
      }
    },
    {
      "type": "Feature",
      "geometry": {
        "type": "Point",
        "coordinates": [
          32.868,
          39.8939
        ]
      },
      "properties": {
        "katman": "AIRBNB_ILANI",
        "id": "18335730",
        "ad": "Daire - Çankaya",
        "alt_tur": "Daire",
        "fiyat_tl": 5395,
        "fiyat_1_gun_tl": null,
        "fiyat_1_hafta_tl": null,
        "fiyat_1_ay_tl": 5395,
        "fiyat_3_ay_tl": null,
        "puan": 4.87,
        "yorum": 172,
        "url": "https://www.airbnb.com.tr/rooms/18335730"
      }
    },
    {
      "type": "Feature",
      "geometry": {
        "type": "Point",
        "coordinates": [
          32.86767,
          39.89358
        ]
      },
      "properties": {
        "katman": "AIRBNB_ILANI",
        "id": "643431315522609431",
        "ad": "Daire - Çankaya",
        "alt_tur": "Daire",
        "fiyat_tl": 6205,
        "fiyat_1_gun_tl": null,
        "fiyat_1_hafta_tl": null,
        "fiyat_1_ay_tl": 6896,
        "fiyat_3_ay_tl": 5514,
        "puan": 4.79,
        "yorum": 184,
        "url": "https://www.airbnb.com.tr/rooms/643431315522609431"
      }
    },
    {
      "type": "Feature",
      "geometry": {
        "type": "Point",
        "coordinates": [
          32.87364053668665,
          39.8829942790993
        ]
      },
      "properties": {
        "katman": "AIRBNB_ILANI",
        "id": "1443614329910734304",
        "ad": "Daire - Çankaya",
        "alt_tur": "Daire",
        "fiyat_tl": 5888,
        "fiyat_1_gun_tl": null,
        "fiyat_1_hafta_tl": null,
        "fiyat_1_ay_tl": null,
        "fiyat_3_ay_tl": 5888,
        "puan": 4.82,
        "yorum": 65,
        "url": "https://www.airbnb.com.tr/rooms/1443614329910734304"
      }
    },
    {
      "type": "Feature",
      "geometry": {
        "type": "Point",
        "coordinates": [
          32.873336665699284,
          39.88505349704912
        ]
      },
      "properties": {
        "katman": "AIRBNB_ILANI",
        "id": "1443619469675899378",
        "ad": "Daire - Çankaya",
        "alt_tur": "Özel Oda",
        "fiyat_tl": 4441,
        "fiyat_1_gun_tl": null,
        "fiyat_1_hafta_tl": null,
        "fiyat_1_ay_tl": null,
        "fiyat_3_ay_tl": 4441,
        "puan": 4.71,
        "yorum": 55,
        "url": "https://www.airbnb.com.tr/rooms/1443619469675899378"
      }
    },
    {
      "type": "Feature",
      "geometry": {
        "type": "Point",
        "coordinates": [
          32.86775,
          39.89411
        ]
      },
      "properties": {
        "katman": "AIRBNB_ILANI",
        "id": "643443907039343316",
        "ad": "Daire - Çankaya",
        "alt_tur": "Daire",
        "fiyat_tl": 5040,
        "fiyat_1_gun_tl": null,
        "fiyat_1_hafta_tl": null,
        "fiyat_1_ay_tl": null,
        "fiyat_3_ay_tl": 5040,
        "puan": 4.86,
        "yorum": 129,
        "url": "https://www.airbnb.com.tr/rooms/643443907039343316"
      }
    },
    {
      "type": "Feature",
      "geometry": {
        "type": "Point",
        "coordinates": [
          32.87220278967371,
          39.884733671181095
        ]
      },
      "properties": {
        "katman": "AIRBNB_ILANI",
        "id": "1443606124950984662",
        "ad": "Daire - Çankaya",
        "alt_tur": "Daire",
        "fiyat_tl": 4441,
        "fiyat_1_gun_tl": null,
        "fiyat_1_hafta_tl": null,
        "fiyat_1_ay_tl": null,
        "fiyat_3_ay_tl": 4441,
        "puan": 4.68,
        "yorum": 68,
        "url": "https://www.airbnb.com.tr/rooms/1443606124950984662"
      }
    },
    {
      "type": "Feature",
      "geometry": {
        "type": "Point",
        "coordinates": [
          32.861,
          39.894
        ]
      },
      "properties": {
        "katman": "AIRBNB_ILANI",
        "id": "970853294877190282",
        "ad": "Daire - Çankaya",
        "alt_tur": "Daire",
        "fiyat_tl": 5911,
        "fiyat_1_gun_tl": null,
        "fiyat_1_hafta_tl": null,
        "fiyat_1_ay_tl": null,
        "fiyat_3_ay_tl": 5911,
        "puan": 4.85,
        "yorum": 110,
        "url": "https://www.airbnb.com.tr/rooms/970853294877190282"
      }
    },
    {
      "type": "Feature",
      "geometry": {
        "type": "Point",
        "coordinates": [
          32.8613,
          39.8944
        ]
      },
      "properties": {
        "katman": "AIRBNB_ILANI",
        "id": "1001372459756353425",
        "ad": "Daire - Çankaya",
        "alt_tur": "Daire",
        "fiyat_tl": 4817,
        "fiyat_1_gun_tl": null,
        "fiyat_1_hafta_tl": null,
        "fiyat_1_ay_tl": null,
        "fiyat_3_ay_tl": 4817,
        "puan": 4.49,
        "yorum": 71,
        "url": "https://www.airbnb.com.tr/rooms/1001372459756353425"
      }
    },
    {
      "type": "Feature",
      "geometry": {
        "type": "Point",
        "coordinates": [
          29.0306,
          40.9862
        ]
      },
      "properties": {
        "katman": "AIRBNB_ILANI",
        "id": "1365754372067907425",
        "ad": "Daire - İstanbul",
        "alt_tur": "Daire",
        "fiyat_tl": 3569,
        "fiyat_1_gun_tl": 3694,
        "fiyat_1_hafta_tl": 3444,
        "fiyat_1_ay_tl": null,
        "fiyat_3_ay_tl": null,
        "puan": 4.7,
        "yorum": 79,
        "url": "https://www.airbnb.com.tr/rooms/1365754372067907425"
      }
    },
    {
      "type": "Feature",
      "geometry": {
        "type": "Point",
        "coordinates": [
          29.0227,
          40.9836
        ]
      },
      "properties": {
        "katman": "AIRBNB_ILANI",
        "id": "763059244727097267",
        "ad": "Daire - İstanbul",
        "alt_tur": "Özel Oda",
        "fiyat_tl": 5619,
        "fiyat_1_gun_tl": 5619,
        "fiyat_1_hafta_tl": null,
        "fiyat_1_ay_tl": null,
        "fiyat_3_ay_tl": null,
        "puan": 4.81,
        "yorum": 118,
        "url": "https://www.airbnb.com.tr/rooms/763059244727097267"
      }
    },
    {
      "type": "Feature",
      "geometry": {
        "type": "Point",
        "coordinates": [
          29.0322,
          40.9887
        ]
      },
      "properties": {
        "katman": "AIRBNB_ILANI",
        "id": "765756810814582109",
        "ad": "Daire - İstanbul",
        "alt_tur": "Özel Oda",
        "fiyat_tl": 6811,
        "fiyat_1_gun_tl": 6811,
        "fiyat_1_hafta_tl": null,
        "fiyat_1_ay_tl": null,
        "fiyat_3_ay_tl": null,
        "puan": 4.93,
        "yorum": 138,
        "url": "https://www.airbnb.com.tr/rooms/765756810814582109"
      }
    },
    {
      "type": "Feature",
      "geometry": {
        "type": "Point",
        "coordinates": [
          29.02076,
          40.98409
        ]
      },
      "properties": {
        "katman": "AIRBNB_ILANI",
        "id": "1496337162852801365",
        "ad": "Daire - İstanbul",
        "alt_tur": "Özel Oda",
        "fiyat_tl": 6300,
        "fiyat_1_gun_tl": 6300,
        "fiyat_1_hafta_tl": null,
        "fiyat_1_ay_tl": null,
        "fiyat_3_ay_tl": null,
        "puan": 4.97,
        "yorum": 35,
        "url": "https://www.airbnb.com.tr/rooms/1496337162852801365"
      }
    },
    {
      "type": "Feature",
      "geometry": {
        "type": "Point",
        "coordinates": [
          29.02875,
          40.99435
        ]
      },
      "properties": {
        "katman": "AIRBNB_ILANI",
        "id": "46378474",
        "ad": "Daire - İstanbul",
        "alt_tur": "Daire",
        "fiyat_tl": 2802,
        "fiyat_1_gun_tl": 2802,
        "fiyat_1_hafta_tl": null,
        "fiyat_1_ay_tl": null,
        "fiyat_3_ay_tl": null,
        "puan": 4.59,
        "yorum": 61,
        "url": "https://www.airbnb.com.tr/rooms/46378474"
      }
    },
    {
      "type": "Feature",
      "geometry": {
        "type": "Point",
        "coordinates": [
          29.0256,
          40.9928
        ]
      },
      "properties": {
        "katman": "AIRBNB_ILANI",
        "id": "1328938791883345167",
        "ad": "Otel - İstanbul",
        "alt_tur": "Daire / Ev",
        "fiyat_tl": 1975,
        "fiyat_1_gun_tl": 1975,
        "fiyat_1_hafta_tl": null,
        "fiyat_1_ay_tl": null,
        "fiyat_3_ay_tl": null,
        "puan": null,
        "yorum": 0,
        "url": "https://www.airbnb.com.tr/rooms/1328938791883345167"
      }
    },
    {
      "type": "Feature",
      "geometry": {
        "type": "Point",
        "coordinates": [
          29.0241,
          40.988
        ]
      },
      "properties": {
        "katman": "AIRBNB_ILANI",
        "id": "1774718371133180920",
        "ad": "Daire - İstanbul",
        "alt_tur": "Daire",
        "fiyat_tl": 2572,
        "fiyat_1_gun_tl": 2572,
        "fiyat_1_hafta_tl": null,
        "fiyat_1_ay_tl": null,
        "fiyat_3_ay_tl": null,
        "puan": null,
        "yorum": 0,
        "url": "https://www.airbnb.com.tr/rooms/1774718371133180920"
      }
    },
    {
      "type": "Feature",
      "geometry": {
        "type": "Point",
        "coordinates": [
          29.1226,
          41.0005
        ]
      },
      "properties": {
        "katman": "AIRBNB_ILANI",
        "id": "1755834146149210227",
        "ad": "Daire - Ümraniye",
        "alt_tur": "Daire",
        "fiyat_tl": 3873,
        "fiyat_1_gun_tl": 3873,
        "fiyat_1_hafta_tl": null,
        "fiyat_1_ay_tl": null,
        "fiyat_3_ay_tl": null,
        "puan": 5.0,
        "yorum": 3,
        "url": "https://www.airbnb.com.tr/rooms/1755834146149210227"
      }
    },
    {
      "type": "Feature",
      "geometry": {
        "type": "Point",
        "coordinates": [
          29.02311,
          40.99015
        ]
      },
      "properties": {
        "katman": "AIRBNB_ILANI",
        "id": "1703601475768152482",
        "ad": "Ev - İstanbul",
        "alt_tur": "Daire / Ev",
        "fiyat_tl": 2750,
        "fiyat_1_gun_tl": 2750,
        "fiyat_1_hafta_tl": null,
        "fiyat_1_ay_tl": null,
        "fiyat_3_ay_tl": null,
        "puan": 4.83,
        "yorum": 6,
        "url": "https://www.airbnb.com.tr/rooms/1703601475768152482"
      }
    },
    {
      "type": "Feature",
      "geometry": {
        "type": "Point",
        "coordinates": [
          29.1115,
          40.987
        ]
      },
      "properties": {
        "katman": "AIRBNB_ILANI",
        "id": "1025046441038793641",
        "ad": "Otel - Ataşehir",
        "alt_tur": "Daire / Ev",
        "fiyat_tl": 3500,
        "fiyat_1_gun_tl": 3500,
        "fiyat_1_hafta_tl": null,
        "fiyat_1_ay_tl": null,
        "fiyat_3_ay_tl": null,
        "puan": 4.86,
        "yorum": 51,
        "url": "https://www.airbnb.com.tr/rooms/1025046441038793641"
      }
    },
    {
      "type": "Feature",
      "geometry": {
        "type": "Point",
        "coordinates": [
          29.0272,
          40.9968
        ]
      },
      "properties": {
        "katman": "AIRBNB_ILANI",
        "id": "1257744978274678960",
        "ad": "Daire - İstanbul",
        "alt_tur": "Daire",
        "fiyat_tl": 3000,
        "fiyat_1_gun_tl": 3000,
        "fiyat_1_hafta_tl": null,
        "fiyat_1_ay_tl": null,
        "fiyat_3_ay_tl": null,
        "puan": 4.89,
        "yorum": 79,
        "url": "https://www.airbnb.com.tr/rooms/1257744978274678960"
      }
    },
    {
      "type": "Feature",
      "geometry": {
        "type": "Point",
        "coordinates": [
          29.02654,
          40.99535
        ]
      },
      "properties": {
        "katman": "AIRBNB_ILANI",
        "id": "1563988570712546758",
        "ad": "Daire - İstanbul",
        "alt_tur": "Daire",
        "fiyat_tl": 3150,
        "fiyat_1_gun_tl": 3150,
        "fiyat_1_hafta_tl": null,
        "fiyat_1_ay_tl": null,
        "fiyat_3_ay_tl": null,
        "puan": 4.32,
        "yorum": 53,
        "url": "https://www.airbnb.com.tr/rooms/1563988570712546758"
      }
    },
    {
      "type": "Feature",
      "geometry": {
        "type": "Point",
        "coordinates": [
          29.02882,
          40.99503
        ]
      },
      "properties": {
        "katman": "AIRBNB_ILANI",
        "id": "1425992587276802022",
        "ad": "Otel - İstanbul",
        "alt_tur": "Daire / Ev",
        "fiyat_tl": 1459,
        "fiyat_1_gun_tl": 1459,
        "fiyat_1_hafta_tl": null,
        "fiyat_1_ay_tl": null,
        "fiyat_3_ay_tl": null,
        "puan": 4.67,
        "yorum": 3,
        "url": "https://www.airbnb.com.tr/rooms/1425992587276802022"
      }
    },
    {
      "type": "Feature",
      "geometry": {
        "type": "Point",
        "coordinates": [
          29.0304,
          40.9934
        ]
      },
      "properties": {
        "katman": "AIRBNB_ILANI",
        "id": "1054451087204680284",
        "ad": "Butik otel - İstanbul",
        "alt_tur": "Daire / Ev",
        "fiyat_tl": 2596,
        "fiyat_1_gun_tl": 2596,
        "fiyat_1_hafta_tl": null,
        "fiyat_1_ay_tl": null,
        "fiyat_3_ay_tl": null,
        "puan": 4.4,
        "yorum": 139,
        "url": "https://www.airbnb.com.tr/rooms/1054451087204680284"
      }
    },
    {
      "type": "Feature",
      "geometry": {
        "type": "Point",
        "coordinates": [
          29.0434,
          40.9843
        ]
      },
      "properties": {
        "katman": "AIRBNB_ILANI",
        "id": "1642041441453133669",
        "ad": "Ev - İstanbul",
        "alt_tur": "Daire / Ev",
        "fiyat_tl": 4825,
        "fiyat_1_gun_tl": null,
        "fiyat_1_hafta_tl": 4500,
        "fiyat_1_ay_tl": 4974,
        "fiyat_3_ay_tl": 5000,
        "puan": 4.9,
        "yorum": 21,
        "url": "https://www.airbnb.com.tr/rooms/1642041441453133669"
      }
    },
    {
      "type": "Feature",
      "geometry": {
        "type": "Point",
        "coordinates": [
          29.0942,
          40.9993
        ]
      },
      "properties": {
        "katman": "AIRBNB_ILANI",
        "id": "1320853439925504712",
        "ad": "Daire - Ataşehir",
        "alt_tur": "Daire",
        "fiyat_tl": 2900,
        "fiyat_1_gun_tl": null,
        "fiyat_1_hafta_tl": 2900,
        "fiyat_1_ay_tl": null,
        "fiyat_3_ay_tl": null,
        "puan": 4.93,
        "yorum": 161,
        "url": "https://www.airbnb.com.tr/rooms/1320853439925504712"
      }
    },
    {
      "type": "Feature",
      "geometry": {
        "type": "Point",
        "coordinates": [
          29.028561112943727,
          40.993088341534424
        ]
      },
      "properties": {
        "katman": "AIRBNB_ILANI",
        "id": "1767666537519263019",
        "ad": "Daire - İstanbul",
        "alt_tur": "Daire",
        "fiyat_tl": 3875,
        "fiyat_1_gun_tl": null,
        "fiyat_1_hafta_tl": 3875,
        "fiyat_1_ay_tl": null,
        "fiyat_3_ay_tl": null,
        "puan": null,
        "yorum": 0,
        "url": "https://www.airbnb.com.tr/rooms/1767666537519263019"
      }
    },
    {
      "type": "Feature",
      "geometry": {
        "type": "Point",
        "coordinates": [
          29.0258,
          40.9895
        ]
      },
      "properties": {
        "katman": "AIRBNB_ILANI",
        "id": "1724060030280789446",
        "ad": "Otel - İstanbul",
        "alt_tur": "Daire / Ev",
        "fiyat_tl": 2605,
        "fiyat_1_gun_tl": null,
        "fiyat_1_hafta_tl": 2605,
        "fiyat_1_ay_tl": null,
        "fiyat_3_ay_tl": null,
        "puan": 4.91,
        "yorum": 11,
        "url": "https://www.airbnb.com.tr/rooms/1724060030280789446"
      }
    },
    {
      "type": "Feature",
      "geometry": {
        "type": "Point",
        "coordinates": [
          29.02881,
          40.9963
        ]
      },
      "properties": {
        "katman": "AIRBNB_ILANI",
        "id": "1530712633096633861",
        "ad": "Daire - İstanbul",
        "alt_tur": "Daire",
        "fiyat_tl": 2374,
        "fiyat_1_gun_tl": null,
        "fiyat_1_hafta_tl": 2374,
        "fiyat_1_ay_tl": null,
        "fiyat_3_ay_tl": null,
        "puan": 4.81,
        "yorum": 78,
        "url": "https://www.airbnb.com.tr/rooms/1530712633096633861"
      }
    },
    {
      "type": "Feature",
      "geometry": {
        "type": "Point",
        "coordinates": [
          29.03066,
          40.99265
        ]
      },
      "properties": {
        "katman": "AIRBNB_ILANI",
        "id": "1428365172775492383",
        "ad": "Daire - İstanbul",
        "alt_tur": "Daire",
        "fiyat_tl": 2980,
        "fiyat_1_gun_tl": null,
        "fiyat_1_hafta_tl": 2874,
        "fiyat_1_ay_tl": 3085,
        "fiyat_3_ay_tl": null,
        "puan": 4.75,
        "yorum": 132,
        "url": "https://www.airbnb.com.tr/rooms/1428365172775492383"
      }
    },
    {
      "type": "Feature",
      "geometry": {
        "type": "Point",
        "coordinates": [
          29.02155,
          40.98589
        ]
      },
      "properties": {
        "katman": "AIRBNB_ILANI",
        "id": "1495593374892762506",
        "ad": "Daire - İstanbul",
        "alt_tur": "Özel Oda",
        "fiyat_tl": 15253,
        "fiyat_1_gun_tl": null,
        "fiyat_1_hafta_tl": 15253,
        "fiyat_1_ay_tl": null,
        "fiyat_3_ay_tl": null,
        "puan": 5.0,
        "yorum": 48,
        "url": "https://www.airbnb.com.tr/rooms/1495593374892762506"
      }
    },
    {
      "type": "Feature",
      "geometry": {
        "type": "Point",
        "coordinates": [
          29.0497,
          40.98436
        ]
      },
      "properties": {
        "katman": "AIRBNB_ILANI",
        "id": "1484789975067675061",
        "ad": "Daire - İstanbul",
        "alt_tur": "Daire",
        "fiyat_tl": 4300,
        "fiyat_1_gun_tl": null,
        "fiyat_1_hafta_tl": 4300,
        "fiyat_1_ay_tl": null,
        "fiyat_3_ay_tl": null,
        "puan": 4.81,
        "yorum": 48,
        "url": "https://www.airbnb.com.tr/rooms/1484789975067675061"
      }
    },
    {
      "type": "Feature",
      "geometry": {
        "type": "Point",
        "coordinates": [
          29.08405,
          40.9679
        ]
      },
      "properties": {
        "katman": "AIRBNB_ILANI",
        "id": "619140870722471985",
        "ad": "Küçük ev - İstanbul",
        "alt_tur": "Daire / Ev",
        "fiyat_tl": 6231,
        "fiyat_1_gun_tl": null,
        "fiyat_1_hafta_tl": 6231,
        "fiyat_1_ay_tl": null,
        "fiyat_3_ay_tl": null,
        "puan": 4.96,
        "yorum": 130,
        "url": "https://www.airbnb.com.tr/rooms/619140870722471985"
      }
    },
    {
      "type": "Feature",
      "geometry": {
        "type": "Point",
        "coordinates": [
          29.02647,
          40.99527
        ]
      },
      "properties": {
        "katman": "AIRBNB_ILANI",
        "id": "1207863322759801463",
        "ad": "Otel - İstanbul",
        "alt_tur": "Özel Oda",
        "fiyat_tl": 2999,
        "fiyat_1_gun_tl": null,
        "fiyat_1_hafta_tl": 2999,
        "fiyat_1_ay_tl": null,
        "fiyat_3_ay_tl": null,
        "puan": 4.74,
        "yorum": 136,
        "url": "https://www.airbnb.com.tr/rooms/1207863322759801463"
      }
    },
    {
      "type": "Feature",
      "geometry": {
        "type": "Point",
        "coordinates": [
          29.0848,
          40.9956
        ]
      },
      "properties": {
        "katman": "AIRBNB_ILANI",
        "id": "1726902481089108297",
        "ad": "Daire - Ataşehir",
        "alt_tur": "Daire",
        "fiyat_tl": 3500,
        "fiyat_1_gun_tl": null,
        "fiyat_1_hafta_tl": 3500,
        "fiyat_1_ay_tl": null,
        "fiyat_3_ay_tl": null,
        "puan": 5.0,
        "yorum": 4,
        "url": "https://www.airbnb.com.tr/rooms/1726902481089108297"
      }
    },
    {
      "type": "Feature",
      "geometry": {
        "type": "Point",
        "coordinates": [
          29.0528,
          40.9838
        ]
      },
      "properties": {
        "katman": "AIRBNB_ILANI",
        "id": "1531988377023856577",
        "ad": "Daire - Kadıköy",
        "alt_tur": "Daire",
        "fiyat_tl": 4987,
        "fiyat_1_gun_tl": null,
        "fiyat_1_hafta_tl": null,
        "fiyat_1_ay_tl": 4974,
        "fiyat_3_ay_tl": 5000,
        "puan": 4.92,
        "yorum": 26,
        "url": "https://www.airbnb.com.tr/rooms/1531988377023856577"
      }
    },
    {
      "type": "Feature",
      "geometry": {
        "type": "Point",
        "coordinates": [
          29.02907,
          40.98702
        ]
      },
      "properties": {
        "katman": "AIRBNB_ILANI",
        "id": "795401935224083621",
        "ad": "pansiyon - Kadıköy",
        "alt_tur": "Özel Oda",
        "fiyat_tl": 3312,
        "fiyat_1_gun_tl": null,
        "fiyat_1_hafta_tl": null,
        "fiyat_1_ay_tl": 3312,
        "fiyat_3_ay_tl": null,
        "puan": 4.92,
        "yorum": 195,
        "url": "https://www.airbnb.com.tr/rooms/795401935224083621"
      }
    },
    {
      "type": "Feature",
      "geometry": {
        "type": "Point",
        "coordinates": [
          29.02852,
          40.98821
        ]
      },
      "properties": {
        "katman": "AIRBNB_ILANI",
        "id": "1413275809075547036",
        "ad": "Daire - Kadıköy",
        "alt_tur": "Daire",
        "fiyat_tl": 4075,
        "fiyat_1_gun_tl": null,
        "fiyat_1_hafta_tl": null,
        "fiyat_1_ay_tl": 4075,
        "fiyat_3_ay_tl": null,
        "puan": 4.95,
        "yorum": 93,
        "url": "https://www.airbnb.com.tr/rooms/1413275809075547036"
      }
    },
    {
      "type": "Feature",
      "geometry": {
        "type": "Point",
        "coordinates": [
          29.03116,
          40.98326
        ]
      },
      "properties": {
        "katman": "AIRBNB_ILANI",
        "id": "1534186338198475955",
        "ad": "Kadıköy bölgesinde oda",
        "alt_tur": "Özel Oda",
        "fiyat_tl": 2761,
        "fiyat_1_gun_tl": null,
        "fiyat_1_hafta_tl": null,
        "fiyat_1_ay_tl": 2846,
        "fiyat_3_ay_tl": 2676,
        "puan": 5.0,
        "yorum": 5,
        "url": "https://www.airbnb.com.tr/rooms/1534186338198475955"
      }
    },
    {
      "type": "Feature",
      "geometry": {
        "type": "Point",
        "coordinates": [
          29.0272,
          40.9931
        ]
      },
      "properties": {
        "katman": "AIRBNB_ILANI",
        "id": "1360729549667359124",
        "ad": "Daire - Kadıköy",
        "alt_tur": "Daire",
        "fiyat_tl": 1995,
        "fiyat_1_gun_tl": null,
        "fiyat_1_hafta_tl": null,
        "fiyat_1_ay_tl": 1995,
        "fiyat_3_ay_tl": null,
        "puan": 4.31,
        "yorum": 67,
        "url": "https://www.airbnb.com.tr/rooms/1360729549667359124"
      }
    },
    {
      "type": "Feature",
      "geometry": {
        "type": "Point",
        "coordinates": [
          29.0272,
          40.98816
        ]
      },
      "properties": {
        "katman": "AIRBNB_ILANI",
        "id": "1538547381528605421",
        "ad": "Daire - Kadıköy",
        "alt_tur": "Daire",
        "fiyat_tl": 4389,
        "fiyat_1_gun_tl": null,
        "fiyat_1_hafta_tl": null,
        "fiyat_1_ay_tl": 4389,
        "fiyat_3_ay_tl": null,
        "puan": 4.82,
        "yorum": 39,
        "url": "https://www.airbnb.com.tr/rooms/1538547381528605421"
      }
    },
    {
      "type": "Feature",
      "geometry": {
        "type": "Point",
        "coordinates": [
          29.0312,
          40.9964
        ]
      },
      "properties": {
        "katman": "AIRBNB_ILANI",
        "id": "1771850969894734065",
        "ad": "Ev - Kadıköy",
        "alt_tur": "Daire / Ev",
        "fiyat_tl": 2650,
        "fiyat_1_gun_tl": null,
        "fiyat_1_hafta_tl": null,
        "fiyat_1_ay_tl": 2650,
        "fiyat_3_ay_tl": null,
        "puan": null,
        "yorum": 0,
        "url": "https://www.airbnb.com.tr/rooms/1771850969894734065"
      }
    },
    {
      "type": "Feature",
      "geometry": {
        "type": "Point",
        "coordinates": [
          29.02467,
          40.99325
        ]
      },
      "properties": {
        "katman": "AIRBNB_ILANI",
        "id": "1462123591957088258",
        "ad": "Daire - Kadıköy",
        "alt_tur": "Daire",
        "fiyat_tl": 3500,
        "fiyat_1_gun_tl": null,
        "fiyat_1_hafta_tl": null,
        "fiyat_1_ay_tl": 3750,
        "fiyat_3_ay_tl": 3250,
        "puan": 4.85,
        "yorum": 117,
        "url": "https://www.airbnb.com.tr/rooms/1462123591957088258"
      }
    },
    {
      "type": "Feature",
      "geometry": {
        "type": "Point",
        "coordinates": [
          29.02753,
          40.9928
        ]
      },
      "properties": {
        "katman": "AIRBNB_ILANI",
        "id": "1070513501236538862",
        "ad": "Daire - Kadıköy",
        "alt_tur": "Daire",
        "fiyat_tl": 3817,
        "fiyat_1_gun_tl": null,
        "fiyat_1_hafta_tl": null,
        "fiyat_1_ay_tl": 3817,
        "fiyat_3_ay_tl": null,
        "puan": 4.87,
        "yorum": 149,
        "url": "https://www.airbnb.com.tr/rooms/1070513501236538862"
      }
    },
    {
      "type": "Feature",
      "geometry": {
        "type": "Point",
        "coordinates": [
          29.04305,
          40.99865
        ]
      },
      "properties": {
        "katman": "AIRBNB_ILANI",
        "id": "689761583713412886",
        "ad": "Kadıköy bölgesinde oda",
        "alt_tur": "Özel Oda",
        "fiyat_tl": 1386,
        "fiyat_1_gun_tl": null,
        "fiyat_1_hafta_tl": null,
        "fiyat_1_ay_tl": 1386,
        "fiyat_3_ay_tl": null,
        "puan": 4.89,
        "yorum": 92,
        "url": "https://www.airbnb.com.tr/rooms/689761583713412886"
      }
    },
    {
      "type": "Feature",
      "geometry": {
        "type": "Point",
        "coordinates": [
          29.02693,
          40.99122
        ]
      },
      "properties": {
        "katman": "AIRBNB_ILANI",
        "id": "1738273952250875639",
        "ad": "Kadıköy bölgesinde oda",
        "alt_tur": "Özel Oda",
        "fiyat_tl": 2335,
        "fiyat_1_gun_tl": null,
        "fiyat_1_hafta_tl": null,
        "fiyat_1_ay_tl": 2335,
        "fiyat_3_ay_tl": null,
        "puan": 5.0,
        "yorum": 8,
        "url": "https://www.airbnb.com.tr/rooms/1738273952250875639"
      }
    },
    {
      "type": "Feature",
      "geometry": {
        "type": "Point",
        "coordinates": [
          29.02507,
          40.98232
        ]
      },
      "properties": {
        "katman": "AIRBNB_ILANI",
        "id": "1282449979582288022",
        "ad": "Ev - Kadıköy",
        "alt_tur": "Özel Oda",
        "fiyat_tl": 14206,
        "fiyat_1_gun_tl": null,
        "fiyat_1_hafta_tl": null,
        "fiyat_1_ay_tl": 14206,
        "fiyat_3_ay_tl": null,
        "puan": 4.79,
        "yorum": 91,
        "url": "https://www.airbnb.com.tr/rooms/1282449979582288022"
      }
    },
    {
      "type": "Feature",
      "geometry": {
        "type": "Point",
        "coordinates": [
          29.032,
          40.9911
        ]
      },
      "properties": {
        "katman": "AIRBNB_ILANI",
        "id": "1730673316210827621",
        "ad": "Daire - Kadıköy",
        "alt_tur": "Daire",
        "fiyat_tl": 3600,
        "fiyat_1_gun_tl": null,
        "fiyat_1_hafta_tl": null,
        "fiyat_1_ay_tl": 3600,
        "fiyat_3_ay_tl": null,
        "puan": 5.0,
        "yorum": 8,
        "url": "https://www.airbnb.com.tr/rooms/1730673316210827621"
      }
    },
    {
      "type": "Feature",
      "geometry": {
        "type": "Point",
        "coordinates": [
          29.0396,
          40.9874
        ]
      },
      "properties": {
        "katman": "AIRBNB_ILANI",
        "id": "1116568945175844241",
        "ad": "Daire - Kadıköy",
        "alt_tur": "Özel Oda",
        "fiyat_tl": 8368,
        "fiyat_1_gun_tl": null,
        "fiyat_1_hafta_tl": null,
        "fiyat_1_ay_tl": 8368,
        "fiyat_3_ay_tl": 8368,
        "puan": 4.78,
        "yorum": 76,
        "url": "https://www.airbnb.com.tr/rooms/1116568945175844241"
      }
    },
    {
      "type": "Feature",
      "geometry": {
        "type": "Point",
        "coordinates": [
          29.0394,
          40.996
        ]
      },
      "properties": {
        "katman": "AIRBNB_ILANI",
        "id": "996274954943748395",
        "ad": "Daire - İstanbul",
        "alt_tur": "Daire",
        "fiyat_tl": 4950,
        "fiyat_1_gun_tl": null,
        "fiyat_1_hafta_tl": null,
        "fiyat_1_ay_tl": null,
        "fiyat_3_ay_tl": 4950,
        "puan": 4.84,
        "yorum": 148,
        "url": "https://www.airbnb.com.tr/rooms/996274954943748395"
      }
    },
    {
      "type": "Feature",
      "geometry": {
        "type": "Point",
        "coordinates": [
          29.02895,
          40.98754
        ]
      },
      "properties": {
        "katman": "AIRBNB_ILANI",
        "id": "1242604429122662138",
        "ad": "Daire - İstanbul",
        "alt_tur": "Daire",
        "fiyat_tl": 5936,
        "fiyat_1_gun_tl": null,
        "fiyat_1_hafta_tl": null,
        "fiyat_1_ay_tl": null,
        "fiyat_3_ay_tl": 5936,
        "puan": 4.77,
        "yorum": 87,
        "url": "https://www.airbnb.com.tr/rooms/1242604429122662138"
      }
    },
    {
      "type": "Feature",
      "geometry": {
        "type": "Point",
        "coordinates": [
          29.03097,
          40.9916
        ]
      },
      "properties": {
        "katman": "AIRBNB_ILANI",
        "id": "1365226513011904235",
        "ad": "Daire - İstanbul",
        "alt_tur": "Daire",
        "fiyat_tl": 3308,
        "fiyat_1_gun_tl": null,
        "fiyat_1_hafta_tl": null,
        "fiyat_1_ay_tl": null,
        "fiyat_3_ay_tl": 3308,
        "puan": 4.94,
        "yorum": 67,
        "url": "https://www.airbnb.com.tr/rooms/1365226513011904235"
      }
    },
    {
      "type": "Feature",
      "geometry": {
        "type": "Point",
        "coordinates": [
          29.02809,
          40.99234
        ]
      },
      "properties": {
        "katman": "AIRBNB_ILANI",
        "id": "934051517768625956",
        "ad": "Daire - İstanbul",
        "alt_tur": "Daire",
        "fiyat_tl": 2068,
        "fiyat_1_gun_tl": null,
        "fiyat_1_hafta_tl": null,
        "fiyat_1_ay_tl": null,
        "fiyat_3_ay_tl": 2068,
        "puan": 4.48,
        "yorum": 153,
        "url": "https://www.airbnb.com.tr/rooms/934051517768625956"
      }
    },
    {
      "type": "Feature",
      "geometry": {
        "type": "Point",
        "coordinates": [
          29.0114,
          41.0249
        ]
      },
      "properties": {
        "katman": "AIRBNB_ILANI",
        "id": "1044202557937919157",
        "ad": "Daire - Üsküdar",
        "alt_tur": "Daire",
        "fiyat_tl": 15829,
        "fiyat_1_gun_tl": null,
        "fiyat_1_hafta_tl": null,
        "fiyat_1_ay_tl": null,
        "fiyat_3_ay_tl": 15829,
        "puan": 5.0,
        "yorum": 135,
        "url": "https://www.airbnb.com.tr/rooms/1044202557937919157"
      }
    },
    {
      "type": "Feature",
      "geometry": {
        "type": "Point",
        "coordinates": [
          29.0311,
          40.9885
        ]
      },
      "properties": {
        "katman": "AIRBNB_ILANI",
        "id": "1373763278480457396",
        "ad": "İstanbul bölgesinde oda",
        "alt_tur": "Özel Oda",
        "fiyat_tl": 2066,
        "fiyat_1_gun_tl": null,
        "fiyat_1_hafta_tl": null,
        "fiyat_1_ay_tl": null,
        "fiyat_3_ay_tl": 2066,
        "puan": 4.86,
        "yorum": 50,
        "url": "https://www.airbnb.com.tr/rooms/1373763278480457396"
      }
    },
    {
      "type": "Feature",
      "geometry": {
        "type": "Point",
        "coordinates": [
          29.03103,
          40.98816
        ]
      },
      "properties": {
        "katman": "AIRBNB_ILANI",
        "id": "1267351264961262233",
        "ad": "Daire - İstanbul",
        "alt_tur": "Daire",
        "fiyat_tl": 1773,
        "fiyat_1_gun_tl": null,
        "fiyat_1_hafta_tl": null,
        "fiyat_1_ay_tl": null,
        "fiyat_3_ay_tl": 1773,
        "puan": 4.58,
        "yorum": 123,
        "url": "https://www.airbnb.com.tr/rooms/1267351264961262233"
      }
    },
    {
      "type": "Feature",
      "geometry": {
        "type": "Point",
        "coordinates": [
          29.04265,
          41.00353
        ]
      },
      "properties": {
        "katman": "AIRBNB_ILANI",
        "id": "776464443607430182",
        "ad": "Daire - İstanbul",
        "alt_tur": "Daire",
        "fiyat_tl": 6280,
        "fiyat_1_gun_tl": null,
        "fiyat_1_hafta_tl": null,
        "fiyat_1_ay_tl": null,
        "fiyat_3_ay_tl": 6280,
        "puan": 4.72,
        "yorum": 118,
        "url": "https://www.airbnb.com.tr/rooms/776464443607430182"
      }
    },
    {
      "type": "Feature",
      "geometry": {
        "type": "Point",
        "coordinates": [
          29.0318,
          40.9956
        ]
      },
      "properties": {
        "katman": "AIRBNB_ILANI",
        "id": "1713016851160131202",
        "ad": "Ev - İstanbul",
        "alt_tur": "Daire / Ev",
        "fiyat_tl": 6256,
        "fiyat_1_gun_tl": null,
        "fiyat_1_hafta_tl": null,
        "fiyat_1_ay_tl": null,
        "fiyat_3_ay_tl": 6256,
        "puan": 4.88,
        "yorum": 8,
        "url": "https://www.airbnb.com.tr/rooms/1713016851160131202"
      }
    },
    {
      "type": "Feature",
      "geometry": {
        "type": "Point",
        "coordinates": [
          29.0113,
          41.0249
        ]
      },
      "properties": {
        "katman": "AIRBNB_ILANI",
        "id": "1734031050960959842",
        "ad": "Daire - Üsküdar",
        "alt_tur": "Daire",
        "fiyat_tl": 18383,
        "fiyat_1_gun_tl": null,
        "fiyat_1_hafta_tl": null,
        "fiyat_1_ay_tl": null,
        "fiyat_3_ay_tl": 18383,
        "puan": 5.0,
        "yorum": 5,
        "url": "https://www.airbnb.com.tr/rooms/1734031050960959842"
      }
    },
    {
      "type": "Feature",
      "geometry": {
        "type": "Point",
        "coordinates": [
          29.03008,
          40.99101
        ]
      },
      "properties": {
        "katman": "AIRBNB_ILANI",
        "id": "615026742607631698",
        "ad": "Daire - İstanbul",
        "alt_tur": "Daire",
        "fiyat_tl": 3087,
        "fiyat_1_gun_tl": null,
        "fiyat_1_hafta_tl": null,
        "fiyat_1_ay_tl": null,
        "fiyat_3_ay_tl": 3087,
        "puan": 4.8,
        "yorum": 247,
        "url": "https://www.airbnb.com.tr/rooms/615026742607631698"
      }
    },
    {
      "type": "Feature",
      "geometry": {
        "type": "Point",
        "coordinates": [
          29.07118,
          40.98427
        ]
      },
      "properties": {
        "katman": "AIRBNB_ILANI",
        "id": "743981179140613255",
        "ad": "Daire - İstanbul",
        "alt_tur": "Daire",
        "fiyat_tl": 7784,
        "fiyat_1_gun_tl": null,
        "fiyat_1_hafta_tl": null,
        "fiyat_1_ay_tl": null,
        "fiyat_3_ay_tl": 7784,
        "puan": 4.9,
        "yorum": 42,
        "url": "https://www.airbnb.com.tr/rooms/743981179140613255"
      }
    },
    {
      "type": "Feature",
      "geometry": {
        "type": "Point",
        "coordinates": [
          29.02615,
          40.99276
        ]
      },
      "properties": {
        "katman": "AIRBNB_ILANI",
        "id": "829466682049245503",
        "ad": "Daire - Kadıköy",
        "alt_tur": "Daire",
        "fiyat_tl": 2749,
        "fiyat_1_gun_tl": null,
        "fiyat_1_hafta_tl": null,
        "fiyat_1_ay_tl": 2749,
        "fiyat_3_ay_tl": null,
        "puan": 4.63,
        "yorum": 143,
        "url": "https://www.airbnb.com.tr/rooms/829466682049245503"
      }
    },
    {
      "type": "Feature",
      "geometry": {
        "type": "Point",
        "coordinates": [
          29.02757,
          40.98977
        ]
      },
      "properties": {
        "katman": "AIRBNB_ILANI",
        "id": "1242588867025161243",
        "ad": "Daire - Kadıköy",
        "alt_tur": "Daire",
        "fiyat_tl": 4573,
        "fiyat_1_gun_tl": null,
        "fiyat_1_hafta_tl": null,
        "fiyat_1_ay_tl": 4573,
        "fiyat_3_ay_tl": null,
        "puan": 4.89,
        "yorum": 62,
        "url": "https://www.airbnb.com.tr/rooms/1242588867025161243"
      }
    },
    {
      "type": "Feature",
      "geometry": {
        "type": "Point",
        "coordinates": [
          29.02698,
          40.99469
        ]
      },
      "properties": {
        "katman": "AIRBNB_ILANI",
        "id": "940970759355295551",
        "ad": "Daire - Kadıköy",
        "alt_tur": "Daire",
        "fiyat_tl": 3649,
        "fiyat_1_gun_tl": null,
        "fiyat_1_hafta_tl": null,
        "fiyat_1_ay_tl": 3649,
        "fiyat_3_ay_tl": null,
        "puan": 4.95,
        "yorum": 60,
        "url": "https://www.airbnb.com.tr/rooms/940970759355295551"
      }
    },
    {
      "type": "Feature",
      "geometry": {
        "type": "Point",
        "coordinates": [
          29.0285,
          40.9936
        ]
      },
      "properties": {
        "katman": "AIRBNB_ILANI",
        "id": "1062068377387720055",
        "ad": "Daire - Kadıköy",
        "alt_tur": "Daire",
        "fiyat_tl": 5072,
        "fiyat_1_gun_tl": null,
        "fiyat_1_hafta_tl": null,
        "fiyat_1_ay_tl": 5072,
        "fiyat_3_ay_tl": null,
        "puan": 4.73,
        "yorum": 142,
        "url": "https://www.airbnb.com.tr/rooms/1062068377387720055"
      }
    },
    {
      "type": "Feature",
      "geometry": {
        "type": "Point",
        "coordinates": [
          29.0309,
          40.98994
        ]
      },
      "properties": {
        "katman": "AIRBNB_ILANI",
        "id": "540177810446236003",
        "ad": "Site içi konut - Kadıköy",
        "alt_tur": "Daire / Ev",
        "fiyat_tl": 6820,
        "fiyat_1_gun_tl": null,
        "fiyat_1_hafta_tl": null,
        "fiyat_1_ay_tl": 6820,
        "fiyat_3_ay_tl": null,
        "puan": 4.92,
        "yorum": 184,
        "url": "https://www.airbnb.com.tr/rooms/540177810446236003"
      }
    },
    {
      "type": "Feature",
      "geometry": {
        "type": "Point",
        "coordinates": [
          29.0265,
          40.9864
        ]
      },
      "properties": {
        "katman": "AIRBNB_ILANI",
        "id": "1461437489279602900",
        "ad": "Daire - Kadıköy",
        "alt_tur": "Daire",
        "fiyat_tl": 5770,
        "fiyat_1_gun_tl": null,
        "fiyat_1_hafta_tl": null,
        "fiyat_1_ay_tl": 5770,
        "fiyat_3_ay_tl": null,
        "puan": 4.77,
        "yorum": 26,
        "url": "https://www.airbnb.com.tr/rooms/1461437489279602900"
      }
    },
    {
      "type": "Feature",
      "geometry": {
        "type": "Point",
        "coordinates": [
          29.02723,
          40.99197
        ]
      },
      "properties": {
        "katman": "AIRBNB_ILANI",
        "id": "816110067204276043",
        "ad": "Daire - Kadıköy",
        "alt_tur": "Daire",
        "fiyat_tl": 7325,
        "fiyat_1_gun_tl": null,
        "fiyat_1_hafta_tl": null,
        "fiyat_1_ay_tl": 7325,
        "fiyat_3_ay_tl": null,
        "puan": 4.88,
        "yorum": 133,
        "url": "https://www.airbnb.com.tr/rooms/816110067204276043"
      }
    },
    {
      "type": "Feature",
      "geometry": {
        "type": "Point",
        "coordinates": [
          29.02768,
          40.99251
        ]
      },
      "properties": {
        "katman": "AIRBNB_ILANI",
        "id": "1070467495138864343",
        "ad": "Daire - Kadıköy",
        "alt_tur": "Daire",
        "fiyat_tl": 3649,
        "fiyat_1_gun_tl": null,
        "fiyat_1_hafta_tl": null,
        "fiyat_1_ay_tl": null,
        "fiyat_3_ay_tl": 3649,
        "puan": 4.91,
        "yorum": 135,
        "url": "https://www.airbnb.com.tr/rooms/1070467495138864343"
      }
    },
    {
      "type": "Feature",
      "geometry": {
        "type": "Point",
        "coordinates": [
          29.0258,
          40.9943
        ]
      },
      "properties": {
        "katman": "AIRBNB_ILANI",
        "id": "941053556582718814",
        "ad": "Daire - Kadıköy",
        "alt_tur": "Daire",
        "fiyat_tl": 3868,
        "fiyat_1_gun_tl": null,
        "fiyat_1_hafta_tl": null,
        "fiyat_1_ay_tl": null,
        "fiyat_3_ay_tl": 3868,
        "puan": 4.98,
        "yorum": 101,
        "url": "https://www.airbnb.com.tr/rooms/941053556582718814"
      }
    },
    {
      "type": "Feature",
      "geometry": {
        "type": "Point",
        "coordinates": [
          29.02575,
          40.98847
        ]
      },
      "properties": {
        "katman": "AIRBNB_ILANI",
        "id": "1689763484929205374",
        "ad": "Daire - Kadıköy",
        "alt_tur": "Özel Oda",
        "fiyat_tl": 8028,
        "fiyat_1_gun_tl": null,
        "fiyat_1_hafta_tl": null,
        "fiyat_1_ay_tl": null,
        "fiyat_3_ay_tl": 8028,
        "puan": 5.0,
        "yorum": 13,
        "url": "https://www.airbnb.com.tr/rooms/1689763484929205374"
      }
    },
    {
      "type": "Feature",
      "geometry": {
        "type": "Point",
        "coordinates": [
          29.02827,
          40.99269
        ]
      },
      "properties": {
        "katman": "AIRBNB_ILANI",
        "id": "1552068984003182744",
        "ad": "Daire - Kadıköy",
        "alt_tur": "Daire",
        "fiyat_tl": 2961,
        "fiyat_1_gun_tl": null,
        "fiyat_1_hafta_tl": null,
        "fiyat_1_ay_tl": null,
        "fiyat_3_ay_tl": 2961,
        "puan": 4.89,
        "yorum": 37,
        "url": "https://www.airbnb.com.tr/rooms/1552068984003182744"
      }
    },
    {
      "type": "Feature",
      "geometry": {
        "type": "Point",
        "coordinates": [
          29.0282,
          40.9889
        ]
      },
      "properties": {
        "katman": "AIRBNB_ILANI",
        "id": "1370455273263220701",
        "ad": "Daire - Kadıköy",
        "alt_tur": "Daire",
        "fiyat_tl": 3985,
        "fiyat_1_gun_tl": null,
        "fiyat_1_hafta_tl": null,
        "fiyat_1_ay_tl": null,
        "fiyat_3_ay_tl": 3985,
        "puan": 4.86,
        "yorum": 58,
        "url": "https://www.airbnb.com.tr/rooms/1370455273263220701"
      }
    },
    {
      "type": "Feature",
      "geometry": {
        "type": "Point",
        "coordinates": [
          29.02707,
          40.98917
        ]
      },
      "properties": {
        "katman": "AIRBNB_ILANI",
        "id": "1120985397662131883",
        "ad": "Daire - Kadıköy",
        "alt_tur": "Daire",
        "fiyat_tl": 2999,
        "fiyat_1_gun_tl": null,
        "fiyat_1_hafta_tl": null,
        "fiyat_1_ay_tl": null,
        "fiyat_3_ay_tl": 2999,
        "puan": 4.86,
        "yorum": 245,
        "url": "https://www.airbnb.com.tr/rooms/1120985397662131883"
      }
    },
    {
      "type": "Feature",
      "geometry": {
        "type": "Point",
        "coordinates": [
          29.0306,
          40.9862
        ]
      },
      "properties": {
        "katman": "AIRBNB_ILANI",
        "id": "1365844289672912224",
        "ad": "Daire - Kadıköy",
        "alt_tur": "Daire",
        "fiyat_tl": 3472,
        "fiyat_1_gun_tl": null,
        "fiyat_1_hafta_tl": null,
        "fiyat_1_ay_tl": null,
        "fiyat_3_ay_tl": 3472,
        "puan": 4.85,
        "yorum": 78,
        "url": "https://www.airbnb.com.tr/rooms/1365844289672912224"
      }
    },
    {
      "type": "Feature",
      "geometry": {
        "type": "Point",
        "coordinates": [
          29.02307,
          40.98771
        ]
      },
      "properties": {
        "katman": "AIRBNB_ILANI",
        "id": "1607392248402262779",
        "ad": "Daire - Kadıköy",
        "alt_tur": "Daire",
        "fiyat_tl": 8490,
        "fiyat_1_gun_tl": null,
        "fiyat_1_hafta_tl": null,
        "fiyat_1_ay_tl": null,
        "fiyat_3_ay_tl": 8490,
        "puan": 4.88,
        "yorum": 34,
        "url": "https://www.airbnb.com.tr/rooms/1607392248402262779"
      }
    },
    {
      "type": "Feature",
      "geometry": {
        "type": "Point",
        "coordinates": [
          -48.4168,
          -27.3942
        ]
      },
      "properties": {
        "katman": "AIRBNB_ILANI",
        "id": "1755442915830719023",
        "ad": "Daire - Florianópolis, Brezilya",
        "alt_tur": "Daire",
        "fiyat_tl": 2735,
        "fiyat_1_gun_tl": null,
        "fiyat_1_hafta_tl": 2735,
        "fiyat_1_ay_tl": null,
        "fiyat_3_ay_tl": null,
        "puan": null,
        "yorum": 0,
        "url": "https://www.airbnb.com.tr/rooms/1755442915830719023"
      }
    },
    {
      "type": "Feature",
      "geometry": {
        "type": "Point",
        "coordinates": [
          27.4233,
          37.0375
        ]
      },
      "properties": {
        "katman": "AIRBNB_ILANI",
        "id": "1153045951015137857",
        "ad": "Daire - Bodrum",
        "alt_tur": "Daire",
        "fiyat_tl": 9360,
        "fiyat_1_gun_tl": 9851,
        "fiyat_1_hafta_tl": null,
        "fiyat_1_ay_tl": 8869,
        "fiyat_3_ay_tl": null,
        "puan": 4.98,
        "yorum": 56,
        "url": "https://www.airbnb.com.tr/rooms/1153045951015137857"
      }
    },
    {
      "type": "Feature",
      "geometry": {
        "type": "Point",
        "coordinates": [
          27.3908,
          37.027
        ]
      },
      "properties": {
        "katman": "AIRBNB_ILANI",
        "id": "1713792503247396188",
        "ad": "Ev - Bodrum",
        "alt_tur": "Daire / Ev",
        "fiyat_tl": 7000,
        "fiyat_1_gun_tl": 7000,
        "fiyat_1_hafta_tl": null,
        "fiyat_1_ay_tl": null,
        "fiyat_3_ay_tl": null,
        "puan": null,
        "yorum": 0,
        "url": "https://www.airbnb.com.tr/rooms/1713792503247396188"
      }
    },
    {
      "type": "Feature",
      "geometry": {
        "type": "Point",
        "coordinates": [
          27.398,
          37.0386
        ]
      },
      "properties": {
        "katman": "AIRBNB_ILANI",
        "id": "1706008147973595931",
        "ad": "Ev - Bodrum",
        "alt_tur": "Daire / Ev",
        "fiyat_tl": 6175,
        "fiyat_1_gun_tl": 6175,
        "fiyat_1_hafta_tl": null,
        "fiyat_1_ay_tl": null,
        "fiyat_3_ay_tl": null,
        "puan": 5.0,
        "yorum": 10,
        "url": "https://www.airbnb.com.tr/rooms/1706008147973595931"
      }
    },
    {
      "type": "Feature",
      "geometry": {
        "type": "Point",
        "coordinates": [
          27.37683,
          37.04562
        ]
      },
      "properties": {
        "katman": "AIRBNB_ILANI",
        "id": "1452867428030947798",
        "ad": "Bodrum bölgesinde oda",
        "alt_tur": "Özel Oda",
        "fiyat_tl": 4981,
        "fiyat_1_gun_tl": 4981,
        "fiyat_1_hafta_tl": null,
        "fiyat_1_ay_tl": null,
        "fiyat_3_ay_tl": null,
        "puan": 4.86,
        "yorum": 7,
        "url": "https://www.airbnb.com.tr/rooms/1452867428030947798"
      }
    },
    {
      "type": "Feature",
      "geometry": {
        "type": "Point",
        "coordinates": [
          27.411514218498578,
          37.03059665187468
        ]
      },
      "properties": {
        "katman": "AIRBNB_ILANI",
        "id": "1501375045107703638",
        "ad": "Daire - Bodrum",
        "alt_tur": "Daire",
        "fiyat_tl": 9122,
        "fiyat_1_gun_tl": 10946,
        "fiyat_1_hafta_tl": null,
        "fiyat_1_ay_tl": 7297,
        "fiyat_3_ay_tl": null,
        "puan": 4.96,
        "yorum": 185,
        "url": "https://www.airbnb.com.tr/rooms/1501375045107703638"
      }
    },
    {
      "type": "Feature",
      "geometry": {
        "type": "Point",
        "coordinates": [
          27.4406,
          37.0303
        ]
      },
      "properties": {
        "katman": "AIRBNB_ILANI",
        "id": "1772292203451599143",
        "ad": "Oda-kahvaltı - Bodrum",
        "alt_tur": "Özel Oda",
        "fiyat_tl": 4005,
        "fiyat_1_gun_tl": 4005,
        "fiyat_1_hafta_tl": null,
        "fiyat_1_ay_tl": null,
        "fiyat_3_ay_tl": null,
        "puan": null,
        "yorum": 0,
        "url": "https://www.airbnb.com.tr/rooms/1772292203451599143"
      }
    },
    {
      "type": "Feature",
      "geometry": {
        "type": "Point",
        "coordinates": [
          27.4055,
          37.0349
        ]
      },
      "properties": {
        "katman": "AIRBNB_ILANI",
        "id": "1721495823131666069",
        "ad": "Otel - Bodrum",
        "alt_tur": "Daire / Ev",
        "fiyat_tl": 2384,
        "fiyat_1_gun_tl": 2384,
        "fiyat_1_hafta_tl": null,
        "fiyat_1_ay_tl": null,
        "fiyat_3_ay_tl": null,
        "puan": null,
        "yorum": 0,
        "url": "https://www.airbnb.com.tr/rooms/1721495823131666069"
      }
    },
    {
      "type": "Feature",
      "geometry": {
        "type": "Point",
        "coordinates": [
          27.352,
          37.0244
        ]
      },
      "properties": {
        "katman": "AIRBNB_ILANI",
        "id": "12937461",
        "ad": "Otel odası - Bodrum",
        "alt_tur": "Özel Oda",
        "fiyat_tl": 5406,
        "fiyat_1_gun_tl": 5406,
        "fiyat_1_hafta_tl": null,
        "fiyat_1_ay_tl": null,
        "fiyat_3_ay_tl": null,
        "puan": 4.65,
        "yorum": 91,
        "url": "https://www.airbnb.com.tr/rooms/12937461"
      }
    },
    {
      "type": "Feature",
      "geometry": {
        "type": "Point",
        "coordinates": [
          27.4387,
          37.0322
        ]
      },
      "properties": {
        "katman": "AIRBNB_ILANI",
        "id": "26456110",
        "ad": "Butik otel - Bodrum",
        "alt_tur": "Özel Oda",
        "fiyat_tl": 2200,
        "fiyat_1_gun_tl": 2200,
        "fiyat_1_hafta_tl": null,
        "fiyat_1_ay_tl": null,
        "fiyat_3_ay_tl": null,
        "puan": 4.65,
        "yorum": 66,
        "url": "https://www.airbnb.com.tr/rooms/26456110"
      }
    },
    {
      "type": "Feature",
      "geometry": {
        "type": "Point",
        "coordinates": [
          27.4177,
          37.0331
        ]
      },
      "properties": {
        "katman": "AIRBNB_ILANI",
        "id": "1601997672819935694",
        "ad": "Otel - Bodrum",
        "alt_tur": "Özel Oda",
        "fiyat_tl": 3999,
        "fiyat_1_gun_tl": 3999,
        "fiyat_1_hafta_tl": null,
        "fiyat_1_ay_tl": null,
        "fiyat_3_ay_tl": null,
        "puan": 4.71,
        "yorum": 7,
        "url": "https://www.airbnb.com.tr/rooms/1601997672819935694"
      }
    },
    {
      "type": "Feature",
      "geometry": {
        "type": "Point",
        "coordinates": [
          27.4164,
          37.0318
        ]
      },
      "properties": {
        "katman": "AIRBNB_ILANI",
        "id": "1222483436297029393",
        "ad": "Ev - Bodrum",
        "alt_tur": "Daire / Ev",
        "fiyat_tl": 4621,
        "fiyat_1_gun_tl": 4621,
        "fiyat_1_hafta_tl": null,
        "fiyat_1_ay_tl": null,
        "fiyat_3_ay_tl": null,
        "puan": 4.83,
        "yorum": 48,
        "url": "https://www.airbnb.com.tr/rooms/1222483436297029393"
      }
    },
    {
      "type": "Feature",
      "geometry": {
        "type": "Point",
        "coordinates": [
          27.37791,
          37.02887
        ]
      },
      "properties": {
        "katman": "AIRBNB_ILANI",
        "id": "887538311508407247",
        "ad": "Tatil evi - Bodrum",
        "alt_tur": "Daire / Ev",
        "fiyat_tl": 3000,
        "fiyat_1_gun_tl": 3000,
        "fiyat_1_hafta_tl": null,
        "fiyat_1_ay_tl": null,
        "fiyat_3_ay_tl": null,
        "puan": 4.38,
        "yorum": 136,
        "url": "https://www.airbnb.com.tr/rooms/887538311508407247"
      }
    },
    {
      "type": "Feature",
      "geometry": {
        "type": "Point",
        "coordinates": [
          27.372777211312727,
          37.04700174045299
        ]
      },
      "properties": {
        "katman": "AIRBNB_ILANI",
        "id": "1622666691230345052",
        "ad": "Kubbe - Bodrum",
        "alt_tur": "Daire / Ev",
        "fiyat_tl": 6500,
        "fiyat_1_gun_tl": 6500,
        "fiyat_1_hafta_tl": null,
        "fiyat_1_ay_tl": null,
        "fiyat_3_ay_tl": null,
        "puan": 4.7,
        "yorum": 10,
        "url": "https://www.airbnb.com.tr/rooms/1622666691230345052"
      }
    },
    {
      "type": "Feature",
      "geometry": {
        "type": "Point",
        "coordinates": [
          27.40729,
          37.03217
        ]
      },
      "properties": {
        "katman": "AIRBNB_ILANI",
        "id": "25790346",
        "ad": "Daire - Bodrum",
        "alt_tur": "Daire",
        "fiyat_tl": 4750,
        "fiyat_1_gun_tl": 4750,
        "fiyat_1_hafta_tl": null,
        "fiyat_1_ay_tl": null,
        "fiyat_3_ay_tl": null,
        "puan": 4.4,
        "yorum": 50,
        "url": "https://www.airbnb.com.tr/rooms/25790346"
      }
    },
    {
      "type": "Feature",
      "geometry": {
        "type": "Point",
        "coordinates": [
          27.43272,
          37.03663
        ]
      },
      "properties": {
        "katman": "AIRBNB_ILANI",
        "id": "1164549943662251760",
        "ad": "Otel - Bodrum",
        "alt_tur": "Özel Oda",
        "fiyat_tl": 3450,
        "fiyat_1_gun_tl": 3450,
        "fiyat_1_hafta_tl": null,
        "fiyat_1_ay_tl": null,
        "fiyat_3_ay_tl": null,
        "puan": 4.55,
        "yorum": 168,
        "url": "https://www.airbnb.com.tr/rooms/1164549943662251760"
      }
    },
    {
      "type": "Feature",
      "geometry": {
        "type": "Point",
        "coordinates": [
          27.433369733702218,
          37.04003987945142
        ]
      },
      "properties": {
        "katman": "AIRBNB_ILANI",
        "id": "1680469056956895187",
        "ad": "Otel - Bodrum",
        "alt_tur": "Özel Oda",
        "fiyat_tl": 3879,
        "fiyat_1_gun_tl": 3879,
        "fiyat_1_hafta_tl": null,
        "fiyat_1_ay_tl": null,
        "fiyat_3_ay_tl": null,
        "puan": null,
        "yorum": 0,
        "url": "https://www.airbnb.com.tr/rooms/1680469056956895187"
      }
    },
    {
      "type": "Feature",
      "geometry": {
        "type": "Point",
        "coordinates": [
          27.4116,
          37.0315
        ]
      },
      "properties": {
        "katman": "AIRBNB_ILANI",
        "id": "1520091104342119923",
        "ad": "Daire - Bodrum",
        "alt_tur": "Daire",
        "fiyat_tl": 15324,
        "fiyat_1_gun_tl": 15324,
        "fiyat_1_hafta_tl": null,
        "fiyat_1_ay_tl": null,
        "fiyat_3_ay_tl": null,
        "puan": 5.0,
        "yorum": 34,
        "url": "https://www.airbnb.com.tr/rooms/1520091104342119923"
      }
    },
    {
      "type": "Feature",
      "geometry": {
        "type": "Point",
        "coordinates": [
          27.4055,
          37.0327
        ]
      },
      "properties": {
        "katman": "AIRBNB_ILANI",
        "id": "1746465278354441863",
        "ad": "Otel - Bodrum",
        "alt_tur": "Daire / Ev",
        "fiyat_tl": 2919,
        "fiyat_1_gun_tl": 2919,
        "fiyat_1_hafta_tl": null,
        "fiyat_1_ay_tl": null,
        "fiyat_3_ay_tl": null,
        "puan": null,
        "yorum": 0,
        "url": "https://www.airbnb.com.tr/rooms/1746465278354441863"
      }
    },
    {
      "type": "Feature",
      "geometry": {
        "type": "Point",
        "coordinates": [
          27.43106,
          37.03632
        ]
      },
      "properties": {
        "katman": "AIRBNB_ILANI",
        "id": "1424412539561268797",
        "ad": "Otel - Bodrum",
        "alt_tur": "Özel Oda",
        "fiyat_tl": 3200,
        "fiyat_1_gun_tl": null,
        "fiyat_1_hafta_tl": null,
        "fiyat_1_ay_tl": 3200,
        "fiyat_3_ay_tl": null,
        "puan": 4.92,
        "yorum": 50,
        "url": "https://www.airbnb.com.tr/rooms/1424412539561268797"
      }
    },
    {
      "type": "Feature",
      "geometry": {
        "type": "Point",
        "coordinates": [
          27.4115,
          37.0316
        ]
      },
      "properties": {
        "katman": "AIRBNB_ILANI",
        "id": "1554393807904070078",
        "ad": "Daire - Bodrum",
        "alt_tur": "Özel Oda",
        "fiyat_tl": 3831,
        "fiyat_1_gun_tl": null,
        "fiyat_1_hafta_tl": null,
        "fiyat_1_ay_tl": 3831,
        "fiyat_3_ay_tl": null,
        "puan": 4.93,
        "yorum": 57,
        "url": "https://www.airbnb.com.tr/rooms/1554393807904070078"
      }
    },
    {
      "type": "Feature",
      "geometry": {
        "type": "Point",
        "coordinates": [
          27.3197,
          37.0387
        ]
      },
      "properties": {
        "katman": "AIRBNB_ILANI",
        "id": "715830890662161281",
        "ad": "Villa - Bodrum",
        "alt_tur": "Müstakil Villa",
        "fiyat_tl": 8000,
        "fiyat_1_gun_tl": null,
        "fiyat_1_hafta_tl": null,
        "fiyat_1_ay_tl": 8000,
        "fiyat_3_ay_tl": null,
        "puan": 4.99,
        "yorum": 118,
        "url": "https://www.airbnb.com.tr/rooms/715830890662161281"
      }
    },
    {
      "type": "Feature",
      "geometry": {
        "type": "Point",
        "coordinates": [
          27.40435,
          37.03377
        ]
      },
      "properties": {
        "katman": "AIRBNB_ILANI",
        "id": "44167640",
        "ad": "Butik otel - Gümbet",
        "alt_tur": "Daire / Ev",
        "fiyat_tl": 2385,
        "fiyat_1_gun_tl": null,
        "fiyat_1_hafta_tl": null,
        "fiyat_1_ay_tl": 2385,
        "fiyat_3_ay_tl": null,
        "puan": 4.74,
        "yorum": 127,
        "url": "https://www.airbnb.com.tr/rooms/44167640"
      }
    },
    {
      "type": "Feature",
      "geometry": {
        "type": "Point",
        "coordinates": [
          27.4195,
          37.0371
        ]
      },
      "properties": {
        "katman": "AIRBNB_ILANI",
        "id": "935895814779627805",
        "ad": "Daire - Bodrum",
        "alt_tur": "Daire",
        "fiyat_tl": 6511,
        "fiyat_1_gun_tl": null,
        "fiyat_1_hafta_tl": null,
        "fiyat_1_ay_tl": 6511,
        "fiyat_3_ay_tl": null,
        "puan": 4.94,
        "yorum": 612,
        "url": "https://www.airbnb.com.tr/rooms/935895814779627805"
      }
    },
    {
      "type": "Feature",
      "geometry": {
        "type": "Point",
        "coordinates": [
          27.3701,
          37.03502
        ]
      },
      "properties": {
        "katman": "AIRBNB_ILANI",
        "id": "1450079350449817765",
        "ad": "Misafir evi - Bitez",
        "alt_tur": "Daire / Ev",
        "fiyat_tl": 7500,
        "fiyat_1_gun_tl": null,
        "fiyat_1_hafta_tl": null,
        "fiyat_1_ay_tl": 7500,
        "fiyat_3_ay_tl": null,
        "puan": 5.0,
        "yorum": 41,
        "url": "https://www.airbnb.com.tr/rooms/1450079350449817765"
      }
    },
    {
      "type": "Feature",
      "geometry": {
        "type": "Point",
        "coordinates": [
          27.4137,
          37.0297
        ]
      },
      "properties": {
        "katman": "AIRBNB_ILANI",
        "id": "1325382057212494327",
        "ad": "Daire - Bodrum",
        "alt_tur": "Daire",
        "fiyat_tl": 9586,
        "fiyat_1_gun_tl": null,
        "fiyat_1_hafta_tl": null,
        "fiyat_1_ay_tl": 9586,
        "fiyat_3_ay_tl": null,
        "puan": 4.96,
        "yorum": 47,
        "url": "https://www.airbnb.com.tr/rooms/1325382057212494327"
      }
    },
    {
      "type": "Feature",
      "geometry": {
        "type": "Point",
        "coordinates": [
          27.40562,
          37.03461
        ]
      },
      "properties": {
        "katman": "AIRBNB_ILANI",
        "id": "1211463022989639595",
        "ad": "Otel - Gümbet",
        "alt_tur": "Daire / Ev",
        "fiyat_tl": 2385,
        "fiyat_1_gun_tl": null,
        "fiyat_1_hafta_tl": null,
        "fiyat_1_ay_tl": 2385,
        "fiyat_3_ay_tl": null,
        "puan": 4.81,
        "yorum": 32,
        "url": "https://www.airbnb.com.tr/rooms/1211463022989639595"
      }
    },
    {
      "type": "Feature",
      "geometry": {
        "type": "Point",
        "coordinates": [
          27.4199,
          37.0334
        ]
      },
      "properties": {
        "katman": "AIRBNB_ILANI",
        "id": "1277535370615714035",
        "ad": "Ev - Bodrum",
        "alt_tur": "Daire / Ev",
        "fiyat_tl": 4133,
        "fiyat_1_gun_tl": null,
        "fiyat_1_hafta_tl": null,
        "fiyat_1_ay_tl": 4133,
        "fiyat_3_ay_tl": null,
        "puan": 4.9,
        "yorum": 42,
        "url": "https://www.airbnb.com.tr/rooms/1277535370615714035"
      }
    },
    {
      "type": "Feature",
      "geometry": {
        "type": "Point",
        "coordinates": [
          27.383386975931074,
          37.03768163618433
        ]
      },
      "properties": {
        "katman": "AIRBNB_ILANI",
        "id": "1679801405950236500",
        "ad": "Ev - Bitez",
        "alt_tur": "Daire / Ev",
        "fiyat_tl": 6200,
        "fiyat_1_gun_tl": null,
        "fiyat_1_hafta_tl": null,
        "fiyat_1_ay_tl": 6200,
        "fiyat_3_ay_tl": null,
        "puan": 4.67,
        "yorum": 6,
        "url": "https://www.airbnb.com.tr/rooms/1679801405950236500"
      }
    },
    {
      "type": "Feature",
      "geometry": {
        "type": "Point",
        "coordinates": [
          27.3726,
          37.0277
        ]
      },
      "properties": {
        "katman": "AIRBNB_ILANI",
        "id": "1640587371951307120",
        "ad": "Apart otel - Bitez",
        "alt_tur": "Daire",
        "fiyat_tl": 3675,
        "fiyat_1_gun_tl": null,
        "fiyat_1_hafta_tl": null,
        "fiyat_1_ay_tl": 3675,
        "fiyat_3_ay_tl": null,
        "puan": null,
        "yorum": 0,
        "url": "https://www.airbnb.com.tr/rooms/1640587371951307120"
      }
    },
    {
      "type": "Feature",
      "geometry": {
        "type": "Point",
        "coordinates": [
          27.434,
          37.0334
        ]
      },
      "properties": {
        "katman": "AIRBNB_ILANI",
        "id": "1705044698449560676",
        "ad": "Misafir evi - Bodrum",
        "alt_tur": "Daire / Ev",
        "fiyat_tl": 8869,
        "fiyat_1_gun_tl": null,
        "fiyat_1_hafta_tl": null,
        "fiyat_1_ay_tl": 8869,
        "fiyat_3_ay_tl": null,
        "puan": null,
        "yorum": 0,
        "url": "https://www.airbnb.com.tr/rooms/1705044698449560676"
      }
    },
    {
      "type": "Feature",
      "geometry": {
        "type": "Point",
        "coordinates": [
          27.3832,
          37.0373
        ]
      },
      "properties": {
        "katman": "AIRBNB_ILANI",
        "id": "1400024340738760917",
        "ad": "Ev - Bitez",
        "alt_tur": "Daire / Ev",
        "fiyat_tl": 7106,
        "fiyat_1_gun_tl": null,
        "fiyat_1_hafta_tl": null,
        "fiyat_1_ay_tl": 7106,
        "fiyat_3_ay_tl": null,
        "puan": 4.89,
        "yorum": 9,
        "url": "https://www.airbnb.com.tr/rooms/1400024340738760917"
      }
    },
    {
      "type": "Feature",
      "geometry": {
        "type": "Point",
        "coordinates": [
          27.3466,
          37.0246
        ]
      },
      "properties": {
        "katman": "AIRBNB_ILANI",
        "id": "589505994674997301",
        "ad": "Villa - Bodrum",
        "alt_tur": "Müstakil Villa",
        "fiyat_tl": 18153,
        "fiyat_1_gun_tl": null,
        "fiyat_1_hafta_tl": null,
        "fiyat_1_ay_tl": 18153,
        "fiyat_3_ay_tl": null,
        "puan": 4.93,
        "yorum": 109,
        "url": "https://www.airbnb.com.tr/rooms/589505994674997301"
      }
    },
    {
      "type": "Feature",
      "geometry": {
        "type": "Point",
        "coordinates": [
          27.40446,
          37.03409
        ]
      },
      "properties": {
        "katman": "AIRBNB_ILANI",
        "id": "45399739",
        "ad": "Butik otel - Gümbet",
        "alt_tur": "Daire / Ev",
        "fiyat_tl": 2385,
        "fiyat_1_gun_tl": null,
        "fiyat_1_hafta_tl": null,
        "fiyat_1_ay_tl": 2385,
        "fiyat_3_ay_tl": null,
        "puan": 4.8,
        "yorum": 109,
        "url": "https://www.airbnb.com.tr/rooms/45399739"
      }
    },
    {
      "type": "Feature",
      "geometry": {
        "type": "Point",
        "coordinates": [
          27.40598,
          37.03271
        ]
      },
      "properties": {
        "katman": "AIRBNB_ILANI",
        "id": "1020334555502286751",
        "ad": "Otel - Gümbet",
        "alt_tur": "Daire / Ev",
        "fiyat_tl": 1710,
        "fiyat_1_gun_tl": null,
        "fiyat_1_hafta_tl": null,
        "fiyat_1_ay_tl": 1710,
        "fiyat_3_ay_tl": null,
        "puan": 4.61,
        "yorum": 28,
        "url": "https://www.airbnb.com.tr/rooms/1020334555502286751"
      }
    },
    {
      "type": "Feature",
      "geometry": {
        "type": "Point",
        "coordinates": [
          76.9626,
          28.4708
        ]
      },
      "properties": {
        "katman": "AIRBNB_ILANI",
        "id": "1768826361345088069",
        "ad": "Daire - Gurugram, Hindistan",
        "alt_tur": "Daire",
        "fiyat_tl": 1803,
        "fiyat_1_gun_tl": 1803,
        "fiyat_1_hafta_tl": null,
        "fiyat_1_ay_tl": null,
        "fiyat_3_ay_tl": null,
        "puan": 5.0,
        "yorum": 4,
        "url": "https://www.airbnb.com.tr/rooms/1768826361345088069"
      }
    },
    {
      "type": "Feature",
      "geometry": {
        "type": "Point",
        "coordinates": [
          -43.2797,
          -22.584
        ]
      },
      "properties": {
        "katman": "AIRBNB_ILANI",
        "id": "1732666411567563967",
        "ad": "Kulübe - Duque de Caxias, Brezilya",
        "alt_tur": "Daire / Ev",
        "fiyat_tl": 13113,
        "fiyat_1_gun_tl": null,
        "fiyat_1_hafta_tl": null,
        "fiyat_1_ay_tl": 13113,
        "fiyat_3_ay_tl": null,
        "puan": null,
        "yorum": 0,
        "url": "https://www.airbnb.com.tr/rooms/1732666411567563967"
      }
    },
    {
      "type": "Feature",
      "geometry": {
        "type": "Point",
        "coordinates": [
          -82.3116,
          29.6717
        ]
      },
      "properties": {
        "katman": "AIRBNB_ILANI",
        "id": "1744585118509539487",
        "ad": "Ev - Gainesville, Florida, Amerika Birleşik Devletleri",
        "alt_tur": "Özel Oda",
        "fiyat_tl": 7906,
        "fiyat_1_gun_tl": null,
        "fiyat_1_hafta_tl": 7906,
        "fiyat_1_ay_tl": null,
        "fiyat_3_ay_tl": null,
        "puan": null,
        "yorum": 0,
        "url": "https://www.airbnb.com.tr/rooms/1744585118509539487"
      }
    },
    {
      "type": "Feature",
      "geometry": {
        "type": "Point",
        "coordinates": [
          -86.7862,
          33.2632
        ]
      },
      "properties": {
        "katman": "AIRBNB_ILANI",
        "id": "1753076855514950398",
        "ad": "Ev - Indian Springs Village, Alabama, Amerika Birleşik Devletleri",
        "alt_tur": "Müstakil Villa",
        "fiyat_tl": 19753,
        "fiyat_1_gun_tl": null,
        "fiyat_1_hafta_tl": null,
        "fiyat_1_ay_tl": 19753,
        "fiyat_3_ay_tl": null,
        "puan": null,
        "yorum": 0,
        "url": "https://www.airbnb.com.tr/rooms/1753076855514950398"
      }
    },
    {
      "type": "Feature",
      "geometry": {
        "type": "Point",
        "coordinates": [
          73.9185,
          18.5667
        ]
      },
      "properties": {
        "katman": "AIRBNB_ILANI",
        "id": "1766711239871024477",
        "ad": "Daire - Pune, Hindistan",
        "alt_tur": "Özel Oda",
        "fiyat_tl": 2030,
        "fiyat_1_gun_tl": 2030,
        "fiyat_1_hafta_tl": null,
        "fiyat_1_ay_tl": null,
        "fiyat_3_ay_tl": null,
        "puan": null,
        "yorum": 0,
        "url": "https://www.airbnb.com.tr/rooms/1766711239871024477"
      }
    },
    {
      "type": "Feature",
      "geometry": {
        "type": "Point",
        "coordinates": [
          -71.55122,
          46.88773
        ]
      },
      "properties": {
        "katman": "AIRBNB_ILANI",
        "id": "1760911779045775064",
        "ad": "Dağ evi - Shannon, Kanada",
        "alt_tur": "Daire / Ev",
        "fiyat_tl": 19915,
        "fiyat_1_gun_tl": null,
        "fiyat_1_hafta_tl": null,
        "fiyat_1_ay_tl": null,
        "fiyat_3_ay_tl": 19915,
        "puan": null,
        "yorum": 0,
        "url": "https://www.airbnb.com.tr/rooms/1760911779045775064"
      }
    },
    {
      "type": "Feature",
      "geometry": {
        "type": "Point",
        "coordinates": [
          8.8181,
          53.0826
        ]
      },
      "properties": {
        "katman": "AIRBNB_ILANI",
        "id": "870007891171478483",
        "ad": "Daire - Schwachhausen",
        "alt_tur": "Daire",
        "fiyat_tl": 6792,
        "fiyat_1_gun_tl": 6792,
        "fiyat_1_hafta_tl": null,
        "fiyat_1_ay_tl": null,
        "fiyat_3_ay_tl": null,
        "puan": 4.73,
        "yorum": 90,
        "url": "https://www.airbnb.com.tr/rooms/870007891171478483"
      }
    },
    {
      "type": "Feature",
      "geometry": {
        "type": "Point",
        "coordinates": [
          8.8062,
          53.0758
        ]
      },
      "properties": {
        "katman": "AIRBNB_ILANI",
        "id": "1760033223125806817",
        "ad": "Daire - Bremen",
        "alt_tur": "Daire",
        "fiyat_tl": 5501,
        "fiyat_1_gun_tl": 5501,
        "fiyat_1_hafta_tl": null,
        "fiyat_1_ay_tl": null,
        "fiyat_3_ay_tl": null,
        "puan": null,
        "yorum": 0,
        "url": "https://www.airbnb.com.tr/rooms/1760033223125806817"
      }
    },
    {
      "type": "Feature",
      "geometry": {
        "type": "Point",
        "coordinates": [
          8.84007,
          53.07066
        ]
      },
      "properties": {
        "katman": "AIRBNB_ILANI",
        "id": "1657560736336791194",
        "ad": "Daire - Bremen",
        "alt_tur": "Daire",
        "fiyat_tl": 4575,
        "fiyat_1_gun_tl": 4575,
        "fiyat_1_hafta_tl": null,
        "fiyat_1_ay_tl": null,
        "fiyat_3_ay_tl": null,
        "puan": 4.44,
        "yorum": 18,
        "url": "https://www.airbnb.com.tr/rooms/1657560736336791194"
      }
    },
    {
      "type": "Feature",
      "geometry": {
        "type": "Point",
        "coordinates": [
          8.78335,
          53.06897
        ]
      },
      "properties": {
        "katman": "AIRBNB_ILANI",
        "id": "1454911593252355291",
        "ad": "Daire - Neustadt",
        "alt_tur": "Özel Oda",
        "fiyat_tl": 10918,
        "fiyat_1_gun_tl": 10918,
        "fiyat_1_hafta_tl": null,
        "fiyat_1_ay_tl": null,
        "fiyat_3_ay_tl": null,
        "puan": 4.92,
        "yorum": 53,
        "url": "https://www.airbnb.com.tr/rooms/1454911593252355291"
      }
    },
    {
      "type": "Feature",
      "geometry": {
        "type": "Point",
        "coordinates": [
          8.8013,
          53.0809
        ]
      },
      "properties": {
        "katman": "AIRBNB_ILANI",
        "id": "618535878577794338",
        "ad": "Daire - Bremen",
        "alt_tur": "Daire",
        "fiyat_tl": 6708,
        "fiyat_1_gun_tl": 6708,
        "fiyat_1_hafta_tl": null,
        "fiyat_1_ay_tl": null,
        "fiyat_3_ay_tl": null,
        "puan": 4.76,
        "yorum": 516,
        "url": "https://www.airbnb.com.tr/rooms/618535878577794338"
      }
    },
    {
      "type": "Feature",
      "geometry": {
        "type": "Point",
        "coordinates": [
          8.86538,
          53.06605
        ]
      },
      "properties": {
        "katman": "AIRBNB_ILANI",
        "id": "49547862",
        "ad": "Bremen bölgesinde oda",
        "alt_tur": "Özel Oda",
        "fiyat_tl": 3677,
        "fiyat_1_gun_tl": 3677,
        "fiyat_1_hafta_tl": null,
        "fiyat_1_ay_tl": null,
        "fiyat_3_ay_tl": null,
        "puan": 4.91,
        "yorum": 32,
        "url": "https://www.airbnb.com.tr/rooms/49547862"
      }
    },
    {
      "type": "Feature",
      "geometry": {
        "type": "Point",
        "coordinates": [
          8.8023,
          53.0785
        ]
      },
      "properties": {
        "katman": "AIRBNB_ILANI",
        "id": "693951887317337467",
        "ad": "Daire - Bremen",
        "alt_tur": "Daire",
        "fiyat_tl": 8223,
        "fiyat_1_gun_tl": 8223,
        "fiyat_1_hafta_tl": null,
        "fiyat_1_ay_tl": null,
        "fiyat_3_ay_tl": null,
        "puan": 4.67,
        "yorum": 9,
        "url": "https://www.airbnb.com.tr/rooms/693951887317337467"
      }
    },
    {
      "type": "Feature",
      "geometry": {
        "type": "Point",
        "coordinates": [
          8.83715,
          53.07017
        ]
      },
      "properties": {
        "katman": "AIRBNB_ILANI",
        "id": "1631925287370195628",
        "ad": "Daire - Bremen",
        "alt_tur": "Daire",
        "fiyat_tl": 8083,
        "fiyat_1_gun_tl": 8083,
        "fiyat_1_hafta_tl": null,
        "fiyat_1_ay_tl": null,
        "fiyat_3_ay_tl": null,
        "puan": 4.33,
        "yorum": 12,
        "url": "https://www.airbnb.com.tr/rooms/1631925287370195628"
      }
    },
    {
      "type": "Feature",
      "geometry": {
        "type": "Point",
        "coordinates": [
          8.83803,
          53.09572
        ]
      },
      "properties": {
        "katman": "AIRBNB_ILANI",
        "id": "53412330",
        "ad": "Daire - Schwachhausen",
        "alt_tur": "Daire",
        "fiyat_tl": 6708,
        "fiyat_1_gun_tl": 6708,
        "fiyat_1_hafta_tl": null,
        "fiyat_1_ay_tl": null,
        "fiyat_3_ay_tl": null,
        "puan": 4.76,
        "yorum": 74,
        "url": "https://www.airbnb.com.tr/rooms/53412330"
      }
    },
    {
      "type": "Feature",
      "geometry": {
        "type": "Point",
        "coordinates": [
          8.8324,
          53.0793
        ]
      },
      "properties": {
        "katman": "AIRBNB_ILANI",
        "id": "1337063805327775919",
        "ad": "Daire - Schwachhausen",
        "alt_tur": "Daire",
        "fiyat_tl": 6315,
        "fiyat_1_gun_tl": 6315,
        "fiyat_1_hafta_tl": null,
        "fiyat_1_ay_tl": null,
        "fiyat_3_ay_tl": null,
        "puan": 4.93,
        "yorum": 14,
        "url": "https://www.airbnb.com.tr/rooms/1337063805327775919"
      }
    },
    {
      "type": "Feature",
      "geometry": {
        "type": "Point",
        "coordinates": [
          8.7974,
          53.0809
        ]
      },
      "properties": {
        "katman": "AIRBNB_ILANI",
        "id": "1624772805776636712",
        "ad": "B&B HOTEL Bremen-Altstadt",
        "alt_tur": "Daire / Ev",
        "fiyat_tl": 7659,
        "fiyat_1_gun_tl": 7659,
        "fiyat_1_hafta_tl": null,
        "fiyat_1_ay_tl": null,
        "fiyat_3_ay_tl": null,
        "puan": 4.84,
        "yorum": 19,
        "url": "https://www.airbnb.com.tr/rooms/1624772805776636712"
      }
    },
    {
      "type": "Feature",
      "geometry": {
        "type": "Point",
        "coordinates": [
          8.7828,
          53.0868
        ]
      },
      "properties": {
        "katman": "AIRBNB_ILANI",
        "id": "1639272482478888542",
        "ad": "B&B HOTEL Bremen-Überseestadt",
        "alt_tur": "Daire / Ev",
        "fiyat_tl": 7187,
        "fiyat_1_gun_tl": 7187,
        "fiyat_1_hafta_tl": null,
        "fiyat_1_ay_tl": null,
        "fiyat_3_ay_tl": null,
        "puan": 4.67,
        "yorum": 15,
        "url": "https://www.airbnb.com.tr/rooms/1639272482478888542"
      }
    },
    {
      "type": "Feature",
      "geometry": {
        "type": "Point",
        "coordinates": [
          8.8226,
          53.0741
        ]
      },
      "properties": {
        "katman": "AIRBNB_ILANI",
        "id": "1535526514773084734",
        "ad": "Müşterek oda - Bremen",
        "alt_tur": "Özel Oda",
        "fiyat_tl": 2021,
        "fiyat_1_gun_tl": 2021,
        "fiyat_1_hafta_tl": null,
        "fiyat_1_ay_tl": null,
        "fiyat_3_ay_tl": null,
        "puan": 4.5,
        "yorum": 4,
        "url": "https://www.airbnb.com.tr/rooms/1535526514773084734"
      }
    },
    {
      "type": "Feature",
      "geometry": {
        "type": "Point",
        "coordinates": [
          8.8081,
          53.0879
        ]
      },
      "properties": {
        "katman": "AIRBNB_ILANI",
        "id": "1639272428595275518",
        "ad": "B&B HOTEL Bremen-City",
        "alt_tur": "Daire / Ev",
        "fiyat_tl": 6977,
        "fiyat_1_gun_tl": 6977,
        "fiyat_1_hafta_tl": null,
        "fiyat_1_ay_tl": null,
        "fiyat_3_ay_tl": null,
        "puan": 4.62,
        "yorum": 21,
        "url": "https://www.airbnb.com.tr/rooms/1639272428595275518"
      }
    },
    {
      "type": "Feature",
      "geometry": {
        "type": "Point",
        "coordinates": [
          8.86426,
          53.06728
        ]
      },
      "properties": {
        "katman": "AIRBNB_ILANI",
        "id": "23757975",
        "ad": "Otel - Bremen",
        "alt_tur": "Daire / Ev",
        "fiyat_tl": 5726,
        "fiyat_1_gun_tl": 5726,
        "fiyat_1_hafta_tl": null,
        "fiyat_1_ay_tl": null,
        "fiyat_3_ay_tl": null,
        "puan": 4.67,
        "yorum": 36,
        "url": "https://www.airbnb.com.tr/rooms/23757975"
      }
    },
    {
      "type": "Feature",
      "geometry": {
        "type": "Point",
        "coordinates": [
          8.8062,
          53.0758
        ]
      },
      "properties": {
        "katman": "AIRBNB_ILANI",
        "id": "1760043796118153881",
        "ad": "Daire - Bremen",
        "alt_tur": "Daire",
        "fiyat_tl": 6371,
        "fiyat_1_gun_tl": 6371,
        "fiyat_1_hafta_tl": null,
        "fiyat_1_ay_tl": null,
        "fiyat_3_ay_tl": null,
        "puan": null,
        "yorum": 0,
        "url": "https://www.airbnb.com.tr/rooms/1760043796118153881"
      }
    },
    {
      "type": "Feature",
      "geometry": {
        "type": "Point",
        "coordinates": [
          8.8007,
          53.06862
        ]
      },
      "properties": {
        "katman": "AIRBNB_ILANI",
        "id": "1155120667920819716",
        "ad": "Daire - Neustadt",
        "alt_tur": "Daire",
        "fiyat_tl": 7297,
        "fiyat_1_gun_tl": 7297,
        "fiyat_1_hafta_tl": null,
        "fiyat_1_ay_tl": null,
        "fiyat_3_ay_tl": null,
        "puan": 4.64,
        "yorum": 39,
        "url": "https://www.airbnb.com.tr/rooms/1155120667920819716"
      }
    },
    {
      "type": "Feature",
      "geometry": {
        "type": "Point",
        "coordinates": [
          8.8023,
          53.0785
        ]
      },
      "properties": {
        "katman": "AIRBNB_ILANI",
        "id": "693948067732833012",
        "ad": "Daire - Bremen",
        "alt_tur": "Daire",
        "fiyat_tl": 7634,
        "fiyat_1_gun_tl": 7634,
        "fiyat_1_hafta_tl": null,
        "fiyat_1_ay_tl": null,
        "fiyat_3_ay_tl": null,
        "puan": 4.57,
        "yorum": 23,
        "url": "https://www.airbnb.com.tr/rooms/693948067732833012"
      }
    },
    {
      "type": "Feature",
      "geometry": {
        "type": "Point",
        "coordinates": [
          8.8232,
          53.0416
        ]
      },
      "properties": {
        "katman": "AIRBNB_ILANI",
        "id": "1470277908944021947",
        "ad": "Ev - Bremen",
        "alt_tur": "Daire / Ev",
        "fiyat_tl": 8308,
        "fiyat_1_gun_tl": null,
        "fiyat_1_hafta_tl": null,
        "fiyat_1_ay_tl": null,
        "fiyat_3_ay_tl": 8308,
        "puan": 4.97,
        "yorum": 176,
        "url": "https://www.airbnb.com.tr/rooms/1470277908944021947"
      }
    },
    {
      "type": "Feature",
      "geometry": {
        "type": "Point",
        "coordinates": [
          8.8192,
          53.0392
        ]
      },
      "properties": {
        "katman": "AIRBNB_ILANI",
        "id": "621092737861574769",
        "ad": "Daire - Bremen",
        "alt_tur": "Özel Oda",
        "fiyat_tl": 7297,
        "fiyat_1_gun_tl": null,
        "fiyat_1_hafta_tl": null,
        "fiyat_1_ay_tl": null,
        "fiyat_3_ay_tl": 7297,
        "puan": 4.77,
        "yorum": 43,
        "url": "https://www.airbnb.com.tr/rooms/621092737861574769"
      }
    },
    {
      "type": "Feature",
      "geometry": {
        "type": "Point",
        "coordinates": [
          8.81864,
          53.04853
        ]
      },
      "properties": {
        "katman": "AIRBNB_ILANI",
        "id": "47596167",
        "ad": "Bremen bölgesinde oda",
        "alt_tur": "Özel Oda",
        "fiyat_tl": 2245,
        "fiyat_1_gun_tl": null,
        "fiyat_1_hafta_tl": null,
        "fiyat_1_ay_tl": null,
        "fiyat_3_ay_tl": 2245,
        "puan": 4.9,
        "yorum": 251,
        "url": "https://www.airbnb.com.tr/rooms/47596167"
      }
    },
    {
      "type": "Feature",
      "geometry": {
        "type": "Point",
        "coordinates": [
          8.81861,
          53.05006
        ]
      },
      "properties": {
        "katman": "AIRBNB_ILANI",
        "id": "911611565146943615",
        "ad": "Daire - Bremen",
        "alt_tur": "Daire",
        "fiyat_tl": 3172,
        "fiyat_1_gun_tl": null,
        "fiyat_1_hafta_tl": null,
        "fiyat_1_ay_tl": null,
        "fiyat_3_ay_tl": 3172,
        "puan": 4.87,
        "yorum": 131,
        "url": "https://www.airbnb.com.tr/rooms/911611565146943615"
      }
    },
    {
      "type": "Feature",
      "geometry": {
        "type": "Point",
        "coordinates": [
          8.85176,
          53.0287
        ]
      },
      "properties": {
        "katman": "AIRBNB_ILANI",
        "id": "1473334401300542084",
        "ad": "Daire - Bremen",
        "alt_tur": "Daire",
        "fiyat_tl": 3957,
        "fiyat_1_gun_tl": null,
        "fiyat_1_hafta_tl": null,
        "fiyat_1_ay_tl": null,
        "fiyat_3_ay_tl": 3957,
        "puan": 4.88,
        "yorum": 105,
        "url": "https://www.airbnb.com.tr/rooms/1473334401300542084"
      }
    },
    {
      "type": "Feature",
      "geometry": {
        "type": "Point",
        "coordinates": [
          8.81745,
          53.04449
        ]
      },
      "properties": {
        "katman": "AIRBNB_ILANI",
        "id": "709198653897639498",
        "ad": "Daire - Bremen",
        "alt_tur": "Daire",
        "fiyat_tl": 7410,
        "fiyat_1_gun_tl": null,
        "fiyat_1_hafta_tl": null,
        "fiyat_1_ay_tl": null,
        "fiyat_3_ay_tl": 7410,
        "puan": 4.82,
        "yorum": 49,
        "url": "https://www.airbnb.com.tr/rooms/709198653897639498"
      }
    },
    {
      "type": "Feature",
      "geometry": {
        "type": "Point",
        "coordinates": [
          8.818,
          53.0531
        ]
      },
      "properties": {
        "katman": "AIRBNB_ILANI",
        "id": "997605278703427727",
        "ad": "Daire - Bremen",
        "alt_tur": "Özel Oda",
        "fiyat_tl": 5192,
        "fiyat_1_gun_tl": null,
        "fiyat_1_hafta_tl": null,
        "fiyat_1_ay_tl": null,
        "fiyat_3_ay_tl": 5192,
        "puan": 4.79,
        "yorum": 169,
        "url": "https://www.airbnb.com.tr/rooms/997605278703427727"
      }
    },
    {
      "type": "Feature",
      "geometry": {
        "type": "Point",
        "coordinates": [
          8.79484,
          53.06639
        ]
      },
      "properties": {
        "katman": "AIRBNB_ILANI",
        "id": "1565420984190156586",
        "ad": "Daire - Bremen",
        "alt_tur": "Daire",
        "fiyat_tl": 5726,
        "fiyat_1_gun_tl": null,
        "fiyat_1_hafta_tl": null,
        "fiyat_1_ay_tl": null,
        "fiyat_3_ay_tl": 5726,
        "puan": 5.0,
        "yorum": 10,
        "url": "https://www.airbnb.com.tr/rooms/1565420984190156586"
      }
    },
    {
      "type": "Feature",
      "geometry": {
        "type": "Point",
        "coordinates": [
          8.81968,
          53.05078
        ]
      },
      "properties": {
        "katman": "AIRBNB_ILANI",
        "id": "22968526",
        "ad": "Bremen bölgesinde oda",
        "alt_tur": "Özel Oda",
        "fiyat_tl": 2835,
        "fiyat_1_gun_tl": null,
        "fiyat_1_hafta_tl": null,
        "fiyat_1_ay_tl": null,
        "fiyat_3_ay_tl": 2835,
        "puan": 4.91,
        "yorum": 246,
        "url": "https://www.airbnb.com.tr/rooms/22968526"
      }
    },
    {
      "type": "Feature",
      "geometry": {
        "type": "Point",
        "coordinates": [
          8.8237,
          53.0725
        ]
      },
      "properties": {
        "katman": "AIRBNB_ILANI",
        "id": "1714556576765586937",
        "ad": "Daire - Bremen",
        "alt_tur": "Daire",
        "fiyat_tl": 7690,
        "fiyat_1_gun_tl": null,
        "fiyat_1_hafta_tl": null,
        "fiyat_1_ay_tl": null,
        "fiyat_3_ay_tl": 7690,
        "puan": 5.0,
        "yorum": 5,
        "url": "https://www.airbnb.com.tr/rooms/1714556576765586937"
      }
    },
    {
      "type": "Feature",
      "geometry": {
        "type": "Point",
        "coordinates": [
          8.8032,
          53.0789
        ]
      },
      "properties": {
        "katman": "AIRBNB_ILANI",
        "id": "851961042718501957",
        "ad": "Daire - Bremen",
        "alt_tur": "Özel Oda",
        "fiyat_tl": 7802,
        "fiyat_1_gun_tl": null,
        "fiyat_1_hafta_tl": null,
        "fiyat_1_ay_tl": null,
        "fiyat_3_ay_tl": 7802,
        "puan": 4.87,
        "yorum": 23,
        "url": "https://www.airbnb.com.tr/rooms/851961042718501957"
      }
    },
    {
      "type": "Feature",
      "geometry": {
        "type": "Point",
        "coordinates": [
          8.797537325242107,
          53.06622017915541
        ]
      },
      "properties": {
        "katman": "AIRBNB_ILANI",
        "id": "1288950126731114064",
        "ad": "Daire - Bremen",
        "alt_tur": "Özel Oda",
        "fiyat_tl": 5978,
        "fiyat_1_gun_tl": null,
        "fiyat_1_hafta_tl": null,
        "fiyat_1_ay_tl": null,
        "fiyat_3_ay_tl": 5978,
        "puan": 4.98,
        "yorum": 98,
        "url": "https://www.airbnb.com.tr/rooms/1288950126731114064"
      }
    },
    {
      "type": "Feature",
      "geometry": {
        "type": "Point",
        "coordinates": [
          8.8466,
          53.0439
        ]
      },
      "properties": {
        "katman": "AIRBNB_ILANI",
        "id": "21810549",
        "ad": "Sıra ev - Bremen",
        "alt_tur": "Daire / Ev",
        "fiyat_tl": 11367,
        "fiyat_1_gun_tl": null,
        "fiyat_1_hafta_tl": null,
        "fiyat_1_ay_tl": null,
        "fiyat_3_ay_tl": 11367,
        "puan": 4.52,
        "yorum": 341,
        "url": "https://www.airbnb.com.tr/rooms/21810549"
      }
    },
    {
      "type": "Feature",
      "geometry": {
        "type": "Point",
        "coordinates": [
          8.82713,
          53.07718
        ]
      },
      "properties": {
        "katman": "AIRBNB_ILANI",
        "id": "16293841",
        "ad": "Daire - Bremen",
        "alt_tur": "Daire",
        "fiyat_tl": 3424,
        "fiyat_1_gun_tl": null,
        "fiyat_1_hafta_tl": null,
        "fiyat_1_ay_tl": null,
        "fiyat_3_ay_tl": 3424,
        "puan": 4.71,
        "yorum": 322,
        "url": "https://www.airbnb.com.tr/rooms/16293841"
      }
    },
    {
      "type": "Feature",
      "geometry": {
        "type": "Point",
        "coordinates": [
          8.8248,
          53.0787
        ]
      },
      "properties": {
        "katman": "AIRBNB_ILANI",
        "id": "50523576",
        "ad": "Butik otel - Bremen",
        "alt_tur": "Daire / Ev",
        "fiyat_tl": 2498,
        "fiyat_1_gun_tl": null,
        "fiyat_1_hafta_tl": null,
        "fiyat_1_ay_tl": null,
        "fiyat_3_ay_tl": 2498,
        "puan": 4.88,
        "yorum": 447,
        "url": "https://www.airbnb.com.tr/rooms/50523576"
      }
    },
    {
      "type": "Feature",
      "geometry": {
        "type": "Point",
        "coordinates": [
          8.83756,
          53.05086
        ]
      },
      "properties": {
        "katman": "AIRBNB_ILANI",
        "id": "1156640066839633597",
        "ad": "Daire - Bremen",
        "alt_tur": "Daire",
        "fiyat_tl": 7494,
        "fiyat_1_gun_tl": null,
        "fiyat_1_hafta_tl": null,
        "fiyat_1_ay_tl": null,
        "fiyat_3_ay_tl": 7494,
        "puan": 5.0,
        "yorum": 13,
        "url": "https://www.airbnb.com.tr/rooms/1156640066839633597"
      }
    },
    {
      "type": "Feature",
      "geometry": {
        "type": "Point",
        "coordinates": [
          8.8045,
          53.0812
        ]
      },
      "properties": {
        "katman": "AIRBNB_ILANI",
        "id": "1718680551823128625",
        "ad": "Daire - Bremen",
        "alt_tur": "Daire",
        "fiyat_tl": 17513,
        "fiyat_1_gun_tl": null,
        "fiyat_1_hafta_tl": null,
        "fiyat_1_ay_tl": null,
        "fiyat_3_ay_tl": 17513,
        "puan": 5.0,
        "yorum": 6,
        "url": "https://www.airbnb.com.tr/rooms/1718680551823128625"
      }
    },
    {
      "type": "Feature",
      "geometry": {
        "type": "Point",
        "coordinates": [
          8.8574,
          53.0829
        ]
      },
      "properties": {
        "katman": "AIRBNB_ILANI",
        "id": "878271338691784659",
        "ad": "Daire - Bremen",
        "alt_tur": "Daire",
        "fiyat_tl": 23716,
        "fiyat_1_gun_tl": null,
        "fiyat_1_hafta_tl": null,
        "fiyat_1_ay_tl": null,
        "fiyat_3_ay_tl": 23716,
        "puan": 4.85,
        "yorum": 131,
        "url": "https://www.airbnb.com.tr/rooms/878271338691784659"
      }
    }
  ]
}