id,baslik,alt_baslik,oda_tipi,gecelik_fiyat_tl,fiyat_1_gun_tl,fiyat_1_hafta_tl,fiyat_1_ay_tl,fiyat_3_ay_tl,puan,yorum_sayisi,enlem,boylam,url,resim_url
1467199247727446744,Daire - Defne,Antakya otogarına 4 km yakın,Daire,2605,2605,2605,2605,2605,4.33,12,36.19663854640965,36.11945523384655,https://www.airbnb.com.tr/rooms/1467199247727446744,https://a0.muscache.com/im/pictures/2257267373.jpg
1757149050458503068,Antakya bölgesinde odalar,Beyt Antakya,Özel Oda,3942,3942,3942,3942,3942,,0,36.1985,36.1637,https://www.airbnb.com.tr/rooms/1757149050458503068,https://a0.muscache.com/im/pictures/2784041918.jpg
1639696909792487403,Ev - Antakya,Serinyol Kampüs/8. Tugay/Havalimanı Mevki Kiralık,Daire / Ev,2162,2132,2191,2132,2191,4.4,10,36.3302,36.1995,https://www.airbnb.com.tr/rooms/1639696909792487403,https://a0.muscache.com/im/pictures/2548031614.jpg
1515356826190248347,Daire - Defne,Defne çekmece mahhalesinde daire,Daire,4382,4382,4382,4382,4382,,0,36.19789238142914,36.11956406691178,https://www.airbnb.com.tr/rooms/1515356826190248347,https://a0.muscache.com/im/pictures/2344084655.jpg
1768023562989380723,Antakya bölgesinde oda,Le Reve Bohem Standart Oda,Özel Oda,5607,5600,5600,5600,5628,,0,36.1981,36.1643,https://www.airbnb.com.tr/rooms/1768023562989380723,https://a0.muscache.com/im/pictures/2805253120.jpg
1658151950093534247,Daire - Zülüflühan,Hatay Fuar Alanı/MKÜ Kampüs/Havalimanı Mevkii,Daire,2573,2724,2724,2724,2120,,0,36.32967112250007,36.228202458468154,https://www.airbnb.com.tr/rooms/1658151950093534247,https://a0.muscache.com/im/pictures/2581417930.jpg
1768029589229753482,Otel - Antakya,Le Reve Bohem Tek Kişilik Oda,Özel Oda,5006,5000,5000,5000,5025,,0,36.1981,36.1643,https://www.airbnb.com.tr/rooms/1768029589229753482,https://a0.muscache.com/im/pictures/2805265385.jpg
1528366629571487776,Antakya bölgesinde oda,defne antakya arası merkezi konumda,Özel Oda,2724,2724,2724,2724,2724,4.4,5,36.1964,36.1359,https://www.airbnb.com.tr/rooms/1528366629571487776,https://a0.muscache.com/im/pictures/2365093942.jpg
1524568780418468153,Antakya bölgesinde oda,M.K.Ü Serinyol Kampüs/Hatay Fuar Alanı Günlük Kira,Özel Oda,3146,2901,3227,2901,3553,4.89,9,36.3310442987635,36.20061112768738,https://www.airbnb.com.tr/rooms/1524568780418468153,https://a0.muscache.com/im/pictures/2524025975.jpg
1767989153940943705,Otel - Antakya,Reve Bohem King Room 2 ile,Daire / Ev,5807,5800,5800,5800,5829,,0,36.1981,36.1643,https://www.airbnb.com.tr/rooms/1767989153940943705,https://a0.muscache.com/im/pictures/2805193772.jpg
1767987261213425428,Otel - Antakya,Le Reve Bohem İki Yataklı Oda,Özel Oda,5607,5600,5600,5600,5628,,0,36.1981,36.1643,https://www.airbnb.com.tr/rooms/1767987261213425428,https://a0.muscache.com/im/pictures/2805189954.jpg
1767983949633628353,Otel - Antakya,Reve Bohem King Room ile,Daire / Ev,5607,5600,5600,5600,5628,,0,36.1981,36.1643,https://www.airbnb.com.tr/rooms/1767983949633628353,https://a0.muscache.com/im/pictures/2805185482.jpg
1734042851491289255,Antakya bölgesinde oda,Le Reve Bohem Aile Odası,Özel Oda,6200,6200,6200,,6200,,0,36.198,36.1644,https://www.airbnb.com.tr/rooms/1734042851491289255,https://a0.muscache.com/im/pictures/2734784137.jpg
1768032034235733369,Otel - Antakya,Le Reve Bohem Standart Oda 3,Özel Oda,5807,5800,5800,5800,5829,,0,36.1981,36.1643,https://www.airbnb.com.tr/rooms/1768032034235733369,https://a0.muscache.com/im/pictures/2805271848.jpg
1768025703280117109,Otel - Antakya,Le Reve Bohem Standart Oda 2,Özel Oda,5807,5800,5800,5800,5829,,0,36.1981,36.1643,https://www.airbnb.com.tr/rooms/1768025703280117109,https://a0.muscache.com/im/pictures/2805259503.jpg
1767922951979685166,Antakya bölgesinde oda,Le Reve Butik Otel Standart Oda,Özel Oda,4800,4800,4800,4800,,,0,36.1981,36.1643,https://www.airbnb.com.tr/rooms/1767922951979685166,https://a0.muscache.com/im/pictures/2805074205.jpg
1767926442403896419,Otel - Antakya,Le Reve Butik Otel Standart Oda,Özel Oda,4800,4800,4800,,,,0,36.1981,36.1643,https://www.airbnb.com.tr/rooms/1767926442403896419,https://a0.muscache.com/im/pictures/2805078292.jpg
1767911607487224341,Otel - Antakya,Le Reve Butik Otel Deluxe Oda,Özel Oda,5000,5000,,,,,0,36.1981,36.1643,https://www.airbnb.com.tr/rooms/1767911607487224341,https://a0.muscache.com/im/pictures/2805057155.jpg
1562819726402769554,Daire - Antakya,Antakya defne arası merkezi konumda,Daire,4145,,4145,4145,4145,4.0,7,36.196920309674354,36.121383948395994,https://www.airbnb.com.tr/rooms/1562819726402769554,https://a0.muscache.com/im/pictures/2419997012.jpg
1146268620790578711,Otel - Hıdırbey,LUNA HOME CLUB bungalov,Daire / Ev,2914,,,2914,,4.4,5,36.1288,35.9722,https://www.airbnb.com.tr/rooms/1146268620790578711,https://a0.muscache.com/im/pictures/1895890676.jpg
1752932811661748072,Zülüflühan bölgesinde oda,Antakya Kampüs Mkü Serinyol Kiralık ,Özel Oda,3509,,,3500,3518,,0,36.3415,36.209,https://www.airbnb.com.tr/rooms/1752932811661748072,https://a0.muscache.com/im/pictures/2775495864.jpg
1767921494196302771,Otel - Antakya,Le Reve Butik Otel Twin Oda,Özel Oda,5024,,,,5024,,0,36.1981,36.1643,https://www.airbnb.com.tr/rooms/1767921494196302771,https://a0.muscache.com/im/pictures/2805071414.jpg
43524487,Olympia bölgesinde oda,Olympia RavenLoft,Özel Oda,3616,3616,,3616,,4.95,148,47.0548,-122.8803,https://www.airbnb.com.tr/rooms/43524487,https://a0.muscache.com/im/pictures/1747794741.jpg
1232982231185564288,Misafir evi - Olympia,Logger Cabin,Daire / Ev,6747,6747,,,,4.95,134,47.1174,-122.8645,https://www.airbnb.com.tr/rooms/1232982231185564288,https://a0.muscache.com/im/pictures/1983651548.jpg
51849886,Misafir evi - Olympia,"Temiz Konuk Evi 2 yatak odası, kendi kendine kapalı park",Özel Oda,8220,8220,,,,4.89,314,47.04933,-122.92456,https://www.airbnb.com.tr/rooms/51849886,https://a0.muscache.com/im/pictures/1273985591.jpg
54266475,Lacey bölgesinde oda,"Özel girişli, banyolu, küçük mutfaklı dinlendirici süit",Özel Oda,4530,4530,,,,4.95,56,47.07654,-122.75823,https://www.airbnb.com.tr/rooms/54266475,https://a0.muscache.com/im/pictures/1492458599.jpg
1278295081094970357,Ev - Olympia,"Güzelce yenilenmiş, şehir merkezindeki Capitol'den 5 dakika uzaklıkta.",Daire / Ev,13162,12963,13361,,,4.99,88,47.04894825550239,-122.92653580667924,https://www.airbnb.com.tr/rooms/1278295081094970357,https://a0.muscache.com/im/pictures/2020311882.jpg
40468276,Ev - Olympia,The Little House,Daire / Ev,8023,8023,,,,4.93,120,46.98524,-122.94863,https://www.airbnb.com.tr/rooms/40468276,https://a0.muscache.com/im/pictures/1947683889.jpg
673313693905640579,Olympia bölgesinde oda,Doğayla çevrili benzersiz bungalov konaklaması.,Özel Oda,3276,3276,,,,4.92,107,47.0865,-122.7908,https://www.airbnb.com.tr/rooms/673313693905640579,https://a0.muscache.com/im/pictures/2690610285.jpg
1071171431627878906,Ev - Tumwater,Kim'in yeri,Daire / Ev,11285,11285,,,,4.93,27,47.010238634886825,-122.90662198114327,https://www.airbnb.com.tr/rooms/1071171431627878906,https://a0.muscache.com/im/pictures/2001746736.jpg
1390629198083339280,Ev - Tumwater,Şık bir şekilde yenilenmiş yüzyıl evi,Daire / Ev,10120,10120,,,,4.93,42,47.01918,-122.90798,https://www.airbnb.com.tr/rooms/1390629198083339280,https://a0.muscache.com/im/pictures/2590081144.jpg
17753768,Olympia bölgesinde oda,Kılavuzlar Köşesi,Özel Oda,4271,4271,4271,,,4.89,103,47.04896,-122.86785,https://www.airbnb.com.tr/rooms/17753768,https://a0.muscache.com/im/pictures/1320342376.jpg
993719858575311478,Ev - Olympia,Özel girişli ve banyolu süit % hayırseverlik,Daire / Ev,5121,5121,,,,4.98,81,47.05883,-122.92037,https://www.airbnb.com.tr/rooms/993719858575311478,https://a0.muscache.com/im/pictures/2005054541.jpg
1308287636922500975,Misafir süiti - Olympia,"Owl's Nest / Capitol yakınında 1,5 yatak odalı daire",Özel Oda,8104,7581,8627,,,4.99,110,47.03653653066004,-122.89526315156353,https://www.airbnb.com.tr/rooms/1308287636922500975,https://a0.muscache.com/im/pictures/2053874785.jpg
4691862,Olympia bölgesinde oda,Sıcak ve samimi,Özel Oda,3932,3932,,,,4.86,118,47.05612,-122.86281,https://www.airbnb.com.tr/rooms/4691862,https://a0.muscache.com/im/pictures/80457920.jpg
740140865468963314,Ev - Olympia,Woodland Retreat | 3 yatak odası/2 banyo + çitle çevrili bahçe + evcil hayvanlar,Özel Oda,9635,9635,,,,4.67,169,47.03869,-122.78592,https://www.airbnb.com.tr/rooms/740140865468963314,https://a0.muscache.com/im/pictures/1510911379.jpg
1210961502034145582,Ev - Olympia,Olympia Oasis: 5 yatak odası 10+ misafir,Özel Oda,15241,15241,,,,4.77,47,47.0213,-122.87966,https://www.airbnb.com.tr/rooms/1210961502034145582,https://a0.muscache.com/im/pictures/2012439059.jpg
33046174,Misafir evi - Olympia,Olympia Waterfront Beach Cottage.,Daire / Ev,14926,14926,,,14926,4.96,284,47.09906,-122.8926,https://www.airbnb.com.tr/rooms/33046174,https://a0.muscache.com/im/pictures/1055550146.jpg
1288551464095180572,Daire - Olympia,Şehir merkezine yürüyüş mesafesinde şık yeni daire,Daire,8616,8130,9101,,,4.85,60,47.04323052247227,-122.88789868388245,https://www.airbnb.com.tr/rooms/1288551464095180572,https://a0.muscache.com/im/pictures/2561316174.jpg
791248382670731260,Küçük ev - Lacey,İlginç küçük ev | Çitle çevrili bahçe + evcil hayvanlar,Daire / Ev,5315,5315,,,,4.8,220,47.03908,-122.78734,https://www.airbnb.com.tr/rooms/791248382670731260,https://a0.muscache.com/im/pictures/1561992680.jpg
28362174,Lacey bölgesinde oda,Şehir merkezine ve hastaneye kolay erişimi olan özel oda,Özel Oda,2403,,2354,2354,2500,4.94,292,47.02656,-122.81493,https://www.airbnb.com.tr/rooms/28362174,https://a0.muscache.com/im/pictures/1164237554.jpg
1420684623098468649,Sıra ev - Tumwater,Rahat Tumwater Evi | Olympia'ya yakın,Daire / Ev,12721,,11892,12814,13456,,0,46.98602144092696,-122.94275205823725,https://www.airbnb.com.tr/rooms/1420684623098468649,https://a0.muscache.com/im/pictures/2799828400.jpg
1162995307514259082,Olympia bölgesinde oda,Ortak evde oda mevcuttur.,Özel Oda,2670,,2670,2670,,4.93,14,47.0613,-122.9486,https://www.airbnb.com.tr/rooms/1162995307514259082,https://a0.muscache.com/im/pictures/1913801321.jpg
53773710,Olympia bölgesinde oda,"Sessiz, Banliyö Olympia Evi",Özel Oda,2584,,3009,,2160,4.95,93,47.024290778196736,-122.85896590874778,https://www.airbnb.com.tr/rooms/53773710,https://a0.muscache.com/im/pictures/2085278110.jpg
3819546,Olympia bölgesinde oda,"Rahat, gösterişli bir kulübede oda",Özel Oda,3050,,3050,3050,,4.9,519,47.06284,-122.88439,https://www.airbnb.com.tr/rooms/3819546,https://a0.muscache.com/im/pictures/1218759252.jpg
1139101047713091334,Ev - Olympia,"Rahat kulübe - hamam, oyun odası, ateş çemberi",Özel Oda,10921,,10606,10533,11625,5.0,75,47.0693,-122.8885,https://www.airbnb.com.tr/rooms/1139101047713091334,https://a0.muscache.com/im/pictures/2151505679.jpg
22550693,Misafir süiti - Olympia,Suite City Retreat,Daire / Ev,5825,,5825,,,4.96,191,47.051,-122.93096,https://www.airbnb.com.tr/rooms/22550693,https://a0.muscache.com/im/pictures/1331126650.jpg
16601754,Doğa içinde pansiyon - Olympia,Grandview Getaway,Daire / Ev,5291,,5291,,,4.95,699,47.0499,-122.9147,https://www.airbnb.com.tr/rooms/16601754,https://a0.muscache.com/im/pictures/257431876.jpg
1760015694889755597,Otel odası - Tumwater,King | La Quinta Tumwater-Olympia | Kapalı havuz,Özel Oda,7566,,7566,,,,0,47.0059931,-122.9075695,https://www.airbnb.com.tr/rooms/1760015694889755597,https://a0.muscache.com/im/pictures/2789481292.jpg
1632915282275064101,Ev - Tumwater,The Nest,Daire / Ev,8106,,8106,,,4.8,5,46.99888363904762,-122.90858934905077,https://www.airbnb.com.tr/rooms/1632915282275064101,https://a0.muscache.com/im/pictures/2536870322.jpg
1171361140897941101,Lacey bölgesinde oda,"Göl kenarında dinlenin - sadece kadınlar için rahat, özel süit",Özel Oda,7038,,7038,,,5.0,23,47.0241,-122.7946,https://www.airbnb.com.tr/rooms/1171361140897941101,https://a0.muscache.com/im/pictures/1938064668.jpg
1470031000136185303,Kamp aracı/Karavan - Olympia,"Dönüştürülmüş rahat ekmek kamyonu, 5 dönüm özel ormanlık alan",Daire / Ev,4126,,4126,,,4.93,28,46.9505,-122.8873,https://www.airbnb.com.tr/rooms/1470031000136185303,https://a0.muscache.com/im/pictures/2700864259.jpg
17976129,Olympia bölgesinde oda,Geniş yatak odası,Özel Oda,2742,,2742,,,4.79,162,46.96171,-122.8144,https://www.airbnb.com.tr/rooms/17976129,https://a0.muscache.com/im/pictures/499119354.jpg
1760015695490506756,Otel odası - Tumwater,King Exec | La Quinta Tumwater | Uçuş Müzesi,Özel Oda,7566,,7566,,,,0,47.0059931,-122.9075695,https://www.airbnb.com.tr/rooms/1760015695490506756,https://a0.muscache.com/im/pictures/2789481365.jpg
1050777884404976917,Küçük ev - Olympia,Poulailler,Daire / Ev,5802,,,5441,6164,5.0,138,46.95909,-122.9139,https://www.airbnb.com.tr/rooms/1050777884404976917,https://a0.muscache.com/im/pictures/2214591159.jpg
1734226965012791975,Lacey bölgesinde oda,Sessiz ve temiz mekânım,Özel Oda,2703,,,2670,2736,4.92,12,47.0371,-122.7995,https://www.airbnb.com.tr/rooms/1734226965012791975,https://a0.muscache.com/im/pictures/2737515488.jpg
15236213,Misafir evi - Olympia,Charlotte's Annex: Şehir yakınında konforlu özel stüdyo,Daire / Ev,4174,,,4174,4174,4.89,715,46.98376,-122.88949,https://www.airbnb.com.tr/rooms/15236213,https://a0.muscache.com/im/pictures/215048625.jpg
750046987511727066,Misafir evi - Olympia,Olympia'da Rahat Çatı Katı - Güney Capitol Mahallesi,Daire / Ev,5630,,,5630,,4.89,117,47.0274,-122.8992,https://www.airbnb.com.tr/rooms/750046987511727066,https://a0.muscache.com/im/pictures/1749687962.jpg
27658975,Lacey bölgesinde oda,Hastaneye ve Olympia şehir merkezine yakın özel oda,Özel Oda,2645,,,2645,,4.94,202,47.02504,-122.8143,https://www.airbnb.com.tr/rooms/27658975,https://a0.muscache.com/im/pictures/1164237856.jpg
1253793713925860086,Daire - Olympia,Odalarda klima ve TV bulunan 2 yatak odalı modern Oasis,Özel Oda,6383,,,6383,,4.89,133,47.04422572281315,-122.91857638302243,https://www.airbnb.com.tr/rooms/1253793713925860086,https://a0.muscache.com/im/pictures/2001024580.jpg
53969585,Misafir evi - Lacey,Camp Midles'daki Lake Cottage,Daire / Ev,8859,,,8859,,4.96,368,47.02603,-122.79374,https://www.airbnb.com.tr/rooms/53969585,https://a0.muscache.com/im/pictures/1472529073.jpg
38676116,Misafir evi - Olympia,Doğanın İçinde Kasabada Huzurlu Özel Yer,Daire / Ev,7281,,,7281,,4.95,620,47.03501,-122.88321,https://www.airbnb.com.tr/rooms/38676116,https://a0.muscache.com/im/pictures/2544814152.jpg
50748845,Küçük ev - Olympia,Tarihi matbaada rahat stüdyo.,Daire / Ev,6286,,,6286,,4.99,246,47.04428,-122.91401,https://www.airbnb.com.tr/rooms/50748845,https://a0.muscache.com/im/pictures/1242266808.jpg
4985230,Misafir evi - Olympia,Olympia NE Semt Kır Evi!,Daire / Ev,6286,,,6286,,4.96,247,47.06114,-122.89069,https://www.airbnb.com.tr/rooms/4985230,https://a0.muscache.com/im/pictures/160819342.jpg
47758356,Daire - Olympia,King Bd Apt in 1923 Bungalow w/Private Garden.,Daire,7985,,,7985,,5.0,97,47.03267,-122.89906,https://www.airbnb.com.tr/rooms/47758356,https://a0.muscache.com/im/pictures/1401962571.jpg
966978620027175342,Olympia bölgesinde oda,Puget Place,Özel Oda,2670,,,2670,,4.78,9,47.0538,-122.88836,https://www.airbnb.com.tr/rooms/966978620027175342,https://a0.muscache.com/im/pictures/2815611058.jpg
925110556651022528,Ev - Lacey,"Uzun Göl'de İskele, Kayak, SUP ve Daha Fazlasıyla Muhteşem Ev",Daire / Ev,40093,,,,40093,5.0,49,47.0114,-122.7624,https://www.airbnb.com.tr/rooms/925110556651022528,https://a0.muscache.com/im/pictures/1719326323.jpg
583191071633447519,Ev - Olympia,The Swedish Fish: Saint Clair Gölü'nde kaçamak!,Daire / Ev,30094,,,,30094,5.0,17,46.9948,-122.7385,https://www.airbnb.com.tr/rooms/583191071633447519,https://a0.muscache.com/im/pictures/2436619921.jpg
765883112645028428,Ev - Tumwater,Olympia Near Downtown,Daire / Ev,8688,,,,8688,4.89,167,47.01882,-122.8948,https://www.airbnb.com.tr/rooms/765883112645028428,https://a0.muscache.com/im/pictures/1567325424.jpg
1387042941055044791,Ev - Lacey,Lacey'de güzel 3 yatak odalı ev,Özel Oda,12232,,,,12232,4.98,55,47.034289075641986,-122.8255011149123,https://www.airbnb.com.tr/rooms/1387042941055044791,https://a0.muscache.com/im/pictures/2149310414.jpg
1740732278040983377,Ev - Olympia,Mt Rainier Manzaralı Büyüleyici Sahil Evi,Daire / Ev,27206,,,,27206,,0,47.0854,-122.9345,https://www.airbnb.com.tr/rooms/1740732278040983377,https://a0.muscache.com/im/pictures/2749331460.jpg
4385770,Olympia bölgesinde oda,"rahat, gösterişli kır evinde oda",Özel Oda,2324,,,,2324,4.91,488,47.06349,-122.88318,https://www.airbnb.com.tr/rooms/4385770,https://a0.muscache.com/im/pictures/33250745.jpg
41258124,Tumwater bölgesinde oda,Özel yatak ve banyo,Özel Oda,4878,,,,4878,4.78,54,46.99363,-122.9103,https://www.airbnb.com.tr/rooms/41258124,https://a0.muscache.com/im/pictures/1762382770.jpg
1723592224565151655,Ev - Olympia,Yakın ve Gözden Uzak,Daire / Ev,6815,,,,6815,5.0,6,47.0486,-122.8831,https://www.airbnb.com.tr/rooms/1723592224565151655,https://a0.muscache.com/im/pictures/2767106396.jpg
163771,Kır evi - Olympia,Budd Inlet'te Rahat Sahil Kır Evi - Evcil Hayvan Dostu!,Kır Evi / Bungalov,11601,,,,11601,4.89,414,47.08126,-122.93653,https://www.airbnb.com.tr/rooms/163771,https://a0.muscache.com/im/pictures/1814358003.jpg
1744228950524205462,Ev - Lacey,Lacey'de yeni Airbnb,Daire / Ev,10193,,,,10193,,0,46.9861,-122.8109,https://www.airbnb.com.tr/rooms/1744228950524205462,https://a0.muscache.com/im/pictures/2756774703.jpg
1765510607933019130,Ev - Olympia,Başkent bölgesinde Olympia Cottage tarzında rahat bir inziva yeri,Daire / Ev,10679,,10679,,,5.0,3,47.0305,-122.9035,https://www.airbnb.com.tr/rooms/1765510607933019130,https://a0.muscache.com/im/pictures/2801700013.jpg
1543698428167812086,Ev - Lacey,Long Lake'te Özel İskelesi Olan Sahil Kenarında İnziva Yeri,Daire / Ev,14149,,14149,,,5.0,26,47.02788,-122.78553,https://www.airbnb.com.tr/rooms/1543698428167812086,https://a0.muscache.com/im/pictures/2556439121.jpg
1485670925424804966,Lacey bölgesinde oda,Lacey'de rahat özel oda!,Özel Oda,3640,,3640,,,4.91,22,47.0665,-122.8293,https://www.airbnb.com.tr/rooms/1485670925424804966,https://a0.muscache.com/im/pictures/2292070291.jpg
46028825,Ev - Olympia,Çok büyük bir Olympia evi. 10 kişi konaklayabilir. Birçok olanak var.,Daire / Ev,14659,,14659,,,4.93,181,47.05292,-122.93792,https://www.airbnb.com.tr/rooms/46028825,https://a0.muscache.com/im/pictures/1086108249.jpg
1513110284306262813,Daire - Olympia,West Olympia Konforlu Daire,Daire,10994,,10994,,,4.91,23,47.0313,-122.9411,https://www.airbnb.com.tr/rooms/1513110284306262813,https://a0.muscache.com/im/pictures/2365309939.jpg
816113343933937227,Misafir süiti - Olympia,"Jakuzili, rahat ve huzurlu göl kenarı kaçamağı",Daire / Ev,8470,,,,8470,4.98,324,46.9942,-122.73183,https://www.airbnb.com.tr/rooms/816113343933937227,https://a0.muscache.com/im/pictures/1709946354.jpg
1688694277960011271,Ev - Lacey,"Into the Woods - 2 yatak odalı/1 banyolu, evcil hayvan dostu + bahçeli",Özel Oda,6917,,,,6917,4.8,15,47.0272,-122.8144,https://www.airbnb.com.tr/rooms/1688694277960011271,https://a0.muscache.com/im/pictures/2639253835.jpg
1206399594904937275,Otel - Ortahisar,Merkezde 2 Yataklı Şık Oda,Özel Oda,2558,2625,2625,2423,,4.6,5,41.0033,39.7226,https://www.airbnb.com.tr/rooms/1206399594904937275,https://a0.muscache.com/im/pictures/1958566482.jpg
1160914337249008664,Daire - Trabzon,Daire Trabzon Merkez Meydan,Daire,3508,3508,,3508,3508,4.82,110,41.0067,39.7308,https://www.airbnb.com.tr/rooms/1160914337249008664,https://a0.muscache.com/im/pictures/1911874872.jpg
938448945732317535,Daire - Ortahisar,Uzun Sokak'ın başlangıcı.,Daire,3776,3776,3776,,,4.89,54,41.0048,39.7228,https://www.airbnb.com.tr/rooms/938448945732317535,https://a0.muscache.com/im/pictures/1914889582.jpg
896303440692456207,Daire - Ortahisar,Trabzon şehir merkezinde büyük daire,Daire,3508,3508,,3508,3508,4.78,160,41.0067,39.7308,https://www.airbnb.com.tr/rooms/896303440692456207,https://a0.muscache.com/im/pictures/1656655184.jpg
1433255661697024772,Bungalov - Ortahisar,HomyWood Bungalov / A Blok,Kır Evi / Bungalov,10224,10320,,,10129,5.0,62,40.9748,39.7147,https://www.airbnb.com.tr/rooms/1433255661697024772,https://a0.muscache.com/im/pictures/2195995090.jpg
916639477088113322,Daire - Ortahisar,Şehir merkezinde küçük mutfaklı şık stüdyo!,Daire,3564,3564,3564,,,4.67,24,41.0036,39.7233,https://www.airbnb.com.tr/rooms/916639477088113322,https://a0.muscache.com/im/pictures/1678137545.jpg
1455335696189497904,Daire - Ortahisar,Şehir Merkezinde Premium 3+1 | Bayrak Residences,Daire,5632,5632,,,,4.53,19,41.0032,39.7245,https://www.airbnb.com.tr/rooms/1455335696189497904,https://a0.muscache.com/im/pictures/2235011342.jpg
1415847613132033759,Daire - Ortahisar,Şehrin tam ortasında teraslı ve manzaralı daire,Daire,4275,4150,4400,,,4.91,34,41.0077,39.7218,https://www.airbnb.com.tr/rooms/1415847613132033759,https://a0.muscache.com/im/pictures/2177637356.jpg
50658801,Daire - Ortahisar,1+0 Oda,Özel Oda,2200,2200,,,,4.86,29,40.99083,39.78352,https://www.airbnb.com.tr/rooms/50658801,https://a0.muscache.com/im/pictures/2238674868.jpg
1465882991346432125,Ağaç ev - Ortahisar,Trabzon'da bungalov,Daire / Ev,5396,5339,,5024,5825,4.61,41,40.95596174780901,39.7352098734641,https://www.airbnb.com.tr/rooms/1465882991346432125,https://a0.muscache.com/im/pictures/2254708754.jpg
1441117595796802438,Daire - Ortahisar,"Copper House
Trabzon Meydan
Lüks 4 Kişilik Daire 1",Daire,4405,4429,4381,,,4.71,21,41.0075,39.72477,https://www.airbnb.com.tr/rooms/1441117595796802438,https://a0.muscache.com/im/pictures/2208990561.jpg
1339044582478731240,Otel - Ortahisar,Doa Apart,Daire / Ev,4750,5876,5321,3902,3902,,0,41.003732180967134,39.73052695552358,https://www.airbnb.com.tr/rooms/1339044582478731240,https://a0.muscache.com/im/pictures/2073262813.jpg
1691277156202724196,Daire - Ortahisar,Şehir merkezindeki 1+1 daireniz (creamberry suite),Daire,3250,3250,,,,5.0,9,40.9943,39.6726,https://www.airbnb.com.tr/rooms/1691277156202724196,https://a0.muscache.com/im/pictures/2668048354.jpg
665719559183490850,Otel odası - Ortahisar,Şehrin harika konumunda lüks yaşam,Özel Oda,3157,3157,,,,4.84,79,40.9936,39.779,https://www.airbnb.com.tr/rooms/665719559183490850,https://a0.muscache.com/im/pictures/1684582797.jpg
1725294003667408540,Daire - Ortahisar,Loya Apartmanları ,Daire,4979,5156,4869,,4912,,0,41.0022,39.7285,https://www.airbnb.com.tr/rooms/1725294003667408540,https://a0.muscache.com/im/pictures/2716089148.jpg
916647317850586344,Daire - Ortahisar,Şehir merkezinde 2 yatak odalı benzersiz daire!,Özel Oda,5796,5796,,,,5.0,5,41.0035,39.7234,https://www.airbnb.com.tr/rooms/916647317850586344,https://a0.muscache.com/im/pictures/1677990160.jpg
1127331563205252035,Daire - Ortahisar,Şehir Merkezinde 2 Yatak Odası 2 Banyo Suit Daire,Özel Oda,5873,5873,,,,,0,41.00602449573542,39.7233316323216,https://www.airbnb.com.tr/rooms/1127331563205252035,https://a0.muscache.com/im/pictures/1878728043.jpg
1378082203099195950,Bungalov - Çilekli,Mira Bungalow,Kır Evi / Bungalov,3990,4200,3780,,,4.76,72,40.9608,39.7747,https://www.airbnb.com.tr/rooms/1378082203099195950,https://a0.muscache.com/im/pictures/2770492941.jpg
673572542535793024,Otel odası - Ortahisar,Standart (1+1),Özel Oda,3600,,3600,,,4.9,92,41.0012,39.6993,https://www.airbnb.com.tr/rooms/673572542535793024,https://a0.muscache.com/im/pictures/1700307958.jpg
1222219466284413801,Ev - Ortahisar,Trabzon Dağ Evi,Daire / Ev,12960,,12960,,,5.0,20,40.9681,39.6578,https://www.airbnb.com.tr/rooms/1222219466284413801,https://a0.muscache.com/im/pictures/1978486412.jpg
45076226,Ağaç ev - Ortahisar,@agacevkilat,Daire / Ev,4356,,4356,,,4.93,243,40.92451,39.74714,https://www.airbnb.com.tr/rooms/45076226,https://a0.muscache.com/im/pictures/1452340183.jpg
916626847546586163,Daire - Ortahisar,Şehir merkezinde konforlu bir stüdyo!,Daire,3715,,3715,,,4.63,24,41.0035,39.7233,https://www.airbnb.com.tr/rooms/916626847546586163,https://a0.muscache.com/im/pictures/1678679157.jpg
664891987304964751,Daire - Ortahisar,Standart (2+1),Daire,3800,,3800,,,4.9,48,41.00179370405318,39.69838695918333,https://www.airbnb.com.tr/rooms/664891987304964751,https://a0.muscache.com/im/pictures/1700301669.jpg
1452006226638693585,Daire - Trabzon Merkez or Trabzon Ortahisar,Havalimanına yakın modern daire Bayrak Residences,Daire,5069,,5069,,,4.85,195,40.9902,39.7942,https://www.airbnb.com.tr/rooms/1452006226638693585,https://a0.muscache.com/im/pictures/2234978594.jpg
942054877705630434,Daire - Ortahisar,Havaalanına yakın 4 klimalı daire(Deniz Manzaralı),Daire,3398,,3398,,,4.9,60,40.9887,39.7853,https://www.airbnb.com.tr/rooms/942054877705630434,https://a0.muscache.com/im/pictures/2505411870.jpg
34664062,Villa - Ortahisar,Şehir Merkezinde Bahçeli Dubleks Villa,Müstakil Villa,12960,,12960,,,4.67,15,41.00479,39.72384,https://www.airbnb.com.tr/rooms/34664062,https://a0.muscache.com/im/pictures/1934285822.jpg
922598262534105419,Daire - Ortahisar,3 Yatak Odalı 8 Kişilik Merkezi Daire 2. Kat,Özel Oda,2939,,3014,,2864,4.55,76,40.994,39.7582,https://www.airbnb.com.tr/rooms/922598262534105419,https://a0.muscache.com/im/pictures/1684256223.jpg
1433979493243838910,Bungalov - Ortahisar,HomyWood Bungalov / B Blok,Kır Evi / Bungalov,10650,,10650,,,5.0,38,40.9748,39.7147,https://www.airbnb.com.tr/rooms/1433979493243838910,https://a0.muscache.com/im/pictures/2777064188.jpg
684651770355499286,Çatı katı - Ortahisar,Çatı (1+1) - 12,Daire / Ev,3500,,,3500,,4.91,139,41.00244,39.69803,https://www.airbnb.com.tr/rooms/684651770355499286,https://a0.muscache.com/im/pictures/1699821239.jpg
1441117699008063820,Daire - Ortahisar,"Copper House
Trabzon Meydan
Lüks 4 Kişi Aile Daire",Daire,3024,,,3250,2799,4.71,35,41.00795541600939,39.72445232415619,https://www.airbnb.com.tr/rooms/1441117699008063820,https://a0.muscache.com/im/pictures/2208998062.jpg
46615787,Villa - Ortahisar,AK Nature Suites,Müstakil Villa,13500,,,12790,14211,5.0,6,41.00452831087099,39.72778804480505,https://www.airbnb.com.tr/rooms/46615787,https://a0.muscache.com/im/pictures/2689003086.jpg
1145444820838900156,Daire - Ortahisar,Standart (2+1),Daire,3750,,,3750,,4.96,50,41.0025,39.70006,https://www.airbnb.com.tr/rooms/1145444820838900156,https://a0.muscache.com/im/pictures/1894860627.jpg
698464883862345708,Villa - Ortahisar,Sky Villas Hisar,Müstakil Villa,5554,,,5262,5847,4.8,80,40.97698,39.68659,https://www.airbnb.com.tr/rooms/698464883862345708,https://a0.muscache.com/im/pictures/2202449680.jpg
914337330732660279,Daire - Ortahisar,Stüdyo Daire,Daire,2072,,,2369,1776,4.64,83,41.0018,39.6972,https://www.airbnb.com.tr/rooms/914337330732660279,https://a0.muscache.com/im/pictures/1700996704.jpg
655363177278632091,Daire - Ortahisar,Deniz ve Doğa Adalet Villa Apart,Müstakil Villa,5785,,,5809,5761,5.0,52,40.9778,39.6854,https://www.airbnb.com.tr/rooms/655363177278632091,https://a0.muscache.com/im/pictures/2181860029.jpg
1518235684457348066,Ortahisar bölgesinde oda,"Meydan ve havaalanına 5dk, Otogara 3dk - Eko oda",Özel Oda,2100,,,2463,1736,4.8,65,40.9926025369119,39.75985251614699,https://www.airbnb.com.tr/rooms/1518235684457348066,https://a0.muscache.com/im/pictures/2349110705.jpg
899833568691131818,Ev - Trabzon,Deniz ve Doğal Adalet,Daire / Ev,3950,,,3950,,5.0,43,40.97665,39.68583,https://www.airbnb.com.tr/rooms/899833568691131818,https://a0.muscache.com/im/pictures/1660587514.jpg
1212431020278652265,Daire - Ortahisar,4 Kişilik Daire,Daire,2369,,,2369,,4.56,50,41.0018,39.6972,https://www.airbnb.com.tr/rooms/1212431020278652265,https://a0.muscache.com/im/pictures/1965188390.jpg
899832399594630163,Ev - Ortahisar,Çok güzel manzaralı ev,Daire / Ev,4008,,,3950,4066,5.0,34,40.97692,39.6864,https://www.airbnb.com.tr/rooms/899832399594630163,https://a0.muscache.com/im/pictures/2673562679.jpg
972569815086095632,Daire - Ortahisar,Standart (1+1),Daire,3500,,,3500,,4.81,37,41.00366,39.698,https://www.airbnb.com.tr/rooms/972569815086095632,https://a0.muscache.com/im/pictures/1732948302.jpg
674450049747094995,Otel odası - Ortahisar,Standart (2+1),Özel Oda,3700,,,3700,,4.9,29,41.0028,39.69733,https://www.airbnb.com.tr/rooms/674450049747094995,https://a0.muscache.com/im/pictures/1700294011.jpg
52366747,Villa - Trabzon,Deniz ve doğal Adalet takım elbiseleri,Müstakil Villa,6740,,,,6740,5.0,81,40.97699,39.68522,https://www.airbnb.com.tr/rooms/52366747,https://a0.muscache.com/im/pictures/1807900986.jpg
972572605548907817,Daire - Ortahisar,Standart (2+1),Daire,5921,,,,5921,4.93,27,41.0025,39.69935,https://www.airbnb.com.tr/rooms/972572605548907817,https://a0.muscache.com/im/pictures/1732950397.jpg
1191970262743211372,Ev - Ortahisar,Koçin Konak Lüks Butik Ev,Daire / Ev,14618,,,,14618,4.85,13,41.0056,39.7171,https://www.airbnb.com.tr/rooms/1191970262743211372,https://a0.muscache.com/im/pictures/1972283252.jpg
949291930040098475,Daire - Ortahisar,Deniz manzaralı teras çatı katı.,Daire,4737,,,,4737,4.97,35,40.99998,39.69663,https://www.airbnb.com.tr/rooms/949291930040098475,https://a0.muscache.com/im/pictures/1711365244.jpg
1765075768071638275,Excalibur Hotel and Casino,Las Vegas bölgesinde otel,Daire / Ev,1070,1070,,,,4.17,585,36.099,-115.1755,https://www.airbnb.com.tr/rooms/1765075768071638275,https://a0.muscache.com/im/pictures/2800894366.jpg
1771709052565351503,"Daire - Ho Chi Minh Şehri, Vietnam",Sunrise High Floor - Spor Salonu - Havuz - D7 D1 - Ben Thanh 4,Daire,1331,1331,,,,,0,10.7461,106.7016,https://www.airbnb.com.tr/rooms/1771709052565351503,https://a0.muscache.com/im/pictures/2813619675.jpg
1767455199433835577,"Daire - Southbank, Avustralya",Gün batımı kaçamağı - Southbank,Daire,4838,4838,,,,,0,-37.82592,144.96186,https://www.airbnb.com.tr/rooms/1767455199433835577,https://a0.muscache.com/im/pictures/2806616430.jpg
1730150621616342011,"Cuenca, Ekvador bölgesinde oda",[Cavi Rooms 307] Çift kişilik oda,Özel Oda,704,704,,,,,0,-2.9017,-79.0046,https://www.airbnb.com.tr/rooms/1730150621616342011,https://a0.muscache.com/im/pictures/2734005840.jpg
1756046030761150012,"Ev - Caravelas, Brezilya","Chalé Jade, cennette zarafet! Mar Doce - Bahia!",Daire / Ev,1800,1800,1800,,,,0,-17.7455,-39.233,https://www.airbnb.com.tr/rooms/1756046030761150012,https://a0.muscache.com/im/pictures/2781909609.jpg
1744221524102224309,"Ev - Busan, Güney Kore",Açılış fiyatı • Nampo İstasyonu 3 dakika • Havaalanı otobüsü 3 dakika • 2 banyo • Bagaj depolama • BIFF 3 dakika • Jagalchi 5 dakika • Kkangtong Pazarı 5 dakika • E/V,Daire / Ev,7411,7230,7592,,,5.0,5,35.0986,129.0321,https://www.airbnb.com.tr/rooms/1744221524102224309,https://a0.muscache.com/im/pictures/2811211328.jpg
1757333805685592184,"Daire - Mathura, Hindistan",Lüks stüdyo daire | Prem Mandir Vrindavan'a en yakın. ,Daire,649,649,,,,5.0,5,27.573,77.6543,https://www.airbnb.com.tr/rooms/1757333805685592184,https://a0.muscache.com/im/pictures/2784490574.jpg
1763532188706565638,"Daire - Pune, Hindistan",Rahat köşe ,Daire,1267,1267,,,,,0,18.6745,73.7065,https://www.airbnb.com.tr/rooms/1763532188706565638,https://a0.muscache.com/im/pictures/2799411369.jpg
1118597856872228899,"Daire - Watthana, Tayland",F5#Değerli! Bangkok şehir merkezi#Sıcak daire/BTS asok/MRT Sukhumvit/Ücretsiz yüzme havuzu ve spor salonu,Daire,2421,2421,,,,,0,13.736522834286545,100.5567061181918,https://www.airbnb.com.tr/rooms/1118597856872228899,https://a0.muscache.com/im/pictures/1867197143.jpg
1766019534637612047,"Daire - Rio de Janeiro, Brezilya","Merkezde konforlu, klimalı daire",Daire,1705,1705,,,,,0,-22.8987,-43.2034,https://www.airbnb.com.tr/rooms/1766019534637612047,https://a0.muscache.com/im/pictures/2801209818.jpg
1766314578678150628,"Meksiko, Meksika bölgesinde konaklama yeri",Condesa Roma Polanco Reforma Narvarte,Daire / Ev,1172,1172,,,,,0,19.4078,-99.1878,https://www.airbnb.com.tr/rooms/1766314578678150628,https://a0.muscache.com/im/pictures/2801836898.jpg
1760583034048573684,"Daire - Johor Bahru, Malezya","Tri Tower Sable & Sand Stüdyo Daire, 4 Kişilik, Balkonlu ",Daire,1908,1908,,,,5.0,3,1.4671,103.7649,https://www.airbnb.com.tr/rooms/1760583034048573684,https://a0.muscache.com/im/pictures/2790685637.jpg
1761611118544596292,"Daire - Montevideo, Uruguay",Punta Carretas'ta özel daire,Daire,3592,3592,,,,,0,-34.9148,-56.1598,https://www.airbnb.com.tr/rooms/1761611118544596292,https://a0.muscache.com/im/pictures/2792611734.jpg
1759784379304621487,"Daire - Cali, Kolombiya","Chipichape Alışveriş Merkezi'nin karşısında güzel bir daire, 404 numaralı ",Daire,1481,1481,,,,5.0,3,3.4779,-76.5256,https://www.airbnb.com.tr/rooms/1759784379304621487,https://a0.muscache.com/im/pictures/2789131167.jpg
1684189661990722295,"Çatı katı - Blumenau, Brezilya",Modern Çatı Katı | Vila Germânica'ya 200 m,Daire / Ev,2084,2084,,,,5.0,20,-26.919,-49.082,https://www.airbnb.com.tr/rooms/1684189661990722295,https://a0.muscache.com/im/pictures/2794333222.jpg
1763056145006776107,"Daire - Rishikesh, Hindistan",Eira - Stüdyo daire | Dağ manzarası | Kendi kendine giriş,Daire,990,990,,,,,0,30.1338,78.3197,https://www.airbnb.com.tr/rooms/1763056145006776107,https://a0.muscache.com/im/pictures/2795569919.jpg
1708045117862664992,"Daire - Gdańsk, Polonya",Ogarna Residence | Eski Şehrin Göbeği,Daire,3647,3647,,,,5.0,17,54.3473,18.6545,https://www.airbnb.com.tr/rooms/1708045117862664992,https://a0.muscache.com/im/pictures/2679998152.jpg
1762047221175925340,"Daire - Cartagena, Kolombiya","103 Denize ve havaalanına birkaç adım uzaklıkta stüdyo, Crespo",Daire,2049,2049,,,,,0,10.4461,-75.5186,https://www.airbnb.com.tr/rooms/1762047221175925340,https://a0.muscache.com/im/pictures/2793536527.jpg
1713173078927977519,"Ev - Cartagena, Kolombiya",Özel Havuzlu Ev 10 kişi | Havaalanına 3 dakika,Daire / Ev,14710,,14655,14764,,5.0,3,10.4501,-75.5161,https://www.airbnb.com.tr/rooms/1713173078927977519,https://a0.muscache.com/im/pictures/2697525691.jpg
1766760072460399720,"Daire - Teluknaga, Endonezya","Teluknaga, Pik 2'de kiralık tüm daire",Daire,828,,828,,,,0,-6.04071,106.69256,https://www.airbnb.com.tr/rooms/1766760072460399720,https://a0.muscache.com/im/pictures/2802731700.jpg
1771038406936319861,"Daire - Yen Hoa, Vietnam",Stüdyo - Yeni - Şehir manzaralı - Yerel yemekler,Daire,1872,,1872,,,5.0,3,21.0046,105.7944,https://www.airbnb.com.tr/rooms/1771038406936319861,https://a0.muscache.com/im/pictures/2814643969.jpg
1752916384130211868,"Dağ evi - Saint-Alexis-des-Monts, Kanada","Köpla Etkisi | Doğa Kaçamağı, Nehir, Spa ve Şömine",Daire / Ev,10860,,10869,10851,,,0,46.48319,-73.1671,https://www.airbnb.com.tr/rooms/1752916384130211868,https://a0.muscache.com/im/pictures/2796206690.jpg
1769516541806912503,"Ev - Gurugram, Hindistan","Pink Escape | Jakuzi Sinema 
",Daire / Ev,2514,,2514,,,5.0,4,28.41654,77.05167,https://www.airbnb.com.tr/rooms/1769516541806912503,https://a0.muscache.com/im/pictures/2807909434.jpg
1761430596730426674,"Daire - Petaling Jaya, Malezya",Lumi Tropicana|ModernLuxury|Golf Görüşü #902,Daire,2997,,2997,,,,0,3.13147,101.59422,https://www.airbnb.com.tr/rooms/1761430596730426674,https://a0.muscache.com/im/pictures/2792234924.jpg
1748975065429752667,"Misafir evi - Sikur, Endonezya",KITA Bungalows Tetebatu,Daire / Ev,1161,,1161,,,,0,-8.5291,116.4242,https://www.airbnb.com.tr/rooms/1748975065429752667,https://a0.muscache.com/im/pictures/2782321238.jpg
1765303543767730907,"Ev - Charlotte, Kuzey Carolina, Amerika Birleşik Devletleri",Modern Tasarım 4 Yatak Odalı Sıra Ev | Lüks Süitler,Özel Oda,10120,,10921,9319,,,0,35.25057,-80.86623,https://www.airbnb.com.tr/rooms/1765303543767730907,https://a0.muscache.com/im/pictures/2799888818.jpg
1747376700929197729,"Ev - Chapel Hill, Kuzey Carolina, Amerika Birleşik Devletleri","UNC/Jordan Lake/Duke yakınında, doğa içinde huzurlu bir ev",Daire / Ev,5679,,5679,,,5.0,4,35.8251,-79.0288,https://www.airbnb.com.tr/rooms/1747376700929197729,https://a0.muscache.com/im/pictures/2771494629.jpg
1700184380261527527,"Ev - Mazatlán, Meksika",Cerritos Resort Plajına Erişimi Olan Güzel Ev,Daire / Ev,3975,,3975,,,,0,23.2997,-106.4831,https://www.airbnb.com.tr/rooms/1700184380261527527,https://a0.muscache.com/im/pictures/2663944209.jpg
1761132764595254136,"Kulübe - São Carlos, Brezilya",Kırsal Bölgede Kulübe,Daire / Ev,2368,,2368,,,,0,-21.8982,-47.8979,https://www.airbnb.com.tr/rooms/1761132764595254136,https://a0.muscache.com/im/pictures/2791793807.jpg
1766062416182907320,"Daire - Belgrad, Sırbistan","Güneş, ay ve yıldızlar 4.0",Daire,8729,,8729,,,,0,44.8168,20.4571,https://www.airbnb.com.tr/rooms/1766062416182907320,https://a0.muscache.com/im/pictures/2801532736.jpg
1767105539740429730,"Kulübe - Big Bear Lake, Kaliforniya, Amerika Birleşik Devletleri",Köye 3 dakika yürüme mesafesinde | Jakuzi • Sauna • Soğuk su havuzu,Daire / Ev,11522,,11522,,,,0,34.2418,-116.9147,https://www.airbnb.com.tr/rooms/1767105539740429730,https://a0.muscache.com/im/pictures/2803417018.jpg
1754031900912348360,"Ev - San Antonio, Teksas, Amerika Birleşik Devletleri",Havuzlu dinlenme yeri | 5 yatak odası | 16+ kişi kalabilir | Lackland Hava Kuvvetleri Üssü,Özel Oda,19415,,19415,,,,0,29.36,-98.64,https://www.airbnb.com.tr/rooms/1754031900912348360,https://a0.muscache.com/im/pictures/2777596195.jpg
1746147166656720452,"Ev - Fredericksburg, Teksas, Amerika Birleşik Devletleri","Vaughn | Geniş 3 yatak odalı kulübe, jakuzi ve ateş çukuru",Özel Oda,9902,,9902,,,,0,30.2118,-98.8733,https://www.airbnb.com.tr/rooms/1746147166656720452,https://a0.muscache.com/im/pictures/2801690903.jpg
1736813548147751465,"Daire - Kecamatan Kebayoran Baru, Endonezya",Solana A07 Direct Plaza Senayan • MRT • GBK • SCBD,Daire,2582,,2582,,,5.0,3,-6.2263,106.8017,https://www.airbnb.com.tr/rooms/1736813548147751465,https://a0.muscache.com/im/pictures/2740942595.jpg
1771317277202017062,"Colima, Meksika bölgesinde konaklama yeri",Colima'da Tek Kişilik Yatak Odası,Özel Oda,486,,,486,,5.0,3,19.27651,-103.71078,https://www.airbnb.com.tr/rooms/1771317277202017062,https://a0.muscache.com/im/pictures/2811523219.jpg
1720230659249058463,"Villa - Sant Miquel d'Olèrdola, İspanya","Villa Can Miki - Havuz, sinema, oyunlar, Sitges yakınında",Müstakil Villa,30165,,,30165,,,0,41.32079,1.71958,https://www.airbnb.com.tr/rooms/1720230659249058463,https://a0.muscache.com/im/pictures/2755058058.jpg
1754328694767298212,"Kulübe - Laurelville, Ohio, Amerika Birleşik Devletleri","The Rock Haus | Havuz, Putt-Putt | Hocking Hills",Daire / Ev,44434,,,44434,,,0,39.49127,-82.6169,https://www.airbnb.com.tr/rooms/1754328694767298212,https://a0.muscache.com/im/pictures/2778149917.jpg
1726290107090005169,"Ev - Kawartha Lakes, Kanada",Cedar Barrel Lakehouse - Jakuzi|Su Oyuncakları|Manzara,Daire / Ev,24003,,,24003,,5.0,6,44.5263,-78.7294,https://www.airbnb.com.tr/rooms/1726290107090005169,https://a0.muscache.com/im/pictures/2729570990.jpg
1759842623336580933,"Ev - Altadena, Kaliforniya, Amerika Birleşik Devletleri","Luxe Altadena Retreat | Havuz, Spa, Sauna, Sinema",Daire / Ev,51475,,,51475,,,0,34.1896,-118.1088,https://www.airbnb.com.tr/rooms/1759842623336580933,https://a0.muscache.com/im/pictures/2789244539.jpg
1705693133432974464,"Çiftlikte konaklama - Pihama, Yeni Zelanda",The Nest - Kıyı Kaçamağı,Daire / Ev,9171,,,9171,,5.0,4,-39.49685,173.90641,https://www.airbnb.com.tr/rooms/1705693133432974464,https://a0.muscache.com/im/pictures/2676015372.jpg
1702625089867601310,"Kulübe - Guatemala şehri, Guatemala",Bosque Mágico Jakuzili lüks orman kulübesi ,Daire / Ev,9544,,,9544,,5.0,20,14.648450420595427,-90.61804253593152,https://www.airbnb.com.tr/rooms/1702625089867601310,https://a0.muscache.com/im/pictures/2668805206.jpg
1763190216548052827,"Kulübe - Erhard, Minnesota, Amerika Birleşik Devletleri",Samimi kulübe kaçamağı/jakuzi ve sauna,Daire / Ev,12523,,,12523,,,0,46.4596,-95.9927,https://www.airbnb.com.tr/rooms/1763190216548052827,https://a0.muscache.com/im/pictures/2795895379.jpg
1137188115375603862,"Dağ evi - Sapucaí-Mirim, Brezilya","Chale Um Sonho a Mais • Manzara, Şömine ve Şelale",Daire / Ev,3458,,,3458,,5.0,107,-22.73347,-45.89184,https://www.airbnb.com.tr/rooms/1137188115375603862,https://a0.muscache.com/im/pictures/1892808623.jpg
1747963793642643164,"Kulübe - Beattyville, Kentucky, Amerika Birleşik Devletleri",RRG yakınındaki Crooked Cabin | Odun ateşli jakuzi,Daire / Ev,11382,,,11382,,5.0,8,37.5307630017429,-83.72082385637356,https://www.airbnb.com.tr/rooms/1747963793642643164,https://a0.muscache.com/im/pictures/2809821236.jpg
1747369509488486563,"Daire - Buenos Aires, Arjantin",Palermo Hollywood'da yeni daire,Daire,2694,,,2694,,5.0,10,-34.5792,-58.4383,https://www.airbnb.com.tr/rooms/1747369509488486563,https://a0.muscache.com/im/pictures/2763927398.jpg
1757842329395761285,"Ev - Ipoh, Malezya",BBC Polo Laguna Aile Yanı Konaklama,Daire / Ev,5903,,,5331,6475,5.0,3,4.5859,101.1466,https://www.airbnb.com.tr/rooms/1757842329395761285,https://a0.muscache.com/im/pictures/2785441651.jpg
1760434315767082920,"Ev - Subachoque, Kolombiya","Büyük jakuzi, sauna ve manzaralı kır evi",Daire / Ev,18956,,,15847,22064,,0,4.9618,-74.1711,https://www.airbnb.com.tr/rooms/1760434315767082920,https://a0.muscache.com/im/pictures/2790437000.jpg
1765207967599087823,"Ev - Mebane, Kuzey Carolina, Amerika Birleşik Devletleri",Mebane'deki Bigfoot Kulübesi,Daire / Ev,7232,,,7232,,,0,36.084,-79.2814,https://www.airbnb.com.tr/rooms/1765207967599087823,https://a0.muscache.com/im/pictures/2799539498.jpg
1759825553900653928,"Daire - Buenos Aires, Arjantin",Belgrano'da aydınlık tek odalı daire. ,Özel Oda,2718,,,2718,,5.0,8,-34.5585,-58.4458,https://www.airbnb.com.tr/rooms/1759825553900653928,https://a0.muscache.com/im/pictures/2789913291.jpg
1721866581707097558,"Ev - Austin, Teksas, Amerika Birleşik Devletleri","Maison Blanche | 2,5 Dönüm | 13 Kişilik",Daire / Ev,42617,,,,42617,,0,30.39217,-97.91435,https://www.airbnb.com.tr/rooms/1721866581707097558,https://a0.muscache.com/im/pictures/2790086243.jpg
1750583039982199967,"Ev - Sumoto, Japonya",[Awaji Adası/Sumoto] Denize yakın | Maksimum 8 kişi | Konaklama imkanı sunan kafe | Tüm mekanı kiralama,Daire / Ev,9166,,,,9166,,0,34.3425,134.8975,https://www.airbnb.com.tr/rooms/1750583039982199967,https://a0.muscache.com/im/pictures/2809111841.jpg
1761776240955594495,"Ev - Richmond, Indiana, Amerika Birleşik Devletleri","4 yatak odası/2 banyo, jakuzi, basketbol sahası, ev sineması…",Özel Oda,13778,,,,13778,,0,39.8609,-84.8645,https://www.airbnb.com.tr/rooms/1761776240955594495,https://a0.muscache.com/im/pictures/2808213467.jpg
1659289582641047021,"Ev - Yokosuka, Japonya",YENİ AÇILIŞ｜ソレイユの丘 Arabayla 5 dakika｜Maksimum 9 kişi｜Deniz önünde｜Çocuklu misafirler kabul edilir,Daire / Ev,9798,,,,9798,4.9,10,35.206828892442324,139.6124277310185,https://www.airbnb.com.tr/rooms/1659289582641047021,https://a0.muscache.com/im/pictures/2796719275.jpg
1761886300727490322,"Ev - Denver, Kuzey Carolina, Amerika Birleşik Devletleri",Lake Norman'da Wonderwood Escape,Daire / Ev,24900,,,,24900,5.0,3,35.5312,-81.0152,https://www.airbnb.com.tr/rooms/1761886300727490322,https://a0.muscache.com/im/pictures/2812444079.jpg
1733344099913664451,"Ev - Columbus, Georgia, Amerika Birleşik Devletleri",İŞTE BU! Sinema Odası/Oyun Odası/Mins Ft. Benning!,Özel Oda,25025,,,,25025,,0,32.427270764782335,-84.91003029958023,https://www.airbnb.com.tr/rooms/1733344099913664451,https://a0.muscache.com/im/pictures/2775994515.jpg
1750058599235847000,"Ev - Concepción de Ataco, El Salvador","Ataco'da aile kaçamağı | Doğa, ateş çukuru ve barbekü",Daire / Ev,11164,,,,11164,5.0,4,13.8663,-89.8548,https://www.airbnb.com.tr/rooms/1750058599235847000,https://a0.muscache.com/im/pictures/2771908835.jpg
1755863045145438498,"Ev - Kiyose, Japonya",Sessiz Yeşil Vaha/Tek Kiralık/Yüksek Kaliteli Olanaklar/Kiyose Garden Stay,Daire / Ev,13907,,,,13907,,0,35.7775,139.5079,https://www.airbnb.com.tr/rooms/1755863045145438498,https://a0.muscache.com/im/pictures/2781494318.jpg
1763585718641679573,"Ev - Thrissur, Hindistan","Niraamaya | Tropikal kaçış | Thrissur, 4 yatak odalı",Özel Oda,3656,,,,3656,,0,10.60522,76.15854,https://www.airbnb.com.tr/rooms/1763585718641679573,https://a0.muscache.com/im/pictures/2796484658.jpg
1765585369196198230,"Ev - Forest Park, Illinois, Amerika Birleşik Devletleri",Ferdinand Front Ana Sayfası,Daire / Ev,6359,,,,6359,,0,41.8689,-87.8126,https://www.airbnb.com.tr/rooms/1765585369196198230,https://a0.muscache.com/im/pictures/2800450561.jpg
1765439216057492939,"Şato - Wandlitz, Almanya","Şatodaki Belle Étage – Işık, Mekan ve Tasarım ",Özel Oda,11545,,,,11545,,0,52.7597,13.5655,https://www.airbnb.com.tr/rooms/1765439216057492939,https://a0.muscache.com/im/pictures/2801562365.jpg
1603654463650509577,"Ev - Tournai, Belçika","La Ferme du Diamant, kırsalda huzur",Daire / Ev,7321,,,,7321,,0,50.60245161342622,3.3439354265674295,https://www.airbnb.com.tr/rooms/1603654463650509577,https://a0.muscache.com/im/pictures/2801212139.jpg
1734441344683033132,"Ev - Tuskegee, Alabama, Amerika Birleşik Devletleri",Sakin İnziva,Daire / Ev,9295,,,,9295,,0,32.4153,-85.6351,https://www.airbnb.com.tr/rooms/1734441344683033132,https://a0.muscache.com/im/pictures/2738394464.jpg
1750661611309705163,"Bungalov - Dorset, Birleşik Krallık","Swanage Bungalov, 7 kişi konaklayabilir, bahçe + otopark",Kır Evi / Bungalov,10736,,,,10736,5.0,5,50.6093,-1.9773,https://www.airbnb.com.tr/rooms/1750661611309705163,https://a0.muscache.com/im/pictures/2771129053.jpg
1754722506538725898,"Ev - Washington, Utah, Amerika Birleşik Devletleri","Her şeye yakın, Güney Utah'ta ailece kaçamak yapılacak bir yer. ",Daire / Ev,7159,,,,7159,,0,37.15909,-113.44168,https://www.airbnb.com.tr/rooms/1754722506538725898,https://a0.muscache.com/im/pictures/2795987134.jpg
1758405504658539922,"Ev - Turrialba, Kosta Rika",Casa Ják,Daire / Ev,5457,,,,5457,5.0,7,9.9361,-83.7179,https://www.airbnb.com.tr/rooms/1758405504658539922,https://a0.muscache.com/im/pictures/2786476342.jpg
915200587968056650,Misafir evi - Olympia,Bahçelerdeki bungalov,Daire / Ev,11043,11043,,,,4.98,368,47.05414,-122.85924,https://www.airbnb.com.tr/rooms/915200587968056650,https://a0.muscache.com/im/pictures/1676837315.jpg
1503766586400686315,Ev - Tumwater,Tumwater Hill'de büyüleyici bir ev,Daire / Ev,10077,,,10077,,4.96,27,47.0141,-122.9083,https://www.airbnb.com.tr/rooms/1503766586400686315,https://a0.muscache.com/im/pictures/2789112882.jpg
26755250,Ev - Olympia,"Oly's Westside Story: 5 yatak odası, 2 banyo, jakuzi, barbekü.",Özel Oda,19440,,,,19440,4.94,295,47.05561,-122.92101,https://www.airbnb.com.tr/rooms/26755250,https://a0.muscache.com/im/pictures/590082189.jpg
1142804433680355267,Rize bölgesinde oda,River House Suit,Özel Oda,7000,7000,,,,4.95,109,41.0988,41.0428,https://www.airbnb.com.tr/rooms/1142804433680355267,https://a0.muscache.com/im/pictures/1916489935.jpg
1256602567099726852,Kulübe - Akkaya,Fora Suit Bungalov 1,Daire / Ev,7105,7696,7048,6572,,4.94,48,41.12750038118542,41.01889786035599,https://www.airbnb.com.tr/rooms/1256602567099726852,https://a0.muscache.com/im/pictures/2637461826.jpg
1747226300831880093,Ev - Çamlıhemşin,Dere manzaralı Ayder Bungalov.,Daire / Ev,6250,6250,6250,,,,0,40.9549,41.1197,https://www.airbnb.com.tr/rooms/1747226300831880093,https://a0.muscache.com/im/pictures/2763601845.jpg
938130005336857031,Daire - Çamlıhemşin,Ayder Defne Apart,Daire,3781,4145,,3198,4000,4.92,60,41.07954,41.01753,https://www.airbnb.com.tr/rooms/938130005336857031,https://a0.muscache.com/im/pictures/2144512517.jpg
933872003212974119,Villa - Ardeşen,Vadinin En Güzel Manzarasına Sahip Konak,Müstakil Villa,5885,5885,,,,4.93,27,41.13281,41.02441,https://www.airbnb.com.tr/rooms/933872003212974119,https://a0.muscache.com/im/pictures/2602208299.jpg
1256236954693628716,Kulübe - Akkaya,Fora Suit Bungalov 2,Daire / Ev,7106,7708,6503,,,4.9,31,41.12769611026699,41.02131938027919,https://www.airbnb.com.tr/rooms/1256236954693628716,https://a0.muscache.com/im/pictures/2002448899.jpg
1413735867939451076,Ağaç ev - Pirinçlik,şehir merkezine yakın geniş seyir teraslı,Daire / Ev,6216,6230,6203,,,5.0,35,41.1675,41.0011,https://www.airbnb.com.tr/rooms/1413735867939451076,https://a0.muscache.com/im/pictures/2709540717.jpg
1760658535975341578,Daire - Çamlıhemşin,Chebi Suit (Şehir İçi),Daire,3600,3600,,,,4.67,3,41.0455,41.0059,https://www.airbnb.com.tr/rooms/1760658535975341578,https://a0.muscache.com/im/pictures/2790761240.jpg
935344497516626555,Bungalov - Beyazkaya,Deniz evi ,Kır Evi / Bungalov,6200,6200,,,,4.92,72,41.15835,40.97953,https://www.airbnb.com.tr/rooms/935344497516626555,https://a0.muscache.com/im/pictures/1943589274.jpg
1561734782320726014,Bungalov - Şehitlik,Elite Zen Bungalov - Bulutlar Denizi,Kır Evi / Bungalov,7500,7500,,,,5.0,27,41.1145,41.0739,https://www.airbnb.com.tr/rooms/1561734782320726014,https://a0.muscache.com/im/pictures/2445033474.jpg
1284594379539127798,Bungalov - Muratköy,"Çamlıhemşin Bungalov | Doğa, Huzur ve  Manzara",Kır Evi / Bungalov,3301,3301,,,,4.86,49,41.06802,41.00473,https://www.airbnb.com.tr/rooms/1284594379539127798,https://a0.muscache.com/im/pictures/2026142721.jpg
1433368949742908694,Behice bölgesinde odalar,omcore dağ evi - çamlıhemşin,Özel Oda,3500,3500,,,,5.0,33,41.0864,41.035,https://www.airbnb.com.tr/rooms/1433368949742908694,https://a0.muscache.com/im/pictures/2265161324.jpg
1723148499269157938,Dağ evi - Çamlıhemşin,Levut Dağ Evi 2,Daire / Ev,5000,5000,,,,5.0,7,41.0085,41.0527,https://www.airbnb.com.tr/rooms/1723148499269157938,https://a0.muscache.com/im/pictures/2711565300.jpg
922504042130324015,Ev - Ardeşen,Mükemmel Manzara Eşsiz Tasarım,Daire / Ev,3900,3900,,,,4.82,34,41.10491,41.03879,https://www.airbnb.com.tr/rooms/922504042130324015,https://a0.muscache.com/im/pictures/1684121066.jpg
1728455258174538379,Ev - Topluca,Rize Çamlıhemşin Jakuzili Bungalov- Yerumoni,Daire / Ev,4999,4999,,,,5.0,5,41.0602,41.0253,https://www.airbnb.com.tr/rooms/1728455258174538379,https://a0.muscache.com/im/pictures/2722849654.jpg
873736050170825125,Kamp aracı/Karavan - Yukarışimşirli,Kukudi Evi 2,Daire / Ev,4740,4740,,,,4.76,46,40.9545,41.1177,https://www.airbnb.com.tr/rooms/873736050170825125,https://a0.muscache.com/im/pictures/1723626875.jpg
1132542321569249126,Ağaç ev - Akkaya,Doğa sizi çağırıyor,Daire / Ev,5900,5900,,,,4.94,31,41.12886,41.0191,https://www.airbnb.com.tr/rooms/1132542321569249126,https://a0.muscache.com/im/pictures/1964197601.jpg
1198684887431943170,Otel - Hoşdere,2 Kişilik Oda,Özel Oda,3486,3486,,,,4.89,19,41.1217,41.03921,https://www.airbnb.com.tr/rooms/1198684887431943170,https://a0.muscache.com/im/pictures/1950776253.jpg
1285236776156840685,Bungalov - Muratköy,Kaçkarların Eteklerinde Ahşap Bungalov ,Kır Evi / Bungalov,3642,,3401,3883,,4.92,48,41.06969026532181,41.00094398723978,https://www.airbnb.com.tr/rooms/1285236776156840685,https://a0.muscache.com/im/pictures/2760284630.jpg
1156455631384206470,Ağaç ev - Şenyamaç,Aider Saklı Vadi Villa,Müstakil Villa,5550,,4900,6200,,4.98,50,41.13889,41.02008,https://www.airbnb.com.tr/rooms/1156455631384206470,https://a0.muscache.com/im/pictures/2273248054.jpg
1181807234143644356,Ev - Çayırdüzü,Doğada Özel Sauna&Jakuzili Suit  Çamlıhemşin/Rize,Daire / Ev,5000,,5000,,5000,4.92,25,41.0793,41.0434,https://www.airbnb.com.tr/rooms/1181807234143644356,https://a0.muscache.com/im/pictures/2811412302.jpg
1115934839670997624,Daire - Çamlıhemşin,Nehir kenarı,Daire,5166,,5166,,5166,4.74,39,41.0455,41.0058,https://www.airbnb.com.tr/rooms/1115934839670997624,https://a0.muscache.com/im/pictures/2353429235.jpg
922535257550350657,Rize bölgesinde konaklama yeri,Harika Manzaralı Bungalov,Daire / Ev,3367,,3536,3198,,5.0,11,41.10673995149138,41.04056425205591,https://www.airbnb.com.tr/rooms/922535257550350657,https://a0.muscache.com/im/pictures/2566043899.jpg
1405003423337435705,Köprübaşı bölgesinde konaklama yeri,Relax Dağ EVLERİ/Doğaya Kaçış,Daire / Ev,2383,,3150,2000,2000,4.84,62,41.08356689633248,41.0084242799222,https://www.airbnb.com.tr/rooms/1405003423337435705,https://a0.muscache.com/im/pictures/2547506392.jpg
1209195341008648624,Ağaç ev - Akkaya,"Doğa seni çağırıyor 
* Kır evi",Daire / Ev,5900,,5900,,,4.93,60,41.134,41.0192,https://www.airbnb.com.tr/rooms/1209195341008648624,https://a0.muscache.com/im/pictures/1964204782.jpg
1143309175970143268,Ağaç ev - Köprübaşı,laura Bungalov,Daire / Ev,3801,,3801,,,4.77,209,41.0729,41.0089,https://www.airbnb.com.tr/rooms/1143309175970143268,https://a0.muscache.com/im/pictures/2614940059.jpg
1689034008385066192,Ev - Çamlıhemşin,Soon Suit apart 2,Daire / Ev,3600,,3600,,,4.94,18,41.064,41.0272,https://www.airbnb.com.tr/rooms/1689034008385066192,https://a0.muscache.com/im/pictures/2737092872.jpg
1013411687879460180,Villa - Ardeşen,"Özel Bahçeli Jakuzili Deniz Manzaralı Villa
",Müstakil Villa,8000,,8000,,,4.95,81,41.1716,40.9996,https://www.airbnb.com.tr/rooms/1013411687879460180,https://a0.muscache.com/im/pictures/2591152035.jpg
917060702628506980,Oda-kahvaltı - Behice,Standart oda,Özel Oda,4680,,4680,,,4.94,47,41.0871,41.0408,https://www.airbnb.com.tr/rooms/917060702628506980,https://a0.muscache.com/im/pictures/1678855927.jpg
1145670592089912162,Daire - Çamlıhemşin,Şehir manzaralı SUİT,Daire,3750,,4000,,3500,4.69,52,41.0443,41.0064,https://www.airbnb.com.tr/rooms/1145670592089912162,https://a0.muscache.com/im/pictures/2644330104.jpg
1732481324472539532,Ev - Ardeşen,Dere ve Orman Manzaralı Deluxe Villa,Müstakil Villa,5000,,5000,,,5.0,10,41.1732,41.0009,https://www.airbnb.com.tr/rooms/1732481324472539532,https://a0.muscache.com/im/pictures/2758859445.jpg
35461945,Daire - Behice,Seçer Apart,Daire,2110,,2110,,,4.66,44,41.0851,41.0384,https://www.airbnb.com.tr/rooms/35461945,https://a0.muscache.com/im/pictures/774707748.jpg
1220802773507467086,Villa - Köprübaşı,RELAX DAĞ evleri/İ Premium Mountain Stay,Müstakil Villa,3550,,,3550,3550,4.71,72,41.07983,41.00723,https://www.airbnb.com.tr/rooms/1220802773507467086,https://a0.muscache.com/im/pictures/2474308713.jpg
1167970509978172636,Behice bölgesinde oda,River House suit 2,Özel Oda,5740,,,5740,5740,4.93,161,41.0979,41.0431,https://www.airbnb.com.tr/rooms/1167970509978172636,https://a0.muscache.com/im/pictures/1918903764.jpg
1012543337046086622,Kamp aracı/Karavan - Çamlıhemşin,"doğa manzaralı,
Ayder karagöz dağevi",Daire / Ev,6500,,,6500,,4.94,94,40.9551,41.118,https://www.airbnb.com.tr/rooms/1012543337046086622,https://a0.muscache.com/im/pictures/1858681627.jpg
1665266509065369826,Kulübe - Çayırdüzü,Masal 2,Daire / Ev,6300,,,7000,5600,,0,41.07899,41.04433,https://www.airbnb.com.tr/rooms/1665266509065369826,https://a0.muscache.com/im/pictures/2595102497.jpg
1502016752437799602,Ev - Topluca,Pisa Villa&Bungalov,Müstakil Villa,5750,,,6500,5000,4.92,25,41.068749499597835,41.0313455119866,https://www.airbnb.com.tr/rooms/1502016752437799602,https://a0.muscache.com/im/pictures/2320530807.jpg
700645650133517699,Muratköy bölgesinde konaklama yeri,"Farklı mimari, farklı konsept",Daire / Ev,2631,,,2631,,4.88,169,41.0679,40.9933,https://www.airbnb.com.tr/rooms/700645650133517699,https://a0.muscache.com/im/pictures/1712637470.jpg
1443524133463267279,Çadır - ARDEŞEN,Almara Bungalov Suit Ev,Daire / Ev,7100,,,7600,6600,5.0,39,41.10759,41.05533,https://www.airbnb.com.tr/rooms/1443524133463267279,https://a0.muscache.com/im/pictures/2714692380.jpg
1174728489921125396,Otel - Köprübaşı,ALFA bungalow 2,Daire / Ev,7106,,,7106,7106,4.96,54,41.0743,41.0089,https://www.airbnb.com.tr/rooms/1174728489921125396,https://a0.muscache.com/im/pictures/2030622255.jpg
1227373331467403554,Küçük ev - Topluca,Çamdibi Dağevi,Daire / Ev,6195,,,6195,,5.0,18,41.06247120150545,41.03717660329194,https://www.airbnb.com.tr/rooms/1227373331467403554,https://a0.muscache.com/im/pictures/1978438516.jpg
1025145075561663656,Bungalov - Ardeşen,Geniş Bahçeli Dere Manzaralı,Kır Evi / Bungalov,4999,,,4999,,4.93,56,41.1736,40.971,https://www.airbnb.com.tr/rooms/1025145075561663656,https://a0.muscache.com/im/pictures/1946904517.jpg
1482564979913539465,Daire - Çamlıhemşin,İngola SUİT(RiverSide),Daire,4061,,,4000,4122,4.89,35,41.04321885336284,41.005888427292945,https://www.airbnb.com.tr/rooms/1482564979913539465,https://a0.muscache.com/im/pictures/2286523894.jpg
1540524184811148136,Daire - Çamlıhemşin,ChebiSuit (Nehir Kıyısı),Daire,4375,,,4500,4250,4.75,24,41.04424984164287,41.00646922451966,https://www.airbnb.com.tr/rooms/1540524184811148136,https://a0.muscache.com/im/pictures/2383988500.jpg
1133964598791734150,Çamlıhemşin bölgesinde konaklama yeri,Nehir Manzaralı SUİT,Daire / Ev,4250,,,,4250,4.83,103,41.0443,41.0064,https://www.airbnb.com.tr/rooms/1133964598791734150,https://a0.muscache.com/im/pictures/2644385486.jpg
1179606770656509030,Bungalov - Köprübaşı,RELAX Dağ EVLERî/Luxury Mountain House,Kır Evi / Bungalov,3550,,,,3550,4.81,42,41.08022,41.00718,https://www.airbnb.com.tr/rooms/1179606770656509030,https://a0.muscache.com/im/pictures/2811301866.jpg
1393600085855229836,Bungalov - Behice,Dere Manzaralı Nayon Bungalov,Kır Evi / Bungalov,4914,,,,4914,4.88,16,41.088,41.0421,https://www.airbnb.com.tr/rooms/1393600085855229836,https://a0.muscache.com/im/pictures/2653010363.jpg
1495510259770885688,Daire - Köprübaşı,Family Suite Apart Otel/ Kahvaltılı /Ayder yaylası,Daire,6517,,,,6517,5.0,7,41.07114834343327,41.00787754129827,https://www.airbnb.com.tr/rooms/1495510259770885688,https://a0.muscache.com/im/pictures/2711089218.jpg
868808427844855573,Ev - Çayırdüzü,Doğa İçinde Özgür Bir Yer,Daire / Ev,3000,,,,3000,4.91,45,41.0712,41.0463,https://www.airbnb.com.tr/rooms/868808427844855573,https://a0.muscache.com/im/pictures/2510630531.jpg
1346921292491040373,Butik otel - Fatih,Yenikapı'da Balkonlu Şık Bir Daire,Daire / Ev,2600,2400,2800,,,4.98,52,41.00646,28.95478,https://www.airbnb.com.tr/rooms/1346921292491040373,https://a0.muscache.com/im/pictures/2097634824.jpg
1700025635112035014,Fatih bölgesinde oda,Mavirem Hotel - Standart iki tek kişilik yataklı oda,Özel Oda,3813,3813,3813,3813,3813,5.0,4,41.0071,28.9525,https://www.airbnb.com.tr/rooms/1700025635112035014,https://a0.muscache.com/im/pictures/2663440030.jpg
806275337748239072,Daire - Fatih,Deluxe Queen Stüdyo 3,Daire,2365,2365,,,,4.69,85,41.0057,28.9545,https://www.airbnb.com.tr/rooms/806275337748239072,https://a0.muscache.com/im/pictures/2101074411.jpg
1236003445764457853,Daire - Fatih,Deluxe Queen Stüdyo 201,Daire,2985,2985,,,,4.96,117,41.0056,28.9562,https://www.airbnb.com.tr/rooms/1236003445764457853,https://a0.muscache.com/im/pictures/2101088135.jpg
1721755266792418684,Müşterek otel odası - Fatih,    Deluxe Balkonlu Deniz Manzaralı Oda,Özel Oda,2400,2400,2400,,,,0,41.0046,28.9577,https://www.airbnb.com.tr/rooms/1721755266792418684,https://a0.muscache.com/im/pictures/2708898119.jpg
1733987270404208238,Fatih bölgesinde oda,Ekonomik çift kişilik oda,Özel Oda,2400,2400,,,,5.0,3,41.009,28.9524,https://www.airbnb.com.tr/rooms/1733987270404208238,https://a0.muscache.com/im/pictures/2734968194.jpg
1722640901206973880,Fatih bölgesinde oda,Deluxe Geniş Çift Kişilik Yataklı 202,Özel Oda,2591,2591,,,,5.0,8,41.00511,28.95564,https://www.airbnb.com.tr/rooms/1722640901206973880,https://a0.muscache.com/im/pictures/2710792099.jpg
1350112509668060296,Butik otel - Fatih,Üç Yataklı Oda |~ Yunan Tarzı Bina,Özel Oda,3100,3100,,,,4.67,9,41.00659,28.95366,https://www.airbnb.com.tr/rooms/1350112509668060296,https://a0.muscache.com/im/pictures/2099185405.jpg
911476132009708796,Otel - Fatih,Oren Hotel,Daire / Ev,1303,1303,,,,4.21,24,41.01123,28.95135,https://www.airbnb.com.tr/rooms/911476132009708796,https://a0.muscache.com/im/pictures/1672492480.jpg
39482704,Butik otel - Fatih,Tavra Hotel Room 3,Daire / Ev,1850,1850,,,,4.7,126,41.00477,28.96458,https://www.airbnb.com.tr/rooms/39482704,https://a0.muscache.com/im/pictures/1958425279.jpg
1607781216201699498,Daire - Fatih,202 evinizde gibi hissedeceksiniz,Daire,2872,2872,,,,4.82,22,41.00267,28.96506,https://www.airbnb.com.tr/rooms/1607781216201699498,https://a0.muscache.com/im/pictures/2494236384.jpg
1357951228428236992,Daire - Fatih,Ayasofya ve Pazar yakınında eski şehir stüdyosu,Daire,2256,2256,,,,4.67,78,41.0042,28.9634,https://www.airbnb.com.tr/rooms/1357951228428236992,https://a0.muscache.com/im/pictures/2090229398.jpg
1703089274835822416,Daire - Fatih,İki kişilik double oda,Özel Oda,2816,2816,,,,5.0,4,41.0049,28.96187,https://www.airbnb.com.tr/rooms/1703089274835822416,https://a0.muscache.com/im/pictures/2805697653.jpg
38749150,Otel odası - Fatih,Tavra Hotel Room 2,Özel Oda,1900,1900,,,,4.7,108,41.00264,28.96294,https://www.airbnb.com.tr/rooms/38749150,https://a0.muscache.com/im/pictures/1958385201.jpg
801482439863804459,Daire - Fatih,Deluxe Queen Stüdyo 6,Daire,2365,2365,,,,4.7,132,41.0057,28.9545,https://www.airbnb.com.tr/rooms/801482439863804459,https://a0.muscache.com/im/pictures/2101075090.jpg
1722645132617020862,Fatih bölgesinde oda,Deluxe Queen 201,Özel Oda,2816,2816,,,,5.0,3,41.0054,28.9547,https://www.airbnb.com.tr/rooms/1722645132617020862,https://a0.muscache.com/im/pictures/2710799804.jpg
1754193963011770202,Daire - Fatih,Merkezi Geniş Stüdyo Daire - 1.kat,Daire,4000,4000,,,,,0,41.0141,28.9589,https://www.airbnb.com.tr/rooms/1754193963011770202,https://a0.muscache.com/im/pictures/2777830747.jpg
1745900862827489729,Fatih bölgesinde oda,Tavra hotel 7,Özel Oda,2350,2350,,,,,0,41.00514,28.96168,https://www.airbnb.com.tr/rooms/1745900862827489729,https://a0.muscache.com/im/pictures/2760586462.jpg
1586218366442060149,Fatih bölgesinde oda,Konforlu Çift Kişilik Oda Sultanahmet'e Yakın,Özel Oda,1755,,1755,,,4.82,119,41.0059,28.9542,https://www.airbnb.com.tr/rooms/1586218366442060149,https://a0.muscache.com/im/pictures/2457711799.jpg
1348570919772149056,Otel - Fatih,Rosalie Palace'da Balkonlu İyi Tasarlanmış Oda,Özel Oda,2100,,2100,,,4.94,80,41.00637,28.95397,https://www.airbnb.com.tr/rooms/1348570919772149056,https://a0.muscache.com/im/pictures/2099174959.jpg
1598342375042662005,Otel - Fatih,Mavirem Hotel - Standart Çift Kişilik Oda,Özel Oda,4086,,4086,4086,4086,4.82,17,41.0074,28.9525,https://www.airbnb.com.tr/rooms/1598342375042662005,https://a0.muscache.com/im/pictures/2478711675.jpg
54087040,Daire - Fatih,Street Suites 6,Daire,2241,,2281,2281,2160,4.54,190,41.00714,28.9565,https://www.airbnb.com.tr/rooms/54087040,https://a0.muscache.com/im/pictures/2008848731.jpg
1586220370991918641,Fatih bölgesinde oda,Rahat Üç Kişilik Oda  | İstanbul’da Merkez Konum,Özel Oda,2177,,2177,,,4.88,8,41.006,28.9542,https://www.airbnb.com.tr/rooms/1586220370991918641,https://a0.muscache.com/im/pictures/2540093304.jpg
1540362618862979853,Otel - Fatih,Eko Single 101,Daire / Ev,1900,,1900,,,4.82,11,41.0087,28.94737,https://www.airbnb.com.tr/rooms/1540362618862979853,https://a0.muscache.com/im/pictures/2383795832.jpg
1236019981849692547,Daire - Fatih,Deluxe Queen Stüdyo 301,Daire,3098,,3098,,,4.93,118,41.0056,28.9562,https://www.airbnb.com.tr/rooms/1236019981849692547,https://a0.muscache.com/im/pictures/2101094840.jpg
806277168695517607,Daire - Fatih,Deluxe Queen Stüdyo 5,Daire,2394,,2394,,,4.75,138,41.0057,28.9545,https://www.airbnb.com.tr/rooms/806277168695517607,https://a0.muscache.com/im/pictures/2101075948.jpg
1445668726604063902,Otel - Fatih,Yenikapı Metro İstasyonu'nun yanında rahat oda,Özel Oda,1850,,1850,,,4.94,51,41.00616,28.95535,https://www.airbnb.com.tr/rooms/1445668726604063902,https://a0.muscache.com/im/pictures/2217260875.jpg
1647068155352560136,Otel - Fatih,Yenikapı Marmarayın Karşısında Ekonomik Konaklama,Daire / Ev,1727,,1727,,,4.47,15,41.00662,28.95515,https://www.airbnb.com.tr/rooms/1647068155352560136,https://a0.muscache.com/im/pictures/2560455581.jpg
1547685547436621205,Fatih bölgesinde oda,Açık Büfe Kahvaltılı-Kadınlara Özel Paylaşımlı Oda,Özel Oda,1148,,1122,1173,,4.75,16,41.0107,28.9583,https://www.airbnb.com.tr/rooms/1547685547436621205,https://a0.muscache.com/im/pictures/2395094069.jpg
1764536977971572769,Fatih bölgesinde odalar,Aile deluxe odası,Özel Oda,2600,,2600,,,,0,41.009,28.9524,https://www.airbnb.com.tr/rooms/1764536977971572769,https://a0.muscache.com/im/pictures/2798229208.jpg
1517205464531305087,Otel - Fatih,Çift Kişilik Oda,Özel Oda,2300,,2300,,,4.73,15,41.00665,28.94746,https://www.airbnb.com.tr/rooms/1517205464531305087,https://a0.muscache.com/im/pictures/2383847136.jpg
1575985930816805726,Daire - Fatih,Sultanahmet’e Yakın Balkonlu Konforlu Oda,Özel Oda,2924,,2924,,,,0,41.00606,28.95746,https://www.airbnb.com.tr/rooms/1575985930816805726,https://a0.muscache.com/im/pictures/2440552044.jpg
1586215866501580572,Fatih bölgesinde oda,Konforlu Tek Kişilik Oda | Fatih İstanbul Merkez,Özel Oda,1755,,1755,,,4.64,11,41.0059,28.9542,https://www.airbnb.com.tr/rooms/1586215866501580572,https://a0.muscache.com/im/pictures/2457707731.jpg
1250416454955637584,Otel - Fatih,Eski Şehir'de Rosalie Palace Hotel'de otel odası,Özel Oda,1948,,,1845,2050,4.81,63,41.00815,28.95319,https://www.airbnb.com.tr/rooms/1250416454955637584,https://a0.muscache.com/im/pictures/2661996602.jpg
1754235610085177264,Fatih bölgesinde odalar,Aile Deluxe Odası,Özel Oda,2828,,,2800,2856,,0,41.009,28.9524,https://www.airbnb.com.tr/rooms/1754235610085177264,https://a0.muscache.com/im/pictures/2777930912.jpg
806276640946953771,Daire - Fatih,Deluxe Queen Stüdyo 7,Daire,2478,,,2647,2309,4.79,170,41.0057,28.9545,https://www.airbnb.com.tr/rooms/806276640946953771,https://a0.muscache.com/im/pictures/2101077031.jpg
1236016948859269631,Daire - Fatih,Deluxe Queen Stüdyo 202,Daire,3042,,,3267,2816,4.95,115,41.0056,28.9562,https://www.airbnb.com.tr/rooms/1236016948859269631,https://a0.muscache.com/im/pictures/2101090542.jpg
1722648621473745331,Fatih bölgesinde oda,Deluxe Studio 101,Özel Oda,1915,,,1859,1971,5.0,9,41.0054,28.9547,https://www.airbnb.com.tr/rooms/1722648621473745331,https://a0.muscache.com/im/pictures/2710806572.jpg
1317541197110016700,Daire - Fatih,Deluxe Geniş Çift Kişilik Yataklı Stüdyo1,Daire,2450,,,2253,2647,5.0,15,41.00672,28.95537,https://www.airbnb.com.tr/rooms/1317541197110016700,https://a0.muscache.com/im/pictures/2705349223.jpg
1432848086184129669,Ev - Fatih,Mutfaklı üç kişilik oda.,Özel Oda,2281,,,2281,,4.93,57,41.00489,28.96161,https://www.airbnb.com.tr/rooms/1432848086184129669,https://a0.muscache.com/im/pictures/2252304576.jpg
1320800109051273829,Otel - Fatih,"Huzurlu ve konforlu bir ruh hali
1",Daire / Ev,1577,,,1577,,4.87,15,41.0095,28.94874,https://www.airbnb.com.tr/rooms/1320800109051273829,https://a0.muscache.com/im/pictures/2056343205.jpg
1540386186167973267,Fatih bölgesinde oda,Eko Single 401,Özel Oda,1800,,,1800,,,0,41.0076,28.9478,https://www.airbnb.com.tr/rooms/1540386186167973267,https://a0.muscache.com/im/pictures/2383806361.jpg
1767336833596415868,Otel - Fatih,jammy hotel 1,Daire / Ev,1500,,,1500,1500,,0,41.0055,28.9561,https://www.airbnb.com.tr/rooms/1767336833596415868,https://a0.muscache.com/im/pictures/2803845830.jpg
54114166,Daire - Fatih,Street Suites 8,Daire,2225,,,2225,,4.59,239,41.0068,28.95702,https://www.airbnb.com.tr/rooms/54114166,https://a0.muscache.com/im/pictures/2152189933.jpg
1250431549705532935,Otel - Fatih,Cozy room at Yenikapı/Fatih area,Daire / Ev,1800,,,1800,,4.74,61,41.00987,28.95307,https://www.airbnb.com.tr/rooms/1250431549705532935,https://a0.muscache.com/im/pictures/2663087485.jpg
1236008589058277904,Daire - Fatih,Deluxe Queen Stüdyo 401,Daire,3098,,,3098,,4.94,94,41.0056,28.9562,https://www.airbnb.com.tr/rooms/1236008589058277904,https://a0.muscache.com/im/pictures/2101098659.jpg
589502018295245890,Daire - Fatih,Street Suites 5,Daire,2257,,,2257,,4.59,145,41.008,28.9571,https://www.airbnb.com.tr/rooms/589502018295245890,https://a0.muscache.com/im/pictures/1776121213.jpg
933984174537949311,Daire - Fatih,Tarihi İstanbul'da Rahat Ev,Daire,6500,,,,6500,4.84,89,41.0064,28.955,https://www.airbnb.com.tr/rooms/933984174537949311,https://a0.muscache.com/im/pictures/1911263594.jpg
1156955187089231699,Otel - Fatih,Sanddoor Hotel çift kişilik oda,Özel Oda,1900,,,,1900,4.94,53,41.0058,28.964,https://www.airbnb.com.tr/rooms/1156955187089231699,https://a0.muscache.com/im/pictures/1907402423.jpg
980385584712424016,Daire - Fatih,Street Suites 4,Daire,2330,,,,2330,4.71,105,41.00665,28.95422,https://www.airbnb.com.tr/rooms/980385584712424016,https://a0.muscache.com/im/pictures/2083882303.jpg
857301620880022191,Daire - Fatih,Deluxe konforlu stüdyo / İstanbul'un tarihi bölgesi,Daire,3661,,,,3661,4.9,80,41.0061,28.9648,https://www.airbnb.com.tr/rooms/857301620880022191,https://a0.muscache.com/im/pictures/2461336966.jpg
1458582384732057031,Fatih bölgesinde oda,Metroya 1 dakika uzaklıkta rahat oda,Özel Oda,2087,,,,2087,5.0,16,41.005,28.96439,https://www.airbnb.com.tr/rooms/1458582384732057031,https://a0.muscache.com/im/pictures/2267116014.jpg
791106210561104468,Daire - Fatih,Sultan Ahmet 15 dakika Merkez Daire,Daire,5350,,,,5350,4.89,176,41.0043,28.9637,https://www.airbnb.com.tr/rooms/791106210561104468,https://a0.muscache.com/im/pictures/1618588471.jpg
1590814796106811965,Daire - Fatih,5 yatak odası/3 banyo klima/asansör balkon,Özel Oda,12470,,,,12470,4.84,19,41.0063,28.95492,https://www.airbnb.com.tr/rooms/1590814796106811965,https://a0.muscache.com/im/pictures/2466058228.jpg
1236010359409853759,Daire - Fatih,Deluxe Queen Stüdyo 302,Daire,2816,,,,2816,4.94,103,41.0056,28.9562,https://www.airbnb.com.tr/rooms/1236010359409853759,https://a0.muscache.com/im/pictures/2101099950.jpg
683078436918249426,Apart otel - İstanbul,Ayasofya'nın ortasında balkonlu deniz manzaralı oda.,Özel Oda,2365,2365,,,,4.96,249,41.00769,28.98059,https://www.airbnb.com.tr/rooms/683078436918249426,https://a0.muscache.com/im/pictures/1577177706.jpg
12143410,İstanbul bölgesinde oda,Terasınızda Avrupa'dan Asya'yı❤❤ izleyin,Özel Oda,3346,2636,4055,,,4.89,213,41.0058,28.9812,https://www.airbnb.com.tr/rooms/12143410,https://a0.muscache.com/im/pictures/1267324498.jpg
1088172867175890368,Daire - İstanbul,Mahhsen Mansion Ground F. No:101,Daire,5294,5294,,,,4.81,154,41.0053,28.9678,https://www.airbnb.com.tr/rooms/1088172867175890368,https://a0.muscache.com/im/pictures/1838724946.jpg
757748805097695733,Butik otel - İstanbul,102 - Fatih/İstanbul'da Ayasofya yakınında çift kişilik oda,Özel Oda,2573,2573,,,,4.79,72,41.00538,28.96983,https://www.airbnb.com.tr/rooms/757748805097695733,https://a0.muscache.com/im/pictures/1525194803.jpg
41042744,Butik otel - İstanbul,Ekonomik çift kişilik oda + hizmet bedeli yok,Özel Oda,2337,2337,,,,4.84,108,41.00526,28.97987,https://www.airbnb.com.tr/rooms/41042744,https://a0.muscache.com/im/pictures/1112420502.jpg
1612870517414949246,Daire - İstanbul,102 evinizde gibi hissedeceksiniz,Daire,1802,1802,,,,,0,41.0048,28.96412,https://www.airbnb.com.tr/rooms/1612870517414949246,https://a0.muscache.com/im/pictures/2502687146.jpg
1643282030176668602,Daire - İstanbul,Butik Otel Odası @Central 101,Özel Oda,2196,2196,,,,5.0,6,41.00481,28.96884,https://www.airbnb.com.tr/rooms/1643282030176668602,https://a0.muscache.com/im/pictures/2554017956.jpg
52404937,Daire - İstanbul,Sultan Ahmet yakınında Stüdyo No 5: Esmer Apart',Daire,2072,2072,,,,4.74,207,41.00648,28.96935,https://www.airbnb.com.tr/rooms/52404937,https://a0.muscache.com/im/pictures/1356269158.jpg
21688638,Otel odası - İstanbul,Terasınızda Avrupa'dan Asya'yı izleyin❤❤,Özel Oda,2636,2636,,,,4.87,267,41.005585,28.981009,https://www.airbnb.com.tr/rooms/21688638,https://a0.muscache.com/im/pictures/1836595405.jpg
1758014452735280907,Ev - Sirkeci - Fatih,Skyhouse3,Daire / Ev,2988,2988,,,,5.0,3,41.0137,28.9788,https://www.airbnb.com.tr/rooms/1758014452735280907,https://a0.muscache.com/im/pictures/2785787831.jpg
1304983908792112006,Daire - İstanbul,Royan Sultanahmet Evi,Daire,8345,10302,,,6388,4.91,87,41.0054,28.9811,https://www.airbnb.com.tr/rooms/1304983908792112006,https://a0.muscache.com/im/pictures/2042940003.jpg
1088128084614342102,Daire - İstanbul,Mahhsen Köşkü 1. Kat No:202,Daire,2591,2591,,,,4.79,24,41.0052,28.9678,https://www.airbnb.com.tr/rooms/1088128084614342102,https://a0.muscache.com/im/pictures/1838704698.jpg
1083321349709021313,Otel - İstanbul,İstanbul'un Tarihi Eski Şehrinde Tasarım Otel Süiti,Daire / Ev,4168,4168,,,,4.69,52,41.0125,28.9782,https://www.airbnb.com.tr/rooms/1083321349709021313,https://a0.muscache.com/im/pictures/1834150247.jpg
39799282,Butik otel - İstanbul,Sultanahmet/Ayasofya bölgesinde konaklayın,Daire / Ev,2422,2422,,,,4.79,56,41.0043,28.9798,https://www.airbnb.com.tr/rooms/39799282,https://a0.muscache.com/im/pictures/1605428847.jpg
50567848,Daire - İstanbul,Sultan Ahmet yakınında Stüdyo No 2: Esmer Apart,Daire,2139,2139,,,,4.7,180,41.00467,28.96918,https://www.airbnb.com.tr/rooms/50567848,https://a0.muscache.com/im/pictures/1359029804.jpg
1678346942173823185,Daire - İstanbul,Kapalıçarşı'ya yakın rahat bir yer,Daire,2132,2132,,,,5.0,7,41.00584,28.96799,https://www.airbnb.com.tr/rooms/1678346942173823185,https://a0.muscache.com/im/pictures/2619289005.jpg
774669972421966472,Daire - İstanbul,Sultanahmet'te Lüks Süit,Daire,7884,9349,,,6420,4.92,191,41.0032,28.9746,https://www.airbnb.com.tr/rooms/774669972421966472,https://a0.muscache.com/im/pictures/1539671686.jpg
685430110778522116,Butik otel - Fatih,Ayasofya'nın yanında deniz manzaralı tek kişilik oda.,Özel Oda,2534,,2253,2816,,4.91,274,41.00553,28.98013,https://www.airbnb.com.tr/rooms/685430110778522116,https://a0.muscache.com/im/pictures/1575374972.jpg
14118845,Daire - Fatih,Modern Tasarımlı Stüdyo Daire -1 Kat Ücretsiz WIFI,Daire,3661,,3661,,,4.75,153,41.006,28.9689,https://www.airbnb.com.tr/rooms/14118845,https://a0.muscache.com/im/pictures/1782292322.jpg
760060462712694933,Butik otel - Fatih,401 - Fatih/İstanbul'da Ayasofya yakınında çift kişilik oda,Özel Oda,2912,,2912,,,4.94,111,41.00503,28.96836,https://www.airbnb.com.tr/rooms/760060462712694933,https://a0.muscache.com/im/pictures/1526864221.jpg
754942296293490682,Butik otel - Fatih,201 - Fatih/İstanbul'da Ayasofya yakınında üç kişilik oda,Özel Oda,2912,,2912,,,4.89,218,41.00678,28.97011,https://www.airbnb.com.tr/rooms/754942296293490682,https://a0.muscache.com/im/pictures/2400461391.jpg
1724095919396709259,Daire - Fatih,Aile Dairesi • Ayasofya'ya 5 dakika,Daire,3830,,3830,,,4.82,11,41.0033,28.9775,https://www.airbnb.com.tr/rooms/1724095919396709259,https://a0.muscache.com/im/pictures/2747589860.jpg
1232047713190574725,Otel - Fatih,Sultanahmet'te Emir Sarayı 9,Daire / Ev,1400,,1400,,,4.49,51,41.00686,28.96764,https://www.airbnb.com.tr/rooms/1232047713190574725,https://a0.muscache.com/im/pictures/1982284303.jpg
51596429,Fatih bölgesinde oda,Porta Nova Sultanahmet Büyük Aile Odası 4 Kişilik,Özel Oda,2788,,2788,,,4.89,236,41.0054,28.97292,https://www.airbnb.com.tr/rooms/51596429,https://a0.muscache.com/im/pictures/1235541851.jpg
1275499638922295357,Daire - Fatih,Deluxe Marmara Süit No:7,Daire,3548,,3548,,,4.86,105,41.00348,28.97557,https://www.airbnb.com.tr/rooms/1275499638922295357,https://a0.muscache.com/im/pictures/2018347549.jpg
1357328611755876517,Daire - Fatih,Sultanahmet’in merkezinde studio Oda 02#.,Özel Oda,2253,,2253,,,4.79,66,41.0062,28.9702,https://www.airbnb.com.tr/rooms/1357328611755876517,https://a0.muscache.com/im/pictures/2090902676.jpg
1546185312982935680,Fatih bölgesinde oda,No1,Özel Oda,1765,,1765,,,4.71,35,41.0047,28.975,https://www.airbnb.com.tr/rooms/1546185312982935680,https://a0.muscache.com/im/pictures/2393951952.jpg
1679814660758345474,Daire - Fatih,Kapalıçarşıya Yakın Rahat Aile Evi,Daire,3041,,2872,3210,,4.82,22,41.0063,28.9684,https://www.airbnb.com.tr/rooms/1679814660758345474,https://a0.muscache.com/im/pictures/2622092844.jpg
45698866,Hostel - Fatih,Eski Şehir Merkezinde Modern Klima Odası - 3. Kat R1,Özel Oda,1596,,1596,,,4.91,190,41.0073,28.9735,https://www.airbnb.com.tr/rooms/45698866,https://a0.muscache.com/im/pictures/2221071857.jpg
50018771,Daire - Fatih,Sultanahmet'te tek yatak odalı Deluxe daire ve süit,Özel Oda,5153,,5153,,,4.84,74,41.0051,28.9804,https://www.airbnb.com.tr/rooms/50018771,https://a0.muscache.com/im/pictures/2088418572.jpg
1408022698859837051,Konaklama yeri - Fatih,İki yatak odalı daire N3,Özel Oda,4695,,4888,4598,4598,4.83,103,41.0032,28.9762,https://www.airbnb.com.tr/rooms/1408022698859837051,https://a0.muscache.com/im/pictures/2152442245.jpg
5513272,Otel odası - Fatih,*# Ayasofya'ya beş dakika yürüme mesafesinde,Özel Oda,2253,,2253,,,4.62,275,41.00267028808594,28.9741268157959,https://www.airbnb.com.tr/rooms/5513272,https://a0.muscache.com/im/pictures/94424157.jpg
1258778730693339788,Daire - Fatih,Tarihi yarım adada lüks yaşam,Daire,3267,,3267,,,4.54,81,41.00471,28.96757,https://www.airbnb.com.tr/rooms/1258778730693339788,https://a0.muscache.com/im/pictures/2004817640.jpg
615603530031317680,Butik otel - Fatih,Beyaz Ahşap Evde Standart Çift Kişilik/İkiz Yataklı Oda,Özel Oda,2703,,2703,,,4.85,86,41.00363,28.9689,https://www.airbnb.com.tr/rooms/615603530031317680,https://a0.muscache.com/im/pictures/2756241412.jpg
1602968026692903240,Ev - Fatih,"Şık stüdyo daire, Sultanahmet/Ayasofya",Daire / Ev,2534,,,2534,,4.81,42,41.00258,28.97828,https://www.airbnb.com.tr/rooms/1602968026692903240,https://a0.muscache.com/im/pictures/2578874864.jpg
683029154265604041,Butik otel - Fatih,Eski İstanbul'un Göbeğinde Yenilenmiş Rahat Konaklama,Daire / Ev,3098,,,3098,,4.92,223,41.00743,28.98061,https://www.airbnb.com.tr/rooms/683029154265604041,https://a0.muscache.com/im/pictures/1585678650.jpg
699107374368728290,Otel odası - Fatih,Agia Sofia Suit W/Jacuzzi #2.,Özel Oda,2647,,,2647,,4.85,153,41.0052,28.9697,https://www.airbnb.com.tr/rooms/699107374368728290,https://a0.muscache.com/im/pictures/1475312514.jpg
51596898,Fatih bölgesinde oda,Porta Nova Sultanahmet Büyük Oda 2 Kişi,Özel Oda,2027,,,2027,,4.86,288,41.00395,28.97094,https://www.airbnb.com.tr/rooms/51596898,https://a0.muscache.com/im/pictures/1235555048.jpg
1122165638267281405,Daire - Fatih,Küçük Mutfaklı Akdeniz Stüdyosu Ücretsiz Kablosuz İnternet Bağlantısı1,Daire,3447,,,3447,,4.75,120,41.0034,28.9733,https://www.airbnb.com.tr/rooms/1122165638267281405,https://a0.muscache.com/im/pictures/1870518649.jpg
879277567278760955,Daire - Fatih,"3 yatak odalı, deniz manzaralı / eski şehirdeki Deluxe ",Özel Oda,10660,,,11498,9823,4.85,219,41.0055,28.97238,https://www.airbnb.com.tr/rooms/879277567278760955,https://a0.muscache.com/im/pictures/2671476564.jpg
1233019850318494217,Otel - Fatih,Konforlu ve lüks konaklama,Daire / Ev,2872,,,2872,,4.61,54,41.00613,28.96589,https://www.airbnb.com.tr/rooms/1233019850318494217,https://a0.muscache.com/im/pictures/1983114597.jpg
1491826217102106746,Daire - Fatih,Sultanahmet te Deniz manzaralı 2+1 Daire,Daire,6195,,,6195,,4.74,57,41.00526,28.96805,https://www.airbnb.com.tr/rooms/1491826217102106746,https://a0.muscache.com/im/pictures/2307205428.jpg
52935014,Daire - Fatih,Sultanahmet'te rahat stüdyo daire/şık.,Daire,4252,,,4252,,4.83,100,41.00625,28.97843,https://www.airbnb.com.tr/rooms/52935014,https://a0.muscache.com/im/pictures/2458219547.jpg
780849090180553872,Ev - Fatih,Rahat Tatil Evi 2~Ayasofya~Sultan Ahmet Camii,Daire / Ev,6618,,,6618,,4.9,271,41.0092,28.9752,https://www.airbnb.com.tr/rooms/780849090180553872,https://a0.muscache.com/im/pictures/1545303487.jpg
1318746243400974118,Otel - Fatih,Green Life Apart Hotel 402,Daire / Ev,2185,,,2185,,4.97,30,41.00302,28.97,https://www.airbnb.com.tr/rooms/1318746243400974118,https://a0.muscache.com/im/pictures/2055001906.jpg
51464938,Fatih bölgesinde konaklama yeri,Porta Nova Büyük Aile Odası 4 kişilik Balkonlu,Özel Oda,2281,,,2281,,4.86,173,41.00546,28.97097,https://www.airbnb.com.tr/rooms/51464938,https://a0.muscache.com/im/pictures/1318688795.jpg
45148346,Oda-kahvaltı - Fatih,"Eski şehirde üç kişilik oda, kahvaltı dahil",Özel Oda,4663,,,4663,,4.8,59,41.00393,28.97532,https://www.airbnb.com.tr/rooms/45148346,https://a0.muscache.com/im/pictures/2638548500.jpg
1207238690029571119,Ev - Fatih,Sweet home Sultanahmet 2 / %25 kahvaltı indirimli,Daire / Ev,3548,,,3548,,4.85,65,41.00475,28.97325,https://www.airbnb.com.tr/rooms/1207238690029571119,https://a0.muscache.com/im/pictures/2062401592.jpg
1416034036789205212,Daire - Fatih,Yusuf Deluxe Apart 2+1 Daire # 3,Daire,5885,,,5885,,4.93,68,41.00262,28.9719,https://www.airbnb.com.tr/rooms/1416034036789205212,https://a0.muscache.com/im/pictures/2165618321.jpg
1488355168595289457,Daire - Fatih,Ayasofya'ya 5 dakika mesafede modern balkonlu daire,Daire,4280,,,,4280,4.96,73,41.00374,28.97671,https://www.airbnb.com.tr/rooms/1488355168595289457,https://a0.muscache.com/im/pictures/2466939206.jpg
1591486854260030855,Ev - Fatih,Şık stüdyo daire • Ayasofya/Sultanahmet'e 5 dakika,Daire / Ev,2816,,,,2816,4.89,44,41.0033,28.9775,https://www.airbnb.com.tr/rooms/1591486854260030855,https://a0.muscache.com/im/pictures/2669829417.jpg
44995425,Butik otel - Fatih,Sultan Ahmet Camii'ne yakın üst düzey oda,Özel Oda,1971,,,,1971,4.78,140,41.00595,28.96876,https://www.airbnb.com.tr/rooms/44995425,https://a0.muscache.com/im/pictures/1608542190.jpg
1745599156761856421,Daire - Fatih,Sultan Ahmet Sarayı,Daire,7000,,,,7000,5.0,4,41.0054,28.9726,https://www.airbnb.com.tr/rooms/1745599156761856421,https://a0.muscache.com/im/pictures/2759778460.jpg
48548949,Daire - Fatih,Sultanahmet'te Harika Deniz Manzaralı En Şirin Stüdyo Daire,Daire,4351,,,,4351,4.85,244,41.0051,28.9811,https://www.airbnb.com.tr/rooms/48548949,https://a0.muscache.com/im/pictures/2458406925.jpg
1576270146769520688,Fatih bölgesinde odalar,205 numaralı odamız balkonlu,Özel Oda,2600,,,,2600,4.79,34,41.00285,28.965,https://www.airbnb.com.tr/rooms/1576270146769520688,https://a0.muscache.com/im/pictures/2441014693.jpg
1352194489037645813,Daire - Fatih,Aile Yeri Ve Temiz Güvenilir Yer,Daire,5069,,,,5069,4.91,90,41.00539,28.97171,https://www.airbnb.com.tr/rooms/1352194489037645813,https://a0.muscache.com/im/pictures/2303092682.jpg
1484266447470552416,Daire - Fatih,Sultanahmet Mavi Apart,Daire,4506,,,,4506,4.62,34,41.0038,28.9753,https://www.airbnb.com.tr/rooms/1484266447470552416,https://a0.muscache.com/im/pictures/2289649294.jpg
1707515514618780018,Daire - Fatih,Ayasofya Royal Garden Süiti,Daire,6420,,,,6420,4.56,9,41.00348,28.97569,https://www.airbnb.com.tr/rooms/1707515514618780018,https://a0.muscache.com/im/pictures/2679174976.jpg
1029627266045825159,Daire - Fatih,Bahçe evi bağlantılı oda 2,Özel Oda,3742,,,,3742,4.85,150,41.014,28.9785,https://www.airbnb.com.tr/rooms/1029627266045825159,https://a0.muscache.com/im/pictures/1810276771.jpg
1209908905593338373,Daire - Fatih,Sultan Ahmet yakınında Dursun Apart No 1,Daire,1403,,,,1403,4.81,100,41.00511,28.96945,https://www.airbnb.com.tr/rooms/1209908905593338373,https://a0.muscache.com/im/pictures/1988747992.jpg
1603296959740293733,Daire - Fatih,Lüks 3 yatak odalı | 2 balkon | Jakuzi | Ayasofya,Özel Oda,7828,,,,7828,4.84,31,41.0058,28.9701,https://www.airbnb.com.tr/rooms/1603296959740293733,https://a0.muscache.com/im/pictures/2486963881.jpg
1756773490037695233,"Daire - São Paulo, Brezilya","Parada Inglesa Stüdyosu Expo Center Norte Anhembi  
",Daire,1539,1539,,,,,0,-23.4845,-46.6116,https://www.airbnb.com.tr/rooms/1756773490037695233,https://a0.muscache.com/im/pictures/2809716348.jpg
1754712019130180941,"Ev - Scottsdale, Arizona, Amerika Birleşik Devletleri",Isıtmalı Havuz | Oyun Odası | Eski Şehir'e 8 dakika,Özel Oda,12293,12293,,,,,0,33.45557,-111.91237,https://www.airbnb.com.tr/rooms/1754712019130180941,https://a0.muscache.com/im/pictures/2779134847.jpg
1766991410382637921,"Daire - Bariloche, Arjantin",Yepyeni muhteşem stüdyo! YENİ,Daire,2597,2597,,,,,0,-41.13668,-71.32023,https://www.airbnb.com.tr/rooms/1766991410382637921,https://a0.muscache.com/im/pictures/2803228990.jpg
1762581390777876281,"Daire - Akra, Gana",One Elm | Lüks 1 yatak odalı | Spor salonu | Havuz | Rftp bar,Özel Oda,3252,3252,,,,,0,5.6138,-0.1808,https://www.airbnb.com.tr/rooms/1762581390777876281,https://a0.muscache.com/im/pictures/2794720919.jpg
1726446486844125263,"Ev - White House, Tennessee, Amerika Birleşik Devletleri",I-65'e Yakın Güzel Modern Ev | Nashville Yakınında ,Daire / Ev,6431,6431,,,,,0,36.4615,-86.6518,https://www.airbnb.com.tr/rooms/1726446486844125263,https://a0.muscache.com/im/pictures/2768382777.jpg
1700978695774193650,"Daire - São Paulo, Brezilya",PUC-SP'nin önünde stüdyo · Perdizes,Daire,2250,2250,,,,5.0,4,-23.5373,-46.6717,https://www.airbnb.com.tr/rooms/1700978695774193650,https://a0.muscache.com/im/pictures/2665662739.jpg
1757143161576662008,"Daire - Kecamatan Taman Sari, Endonezya","2 yatak odalı, havuzlu, şehir merkezinde yeşil alan

",Özel Oda,1656,1656,,,,4.67,3,-6.1475,106.8148,https://www.airbnb.com.tr/rooms/1757143161576662008,https://a0.muscache.com/im/pictures/2784014256.jpg
1762749484470911261,"Daire - Ponta Grossa, Brezilya",Komple Daire/UEPG/Hosp São Camilo'ya 3 dakika,Daire,1634,1634,,,,5.0,3,-25.1046,-50.1265,https://www.airbnb.com.tr/rooms/1762749484470911261,https://a0.muscache.com/im/pictures/2801607130.jpg
1754805846021037140,"Daire - Rio de Janeiro, Brezilya",Projac'a Yakın Güzel Daire - Rock in Rio'ya Yakın,Daire,2710,2710,,,,,0,-22.963,-43.3997,https://www.airbnb.com.tr/rooms/1754805846021037140,https://a0.muscache.com/im/pictures/2779261771.jpg
1760191987016596957,"Daire - Sơn Trà, Vietnam",YeniBina_Balkon_Modern_MyKhePlajıYakınında6,Daire,1011,1011,,,,,0,16.0731,108.2387,https://www.airbnb.com.tr/rooms/1760191987016596957,https://a0.muscache.com/im/pictures/2789866989.jpg
1744668430510910424,"Daire - Mandaluyong, Filipinler",The Cozy Kai,Daire,1782,1782,,,,,0,14.5762,121.044,https://www.airbnb.com.tr/rooms/1744668430510910424,https://a0.muscache.com/im/pictures/2757758938.jpg
1730680096949923907,"Ev - Kissimmee, Florida, Amerika Birleşik Devletleri",YENİ 2026 Temalı 9 Yatak Odalı| Yarış Simülatörü |Solara ,Özel Oda,27737,,27737,,,,0,28.31158065492645,-81.65563919290686,https://www.airbnb.com.tr/rooms/1730680096949923907,https://a0.muscache.com/im/pictures/2786143113.jpg
1647056843285104925,"Kulübe - Busungbiu, Endonezya",Nehir kenarındaki orman evi 1 | Kahvaltı dâhildir,Daire / Ev,1344,,1344,,,5.0,19,-8.27905,114.99553,https://www.airbnb.com.tr/rooms/1647056843285104925,https://a0.muscache.com/im/pictures/2560445036.jpg
1467750822237928238,"Ev - Rogers, Arkansas, Amerika Birleşik Devletleri",Huzurlu Beaver Lake İnzivası | Oyun Odası | 14 kişi kalabilir,Özel Oda,15120,,15120,,,,0,36.33627,-93.98651,https://www.airbnb.com.tr/rooms/1467750822237928238,https://a0.muscache.com/im/pictures/2793191029.jpg
1607652907988650164,"Daire - Natal, Brezilya","Studio 241- Arena das Dunas, Midway ve UFRN 5 dakika uzaklıkta",Daire,1516,,1516,,,5.0,5,-5.8206,-35.2073,https://www.airbnb.com.tr/rooms/1607652907988650164,https://a0.muscache.com/im/pictures/2759254241.jpg
1751869573929918883,"Daire - Buenos Aires, Arjantin",Sıcak ve aydınlık stüdyo daire | Palermo Queens,Daire,2087,,,2087,,5.0,3,-34.5925,-58.4343,https://www.airbnb.com.tr/rooms/1751869573929918883,https://a0.muscache.com/im/pictures/2773287603.jpg
1314378630362853383,"Ağaç ev - Itu, Brezilya",Itú•Küvetli ve Eşsiz Manzaralı Cabana dos Sonhos!,Daire / Ev,7077,,,7077,,4.99,137,-23.3763,-47.2954,https://www.airbnb.com.tr/rooms/1314378630362853383,https://a0.muscache.com/im/pictures/2593329194.jpg
1765464682360456573,"Ev - Charlotte, Kuzey Carolina, Amerika Birleşik Devletleri",Tasarım 4 yatak odalı sıra ev | Şehir merkezine 5 dakika,Özel Oda,8737,,,8737,,,0,35.246925683904,-80.86560785270294,https://www.airbnb.com.tr/rooms/1765464682360456573,https://a0.muscache.com/im/pictures/2800185492.jpg
1765967771385326190,"Kulübe - Big Bass Lake, Pensilvanya, Amerika Birleşik Devletleri",Poconos Kulübesi | Jakuzi • Sauna • Ev Sineması ,Daire / Ev,17474,,,17474,,,0,41.26398,-75.46804,https://www.airbnb.com.tr/rooms/1765967771385326190,https://a0.muscache.com/im/pictures/2803069729.jpg
1736274498711075067,"Daire - Santa Marta, Kolombiya","Manzaralı süper üst düzey daire, plaja 5 dakika ve klima",Daire,7337,,,7337,,5.0,9,11.1876,-74.2314,https://www.airbnb.com.tr/rooms/1736274498711075067,https://a0.muscache.com/im/pictures/2739868010.jpg
46596403,"Dağ evi - Nova Petrópolis, Brezilya",Özel şelalesi ve açık hava küveti olan dağ evi,Daire / Ev,2345,,,2345,,5.0,13,-29.3702,-51.0547,https://www.airbnb.com.tr/rooms/46596403,https://a0.muscache.com/im/pictures/2764882802.jpg
1741742203031437671,"Ev - Chilliwack, Kanada",Sessiz 2 yatak odalı dağ manzaralı süit | Barbekü ve balık tutma,Özel Oda,5076,,,5076,,5.0,9,49.099,-121.9537,https://www.airbnb.com.tr/rooms/1741742203031437671,https://a0.muscache.com/im/pictures/2751524851.jpg
1751550189708819185,"Kulübe - Sevierville, Tennessee, Amerika Birleşik Devletleri","Havuzlu, sinemalı, minyatür golf ve jakuzili 8 yatak odalı kulübe",Özel Oda,66584,,,,66584,,0,35.7954,-83.4478,https://www.airbnb.com.tr/rooms/1751550189708819185,https://a0.muscache.com/im/pictures/2772690131.jpg
1754767095381373996,"Ev - Port St. Lucie, Florida, Amerika Birleşik Devletleri","Treasure Coast Villa 5 yatak odası + havuz, jakuzi, oyun odası ",Müstakil Villa,27424,,,,27424,,0,27.28853,-80.27117,https://www.airbnb.com.tr/rooms/1754767095381373996,https://a0.muscache.com/im/pictures/2779206864.jpg
1626076022463935649,"Ev - Castlecove, İrlanda",Westcove manzaralı lüks üç yatak odalı ev + jakuzi.,Özel Oda,14080,,,,14080,5.0,21,51.7755,-10.0488,https://www.airbnb.com.tr/rooms/1626076022463935649,https://a0.muscache.com/im/pictures/2525348341.jpg
1764437629610394761,"Daire - Remscheid, Almanya",Studio BBW Remscheid,Daire,8870,,,,8870,,0,51.1895,7.1556,https://www.airbnb.com.tr/rooms/1764437629610394761,https://a0.muscache.com/im/pictures/2798222545.jpg
1095553203076735993,"Kır evi - Bancroft, Kanada",Gölde Cennet~10 Kişilik~4 Yatak Odası~5 Yatak~Jakuzi,Özel Oda,17450,,,,17450,5.0,54,45.01245,-77.79314,https://www.airbnb.com.tr/rooms/1095553203076735993,https://a0.muscache.com/im/pictures/1957575250.jpg
1751004430096849470,"Ev - Sedona, Arizona, Amerika Birleşik Devletleri","Red Rock Retreat • Jakuzi, Ateş Çukuru ve Manzaralar",Daire / Ev,34390,,,,34390,,0,34.78282,-111.78568,https://www.airbnb.com.tr/rooms/1751004430096849470,https://a0.muscache.com/im/pictures/2771677046.jpg
1764466800396409446,"Villa - Benaulim, Hindistan",Golden Hours - Taj Exotica yakınında 4 yatak odalı villa ,Müstakil Villa,6920,,,,6920,5.0,3,15.2452,73.9248,https://www.airbnb.com.tr/rooms/1764466800396409446,https://a0.muscache.com/im/pictures/2798056232.jpg
1749318337318152312,"Kulübe - Rogers, Kentucky, Amerika Birleşik Devletleri",Red River Gorge Lüks Kulübe • Jakuzi • Oyun Odası,Özel Oda,28516,,,,28516,,0,37.7473,-83.62396,https://www.airbnb.com.tr/rooms/1749318337318152312,https://a0.muscache.com/im/pictures/2800401871.jpg
1680734387612950403,"Ev - Waterloo, Güney Carolina, Amerika Birleşik Devletleri",Greenwood Gölü'nde rahat yaşayın!,Daire / Ev,12135,,,,12135,,0,34.32038708126411,-82.13027973424296,https://www.airbnb.com.tr/rooms/1680734387612950403,https://a0.muscache.com/im/pictures/2774616683.jpg
1755236977401140152,"Ev - Héricourt-en-Caux, Fransa",Durdent Nehri kıyısındaki Clos Saint Mellon,Daire / Ev,22246,,,,22246,,0,49.69876,0.69698,https://www.airbnb.com.tr/rooms/1755236977401140152,https://a0.muscache.com/im/pictures/2794531013.jpg
1720289214953093683,"Ev - Nazaré Paulista, Brezilya",Çiftlik Alanı 10 I Nazaré Paulista/SP,Daire / Ev,7105,,,,7105,,0,-23.17165,-46.41087,https://www.airbnb.com.tr/rooms/1720289214953093683,https://a0.muscache.com/im/pictures/2787082549.jpg
1760015738326218604,Otel odası - Tumwater,La Quinta Tumwater-Olympia | 2Q | Ücretsiz park yeri,Özel Oda,6522,,,6522,,,0,47.0059931,-122.9075695,https://www.airbnb.com.tr/rooms/1760015738326218604,https://a0.muscache.com/im/pictures/2789481482.jpg
1754113473676957426,Daire - Olympia,Rahat özel MIL daire ,Daire,5194,,,5194,,4.86,7,47.05908,-122.87485,https://www.airbnb.com.tr/rooms/1754113473676957426,https://a0.muscache.com/im/pictures/2777700882.jpg
1724385779501879883,Ev - Olympia,"Göl kenarı | 2 yatak odası + çatı katı | Teras, balkon ve göl erişimi",Özel Oda,10727,10727,,,,5.0,4,46.9308,-122.804,https://www.airbnb.com.tr/rooms/1724385779501879883,https://a0.muscache.com/im/pictures/2714215468.jpg
48361931,Küçük ev - Tenino,Cosmic Turtle Farm'daki Çingene Kulübesi,Daire / Ev,4490,,4490,,,4.91,307,46.87581,-122.84366,https://www.airbnb.com.tr/rooms/48361931,https://a0.muscache.com/im/pictures/1142278248.jpg
1144238114411377779,Otel - Muratpaşa,DulcetHotel-Elite aile odası,Özel Oda,4044,4044,,,,4.98,41,36.8506,30.7647,https://www.airbnb.com.tr/rooms/1144238114411377779,https://a0.muscache.com/im/pictures/1893882241.jpg
1531927199467343645,Daire - Muratpaşa,Üst süit,Daire,4000,4000,4000,,,4.96,24,36.8874,30.7302,https://www.airbnb.com.tr/rooms/1531927199467343645,https://a0.muscache.com/im/pictures/2370471183.jpg
1646484319916279336,Daire - Muratpaşa,Ev Konforunda Rahat Odalar,Özel Oda,3165,3165,3165,,,4.63,19,36.85659090303592,30.740982895424906,https://www.airbnb.com.tr/rooms/1646484319916279336,https://a0.muscache.com/im/pictures/2559680278.jpg
51242246,Butik otel - Muratpaşa,Erkal Pansion büyük teras+oda+mutfak314(Kaleiçi),Özel Oda,1971,1971,,,,4.74,43,36.88338,30.70682,https://www.airbnb.com.tr/rooms/51242246,https://a0.muscache.com/im/pictures/1225708749.jpg
720315478992503899,Daire - Muratpaşa,"Melissa Süitleri ""Serenity""",Daire,5012,5012,,,,4.9,70,36.85184,30.80795,https://www.airbnb.com.tr/rooms/720315478992503899,https://a0.muscache.com/im/pictures/1525727057.jpg
1698701016844955894,Muratpaşa bölgesinde oda,Efezade Otel Tek kişilik Oda-1,Özel Oda,2000,2000,,,,5.0,6,36.8957,30.6969,https://www.airbnb.com.tr/rooms/1698701016844955894,https://a0.muscache.com/im/pictures/2660454812.jpg
1446932999895754507,Daire - Muratpaşa,THEUhomes vıp ultra lüks stüdyo 2,Daire,4018,4018,,,,4.5,8,36.8562,30.7611,https://www.airbnb.com.tr/rooms/1446932999895754507,https://a0.muscache.com/im/pictures/2219650996.jpg
1370934995709386465,Daire - Muratpaşa,BOO CİTY SUİT Şehir Merkezi Ultra Lüks Daire-10,Daire,3835,3835,,,,4.81,32,36.89096525848415,30.71545655495202,https://www.airbnb.com.tr/rooms/1370934995709386465,https://a0.muscache.com/im/pictures/2102290770.jpg
960744206686758261,Oda-kahvaltı - Muratpaşa,"Prima Hotel. Havuz, Deniz Manzarası, Hamam, Spa",Özel Oda,2398,2398,,,,4.36,36,36.85659,30.74376,https://www.airbnb.com.tr/rooms/960744206686758261,https://a0.muscache.com/im/pictures/1846380722.jpg
1447150220566435533,Daire - Muratpaşa,Bodrum Katı Superior Süit (daire -1),Daire,5430,5430,,,,4.7,74,36.8709,30.8331,https://www.airbnb.com.tr/rooms/1447150220566435533,https://a0.muscache.com/im/pictures/2220219743.jpg
35509555,Daire - Muratpaşa,Nazende_Güzel Tarihi Şehirde Güzel Deniz Manzaralı Daire,Daire,4432,4506,,4359,,4.82,287,36.88521,30.70541,https://www.airbnb.com.tr/rooms/35509555,https://a0.muscache.com/im/pictures/1284606130.jpg
43889587,Otel - Muratpaşa,İkiz Otel Tek Kişilik Single Room city ​​center,Daire / Ev,1900,1900,,,,4.61,137,36.89467,30.70507,https://www.airbnb.com.tr/rooms/43889587,https://a0.muscache.com/im/pictures/1023512782.jpg
1191103294707168781,Daire - Muratpaşa,Antalya'da havuzlu ve balkonlu lüks daire - merkezi,Daire,7321,7321,,,,4.93,100,36.875,30.8152,https://www.airbnb.com.tr/rooms/1191103294707168781,https://a0.muscache.com/im/pictures/2675031593.jpg
1486819659004234498,Daire - Muratpaşa,4B – Çatı Süiti | Kaleiçi'ye yürüyün,Daire,3713,3713,,,,4.89,27,36.89003734965638,30.701560422617703,https://www.airbnb.com.tr/rooms/1486819659004234498,https://a0.muscache.com/im/pictures/2293989061.jpg
1041933527019844843,Otel - Muratpaşa,Antalya Balkonlu Odam,Özel Oda,4506,4506,,,,4.97,32,36.8816,30.7092,https://www.airbnb.com.tr/rooms/1041933527019844843,https://a0.muscache.com/im/pictures/2076565788.jpg
1138337209470351756,Daire - Muratpaşa,3-Hadrian Kapısı yakını Büyük Daire 3 Yatak Odalı,Özel Oda,5558,5558,,,,4.76,102,36.8916,30.7119,https://www.airbnb.com.tr/rooms/1138337209470351756,https://a0.muscache.com/im/pictures/2565490276.jpg
968054242236653700,Daire - Muratpaşa,Deluxe 3/2+1 Daire,Daire,5922,7500,,5708,4559,4.82,120,36.84969,30.76364,https://www.airbnb.com.tr/rooms/968054242236653700,https://a0.muscache.com/im/pictures/2272689123.jpg
1377491729359350918,Daire - Muratpaşa,3 Yatak Odası • 2 Banyo • Kaleiçi 5 dk.,Özel Oda,8250,9011,,,7490,4.95,81,36.8916,30.7119,https://www.airbnb.com.tr/rooms/1377491729359350918,https://a0.muscache.com/im/pictures/2150725767.jpg
1389977470737671774,Otel - Muratpaşa,Tulii Rooms - Deluxe Standart Oda,Özel Oda,2696,,2696,,,4.83,36,36.8504,30.7652,https://www.airbnb.com.tr/rooms/1389977470737671774,https://a0.muscache.com/im/pictures/2124656832.jpg
1370930471386797677,Daire - Muratpaşa,BOO CİTY SUİT Şehir Merkezi Ultra Lüks Daire-9,Daire,3616,,3616,,,5.0,39,36.891618815571285,30.713932527316526,https://www.airbnb.com.tr/rooms/1370930471386797677,https://a0.muscache.com/im/pictures/2102286057.jpg
1259941337332635261,Daire - Muratpaşa,BOO City SUİT Şehir Merkezinde Ultra lüks Daire-1,Daire,3446,,3446,,,4.92,38,36.8906,30.7147,https://www.airbnb.com.tr/rooms/1259941337332635261,https://a0.muscache.com/im/pictures/2005803728.jpg
1389985492058267682,Otel - Muratpaşa,Tulii Rooms - Deluxe Economy Room,Daire / Ev,2696,,2696,,,4.89,35,36.8504,30.7652,https://www.airbnb.com.tr/rooms/1389985492058267682,https://a0.muscache.com/im/pictures/2124675298.jpg
1478184187009002563,Daire - Muratpaşa,Bodrum Katı Süiti,Daire,3180,,3180,,,4.85,60,36.8503,30.7653,https://www.airbnb.com.tr/rooms/1478184187009002563,https://a0.muscache.com/im/pictures/2278421900.jpg
1393430190104492696,Butik otel - Muratpaşa,Oldtown201'in Yanındaki En İyi Bölge,Daire / Ev,2250,,2400,2100,,4.78,46,36.8819,30.7148,https://www.airbnb.com.tr/rooms/1393430190104492696,https://a0.muscache.com/im/pictures/2193984620.jpg
11504593,Otel - Muratpaşa,Twenty Hotel | Kaleiçi'nde (OldTown) İkiz Oda,Özel Oda,2084,,2084,,,4.53,148,36.8867,30.707,https://www.airbnb.com.tr/rooms/11504593,https://a0.muscache.com/im/pictures/676492116.jpg
1108593754816973595,Daire - Muratpaşa,"Markantalya, Oldtown’a yakın. 343 Mbps internet",Daire,5773,,5773,,,4.95,124,36.8917,30.7119,https://www.airbnb.com.tr/rooms/1108593754816973595,https://a0.muscache.com/im/pictures/1971108968.jpg
1106398939804035352,Otel - Muratpaşa,Lisanslı Fatma Sultan Oldtown III,Daire / Ev,2434,,2434,,,4.69,77,36.88244,30.71026,https://www.airbnb.com.tr/rooms/1106398939804035352,https://a0.muscache.com/im/pictures/1855312894.jpg
2937957,Daire - Muratpaşa, Antalya Lara’da Ferah ve Tam Donanımlı 2+1 Daire,Daire,4718,,4718,,,4.88,16,36.8511,30.7654,https://www.airbnb.com.tr/rooms/2937957,https://a0.muscache.com/im/pictures/1629981881.jpg
1578903406407369225,Muratpaşa bölgesinde oda,Ola'dan şehir merkezinde oda,Özel Oda,3942,,3942,,,4.87,23,36.8511,30.7633,https://www.airbnb.com.tr/rooms/1578903406407369225,https://a0.muscache.com/im/pictures/2518986967.jpg
1399435939974121896,Otel - Muratpaşa,CasativoHotel-Standart Oda Çatı Katı Tarzı 107,Özel Oda,3707,,3707,,,4.87,23,36.8485,30.7668,https://www.airbnb.com.tr/rooms/1399435939974121896,https://a0.muscache.com/im/pictures/2260448684.jpg
1479788678770011397,Otel - Muratpaşa,Avelyn Hotel Oda Numarası 101,Özel Oda,3370,,3370,,,4.8,40,36.885048976123755,30.70441668661179,https://www.airbnb.com.tr/rooms/1479788678770011397,https://a0.muscache.com/im/pictures/2281376692.jpg
1486963665180079803,Otel - Muratpaşa,Esen Apart Otel tek kişilik oda 1,Özel Oda,1618,,1618,,,4.8,20,36.8872,30.711,https://www.airbnb.com.tr/rooms/1486963665180079803,https://a0.muscache.com/im/pictures/2534294222.jpg
1134714187074376968,Otel - Muratpaşa,Audo Local Deluxe Tek Kişilik,Daire / Ev,3604,,3830,3379,,4.93,80,36.8819,30.7095,https://www.airbnb.com.tr/rooms/1134714187074376968,https://a0.muscache.com/im/pictures/1889650690.jpg
1428464344602019089,Daire - Muratpaşa,Eski Şehir 5 Dakika • 2 Yatak Odası • 1000 Mbps Kablosuz İnternet Bağlantısı,Özel Oda,5776,,5776,,,4.91,54,36.8916,30.7119,https://www.airbnb.com.tr/rooms/1428464344602019089,https://a0.muscache.com/im/pictures/2207713506.jpg
46017176,Daire - Güzeloba,Melissa'nın Süitleri ''Soho''🗽,Daire,4900,,,5857,3942,4.92,175,36.85293,30.8059,https://www.airbnb.com.tr/rooms/46017176,https://a0.muscache.com/im/pictures/1157938873.jpg
1478845658043855146,Daire - Muratpaşa,Dairelerimiz sizi bekliyor D7,Daire,2982,,,2982,,5.0,29,36.87473103752637,30.83208711895945,https://www.airbnb.com.tr/rooms/1478845658043855146,https://a0.muscache.com/im/pictures/2279760616.jpg
596212549230570734,Daire - Muratpaşa,Şehir merkezinde Denizin Doğası Stüdyosu,Daire,2757,,,2757,,4.88,96,36.89077,30.69349,https://www.airbnb.com.tr/rooms/596212549230570734,https://a0.muscache.com/im/pictures/1372548015.jpg
1457177734828697327,Otel - Muratpaşa,Kariva'da Tek Kişilik Oda,Özel Oda,1971,,,1971,,4.74,38,36.8818,30.7089,https://www.airbnb.com.tr/rooms/1457177734828697327,https://a0.muscache.com/im/pictures/2238876279.jpg
972854247502260999,Daire - Güzeloba,"Melissa'nın Süitleri ""Lush""",Daire,3154,,,3154,,4.87,85,36.85275,30.8071,https://www.airbnb.com.tr/rooms/972854247502260999,https://a0.muscache.com/im/pictures/1742552550.jpg
50258808,Daire - Muratpaşa,Deniz ve Eski Şehir (Kaleiçi) Yakınında Modern Daire,Daire,2864,,,2864,,4.86,77,36.88727,30.69434,https://www.airbnb.com.tr/rooms/50258808,https://a0.muscache.com/im/pictures/2505893101.jpg
1669547982253155040,Kamp aracı/Karavan - Muratpaşa,Antalya Lara Mobil Halk Plajında   Karavan Tatili,Daire / Ev,1871,,,1871,,5.0,36,36.85773202648975,30.735252502863894,https://www.airbnb.com.tr/rooms/1669547982253155040,https://a0.muscache.com/im/pictures/2688346465.jpg
1567421554908458797,Daire - Muratpaşa,2 yatak odalı konforlu daire,Özel Oda,6111,,,6111,,5.0,19,36.89316773323684,30.71312147976854,https://www.airbnb.com.tr/rooms/1567421554908458797,https://a0.muscache.com/im/pictures/2427023277.jpg
1772694306394681963,Daire - Muratpaşa,Antalya’nın Merkezinde Sıfır Lüks Apart,Daire,3859,,,3859,,,0,36.8808,30.711,https://www.airbnb.com.tr/rooms/1772694306394681963,https://a0.muscache.com/im/pictures/2814373800.jpg
1677611425909185932,Daire - Muratpaşa,Şirin dairemiz sizi bekliyor d3,Daire,3718,,,3718,,5.0,13,36.87193537923825,30.83396870317344,https://www.airbnb.com.tr/rooms/1677611425909185932,https://a0.muscache.com/im/pictures/2617996141.jpg
1449882932447466694,Otel - Muratpaşa,Sarı oda,Özel Oda,2816,,,2816,,4.97,72,36.882,30.7096,https://www.airbnb.com.tr/rooms/1449882932447466694,https://a0.muscache.com/im/pictures/2224983675.jpg
1615348763886373756,Daire - Muratpaşa,Oldtown • Antalya Merkez • Modern Ev•Fast Wi-Fi,Daire,6612,,,7224,5999,4.97,31,36.8912,30.7116,https://www.airbnb.com.tr/rooms/1615348763886373756,https://a0.muscache.com/im/pictures/2507158105.jpg
46520864,Daire - Güzeloba,Angelica Poyraz,Daire,7815,,,7815,,4.87,102,36.8482,30.80834,https://www.airbnb.com.tr/rooms/46520864,https://a0.muscache.com/im/pictures/1097336535.jpg
1318906025621240010,Daire - Muratpaşa,Old Town•Hadrian Kapısı•Merkezde Mükemmel Konum.,Daire,5491,,,5491,,4.95,88,36.890968916107724,30.7124924642332,https://www.airbnb.com.tr/rooms/1318906025621240010,https://a0.muscache.com/im/pictures/2088278574.jpg
746472031706834164,Daire - Muratpaşa,Mükemmel Konum • 500 Mbps Wifi • Rahat Daire,Daire,5181,,,,5181,4.97,214,36.8911,30.7116,https://www.airbnb.com.tr/rooms/746472031706834164,https://a0.muscache.com/im/pictures/1992121479.jpg
876482599979245077,Otel - Muratpaşa,Audo Studio Deluxe Çift Kişilik,Daire / Ev,2365,,,,2365,4.91,117,36.8812,30.7095,https://www.airbnb.com.tr/rooms/876482599979245077,https://a0.muscache.com/im/pictures/2078521654.jpg
1697089838154868037,Daire - Muratpaşa,Casa Verde | Central Antalya Stay,Daire,4093,,,,4093,4.94,16,36.8881,30.7191,https://www.airbnb.com.tr/rooms/1697089838154868037,https://a0.muscache.com/im/pictures/2656295972.jpg
1134779164073151180,Otel - Muratpaşa,Audo Local Deluxe Tek Kişilik,Daire / Ev,2253,,,,2253,4.95,64,36.8819,30.7095,https://www.airbnb.com.tr/rooms/1134779164073151180,https://a0.muscache.com/im/pictures/2078534181.jpg
1405169945951161277,Daire - Muratpaşa,2 yatak odası - Eski şehir 10 dakika - 500 Mbit hızlı internet.,Özel Oda,3519,,,,3519,4.96,95,36.8915,30.7119,https://www.airbnb.com.tr/rooms/1405169945951161277,https://a0.muscache.com/im/pictures/2247427165.jpg
49024427,Daire - Muratpaşa,Sermest_Stanning Deniz Manzaralı Teraslı Daire,Daire,5181,,,,5181,4.76,267,36.8848,30.7045,https://www.airbnb.com.tr/rooms/49024427,https://a0.muscache.com/im/pictures/1829162158.jpg
698544181558554527,Butik otel - Muratpaşa,Casa Maria Hotel - Stone Room,Daire / Ev,1971,,,,1971,4.55,58,36.885,30.71,https://www.airbnb.com.tr/rooms/698544181558554527,https://a0.muscache.com/im/pictures/2296707769.jpg
1393225237305877707,Daire - Muratpaşa,Antalya merkez kaleiçi ve plaja yakın 5kişilik 2+1,Daire,3883,,,,3883,4.97,67,36.8916,30.7119,https://www.airbnb.com.tr/rooms/1393225237305877707,https://a0.muscache.com/im/pictures/2129688104.jpg
698584450628681563,Otel - Muratpaşa,Casa Maria Butik Otel - Aile Odası,Özel Oda,2534,,,,2534,4.58,62,36.88384315371631,30.71044630431889,https://www.airbnb.com.tr/rooms/698584450628681563,https://a0.muscache.com/im/pictures/1485478684.jpg
1391405959714094908,Daire - Muratpaşa,"Lara Plajına 2 Km, Havuzlu Bahçeli Özel Daire",Daire,3200,,,,3200,4.92,24,36.85566121798075,30.811974369053114,https://www.airbnb.com.tr/rooms/1391405959714094908,https://a0.muscache.com/im/pictures/2661758253.jpg
954223932550085812,Otel - Muratpaşa,Bahçeli ve Mutfaklı ER Cassa Deluxe Üç Kişilik Stüdyo Daire,Daire / Ev,3661,,,,3661,4.92,154,36.8837,30.7081,https://www.airbnb.com.tr/rooms/954223932550085812,https://a0.muscache.com/im/pictures/1793506787.jpg
1346465054907417405,Daire - Muratpaşa,Oldtown • Şehrin Kalbinde • Modern Ev • 1000 mbps,Daire,6336,,,,6336,4.98,97,36.8916,30.7119,https://www.airbnb.com.tr/rooms/1346465054907417405,https://a0.muscache.com/im/pictures/2212601021.jpg
811069048031641348,Daire - Muratpaşa,Ultra Lux Home - Antalya'nın En İyi Konumu,Daire,8714,,,,8714,4.92,101,36.87587,30.7152,https://www.airbnb.com.tr/rooms/811069048031641348,https://a0.muscache.com/im/pictures/1576670097.jpg
49290237,Butik otel - Muratpaşa,Eski şehirde 150 yıllık malikânede bekaret odası,Özel Oda,3680,,,,3680,4.87,87,36.8834,30.70687,https://www.airbnb.com.tr/rooms/49290237,https://a0.muscache.com/im/pictures/1165917008.jpg
1227297877210422201,Daire - Konyaaltı,"1+1 Geniş Lüks Daire Kültürde, denize kolay ulaşım",Daire,3813,3813,3813,,,4.88,26,36.90509,30.65072,https://www.airbnb.com.tr/rooms/1227297877210422201,https://a0.muscache.com/im/pictures/1978379585.jpg
1060747309599716042,Daire - Muratpaşa,Konyaaltı plajına ve Kent Meydanına yakın İkea evi,Daire,2957,2816,,3098,,4.93,74,36.8619,30.6267,https://www.airbnb.com.tr/rooms/1060747309599716042,https://a0.muscache.com/im/pictures/1812616643.jpg
1623986945191556703,Daire - Muratpaşa,Konforlu ev | 1 yatak odası | Hızlı Wifi | 4 misafir N9,Özel Oda,3813,3813,,,,5.0,11,36.8952,30.6838,https://www.airbnb.com.tr/rooms/1623986945191556703,https://a0.muscache.com/im/pictures/2521722140.jpg
846214251389970351,Daire - Muratpaşa,Denize Yakın Havuzlu Deluxe Oda,Özel Oda,3435,3435,,,,4.41,34,36.86417,30.63615,https://www.airbnb.com.tr/rooms/846214251389970351,https://a0.muscache.com/im/pictures/1605894145.jpg
1307141309106193408,Daire - Konyaaltı,Muhteşem 1+1 Daire,Daire,3154,3154,,,,4.66,44,36.905,30.651,https://www.airbnb.com.tr/rooms/1307141309106193408,https://a0.muscache.com/im/pictures/2044604398.jpg
1715118735240098474,Konyaaltı bölgesinde oda,Konforlu otel odasında muazzam deneyim,Özel Oda,3436,3800,3072,,,4.8,5,36.8751,30.6511,https://www.airbnb.com.tr/rooms/1715118735240098474,https://a0.muscache.com/im/pictures/2694658142.jpg
1165730810620566218,Daire - Muratpaşa,Süitler - Deluxe Süit,Daire,11921,15769,12109,,7885,4.95,184,36.8762,30.641,https://www.airbnb.com.tr/rooms/1165730810620566218,https://a0.muscache.com/im/pictures/2087580945.jpg
1582016015284749370,Otel odası - Kepez,Deluxe Apart,Özel Oda,3661,3661,,,,4.73,51,36.9227,30.6697,https://www.airbnb.com.tr/rooms/1582016015284749370,https://a0.muscache.com/im/pictures/2680282684.jpg
1597990040905487490,Daire - Muratpaşa,Medstar'a yakın | Konyaaltı 7 dk | OldTown 10 dk N19,Daire,5071,5071,,,,5.0,20,36.8952,30.6838,https://www.airbnb.com.tr/rooms/1597990040905487490,https://a0.muscache.com/im/pictures/2481899832.jpg
972317886663184985,Ev - Muratpaşa,Asgard Life Yeni Daire (Sigara içmek yasaktır),Daire / Ev,5000,5000,,,,4.91,67,36.9094,30.7061,https://www.airbnb.com.tr/rooms/972317886663184985,https://a0.muscache.com/im/pictures/2737466136.jpg
35393089,Daire - Konyaaltı,KONYAALTI  plajı 2+1 lüks -1,Daire,5559,5559,,,,4.62,63,36.87571179286984,30.64534836888558,https://www.airbnb.com.tr/rooms/35393089,https://a0.muscache.com/im/pictures/956967620.jpg
1447835136467269445,Daire - Konyaaltı,Verandalı sahil dubleksi,Daire,12936,12936,,,,4.95,22,36.86308,30.6371,https://www.airbnb.com.tr/rooms/1447835136467269445,https://a0.muscache.com/im/pictures/2234452794.jpg
1428246016834841407,Daire - Muratpaşa,"Altınkum'da harika konumlu, bahçeli bir İkea evi.
",Daire,3379,,3379,,,4.77,53,36.8660308502376,30.636130304870104,https://www.airbnb.com.tr/rooms/1428246016834841407,https://a0.muscache.com/im/pictures/2199739662.jpg
1211583830512321661,Daire - Muratpaşa,Antalya Apart House-2 Kişilik Stüdyo Daire,Daire,2027,,2027,,,4.54,99,36.915,30.6577,https://www.airbnb.com.tr/rooms/1211583830512321661,https://a0.muscache.com/im/pictures/1964176167.jpg
1273079740808043482,Ağaç ev - Muratpaşa,Varuna Home,Daire / Ev,5046,,5046,,,4.86,135,36.8903,30.5742,https://www.airbnb.com.tr/rooms/1273079740808043482,https://a0.muscache.com/im/pictures/2760616729.jpg
1122275289978889323,Otel - Muratpaşa,ParadiseLoft Deniz Manzaralı 503,Daire / Ev,1500,,1500,,,4.3,30,36.8874,30.7016,https://www.airbnb.com.tr/rooms/1122275289978889323,https://a0.muscache.com/im/pictures/1952916948.jpg
1674690997507877036,Daire - Kepez,Antalya Apart House- 2 Kişilik Stüdyo Daire,Daire,2027,,2027,,,4.57,14,36.91439,30.65658,https://www.airbnb.com.tr/rooms/1674690997507877036,https://a0.muscache.com/im/pictures/2612434972.jpg
619200141906722278,Tatil evi - Muratpaşa,Eşsiz manzaralı huzurlu bir tatil,Daire / Ev,6917,,6917,,,4.75,60,36.87291,30.65371,https://www.airbnb.com.tr/rooms/619200141906722278,https://a0.muscache.com/im/pictures/1396064311.jpg
1412962326626555308,Misafir evi - Muratpaşa,Pecan Nut Room,Daire / Ev,4678,,4678,,,4.97,59,36.86769820571854,30.645666466805995,https://www.airbnb.com.tr/rooms/1412962326626555308,https://a0.muscache.com/im/pictures/2160664908.jpg
1624397709433154160,Daire - Muratpaşa,Evde gibi hissettiriyor | 1 yatak odası | Hızlı kablosuz internet bağlantısı N1,Özel Oda,3567,,4013,3121,,4.82,65,36.8952,30.6838,https://www.airbnb.com.tr/rooms/1624397709433154160,https://a0.muscache.com/im/pictures/2522439017.jpg
1734914998531065029,Konyaaltı bölgesinde oda,Plaja yürüyün • Kahvaltı dâhil,Özel Oda,3250,,,3250,,4.89,9,36.8751,30.6511,https://www.airbnb.com.tr/rooms/1734914998531065029,https://a0.muscache.com/im/pictures/2736852181.jpg
846825650662959761,Ev - Muratpaşa,deniz kenarında lüks daire,Daire / Ev,8476,,,8476,,4.89,136,36.87332,30.65445,https://www.airbnb.com.tr/rooms/846825650662959761,https://a0.muscache.com/im/pictures/1608487499.jpg
1198469713428825229,Otel odası - Muratpaşa,Antalya Apart House-2 Kişilik Stüdyo Daire,Özel Oda,2400,,,2400,,4.57,103,36.9156,30.65803,https://www.airbnb.com.tr/rooms/1198469713428825229,https://a0.muscache.com/im/pictures/1978484484.jpg
697144904298220715,Butik otel - Muratpaşa,Casa Maria Butik Otel - Standart Oda,Özel Oda,2478,,,2478,,4.44,124,36.88439095986824,30.70888690043124,https://www.airbnb.com.tr/rooms/697144904298220715,https://a0.muscache.com/im/pictures/1474682194.jpg
1561689971571967937,Daire - Muratpaşa,Merkezi konum 4 kişilik 1+1 daire 1000 Mbps Wi-Fi.,Daire,4150,,,4150,,5.0,31,36.8942,30.7135,https://www.airbnb.com.tr/rooms/1561689971571967937,https://a0.muscache.com/im/pictures/2487766667.jpg
822837003807280039,Daire - Muratpaşa,Denize Yakın Havuzlu Deluxe Oda,Özel Oda,2478,,,2478,,4.45,58,36.86364,30.63609,https://www.airbnb.com.tr/rooms/822837003807280039,https://a0.muscache.com/im/pictures/1584334651.jpg
1221573263589312834,Daire - Konyaaltı,"Kültürde denize yakın, 1+1 lüks daire",Daire,3813,,,3813,,4.87,45,36.90537,30.64896,https://www.airbnb.com.tr/rooms/1221573263589312834,https://a0.muscache.com/im/pictures/1989998186.jpg
50347774,Butik otel - Muratpaşa,Kervan Butik Otel - Perge,Daire / Ev,2703,,,2703,,4.67,21,36.88094,30.70549,https://www.airbnb.com.tr/rooms/50347774,https://a0.muscache.com/im/pictures/1197336465.jpg
681992006908008200,Daire - Muratpaşa,Denize yakın güzel bir çatı katı,Daire,3379,,,3379,,4.76,99,36.86469,30.63486,https://www.airbnb.com.tr/rooms/681992006908008200,https://a0.muscache.com/im/pictures/1603918380.jpg
1176059923021709679,Daire - Muratpaşa,Asgard Life Tertemiz Daire (Sigara içmek yasaktır),Daire,5000,,,5000,,4.94,128,36.9093,30.706,https://www.airbnb.com.tr/rooms/1176059923021709679,https://a0.muscache.com/im/pictures/2722770982.jpg
1429842788694166912,Ev - Muratpaşa,Bahçeli Müstakil Ev/Sahile 10dk/Merkezi Konum,Daire / Ev,7040,,,,7040,4.78,9,36.9073,30.6193,https://www.airbnb.com.tr/rooms/1429842788694166912,https://a0.muscache.com/im/pictures/2188773237.jpg
1635615112050640970,Daire - Konyaaltı,"(4)-Konyaaltı plajına 500 metre ,yürüyerek 5 dk",Daire,3700,,,,3700,4.8,15,36.8732,30.6476,https://www.airbnb.com.tr/rooms/1635615112050640970,https://a0.muscache.com/im/pictures/2563769074.jpg
803570564649238509,Daire - Konyaaltı,Minimal şık stüdyo daire,Daire,2882,,,,2882,4.96,53,36.8772,30.6522,https://www.airbnb.com.tr/rooms/803570564649238509,https://a0.muscache.com/im/pictures/1794914490.jpg
1060877705867113985,Daire - Konyaaltı,Antalya'nın tam merkezinde!,Daire,4106,,,,4106,4.94,33,36.8776,30.6553,https://www.airbnb.com.tr/rooms/1060877705867113985,https://a0.muscache.com/im/pictures/1812791399.jpg
1749459503676005936,"Site içi konut - Salvador, Brezilya","Deniz Manzaralı Balkon, Klima, Kongre Merkezi'ne 2 km",Daire / Ev,3344,3344,,,,,0,-12.97327,-38.41798,https://www.airbnb.com.tr/rooms/1749459503676005936,https://a0.muscache.com/im/pictures/2788823119.jpg
1766199937645988338,"Daire - Kericho, Kenya",Cozy Eland stüdyo 2 kericho ,Daire,971,971,,,,,0,-0.3612,35.2881,https://www.airbnb.com.tr/rooms/1766199937645988338,https://a0.muscache.com/im/pictures/2801659186.jpg
1769435107848892696,"Daire - Siliguri, Hindistan",2 yatak odası/2 klima/Ücretsiz park yeri/Pradhan Nagar Champasari. ,Özel Oda,1371,1371,,,,,0,26.7316,88.4185,https://www.airbnb.com.tr/rooms/1769435107848892696,https://a0.muscache.com/im/pictures/2807750327.jpg
1668458600927584931,"Niagara Falls, Kanada bölgesinde oda",World RM - Paranızın karşılığını tam olarak alıyorsunuz.,Özel Oda,2503,2503,,,,5.0,8,43.10251,-79.06309,https://www.airbnb.com.tr/rooms/1668458600927584931,https://a0.muscache.com/im/pictures/2601032078.jpg
1756232183045056479,"Daire - Rio de Janeiro, Brezilya",Denize yakın bir aile cenneti ,Daire,3518,3518,,,,,0,-23.029,-43.484,https://www.airbnb.com.tr/rooms/1756232183045056479,https://a0.muscache.com/im/pictures/2782189348.jpg
1661669226864307400,"Ev - Spring, Teksas, Amerika Birleşik Devletleri","Özel havuz ve arka bahçe vahası | Old Town Spring
",Daire / Ev,10970,,10970,,,,0,30.087,-95.4251,https://www.airbnb.com.tr/rooms/1661669226864307400,https://a0.muscache.com/im/pictures/2799944998.jpg
1756708000025607465,"Daire - Batum, Gürcistan",Orbi Beach Tower T3,Daire,4174,,4393,3956,,,0,41.6301,41.6021,https://www.airbnb.com.tr/rooms/1756708000025607465,https://a0.muscache.com/im/pictures/2788996948.jpg
1702971892973726574,"Daire - San Miguel de Tucumán, Arjantin",Tam Donanımlı Departman,Daire,2252,,2252,,,,0,-26.836,-65.2079,https://www.airbnb.com.tr/rooms/1702971892973726574,https://a0.muscache.com/im/pictures/2669394130.jpg
1724092618444783160,"Ev - Four Corners, Florida, Amerika Birleşik Devletleri",Özel havuzlu ve oyun odalı aile evi | Kulübe yürüyün,Özel Oda,13984,,13984,,,5.0,6,28.2659,-81.6558,https://www.airbnb.com.tr/rooms/1724092618444783160,https://a0.muscache.com/im/pictures/2713707711.jpg
1757029031611430476,"Daire - Xicotepec de Juárez, Meksika",Casa Don Beni - Daire 2,Daire,2574,,2574,,,,0,20.2709,-97.961,https://www.airbnb.com.tr/rooms/1757029031611430476,https://a0.muscache.com/im/pictures/2785202461.jpg
1609566026114758088,"Ipojuca, Brezilya bölgesinde oda","Porto de Galinhas'ta Süit, Chalé Grego 10",Özel Oda,1800,,1800,,,,0,-8.5091,-35.0061,https://www.airbnb.com.tr/rooms/1609566026114758088,https://a0.muscache.com/im/pictures/2497316666.jpg
1767482767590669482,"Daire - Kuala Lumpur, Malezya",『New Open』Luxury Suite｜13. kat｜3 yatak・2 banyo｜TRX'e 5 dakika yürüme mesafesinde｜83㎡・5 kişi,Daire,4710,,,4710,,5.0,3,3.1468,101.7201,https://www.airbnb.com.tr/rooms/1767482767590669482,https://a0.muscache.com/im/pictures/2808894109.jpg
1764899404954140866,"Ev - Taylors, Güney Carolina, Amerika Birleşik Devletleri","Golf Simülatörü, Pickleball, Spa ve Saunalı Lüks İnziva Yeri",Daire / Ev,49492,,,49492,,,0,34.9264,-82.3273,https://www.airbnb.com.tr/rooms/1764899404954140866,https://a0.muscache.com/im/pictures/2800159586.jpg
1733004882170292804,"Ev - Oxford, Indiana, Amerika Birleşik Devletleri",LCC Baraka,Daire / Ev,18202,,,18202,,5.0,5,40.5214,-87.254,https://www.airbnb.com.tr/rooms/1733004882170292804,https://a0.muscache.com/im/pictures/2733439112.jpg
1747458358958002063,"Ev - St. Augustine, Florida, Amerika Birleşik Devletleri",Gizli sığınak | Isıtmalı tuzlu su havuzu | Ateş çukuru,Daire / Ev,24803,,,24803,,5.0,3,30.0003,-81.6077,https://www.airbnb.com.tr/rooms/1747458358958002063,https://a0.muscache.com/im/pictures/2774808114.jpg
1759862738867571135,"Daire - Guadalajara, Meksika","Lüks, konfor, teraslar ve ayrıcalıklı alan",Daire,8579,,,8579,,,0,20.7076,-103.3802,https://www.airbnb.com.tr/rooms/1759862738867571135,https://a0.muscache.com/im/pictures/2790371993.jpg
1743822165524515946,"Ev - Chaumont, New York, Amerika Birleşik Devletleri",The Levely View,Daire / Ev,10921,,,10921,,5.0,7,44.0587,-76.1937,https://www.airbnb.com.tr/rooms/1743822165524515946,https://a0.muscache.com/im/pictures/2783571548.jpg
1754100920840509711,"Ev - Kissimmee, Florida, Amerika Birleşik Devletleri",3 Efsanevi Temalı Oda • 27 Kişilik • Havuz/Spa • Disney,Özel Oda,38256,,,38256,,,0,28.3189,-81.4578,https://www.airbnb.com.tr/rooms/1754100920840509711,https://a0.muscache.com/im/pictures/2777700461.jpg
1760489766313340566,"Ev - Westfield, Indiana, Amerika Birleşik Devletleri",Grand Park'a 6 dakika mesafede/Büyük çitle çevrili bahçe/12 kişilik,Daire / Ev,11601,,,11601,,,0,40.0492,-86.12492,https://www.airbnb.com.tr/rooms/1760489766313340566,https://a0.muscache.com/im/pictures/2790539315.jpg
1738350989669881734,"Ev - Marakeş, Fas",Villa Victoria Marakeş havuz,Müstakil Villa,10781,,,10781,,,0,31.6016,-7.9349,https://www.airbnb.com.tr/rooms/1738350989669881734,https://a0.muscache.com/im/pictures/2744078597.jpg
1765229510539411268,"Ev - Seul, Güney Kore",Premium özel müstakil hanok | Gyeongbok Sarayı'na 2 dakika · jakuzi · 5 geceden fazla konaklamalarda havaalanı transferi · Maksimum 8 kişi,Daire / Ev,27113,,,27113,,5.0,3,37.5819,126.9714,https://www.airbnb.com.tr/rooms/1765229510539411268,https://a0.muscache.com/im/pictures/2809459145.jpg
1750979416793843632,"Ev - Nova Friburgo, Brezilya",Lumiar'da Isıtmalı Havuzlu Ev ,Daire / Ev,5953,,,5953,,,0,-22.3348,-42.3301,https://www.airbnb.com.tr/rooms/1750979416793843632,https://a0.muscache.com/im/pictures/2771461744.jpg
1744585118509539487,"Ev - Gainesville, Florida, Amerika Birleşik Devletleri","Evcil hayvan dostu MCM ev, oyun odası, UF, Shands yakınında",Özel Oda,8494,,,8494,,,0,29.6717,-82.3116,https://www.airbnb.com.tr/rooms/1744585118509539487,https://a0.muscache.com/im/pictures/2797485394.jpg
1740894279379753652,"Kır evi - Casimiro de Abreu, Brezilya","Sítio Serra do Poeta | Havuz, Doğa ve Eğlence",Kır Evi / Bungalov,15859,,,,15859,5.0,3,-22.42545,-42.17646,https://www.airbnb.com.tr/rooms/1740894279379753652,https://a0.muscache.com/im/pictures/2794594656.jpg
1740020173483064922,"Ev - Chapin, Güney Carolina, Amerika Birleşik Devletleri","Murray Gölü manzarası, halka açık iskeleye 3 dakika!
",Daire / Ev,17474,,,,17474,,0,34.09748,-81.33815,https://www.airbnb.com.tr/rooms/1740020173483064922,https://a0.muscache.com/im/pictures/2747838253.jpg
1730861210383600154,"Ev - Pinetop Country Club, Arizona, Amerika Birleşik Devletleri",Rahat grup kaçamağı Pinetop-Lakeside,Daire / Ev,22668,,,,22668,,0,34.10612,-109.89875,https://www.airbnb.com.tr/rooms/1730861210383600154,https://a0.muscache.com/im/pictures/2783092807.jpg
42590409,Rochester bölgesinde oda,Sessiz Köy Kaçamağı #2,Özel Oda,4223,4223,,,,4.96,221,46.8861,-122.9962,https://www.airbnb.com.tr/rooms/42590409,https://a0.muscache.com/im/pictures/1908940664.jpg
1760161579258307606,Ev - Piraziz,Kesintisiz Karadeniz manzaralı korunaklı müstakil,Daire / Ev,13850,13850,13850,13850,13850,,0,40.9483,38.1127,https://www.airbnb.com.tr/rooms/1760161579258307606,https://a0.muscache.com/im/pictures/2790086889.jpg
909124703401262124,Daire - Kovanlık,Yeşil ve huzur dolu bir daire,Daire,3525,3500,3500,3500,3600,5.0,62,40.7472,38.1274,https://www.airbnb.com.tr/rooms/909124703401262124,https://a0.muscache.com/im/pictures/2624748640.jpg
933334471203577500,Ev - Piraziz,Deniz ve Orman manzaralı daire - Piraziz Giresun,Daire / Ev,3700,3700,3700,3700,3700,4.88,56,40.93275,38.17453,https://www.airbnb.com.tr/rooms/933334471203577500,https://a0.muscache.com/im/pictures/2345123131.jpg
1457124714713246953,Ağaç ev - Dereli,Giresun Yayla Bungalovu,Daire / Ev,5830,5822,5822,5847,,4.8,15,40.67582,38.35013,https://www.airbnb.com.tr/rooms/1457124714713246953,https://a0.muscache.com/im/pictures/2239979389.jpg
1424574436921276099,Otel - Doğancı,Honey Hotel Tireball,Daire / Ev,3731,3731,,,,,0,40.968601933149884,38.75827930809547,https://www.airbnb.com.tr/rooms/1424574436921276099,https://a0.muscache.com/im/pictures/2180482203.jpg
1206690234590718536,Küçük ev - Bulancak,Mavi Köşk(Isıtmalı Havuz),Daire / Ev,12053,12053,12053,12053,12053,4.9,10,40.9326,38.23788,https://www.airbnb.com.tr/rooms/1206690234590718536,https://a0.muscache.com/im/pictures/2031054201.jpg
835841240616119800,Daire - Yavuzkemal,Paşanın Ali Konağı Apart Hotel Süllü,Daire,4678,4678,4678,,,5.0,26,40.669,38.3504,https://www.airbnb.com.tr/rooms/835841240616119800,https://a0.muscache.com/im/pictures/1683317521.jpg
1702844427249945741,Daire - Piraziz,"Deniz manzaralı 6 kişilik konforlu
 apart ev",Daire,5429,5329,5329,5329,5729,4.83,6,40.9523,38.1488,https://www.airbnb.com.tr/rooms/1702844427249945741,https://a0.muscache.com/im/pictures/2669115079.jpg
1760111220190237314,Ev - Piraziz,Deniz Manzaralı Lüks Aile Villası ,Müstakil Villa,10000,10000,10000,10000,10000,,0,40.9507,38.1242,https://www.airbnb.com.tr/rooms/1760111220190237314,https://a0.muscache.com/im/pictures/2799876196.jpg
946090619040403451,Ev - Piraziz,Doğayla iç içe bir mekan,Daire / Ev,4700,4700,,4700,4700,4.71,49,40.9369,38.1324,https://www.airbnb.com.tr/rooms/946090619040403451,https://a0.muscache.com/im/pictures/1708356621.jpg
925815339199720817,Ev - Piraziz,Deniz manzaralı bahçeli ev,Daire / Ev,4750,4750,4750,4750,4750,4.63,16,40.953,38.1263,https://www.airbnb.com.tr/rooms/925815339199720817,https://a0.muscache.com/im/pictures/2255498468.jpg
716307482525543929,Otel - Ordu,Kubalic Hotel Spa - Deluxe Oda,Özel Oda,4400,4400,4400,,,4.88,8,40.96739,38.05594,https://www.airbnb.com.tr/rooms/716307482525543929,https://a0.muscache.com/im/pictures/1490158132.jpg
1049318830936196826,Ev - Yavuzkemal,Paşanın Ali Konağı Apart-Hotel 2 Kulakkaya,Daire / Ev,4970,4970,4970,4970,4970,5.0,10,40.6992,38.3401,https://www.airbnb.com.tr/rooms/1049318830936196826,https://a0.muscache.com/im/pictures/1803697264.jpg
1379071326832115038,Ev - Yavuzkemal,SÜLLÜ DAĞ EVİ Muradiye,Daire / Ev,5500,5500,5500,5500,5500,5.0,3,40.6991,38.3401,https://www.airbnb.com.tr/rooms/1379071326832115038,https://a0.muscache.com/im/pictures/2228704991.jpg
673866264037271683,Daire - Piraziz,Plaja Yakın Konforlu Aile Yuvası,Daire,4846,7994,3959,3477,3956,4.44,25,40.9517,38.149,https://www.airbnb.com.tr/rooms/673866264037271683,https://a0.muscache.com/im/pictures/1692576824.jpg
547746536203884236,Bungalov - Dereli,SÜLLÜ DAĞ EVİ - Ladin,Kır Evi / Bungalov,13000,13000,13000,,,,0,40.66724,38.35233,https://www.airbnb.com.tr/rooms/547746536203884236,https://a0.muscache.com/im/pictures/1423041166.jpg
1712569294438664848,Doğancı bölgesinde oda,3 kişilik Deluxe oda,Özel Oda,5051,5051,,,,,0,40.97415,38.76113,https://www.airbnb.com.tr/rooms/1712569294438664848,https://a0.muscache.com/im/pictures/2689698384.jpg
1759271237376648912,"Kuta, Endonezya bölgesinde oda",Merdeka Home 1 | Rahat Özel Oda,Özel Oda,828,828,,,,,0,-8.7141,115.1831,https://www.airbnb.com.tr/rooms/1759271237376648912,https://a0.muscache.com/im/pictures/2787985006.jpg
1730561788055650231,"Daire - Ohri, Kuzey Makedonya",City Center Ohrid Vrshkovski Apartment ,Daire,2111,2111,,,,5.0,11,41.1166,20.8031,https://www.airbnb.com.tr/rooms/1730561788055650231,https://a0.muscache.com/im/pictures/2727486143.jpg
1762756382984933900,"Daire - San Luis Potosí, Meksika","A4 Living 
UVM'ye yakın modern daire.",Daire,1744,1744,,,,5.0,4,22.1752,-101.0089,https://www.airbnb.com.tr/rooms/1762756382984933900,https://a0.muscache.com/im/pictures/2795024685.jpg
1761950614077317677,"Daire - Recife, Brezilya",Gameleira Plajı 108 - REC Temporada tarafından,Daire,2454,2454,,,,,0,-8.1278,-34.9032,https://www.airbnb.com.tr/rooms/1761950614077317677,https://a0.muscache.com/im/pictures/2793952725.jpg
1764406930914662082,"Daire - Hyderabad, Hindistan",Lakshmi'nin Rahat Stüdyo Dairesi 8 | HITEC City ve Kondapur,Daire,1320,,1320,,,,0,17.47,78.3326,https://www.airbnb.com.tr/rooms/1764406930914662082,https://a0.muscache.com/im/pictures/2800496958.jpg
54290787,"Ev - Tobyhanna, Pensilvanya, Amerika Birleşik Devletleri","Woodland Retreat • Sauna, jakuzi, oyun odası",Özel Oda,24755,,,24755,,5.0,4,41.22112,-75.35555,https://www.airbnb.com.tr/rooms/54290787,https://a0.muscache.com/im/pictures/2726186723.jpg
1603803798124390182,"Ev - Gainesville, Florida, Amerika Birleşik Devletleri",Yeni Akdeniz Villası - Özel Havuz,Müstakil Villa,18128,,,18128,,,0,29.6836,-82.3845,https://www.airbnb.com.tr/rooms/1603803798124390182,https://a0.muscache.com/im/pictures/2801773283.jpg
1749636625958723797,"Ev - La Fortuna, Kosta Rika",Aile Vahası | Havuz + Jakuzi | La Fortuna'ya 9 dakika,Daire / Ev,6189,,,6189,,5.0,3,10.4741,-84.5902,https://www.airbnb.com.tr/rooms/1749636625958723797,https://a0.muscache.com/im/pictures/2789410806.jpg
1764195529426855937,"Ev - Ixtlahuaca, Meksika",Casa El Encanto.,Daire / Ev,7149,,,,7149,,0,19.8471,-98.0083,https://www.airbnb.com.tr/rooms/1764195529426855937,https://a0.muscache.com/im/pictures/2797662929.jpg
1768280478132590621,"Jaipur, Hindistan bölgesinde konaklama yeri",Aangan Stüdyosu,Daire / Ev,1498,1498,,,,5.0,5,26.9144,75.7918,https://www.airbnb.com.tr/rooms/1768280478132590621,https://a0.muscache.com/im/pictures/2808444983.jpg
1759431412082066975,"Ev - Albrightsville, Pensilvanya, Amerika Birleşik Devletleri","Lüks, Jakuzi, Sauna, Oyun Odası, Köpek Dostu",Özel Oda,21381,,21381,,,,0,41.0045,-75.5931,https://www.airbnb.com.tr/rooms/1759431412082066975,https://a0.muscache.com/im/pictures/2797469132.jpg
1740625707641392540,"Daire - Edenvale, Güney Afrika",Emerald Ridge İnzivası,Daire,3778,,,3778,,5.0,9,-26.1164,28.1485,https://www.airbnb.com.tr/rooms/1740625707641392540,https://a0.muscache.com/im/pictures/2765040487.jpg
786215882292047706,"Kulübe - Nova Friburgo, Brezilya",Bom Retiro Kır Evi,Daire / Ev,3141,,,3141,,5.0,176,-22.342,-42.3301,https://www.airbnb.com.tr/rooms/786215882292047706,https://a0.muscache.com/im/pictures/2017063346.jpg
1612696261760102598,"Küçük ev - Angeles, Porto Riko",Dağdaki Küçük Kulübe | Doğa | Bağlantıyı Kesme,Daire / Ev,8519,,,8519,,5.0,58,18.280588279805045,-66.78694550485619,https://www.airbnb.com.tr/rooms/1612696261760102598,https://a0.muscache.com/im/pictures/2815753032.jpg
1666494564588657870,"Ev - Kiyosu, Japonya",    Nagoya İstasyonu tramvayla 3 dakika | İstasyondan 6 dakika yürüme mesafesinde | 8 kişi için uygun - Kiralık eski ev,Daire / Ev,4899,,,4899,,,0,35.199833362989025,136.86464355100682,https://www.airbnb.com.tr/rooms/1666494564588657870,https://a0.muscache.com/im/pictures/2797843432.jpg
1742844263823969367,"Kır evi - Gorthleck, Birleşik Krallık",Rahat Highland Bothy İnzivası ,Kır Evi / Bungalov,11163,,,11163,,,0,57.25048,-4.43323,https://www.airbnb.com.tr/rooms/1742844263823969367,https://a0.muscache.com/im/pictures/2757032105.jpg
1725722857798813351,"Ev - Gatlinburg, Tennessee, Amerika Birleşik Devletleri","Sonbahar manzaraları, havuz ve oyun odası | Şehir merkezine 1 mil",Özel Oda,26623,,,,26623,,0,35.7032,-83.5078,https://www.airbnb.com.tr/rooms/1725722857798813351,https://a0.muscache.com/im/pictures/2779157324.jpg
1697979870730884963,"Kulübe - Bullaren, İsveç","Bohuslän, Bullaren'de göl manzaralı ve saunalı kulübe",Daire / Ev,4779,,,,4779,5.0,12,58.85238923955478,11.539413267377194,https://www.airbnb.com.tr/rooms/1697979870730884963,https://a0.muscache.com/im/pictures/2658071405.jpg
1739275130985334477,"Ev - Casa Grande, Arizona, Amerika Birleşik Devletleri",Yeniden Başlayın ve Toplanın! Isıtmalı Havuz•Spa•Ateş Çukuru•Barbekü•17 KİŞİ,Daire / Ev,26235,,,,26235,5.0,4,32.8855,-111.7221,https://www.airbnb.com.tr/rooms/1739275130985334477,https://a0.muscache.com/im/pictures/2770204876.jpg
1738574800810929868,"Ev - Elk Grove, Kaliforniya, Amerika Birleşik Devletleri",Havuzlu dinlenme yeri | Oyunlar | 2 adet king boy yatak | Barbekü ızgarası,Daire / Ev,18736,,,,18736,,0,38.40231,-121.43471,https://www.airbnb.com.tr/rooms/1738574800810929868,https://a0.muscache.com/im/pictures/2790783108.jpg
1760197540899949600,"Ev - Bradenton, Florida, Amerika Birleşik Devletleri",YENİ! 12 kişilik~Isıtmalı havuz~Sauna~Spor salonu~Oyunlar~Bar,Daire / Ev,25725,,,,25725,,0,27.47358,-82.59581,https://www.airbnb.com.tr/rooms/1760197540899949600,https://a0.muscache.com/im/pictures/2796335425.jpg
1755834710233142476,"Ev - Cholul, Meksika",Sessiz ve konforlu bir konaklamanın keyfini çıkarın.,Daire / Ev,6577,,,,6577,,0,21.0362,-89.5629,https://www.airbnb.com.tr/rooms/1755834710233142476,https://a0.muscache.com/im/pictures/2793237034.jpg
1757371058555231856,"Kulübe - Garden City, Utah, Amerika Birleşik Devletleri",Aspen'de Sakin Bir Kulübe,Daire / Ev,17480,,,,17480,,0,41.96070042181812,-111.40266666948538,https://www.airbnb.com.tr/rooms/1757371058555231856,https://a0.muscache.com/im/pictures/2784591585.jpg
1761791536020678059,"Ev - Harlem, Georgia, Amerika Birleşik Devletleri","Su kenarında inziva | Balık tutma, jakuzi ve sauna",Daire / Ev,15702,,,,15702,,0,33.4734,-82.2981,https://www.airbnb.com.tr/rooms/1761791536020678059,https://a0.muscache.com/im/pictures/2793066001.jpg
1769037373694197739,"Kulübe - Banner, Mississippi, Amerika Birleşik Devletleri",Tepedeki kulübe,Daire / Ev,7766,7766,,,,,0,34.1465,-89.4068,https://www.airbnb.com.tr/rooms/1769037373694197739,https://a0.muscache.com/im/pictures/2807176306.jpg
1769923462798570049,"Çiftlikte konaklama - Fraser Lake, Kanada",Wellspring Misafir Evi,Daire / Ev,8401,8401,,,,,0,54.041,-124.8489,https://www.airbnb.com.tr/rooms/1769923462798570049,https://a0.muscache.com/im/pictures/2814579826.jpg
1755016804864404791,"Ahlerstedt, Almanya bölgesinde oda",Yeşillikler içindeki oda Tek başına seyahat edenler ve çiftler için mükemmel,Özel Oda,2140,2140,,,,5.0,3,53.40641,9.44899,https://www.airbnb.com.tr/rooms/1755016804864404791,https://a0.muscache.com/im/pictures/2799919220.jpg
1730089144632932500,"Ev - 100 Mile House, Kanada",Jacobson Lakeside Rentals 103 Göl Evi ,Daire / Ev,11792,11792,11792,,,,0,51.6889,-121.3066,https://www.airbnb.com.tr/rooms/1730089144632932500,https://a0.muscache.com/im/pictures/2727930630.jpg
1762228529505200178,Daire - Lapta,"Deniz ve Dağ Manzaralı Lüks 1 Yatak Odalı Daire
",Özel Oda,6528,6528,,,,,0,35.3469,33.1458,https://www.airbnb.com.tr/rooms/1762228529505200178,https://a0.muscache.com/im/pictures/2793874012.jpg
1765385551432626160,"Site içi konut - Dehradun, Hindistan","Olive & Oak | 3 yatak odalı, oturma odalı, mutfaklı, Valley Vista | Mussoorie manzarası",Özel Oda,3042,3042,,,,5.0,6,30.3742,78.0781,https://www.airbnb.com.tr/rooms/1765385551432626160,https://a0.muscache.com/im/pictures/2800050458.jpg
1760893647297535815,"Ev - Kochi, Hindistan","Safa Villaları, Kochi'de 4 yatak odalı premium villa",Müstakil Villa,2184,2184,,,,5.0,3,10.0014,76.3445,https://www.airbnb.com.tr/rooms/1760893647297535815,https://a0.muscache.com/im/pictures/2809866328.jpg
1758903985521947352,"Ev - Lucknow, Hindistan","Aurevia Konaklamaları | Lulu, Medanta, Palassio yakınında 3 yatak odalı",Özel Oda,2590,2590,,,,,0,26.7794,81.0108,https://www.airbnb.com.tr/rooms/1758903985521947352,https://a0.muscache.com/im/pictures/2787405391.jpg
1766157075753187576,"Ev - Saluda, Virginia, Amerika Birleşik Devletleri",Ana caddede zanaatkar ,Daire / Ev,9975,9975,,,,5.0,4,37.6014,-76.5997,https://www.airbnb.com.tr/rooms/1766157075753187576,https://a0.muscache.com/im/pictures/2801565279.jpg
1736808746180366231,"Varanasi, Hindistan bölgesinde oda",Ganpati Niwas Riddhi,Özel Oda,635,635,,,,5.0,3,25.3502,83.0308,https://www.airbnb.com.tr/rooms/1736808746180366231,https://a0.muscache.com/im/pictures/2741436982.jpg
1759576899671879602,"Ev - Mohave, Arizona, Amerika Birleşik Devletleri",Yepyeni Çöl İnzivası | Manzaralar ve Yıldızlar,Daire / Ev,6067,6067,,,,,0,35.1284,-113.6534,https://www.airbnb.com.tr/rooms/1759576899671879602,https://a0.muscache.com/im/pictures/2790464064.jpg
1597053940319437121,"Besi çiftliği - Conselheiro Mata, Distrito de Diamantina, Brezilya",Rancho Rodadagua ,Özel Oda,1085,1085,,,,5.0,3,-18.2882,-43.9817,https://www.airbnb.com.tr/rooms/1597053940319437121,https://a0.muscache.com/im/pictures/2804846675.jpg
1764554668334724760,"Ev - Bluefield, Batı Virginia, Amerika Birleşik Devletleri","Trail ATV Laser Show'a yakın, jakuzi, Sky Lounge",Daire / Ev,12499,,12499,,,,0,37.3191,-81.268,https://www.airbnb.com.tr/rooms/1764554668334724760,https://a0.muscache.com/im/pictures/2798800599.jpg
1766921965284000600,"Ev - Linden, Teksas, Amerika Birleşik Devletleri",B'nin Çiftlik Evinde Kaçamak - 3 dönüm arazi üzerinde,Daire / Ev,6310,,6310,,,,0,32.9965,-94.2896,https://www.airbnb.com.tr/rooms/1766921965284000600,https://a0.muscache.com/im/pictures/2803126434.jpg
1744259930401105726,"Kulübe - Piedmont, Missouri, Amerika Birleşik Devletleri",Clearwater Gölü/Black River Yakınında Rahat Kulübe,Daire / Ev,9562,,9562,,,5.0,7,37.2015,-90.7472,https://www.airbnb.com.tr/rooms/1744259930401105726,https://a0.muscache.com/im/pictures/2756821989.jpg
1721136031082619720,"Kulübe - Arras-en-Lavedan, Fransa",Özel Spa'lı konforlu dağ evi,Daire / Ev,5350,,5350,,,,0,42.9955,-0.1194,https://www.airbnb.com.tr/rooms/1721136031082619720,https://a0.muscache.com/im/pictures/2707549774.jpg
1700339971197147945,"Küçük ev - Santiago, Meksika",Loft tipi kır evi. Doğanın keyfini çıkarın,Daire / Ev,3861,,3861,,,5.0,38,25.4429,-100.1825,https://www.airbnb.com.tr/rooms/1700339971197147945,https://a0.muscache.com/im/pictures/2731101568.jpg
1759763938321699392,"Konaklama yeri - San Jacinto, Meksika","Sisli ormanın içine gömülü ekolojik çatı katı


",Daire / Ev,4573,,4573,,,,0,19.4842,-96.9522,https://www.airbnb.com.tr/rooms/1759763938321699392,https://a0.muscache.com/im/pictures/2797680083.jpg
1428517710975250943,"Ev - Arichat, Kanada",Okyanus esintisi inzivası,Daire / Ev,9066,,9066,,,5.0,9,45.5104,-61.0234,https://www.airbnb.com.tr/rooms/1428517710975250943,https://a0.muscache.com/im/pictures/2727482799.jpg
1764512203823764970,"Ev - Chuncheon, Güney Kore",Alcôndalcônd Stay / Müstakil ev / Aile toplantısı / 2 ila 12 kişi,Daire / Ev,2892,,,2892,,5.0,4,37.8703,127.7363,https://www.airbnb.com.tr/rooms/1764512203823764970,https://a0.muscache.com/im/pictures/2798175141.jpg
1708974305205726451,"Kulübe - Morovis, Porto Riko",Gizli Yuva ,Daire / Ev,7407,,,7407,,5.0,17,18.2932,-66.4296,https://www.airbnb.com.tr/rooms/1708974305205726451,https://a0.muscache.com/im/pictures/2682012830.jpg
1198468549917715724,"Ev - West Columbia, Güney Carolina, Amerika Birleşik Devletleri",Golden Reflections kaçamağı,Daire / Ev,10533,,,10533,,4.99,161,33.96827009217458,-81.09734576289907,https://www.airbnb.com.tr/rooms/1198468549917715724,https://a0.muscache.com/im/pictures/2165348351.jpg
1723413162599316711,"Ev - Fort Wayne, Indiana, Amerika Birleşik Devletleri","1,3 dönüm arazi üzerinde lüks tasarım inziva evi | Oyun salonu",Daire / Ev,15096,,,15096,,5.0,3,41.1716,-85.1157,https://www.airbnb.com.tr/rooms/1723413162599316711,https://a0.muscache.com/im/pictures/2720990660.jpg
1744438509841929352,"Ev - Wentworth, New Hampshire, Amerika Birleşik Devletleri",Wentworth Üs Kampı: Rahat bir NH İnzivası,Daire / Ev,19658,,,,19658,,0,43.8749,-71.9129,https://www.airbnb.com.tr/rooms/1744438509841929352,https://a0.muscache.com/im/pictures/2776202307.jpg
1598283606992870183,Ev - Tumwater,Dağ manzaralı verandaya sahip lüks ev,Daire / Ev,25192,25192,,,,,0,47.01101,-122.92035,https://www.airbnb.com.tr/rooms/1598283606992870183,https://a0.muscache.com/im/pictures/2478649430.jpg
1760015703385301357,Otel odası - Tumwater,King | La Quinta Tumwater-Olympia | Kapalı havuz,Özel Oda,10332,10332,,,,,0,47.0059931,-122.9075695,https://www.airbnb.com.tr/rooms/1760015703385301357,https://a0.muscache.com/im/pictures/2789481474.jpg
903192334759740403,Daire - Olympia,"Dinlendirici 3 yatak odası / 2 yaşam alanı / Klima, odalarda TV",Özel Oda,8688,,,8688,,4.89,255,47.0448,-122.9182,https://www.airbnb.com.tr/rooms/903192334759740403,https://a0.muscache.com/im/pictures/1757100384.jpg
851354108430245373,Kulübe - Olympia,"Göl kenarında jakuzili kulübe, oyun odası, kanolar ve manzara",Özel Oda,24949,,,,24949,4.9,67,46.99317,-122.78323,https://www.airbnb.com.tr/rooms/851354108430245373,https://a0.muscache.com/im/pictures/1657017313.jpg
1766064195893495704,Ev - Olympia,St Clair Gölü'nde Su Kenarında Saunalı Yaşam,Daire / Ev,23177,,,,23177,,0,46.9935,-122.7307,https://www.airbnb.com.tr/rooms/1766064195893495704,https://a0.muscache.com/im/pictures/2801327217.jpg
1582727443867152042,"Daire - Rio de Janeiro, Brezilya",Copa ve Ipanema Arasında: Geniş ve Sessiz,Daire,2686,2686,,,,5.0,28,-22.98162,-43.19376,https://www.airbnb.com.tr/rooms/1582727443867152042,https://a0.muscache.com/im/pictures/2452048254.jpg
1766450250560008180,"Ev - Daejeon, Güney Kore",Shinhung İstasyonu 3 dakika • Ücretsiz otopark • Bagaj emaneti • Beamf,Daire / Ev,1808,,1808,,,,0,36.32072,127.449,https://www.airbnb.com.tr/rooms/1766450250560008180,https://a0.muscache.com/im/pictures/2815135042.jpg
1600097211208440244,"Ev - Palmas, Brezilya","Geniş ve merkezi konumda ev | 4 yatak odası, klimalı",Özel Oda,5665,,,5665,,5.0,22,-10.2091,-48.3459,https://www.airbnb.com.tr/rooms/1600097211208440244,https://a0.muscache.com/im/pictures/2481791809.jpg
1693791852508183724,Ev - Batman,batman merkezde 2+1 günlük kiralık apart daire,Daire / Ev,3376,3553,3198,3198,3553,,0,37.884370128273126,41.12771680694647,https://www.airbnb.com.tr/rooms/1693791852508183724,https://a0.muscache.com/im/pictures/2649338290.jpg
1690096159215817961,Ev - merkez,Batman merkezde günlük haftalık aylık daireler,Daire / Ev,3376,3553,3198,3198,3553,,0,37.88015619429169,41.124811750603094,https://www.airbnb.com.tr/rooms/1690096159215817961,https://a0.muscache.com/im/pictures/2642100749.jpg
1689349120731278208,Batman bölgesinde oda,Batman da günlük haftalık apart daireler,Özel Oda,3402,3553,3198,3198,3660,,0,37.88339149993739,41.12688266704672,https://www.airbnb.com.tr/rooms/1689349120731278208,https://a0.muscache.com/im/pictures/2640557469.jpg
1595430617295867794,Daire - Batman,"Merkezi, temiz ve huzurlu",Daire,4046,,4441,3849,3849,5.0,9,37.905098123477515,41.132109991825715,https://www.airbnb.com.tr/rooms/1595430617295867794,https://a0.muscache.com/im/pictures/2528009145.jpg
1722678035542686663,"Ev - Palm Coast, Florida, Amerika Birleşik Devletleri","7 yatak odalı, ısıtmalı havuzlu | Oyun odası + özel süit",Özel Oda,30191,,30191,,,5.0,3,29.4602,-81.2226,https://www.airbnb.com.tr/rooms/1722678035542686663,https://a0.muscache.com/im/pictures/2744446897.jpg
1765575761858588395,"Kulübe - Joanópolis, Brezilya",Cachoeira dos Pretos yakınında samimi bir dağ evi ,Daire / Ev,4727,,,4727,,,0,-22.9681,-46.1697,https://www.airbnb.com.tr/rooms/1765575761858588395,https://a0.muscache.com/im/pictures/2803128356.jpg
1752008984366612053,"Ev - Ortigueira, İspanya",Campo da Silva Homes,Daire / Ev,5491,,,5491,,,0,43.7186,-7.7891,https://www.airbnb.com.tr/rooms/1752008984366612053,https://a0.muscache.com/im/pictures/2773506973.jpg
1745667546426383772,"Ev - Lago Vista, Teksas, Amerika Birleşik Devletleri",Göl Manzaralı İnziva Yeri,Daire / Ev,18445,,,18445,,,0,30.4496,-97.9954,https://www.airbnb.com.tr/rooms/1745667546426383772,https://a0.muscache.com/im/pictures/2784967655.jpg
1757906931996539294,"Daire - Kota, Hindistan",Virasat - Bir Miras Masalı,Daire,1168,,,1168,,5.0,5,25.1431,75.8541,https://www.airbnb.com.tr/rooms/1757906931996539294,https://a0.muscache.com/im/pictures/2785575731.jpg
1719957571151754067,"Daire - Nagasaki, Japonya",Açık satış [Nagasaki / İşlek Bölge Merkezi] Modern Japon tarzı kiralık | Çin Mahallesi'ne 6 dakika yürüme mesafesinde | İstasyona 3 dakika yürüme mesafesinde | 5 kişilik aile için uygun,Daire,4109,,,4109,,5.0,7,32.741,129.8803,https://www.airbnb.com.tr/rooms/1719957571151754067,https://a0.muscache.com/im/pictures/2797624071.jpg
1691524495053192887,"Ev - Bumpass, Virginia, Amerika Birleşik Devletleri","YENİ 7 yatak odalı göl kenarı Lake Anna, plaj, rıhtım, jakuzi",Özel Oda,43927,,,,43927,5.0,10,38.01294,-77.73633,https://www.airbnb.com.tr/rooms/1691524495053192887,https://a0.muscache.com/im/pictures/2653857032.jpg
1749863447597080947,"Ev - Ibiúna, Brezilya","Özel göl, yüzme havuzu ve şömine | Ibiúna",Daire / Ev,7105,,,,7105,,0,-23.6898,-47.1324,https://www.airbnb.com.tr/rooms/1749863447597080947,https://a0.muscache.com/im/pictures/2786258366.jpg
878098151169918202,Misafir evi - İstanbul,Balkon + 1000 MPBS + 32 inç TV,Daire / Ev,1650,1650,,,,4.82,194,41.0382,28.9416,https://www.airbnb.com.tr/rooms/878098151169918202,https://a0.muscache.com/im/pictures/1636993390.jpg
1746340955702444597,İstanbul bölgesinde oda,"Şık Standart oda | Bomonti'nin Kalbinde
",Özel Oda,4045,4045,,,,,0,41.0596,28.9767,https://www.airbnb.com.tr/rooms/1746340955702444597,https://a0.muscache.com/im/pictures/2761407355.jpg
1314511117711369122,Daire - İstanbul,Metroya yakın asansörlü yepyeni merkezi stüdyo daire,Daire,4822,4822,,,,5.0,20,41.0554,28.986,https://www.airbnb.com.tr/rooms/1314511117711369122,https://a0.muscache.com/im/pictures/2469572924.jpg
46386595,Site içi konut - İstanbul,Şişli'de Lüks Rezidans (Havuz/Garaj/Spor Salonu),Daire / Ev,6207,6921,,5493,,4.84,158,41.05422,28.98132,https://www.airbnb.com.tr/rooms/46386595,https://a0.muscache.com/im/pictures/1096567982.jpg
1262175698122998019,Otel - İstanbul,The Blue Suites Balkonlu Şehir Manzaralı  Oda,Özel Oda,2800,2800,,,,4.75,40,41.0527,28.9838,https://www.airbnb.com.tr/rooms/1262175698122998019,https://a0.muscache.com/im/pictures/2007395347.jpg
1085596166677403089,Daire - İstanbul,Özel Teraslı Konforlu Stüdyo,Daire,2872,2872,,,,4.77,128,41.03853,28.97659,https://www.airbnb.com.tr/rooms/1085596166677403089,https://a0.muscache.com/im/pictures/1836235203.jpg
1716033687501933204,Daire - İstanbul,"Bomontiada'ya birkaç adım uzaklıkta konforlu, klimalı rezidans",Daire,4762,4762,,,,4.8,5,41.05701,28.98256,https://www.airbnb.com.tr/rooms/1716033687501933204,https://a0.muscache.com/im/pictures/2696954099.jpg
1374192737862792461,Otel odası - İstanbul,"Cevahir AVM yakınında yeni daire, Şişli",Özel Oda,6195,6195,6195,,,4.87,223,41.0592,28.9852,https://www.airbnb.com.tr/rooms/1374192737862792461,https://a0.muscache.com/im/pictures/2336316510.jpg
1533172299755962333,Daire - İstanbul,Taksim'e 7dk mesafe.Lux geniş Rezidance.,Daire,4750,4750,,,,5.0,28,41.0427,28.9832,https://www.airbnb.com.tr/rooms/1533172299755962333,https://a0.muscache.com/im/pictures/2372442228.jpg
1300451176491573514,Daire - İstanbul,Şehir merkezinde rahat daire 1+1,Daire,4117,4117,,,,4.65,63,41.06771,28.99382,https://www.airbnb.com.tr/rooms/1300451176491573514,https://a0.muscache.com/im/pictures/2039232025.jpg
1211644062567021692,Daire - İstanbul,Bomonti 42 Suites | 2 yatak odalı şık daire,Özel Oda,6775,6775,,,,4.91,23,41.0593,28.9834,https://www.airbnb.com.tr/rooms/1211644062567021692,https://a0.muscache.com/im/pictures/2430341595.jpg
1723929491091222903,Daire - İstanbul,Queen Bomonti'de park yeri ve havuzlu aydınlık stüdyo daire #1004,Daire,7132,7132,,,,5.0,8,41.0578,28.9751,https://www.airbnb.com.tr/rooms/1723929491091222903,https://a0.muscache.com/im/pictures/2713198920.jpg
1642948593524215654,İstanbul bölgesinde oda,Taksim İstiklal Balkonlu Oda – Sokağı Yaşayın,Özel Oda,2487,2487,,,,4.72,25,41.0337,28.9768,https://www.airbnb.com.tr/rooms/1642948593524215654,https://a0.muscache.com/im/pictures/2591744300.jpg
1355686815968519303,Daire - İstanbul,Cozy 1+1 Flat  in Nişantaşı 4th F,Daire,4777,4777,,,,4.88,69,41.0534,28.993,https://www.airbnb.com.tr/rooms/1355686815968519303,https://a0.muscache.com/im/pictures/2088434425.jpg
566446700182569198,Daire - İstanbul,Taksim Meydanı yakınında geniş şirin stüdyo 12,Daire,3210,3210,,,,4.83,106,41.03614,28.98452,https://www.airbnb.com.tr/rooms/566446700182569198,https://a0.muscache.com/im/pictures/1344885270.jpg
761349958367490173,Daire - İstanbul,Bomonti Lüks 1+1 Rezidans,Daire,5728,5728,,,,4.81,16,41.0584,28.9818,https://www.airbnb.com.tr/rooms/761349958367490173,https://a0.muscache.com/im/pictures/2305688110.jpg
1617351524696073978,Daire - İstanbul,Meroddi Beyoğlu Residence - Balkonlu Stüdyo,Daire,3878,3878,,,,4.8,69,41.0385,28.9658,https://www.airbnb.com.tr/rooms/1617351524696073978,https://a0.muscache.com/im/pictures/2510117535.jpg
1168684861337618365,Daire - İstanbul,Arka bahçeli zemin kattaki daire ,Daire,2697,2697,,,,4.84,138,41.03527,28.97851,https://www.airbnb.com.tr/rooms/1168684861337618365,https://a0.muscache.com/im/pictures/1919644624.jpg
1632639062656748456,Daire - İstanbul,Şişli Daire 1,Daire,2831,,2670,2912,2912,4.58,26,41.05793,28.98553,https://www.airbnb.com.tr/rooms/1632639062656748456,https://a0.muscache.com/im/pictures/2536304022.jpg
1402274523851106807,Daire - İstanbul,Restore Edilmiş Tarihi Güzel Bir Daire.,Daire,2237,,2237,,,4.72,76,41.03613,28.97628,https://www.airbnb.com.tr/rooms/1402274523851106807,https://a0.muscache.com/im/pictures/2143757684.jpg
1688583932840777718,Daire - İstanbul,Koy manzaralı pencereli şık stüdyo daire 3,Daire,2670,,2670,,,4.83,12,41.03792,28.9767,https://www.airbnb.com.tr/rooms/1688583932840777718,https://a0.muscache.com/im/pictures/2639008661.jpg
37250528,Daire - İstanbul,Şişli Apartmanı 2,Daire,2475,,2475,,,4.43,236,41.05803,28.98466,https://www.airbnb.com.tr/rooms/37250528,https://a0.muscache.com/im/pictures/2038773805.jpg
1704365658391060762,Daire - İstanbul,Park yeri ve havuzu olan merkezi yüksek katlı stüdyo #1016,Daire,7835,,7835,,,4.9,10,41.0577,28.9751,https://www.airbnb.com.tr/rooms/1704365658391060762,https://a0.muscache.com/im/pictures/2672296735.jpg
1554265971122989047,Daire - İstanbul,Bodrum Kat Süiti (1+1 Standart),Daire,4421,,4224,,4618,4.82,11,41.05482,28.97886,https://www.airbnb.com.tr/rooms/1554265971122989047,https://a0.muscache.com/im/pictures/2426596528.jpg
1764569624322473463,Daire - İstanbul,"26. kattaki lüks 2 yatak odalı, havuzlu ve 620 numaralı park yerli daire",Özel Oda,11771,,11771,,,,0,41.0578,28.9751,https://www.airbnb.com.tr/rooms/1764569624322473463,https://a0.muscache.com/im/pictures/2798331281.jpg
1293985260440089610,Daire - İstanbul,Altın Ok 1,Daire,3444,,3444,,,4.96,94,41.0383,28.9816,https://www.airbnb.com.tr/rooms/1293985260440089610,https://a0.muscache.com/im/pictures/2038132629.jpg
868873937479725978,Daire - İstanbul,Rezidans'ta Elit 3+1 Tamamen Klimalı,Daire,13275,,13275,,,4.72,106,41.0644,28.9688,https://www.airbnb.com.tr/rooms/868873937479725978,https://a0.muscache.com/im/pictures/1627556140.jpg
1772592082088880696,Ev - İstanbul,Nişantaşı'nda şık ve ferah ev,Daire / Ev,2850,,2850,2850,,,0,41.05602,28.99189,https://www.airbnb.com.tr/rooms/1772592082088880696,https://a0.muscache.com/im/pictures/2814233603.jpg
994859851026355914,Daire - İstanbul,Geniş Sunnyside Stüdyosu,Daire,3717,,3717,,,4.7,50,41.0611,28.9847,https://www.airbnb.com.tr/rooms/994859851026355914,https://a0.muscache.com/im/pictures/1752525508.jpg
1357869411174942589,Daire - İstanbul,Cozy 1+1 Flat in Nişantaşı 5th F,Daire,4974,,4974,,,4.89,75,41.05282,28.99125,https://www.airbnb.com.tr/rooms/1357869411174942589,https://a0.muscache.com/im/pictures/2090154733.jpg
1196142872608133040,Daire - İstanbul,Tarihi Nişantaşı Binasında Rahat 1 Yatak Odası,Özel Oda,5014,,5014,,,4.85,59,41.0518,28.9891,https://www.airbnb.com.tr/rooms/1196142872608133040,https://a0.muscache.com/im/pictures/1985561492.jpg
1197540464604782892,Otel - İstanbul,lüks otel teras odası,Özel Oda,3098,,3098,,,4.82,51,41.0493,28.9866,https://www.airbnb.com.tr/rooms/1197540464604782892,https://a0.muscache.com/im/pictures/1949413767.jpg
758789759501379776,İstanbul bölgesinde oda,"Manzaralı dairede, tek kişilik oda.",Özel Oda,1050,,1050,,,4.77,60,41.0573,28.953,https://www.airbnb.com.tr/rooms/758789759501379776,https://a0.muscache.com/im/pictures/2737239791.jpg
1645572022825329363,Daire - İstanbul,Modern Bodrum Daire 2+1 (4),Daire,5300,,5300,,,4.92,13,41.05441,28.981,https://www.airbnb.com.tr/rooms/1645572022825329363,https://a0.muscache.com/im/pictures/2558094073.jpg
637399593308273563,Daire - Kâğıthane,Rezidanda En İyi 2+1 Tam Klimalı,Daire,9489,,9489,,,4.74,43,41.0644,28.9688,https://www.airbnb.com.tr/rooms/637399593308273563,https://a0.muscache.com/im/pictures/1625944218.jpg
53106893,Daire - Kâğıthane,"★En İyi Fiyatlı★ Merkezde 3 Yatak Odalı Daire, Wifi ve Netflix",Özel Oda,10232,,,10232,,4.88,144,41.06369,28.96997,https://www.airbnb.com.tr/rooms/53106893,https://a0.muscache.com/im/pictures/1357369464.jpg
48237067,Daire - İstanbul,Şehir Merkezinde Tamamen Mobilyalı Lüks Ev 5,Daire,4194,,,4306,4082,4.82,200,41.05399,28.98584,https://www.airbnb.com.tr/rooms/48237067,https://a0.muscache.com/im/pictures/1164049873.jpg
53703046,Site içi konut - Kâğıthane,Rezidans'ta Harika 3+1 Tamamen Klimalı,Daire / Ev,10314,,,10848,9781,4.93,90,41.0644,28.9688,https://www.airbnb.com.tr/rooms/53703046,https://a0.muscache.com/im/pictures/1628407639.jpg
1575560504047645977,Daire - İstanbul,Sirius | Prime Tasarım 1 Yatak Odalı Daire |40.+ Kat Manzarası,Özel Oda,6970,,,6970,,5.0,97,41.0571,28.9755,https://www.airbnb.com.tr/rooms/1575560504047645977,https://a0.muscache.com/im/pictures/2456147578.jpg
1262189200423098908,Otel - İstanbul,The Blue Suites Şehir Manzaralı Oda,Özel Oda,2600,,,2600,2600,4.81,27,41.05343214435558,28.98285571378664,https://www.airbnb.com.tr/rooms/1262189200423098908,https://a0.muscache.com/im/pictures/2409420497.jpg
1456476249792829755,Daire - İstanbul,Çift Kişilik Oda,Özel Oda,2000,,,2000,,4.92,103,41.0333,28.9825,https://www.airbnb.com.tr/rooms/1456476249792829755,https://a0.muscache.com/im/pictures/2430355942.jpg
744540213271598134,Site içi konut - Kâğıthane,İstanbul'da YENİ geniş 3 yatak odalı ev,Özel Oda,11402,,,11402,,4.82,98,41.06359,28.97012,https://www.airbnb.com.tr/rooms/744540213271598134,https://a0.muscache.com/im/pictures/1525514042.jpg
1753969600145406150,Daire - İstanbul,"Nu.9 Benzersiz Tasarım, Özel Teras, Galata",Daire,3802,,,3802,,5.0,6,41.0264,28.9782,https://www.airbnb.com.tr/rooms/1753969600145406150,https://a0.muscache.com/im/pictures/2777499993.jpg
48238395,Daire - İstanbul,Şehir Merkezinde Tamamen Mobilyalı Lüks Ev 6,Daire,4238,,,4238,,4.78,126,41.05582,28.98584,https://www.airbnb.com.tr/rooms/48238395,https://a0.muscache.com/im/pictures/1136522682.jpg
1254943510557944544,Otel - İstanbul,Lüks otel teras odası,Özel Oda,3379,,,3379,,4.97,33,41.0493,28.9866,https://www.airbnb.com.tr/rooms/1254943510557944544,https://a0.muscache.com/im/pictures/2001427119.jpg
1051515038131144626,Daire - İstanbul,Taksim'de Küvetli Şık Daire,Daire,6589,,,6589,,4.9,135,41.03051,28.98092,https://www.airbnb.com.tr/rooms/1051515038131144626,https://a0.muscache.com/im/pictures/1805825837.jpg
1402270231131159218,Daire - İstanbul,Güzel Restore Edilmiş Daire,Daire,3028,,,3028,,4.81,103,41.03647,28.97561,https://www.airbnb.com.tr/rooms/1402270231131159218,https://a0.muscache.com/im/pictures/2143748418.jpg
1466782270619732592,Daire - Kâğıthane,Rahat,Daire,1631,,,1631,,4.32,19,41.0705,28.9837,https://www.airbnb.com.tr/rooms/1466782270619732592,https://a0.muscache.com/im/pictures/2256555522.jpg
1171698664853481525,Daire - İstanbul,Tünel Suites2,Daire,4449,,,4449,,4.98,128,41.0281,28.974,https://www.airbnb.com.tr/rooms/1171698664853481525,https://a0.muscache.com/im/pictures/1922590023.jpg
1020204826351618235,Otel - İstanbul,İstiklale yakın deluxe room 201,Daire / Ev,2444,,,2444,,4.89,83,41.0363,28.9782,https://www.airbnb.com.tr/rooms/1020204826351618235,https://a0.muscache.com/im/pictures/1844206075.jpg
4870039,Otel odası - İstanbul,Türkiye İstanbul Daire Taksim DeluxeRoom 3 Dakika Yürüyüş Meydan,Özel Oda,2427,,,,2427,4.83,161,41.0402,28.9817,https://www.airbnb.com.tr/rooms/4870039,https://a0.muscache.com/im/pictures/2670291609.jpg
1326850562906696484,Daire - İstanbul,0101 • Mütehassis.,Daire,3155,,,,3155,4.93,107,41.03094,28.9724,https://www.airbnb.com.tr/rooms/1326850562906696484,https://a0.muscache.com/im/pictures/2506085296.jpg
1171719412113549566,Daire - İstanbul,Tünel Suites3,Daire,4449,,,,4449,4.95,114,41.02832,28.97282,https://www.airbnb.com.tr/rooms/1171719412113549566,https://a0.muscache.com/im/pictures/1922619399.jpg
635109882169862615,Daire - İstanbul,Şehir Merkezinde Tamamen Mobilyalı Lüks Ev 11,Daire,3078,,,,3078,4.71,75,41.05557,28.98576,https://www.airbnb.com.tr/rooms/635109882169862615,https://a0.muscache.com/im/pictures/1408708226.jpg
560155137046056859,Daire - İstanbul,Şişli Merkezi Konforlu 2+1 | Modern ve Aile Dostu,Daire,5450,,,,5450,4.93,224,41.0611,28.9759,https://www.airbnb.com.tr/rooms/560155137046056859,https://a0.muscache.com/im/pictures/1478146958.jpg
1195747483985580578,Daire - İstanbul,Cihangir apart 1,Daire,2500,,,,2500,4.83,126,41.0333,28.9824,https://www.airbnb.com.tr/rooms/1195747483985580578,https://a0.muscache.com/im/pictures/2430389343.jpg
1384648362072370463,Daire - İstanbul,#4 Galata Kulesi yakınında rahat daire,Daire,4320,,,,4320,4.86,59,41.0273,28.9759,https://www.airbnb.com.tr/rooms/1384648362072370463,https://a0.muscache.com/im/pictures/2116695637.jpg
21811046,Daire - İstanbul,BEYOĞLU'nda İyi Tasarlanmış Stüdyo Daire,Daire,2609,,,,2609,4.72,1855,41.02776,28.97338,https://www.airbnb.com.tr/rooms/21811046,https://a0.muscache.com/im/pictures/412279949.jpg
891889179417515840,Daire - İstanbul,Boğaz Panoramalı Lüks Teras Süiti,Daire,7012,,,,7012,4.89,19,41.03002,28.9886,https://www.airbnb.com.tr/rooms/891889179417515840,https://a0.muscache.com/im/pictures/2643480998.jpg
1146236257384241136,Daire - İstanbul,İstanbul Konukevi No:2 1+1,Daire,4393,,,,4393,5.0,47,41.0313,28.9851,https://www.airbnb.com.tr/rooms/1146236257384241136,https://a0.muscache.com/im/pictures/1895764727.jpg
1686424072774072363,Daire - İstanbul,Galata standart daire,Daire,2670,,,,2670,4.82,17,41.0252,28.978,https://www.airbnb.com.tr/rooms/1686424072774072363,https://a0.muscache.com/im/pictures/2637238091.jpg
1115097848669438018,Daire - İstanbul,İstanbul Galatakule manzaralı tarihi daire,Daire,6871,,,,6871,4.99,178,41.0262,28.9748,https://www.airbnb.com.tr/rooms/1115097848669438018,https://a0.muscache.com/im/pictures/1866268956.jpg
1432736951426949265,Daire - İstanbul,80 1+0 nisantasina  400 metre,Daire,2339,2339,,,,4.26,38,41.0547,28.9918,https://www.airbnb.com.tr/rooms/1432736951426949265,https://a0.muscache.com/im/pictures/2194144713.jpg
1476755363986655456,Daire - İstanbul,sevim suites Nişantaşı Rumeli,Daire,13920,12418,,14671,14671,4.97,34,41.0523,28.9904,https://www.airbnb.com.tr/rooms/1476755363986655456,https://a0.muscache.com/im/pictures/2282052685.jpg
46328535,Daire - İstanbul,Resmi izinli tam ve yeni ev. Merkezde.,Daire,4658,4502,4502,,4970,4.91,147,41.04843,28.98712,https://www.airbnb.com.tr/rooms/46328535,https://a0.muscache.com/im/pictures/1153815172.jpg
708860523876802083,Daire - İstanbul,"minimal,modern ve merkezde:şişli nin en iyi konumu",Daire,3451,3451,,,,4.63,83,41.0519,28.9869,https://www.airbnb.com.tr/rooms/708860523876802083,https://a0.muscache.com/im/pictures/1729086984.jpg
1038926754391751950,Oda-kahvaltı - İstanbul,Standart İki Yataklı Oda - Kahvaltı Dahil,Özel Oda,2807,2807,,,,4.78,41,41.05146,28.9863,https://www.airbnb.com.tr/rooms/1038926754391751950,https://a0.muscache.com/im/pictures/1794125594.jpg
1030877146407196917,Daire - İstanbul,Rum_Otto_Taksim 1+1 Tarih ve Lüks Jakuzi,Daire,5364,5364,,,,4.92,165,41.0391,28.9817,https://www.airbnb.com.tr/rooms/1030877146407196917,https://a0.muscache.com/im/pictures/1788991765.jpg
1131645988742615720,Daire - İstanbul,Merkez Daire • Hastanelere ve Metroya Yakın,Daire,7553,7553,,,,4.87,61,41.05082,28.98635,https://www.airbnb.com.tr/rooms/1131645988742615720,https://a0.muscache.com/im/pictures/1880406284.jpg
981603489146519829,Daire - İstanbul,Akaretler'de geniş konforlu daire,Daire,4215,4215,,,,4.85,155,41.0437,28.9997,https://www.airbnb.com.tr/rooms/981603489146519829,https://a0.muscache.com/im/pictures/1741013793.jpg
1109545657673192104,Daire - İstanbul,Nişantaşı Yakınında Geniş Daire - No7,Daire,5800,5485,,,6116,4.93,122,41.0474,28.9816,https://www.airbnb.com.tr/rooms/1109545657673192104,https://a0.muscache.com/im/pictures/1868407308.jpg
1414302818018663723,Otel odası - İstanbul,Rahat Daire - Kral Yatak,Özel Oda,5914,5914,,,,4.9,181,41.04541,29.00416,https://www.airbnb.com.tr/rooms/1414302818018663723,https://a0.muscache.com/im/pictures/2162601640.jpg
1557477074121431480,Daire - İstanbul,"İstiklal’e 1 dk, Galata’ya Yürüyüş Mesafeli Daire",Daire,3370,3370,,,,4.8,214,41.0397,28.9839,https://www.airbnb.com.tr/rooms/1557477074121431480,https://a0.muscache.com/im/pictures/2411212507.jpg
1225197939728154007,Otel - Şişli,The Blue Suites Şehir Manzaralı Balkonlu Oda,Özel Oda,2605,2605,,,,4.72,29,41.0527,28.9839,https://www.airbnb.com.tr/rooms/1225197939728154007,https://a0.muscache.com/im/pictures/1976757621.jpg
906478943246053914,Daire - Şişli,Centre14'te mobilyalı Lux House,Daire,4520,,4520,,,4.62,87,41.05612,28.98798,https://www.airbnb.com.tr/rooms/906478943246053914,https://a0.muscache.com/im/pictures/1667128509.jpg
1410278112043858983,Daire - Beşiktaş,"Balkonlu oda, Boğaz manzaralı.",Özel Oda,3034,,3034,,,4.65,46,41.04554,28.99903,https://www.airbnb.com.tr/rooms/1410278112043858983,https://a0.muscache.com/im/pictures/2155920661.jpg
1204447856632863112,Otel - Şişli,Harika konumda lüks stüdyo 3,Daire / Ev,2929,,2929,,,4.8,65,41.04835,28.98723,https://www.airbnb.com.tr/rooms/1204447856632863112,https://a0.muscache.com/im/pictures/1956738944.jpg
1520546014000209789,Daire - Beşiktaş,Modern Mimar Dairesi • Beşiktaş Deniz Kıyısında,Daire,6052,,6052,,,4.93,72,41.04495,29.00417,https://www.airbnb.com.tr/rooms/1520546014000209789,https://a0.muscache.com/im/pictures/2352496573.jpg
1270186198618442835,Daire - Şişli,sevim suites Nişantaşı Center,Daire,10841,,10841,,10841,4.95,20,41.0526,28.991,https://www.airbnb.com.tr/rooms/1270186198618442835,https://a0.muscache.com/im/pictures/2014064258.jpg
735178265344000865,Daire - Şişli,Şehir Merkezinde Tamamen Mobilyalı Lüks Daire 12,Daire,4538,,4538,,,4.58,90,41.05361,28.98598,https://www.airbnb.com.tr/rooms/735178265344000865,https://a0.muscache.com/im/pictures/1506576581.jpg
1197548302136486091,Otel - Şişli,büyük balkonlu otel odası b-1,Özel Oda,2816,,2816,,,4.72,29,41.0492,28.9866,https://www.airbnb.com.tr/rooms/1197548302136486091,https://a0.muscache.com/im/pictures/2348660285.jpg
859186227305142968,Daire - Şişli,Nişantaşı Ana Cadde Üzeri  Aydınlık Büyük Daire,Daire,12620,,12620,,,4.97,61,41.05335,28.98706,https://www.airbnb.com.tr/rooms/859186227305142968,https://a0.muscache.com/im/pictures/1617948638.jpg
1614397362792621086,Daire - Şişli,1 lüks stüdyo daire,Daire,3379,,3379,,,5.0,4,41.05034,28.98736,https://www.airbnb.com.tr/rooms/1614397362792621086,https://a0.muscache.com/im/pictures/2505315369.jpg
1410842745980798872,Daire - Şişli,jakuzili 1+1 402,Daire,3760,,,3760,,4.77,66,41.05571,28.99153,https://www.airbnb.com.tr/rooms/1410842745980798872,https://a0.muscache.com/im/pictures/2156855694.jpg
1045413530542671833,Daire - Cihangir,Cihangir'de muhteşem daire,Daire,2815,,,2815,,4.79,146,41.0325,28.9825,https://www.airbnb.com.tr/rooms/1045413530542671833,https://a0.muscache.com/im/pictures/1800312773.jpg
1414371770197759722,Otel odası - Beşiktaş,Teraslı özel çatı katı,Özel Oda,11264,,,11264,,4.89,66,41.04514,29.00267,https://www.airbnb.com.tr/rooms/1414371770197759722,https://a0.muscache.com/im/pictures/2249690354.jpg
589677561585111387,Otel odası - Şişli,Star of Istanbul Residence Nişantaşı - Daire No:204,Özel Oda,3379,,,3379,,5.0,3,41.0522,28.9898,https://www.airbnb.com.tr/rooms/589677561585111387,https://a0.muscache.com/im/pictures/1707889307.jpg
48227345,Daire - Şişli,Şehir Merkezinde Tamamen Mobilyalı Lüks Ev 4,Daire,5356,,,5356,,4.69,124,41.05464,28.98769,https://www.airbnb.com.tr/rooms/48227345,https://a0.muscache.com/im/pictures/1135054073.jpg
608427691087002672,Daire - Şişli,Şehir Merkezinde Tamamen Mobilyalı Lüks Ev 10,Daire,3505,,,,3505,4.79,129,41.05419,28.9876,https://www.airbnb.com.tr/rooms/608427691087002672,https://a0.muscache.com/im/pictures/1383196970.jpg
912125435785375438,Daire - Beyoğlu,Muhteşem Boğaz Manzaralı 1+1 | şık ve modern,Daire,3661,,,,3661,4.8,84,41.03071,28.98827,https://www.airbnb.com.tr/rooms/912125435785375438,https://a0.muscache.com/im/pictures/1673123641.jpg
1051462287314704529,Daire - Beyoğlu,Yatak odasında küvet bulunan tasarımcı dairesi,Özel Oda,6449,,,,6449,4.96,140,41.0316,28.9802,https://www.airbnb.com.tr/rooms/1051462287314704529,https://a0.muscache.com/im/pictures/2699053890.jpg
1384621293108467235,Daire - Şişli,Bright & Modern 2BR | 3-Min to Metro | Nişantaşı,Daire,6589,,,,6589,4.84,57,41.048,28.98793,https://www.airbnb.com.tr/rooms/1384621293108467235,https://a0.muscache.com/im/pictures/2116658614.jpg
41311684,Ev - Şişli,Şehir Merkezinde Tamamen Mobilyalı Lüks Ev,Daire / Ev,4512,,,,4512,4.75,212,41.055,28.9867,https://www.airbnb.com.tr/rooms/41311684,https://a0.muscache.com/im/pictures/943528528.jpg
631485424761963108,Daire - Çukurova,"Modern, Lüks, Sessiz, Güvenli.",Daire,4833,4800,,4800,4900,4.91,56,37.03687,35.31454,https://www.airbnb.com.tr/rooms/631485424761963108,https://a0.muscache.com/im/pictures/2230171524.jpg
1748581105265480915,Çukurova bölgesinde oda,Normal daire ,Özel Oda,2271,2210,2210,2210,2455,4.25,4,37.0379,35.3165,https://www.airbnb.com.tr/rooms/1748581105265480915,https://a0.muscache.com/im/pictures/2769012057.jpg
1761854159351300970,Müşterek otel odası - Seyhan,Adana Seyhan konforlu konaklama/502 numaralı oda,Özel Oda,2506,2500,2500,2500,2525,,0,36.9855,35.3257,https://www.airbnb.com.tr/rooms/1761854159351300970,https://a0.muscache.com/im/pictures/2793202917.jpg
631485494241621764,Butik otel - Çukurova,"Modern, Lüks, Sessiz, Konforlu, Güvenli Apart Otel",Daire / Ev,4825,4800,4800,4800,4900,4.85,13,37.0371,35.3134,https://www.airbnb.com.tr/rooms/631485494241621764,https://a0.muscache.com/im/pictures/2318937428.jpg
1368818063798050686,Ev - Çukurova, Adana’da Şık & Konforlu – Full Eşyalı Klimalı ,Daire / Ev,4781,4700,4750,4750,4925,4.79,24,37.05676223093713,35.294902437721774,https://www.airbnb.com.tr/rooms/1368818063798050686,https://a0.muscache.com/im/pictures/2100199197.jpg
1584888041663881590,Daire - Seyhan,Hastaneler Kavşağında 1+1 Klimalı Full Eşyalı,Daire,3769,3700,3700,3700,3975,5.0,6,37.01732,35.31935,https://www.airbnb.com.tr/rooms/1584888041663881590,https://a0.muscache.com/im/pictures/2455379010.jpg
1755627732045905526,Daire - Çukurova,Merkezde ali keserin Misafirhanesi ,Daire,2000,2000,,,,,0,37.0382,35.3165,https://www.airbnb.com.tr/rooms/1755627732045905526,https://a0.muscache.com/im/pictures/2810971190.jpg
1761872769051486652,Müşterek otel odası - Seyhan,Adana Seyhan konforlu konaklama/406 numaralı oda,Özel Oda,3500,3500,3500,3500,,,0,36.9855,35.3257,https://www.airbnb.com.tr/rooms/1761872769051486652,https://a0.muscache.com/im/pictures/2793230476.jpg
1734067908747085647,Müşterek otel odası - Seyhan,Barajyolu sıfır eşyalı 1+0 suit odalar,Özel Oda,4177,4100,4100,4100,4408,,0,37.023,35.3135,https://www.airbnb.com.tr/rooms/1734067908747085647,https://a0.muscache.com/im/pictures/2734854583.jpg
1476678242664219275,Apart otel - Adana,adana  1+1 lüx eşyalı daire,Daire,5527,5329,5922,5329,,,0,37.0231,35.3136,https://www.airbnb.com.tr/rooms/1476678242664219275,https://a0.muscache.com/im/pictures/2275406467.jpg
651121598657006827,Daire - Çukurova,Modern ve Lüks,Daire,4800,4800,4800,4800,,4.84,63,37.0371,35.3133,https://www.airbnb.com.tr/rooms/651121598657006827,https://a0.muscache.com/im/pictures/1484687293.jpg
599043115963137912,Daire - Çukurova,SkyGarden Süitleri - Deluxe Süit,Daire,5825,5825,5825,5825,,4.92,26,37.03591,35.31359,https://www.airbnb.com.tr/rooms/599043115963137912,https://a0.muscache.com/im/pictures/2189889578.jpg
1750968866984084821,Müşterek otel odası - Seyhan,Adana Seyhan konforlu konaklama/304 numaralı oda,Özel Oda,2500,2500,2500,,,,0,36.9855,35.3257,https://www.airbnb.com.tr/rooms/1750968866984084821,https://a0.muscache.com/im/pictures/2771427436.jpg
1750972849163536669,Müşterek otel odası - Seyhan,Adana Seyhan konforlu konaklama/504 numaralı oda,Özel Oda,2500,2500,2500,2500,,,0,36.9855,35.3257,https://www.airbnb.com.tr/rooms/1750972849163536669,https://a0.muscache.com/im/pictures/2771437122.jpg
1750874036601720616,Müşterek otel odası - Seyhan,Adana Seyhan konforlu konaklama/307 numaralı oda,Özel Oda,2500,2500,2500,,,,0,36.9855,35.3257,https://www.airbnb.com.tr/rooms/1750874036601720616,https://a0.muscache.com/im/pictures/2771275679.jpg
599049778539122088,Daire - Çukurova,SkyGarden Suites - Suite Delux,Daire,5825,5825,5825,,,4.93,29,37.03634,35.31444,https://www.airbnb.com.tr/rooms/599049778539122088,https://a0.muscache.com/im/pictures/1375643962.jpg
1750939866249525109,Müşterek otel odası - Seyhan,Adana Seyhan konforlu konaklama/501 numaralı oda,Özel Oda,2500,2500,2500,,,,0,36.9855,35.3257,https://www.airbnb.com.tr/rooms/1750939866249525109,https://a0.muscache.com/im/pictures/2771360289.jpg
1750807905505395731,Müşterek otel odası - Seyhan,Adana Seyhan konforlu konaklama/303 numaralı oda,Özel Oda,2750,2750,,,,,0,36.9855,35.3257,https://www.airbnb.com.tr/rooms/1750807905505395731,https://a0.muscache.com/im/pictures/2771035765.jpg
1749305538436864808,Daire - Çukurova,Özalda Balkonlu daire ,Daire,2292,,2210,2210,2455,,0,37.0382,35.3165,https://www.airbnb.com.tr/rooms/1749305538436864808,https://a0.muscache.com/im/pictures/2767756631.jpg
946862682975784709,Daire - Çukurova,Adana 2+1 Daire,Daire,3109,,2961,,3257,4.39,82,37.0515,35.2751,https://www.airbnb.com.tr/rooms/946862682975784709,https://a0.muscache.com/im/pictures/2341694536.jpg
673687270550039244,Villa - Adana,Emel Yavuz,Müstakil Villa,9050,,9050,,,4.84,73,37.0831,35.3535,https://www.airbnb.com.tr/rooms/673687270550039244,https://a0.muscache.com/im/pictures/2662911237.jpg
1060626307741679666,Daire - Adana,Şehrin Merkezinde Full Eşyalı,Daire,3628,,,3578,3678,4.55,138,36.99442,35.32453,https://www.airbnb.com.tr/rooms/1060626307741679666,https://a0.muscache.com/im/pictures/2243658215.jpg
1404521483091455361,Daire - Adana,Adana Merkezde Konforlu Ev,Daire,3070,,,2924,3216,4.69,78,36.9955,35.3309,https://www.airbnb.com.tr/rooms/1404521483091455361,https://a0.muscache.com/im/pictures/2146827637.jpg
1386028406795068511,Daire - Çukurova,Merkezde Güvenli Temiz 2+1,Daire,3728,,,3508,3947,4.54,78,37.0325,35.3203,https://www.airbnb.com.tr/rooms/1386028406795068511,https://a0.muscache.com/im/pictures/2118654399.jpg
620082160798361065,Ev - Çukurova,Şehir merkezinde kendi evinizin rahatlığı,Daire / Ev,3754,,,3713,3795,4.96,99,37.03467,35.31131,https://www.airbnb.com.tr/rooms/620082160798361065,https://a0.muscache.com/im/pictures/1866871729.jpg
1536888164890859605,Daire - Çukurova,Adana'nın En Konforlu 1+1 Suit Deneyimi evland,Daire,3272,,,3100,3444,3.83,6,37.03291755989221,35.31787687031332,https://www.airbnb.com.tr/rooms/1536888164890859605,https://a0.muscache.com/im/pictures/2378171285.jpg
1723218116610483648,Daire - Çukurova,Eşsiz Herşey Sıfır 2+1 VİP,Daire,4145,,,,4145,4.93,14,37.0539,35.2821,https://www.airbnb.com.tr/rooms/1723218116610483648,https://a0.muscache.com/im/pictures/2711732407.jpg
1212739195916280568,Daire - Çukurova,Temiz güvenli konforlu 1+1,Daire,2502,,,,2502,4.67,43,37.0518,35.2736,https://www.airbnb.com.tr/rooms/1212739195916280568,https://a0.muscache.com/im/pictures/1965467859.jpg
1500578538780199276,Villa - Sarıçam,villa - emel yavuz,Müstakil Villa,10474,,,,10474,4.78,9,37.0824,35.3469,https://www.airbnb.com.tr/rooms/1500578538780199276,https://a0.muscache.com/im/pictures/2666245190.jpg
1750924705139807309,Müşterek otel odası - Seyhan,Adana Seyhan konforlu konaklama/408 numaralı oda,Özel Oda,3500,,,,3500,,0,36.9855,35.3257,https://www.airbnb.com.tr/rooms/1750924705139807309,https://a0.muscache.com/im/pictures/2771322573.jpg
972890041022078111,"Daire - Tagbilaran, Filipinler",3 Kişilik Geniş Stüdyo - Tagbilaran'daki Şehir Evleri,Daire,901,901,,,,4.8,20,9.6665,123.859,https://www.airbnb.com.tr/rooms/972890041022078111,https://a0.muscache.com/im/pictures/1930020199.jpg
1730029743070431376,"Kulübe - Monte Verde, Kosta Rika",Selva Süiti | Monteverde ,Daire / Ev,5820,,,5820,,5.0,8,10.327305485089997,-84.83312663380758,https://www.airbnb.com.tr/rooms/1730029743070431376,https://a0.muscache.com/im/pictures/2726340837.jpg
1557351929106699440,"Kubbe - Morganton, Kuzey Carolina, Amerika Birleşik Devletleri","Şebeke Dışı, Jakuzi Bulunan Benzersiz Kubbe Ev",Daire / Ev,5825,,,5825,,5.0,85,35.833635585739934,-81.72861540994872,https://www.airbnb.com.tr/rooms/1557351929106699440,https://a0.muscache.com/im/pictures/2558202782.jpg
1752597670067548949,"Kulübe - Cavalcante, Brezilya",Chalé Amarilis | Chapada'da jakuzi,Daire / Ev,4074,,,4074,,,0,-13.86956,-47.60496,https://www.airbnb.com.tr/rooms/1752597670067548949,https://a0.muscache.com/im/pictures/2807404716.jpg
1256461527537106796,"Kır evi - Capitólio, Brezilya",Dağların yanında kır evi,Kır Evi / Bungalov,2421,,,2421,,5.0,78,-20.640034141475024,-46.111947550198884,https://www.airbnb.com.tr/rooms/1256461527537106796,https://a0.muscache.com/im/pictures/2527865424.jpg
1766068988505896040,"Daire - Salvador, Brezilya",Daire - Costa Azul ,Daire,2359,2359,,,,,0,-12.9957,-38.4448,https://www.airbnb.com.tr/rooms/1766068988505896040,https://a0.muscache.com/im/pictures/2801410965.jpg
1574762282712077299,"Mérida, Meksika bölgesinde oda",Montejo ve La Plancha yakınında sessiz bir dinlenme yeri olan Chukum,Özel Oda,1802,1802,,,,5.0,34,20.9844,-89.6098,https://www.airbnb.com.tr/rooms/1574762282712077299,https://a0.muscache.com/im/pictures/2748214094.jpg
1695224547383600000,"Bungalov - Cabo Frio, Brezilya",Plaja 5 Dakika Mesafede Havuzlu Site İçi Süit,Kır Evi / Bungalov,2653,,2653,,,5.0,16,-22.8799,-42.03363,https://www.airbnb.com.tr/rooms/1695224547383600000,https://a0.muscache.com/im/pictures/2652204046.jpg
1759283139469191521,"Kuala Lumpur, Malezya bölgesinde oda",Daisy Oda | TRX MRT'ye 5 dakika yürüme mesafesinde ,Özel Oda,1397,,1397,,,,0,3.1452,101.7203,https://www.airbnb.com.tr/rooms/1759283139469191521,https://a0.muscache.com/im/pictures/2800432701.jpg
1416364967683939627,"Ev - Nova Lima, Brezilya",Hidromasajlı ve Nefes Kesen Manzaralı Büyüleyici Çatı Katı,Daire / Ev,7295,,7295,,,4.99,132,-19.9968,-43.8932,https://www.airbnb.com.tr/rooms/1416364967683939627,https://a0.muscache.com/im/pictures/2402307594.jpg
1750317180066812444,"Daire - Ñuñoa, Şili",Yeni 1D · Irarrázaval Metrosu (L3-L5) · Ñuñoa,Daire,6309,,,6309,,,0,-33.4582,-70.6287,https://www.airbnb.com.tr/rooms/1750317180066812444,https://a0.muscache.com/im/pictures/2772798319.jpg
1705243739876886177,"Ev - Niterói, Brezilya",Portekizce ,Daire / Ev,27474,,,27474,,5.0,3,-22.9693,-43.0336,https://www.airbnb.com.tr/rooms/1705243739876886177,https://a0.muscache.com/im/pictures/2751387481.jpg
1763747407717450240,"Chuncheon, Güney Kore bölgesinde oda",Chuncheon On Stay #4/Chuncheon merkezinde şirin konaklama yeri/Yeni açıldı/3 kişilik oda,Özel Oda,2024,,,2024,,,0,37.871,127.7266,https://www.airbnb.com.tr/rooms/1763747407717450240,https://a0.muscache.com/im/pictures/2796755395.jpg
1765232828134848007,"Tora, Hindistan bölgesinde oda",Agra'nın Sıcak Yüzü | Tac Mahal yakınlarında,Özel Oda,971,971,,,,5.0,3,27.16102722119508,78.06639716062105,https://www.airbnb.com.tr/rooms/1765232828134848007,https://a0.muscache.com/im/pictures/2799639962.jpg
1768826361345088069,"Daire - Gurugram, Hindistan",Lüks Rahat Stüdyo Airbnb - 1111 Dwarka Expressway,Daire,2061,2061,,,,,0,28.4708,76.9626,https://www.airbnb.com.tr/rooms/1768826361345088069,https://a0.muscache.com/im/pictures/2806672904.jpg
1760118693947510312,"Saint-Mars-la-Brière, Fransa bölgesinde oda",Aile Yanında Konaklama ,Özel Oda,1690,1690,,,,5.0,7,48.0362,0.4063,https://www.airbnb.com.tr/rooms/1760118693947510312,https://a0.muscache.com/im/pictures/2789692778.jpg
1693222226448719666,"Daire - Guadalajara, Meksika","Yeni, Lüks ve Çok Konforlu Tam Daire",Daire,2730,2730,,,,5.0,28,20.73783,-103.31307,https://www.airbnb.com.tr/rooms/1693222226448719666,https://a0.muscache.com/im/pictures/2648080994.jpg
1759777081386841899,"Daire - La Romana, Dominik Cumhuriyeti","#1 1 yatak odalı daire, güzel kuzey manzaralı",Özel Oda,3457,3457,,,,5.0,4,18.4256,-68.9598,https://www.airbnb.com.tr/rooms/1759777081386841899,https://a0.muscache.com/im/pictures/2789126610.jpg
1767582280633452576,"Ev - İslamabad, Pakistan",Everest by The Lodge — İslamabad'da 3 yatak odalı inziva yeri ,Özel Oda,9708,,,9708,,5.0,5,33.6851,72.9969,https://www.airbnb.com.tr/rooms/1767582280633452576,https://a0.muscache.com/im/pictures/2804598795.jpg
1455457194804874168,Ev - Lacey,"Göl evinde, vahada inziva",Daire / Ev,13348,13348,,,,4.86,22,47.02062,-122.79159,https://www.airbnb.com.tr/rooms/1455457194804874168,https://a0.muscache.com/im/pictures/2235191018.jpg
791112401090615850,Daire - Çankaya,Maisonette konsepti 1+1 Dubleks (14),Daire,3859,3859,3859,3859,,4.88,152,39.8981,32.8768,https://www.airbnb.com.tr/rooms/791112401090615850,https://a0.muscache.com/im/pictures/2470371602.jpg
791056994107813979,Daire - Çankaya,Maisonette Konsepti 2+1 Ters dubleks (2),Daire,4502,4502,4502,4502,,4.84,183,39.8981,32.8768,https://www.airbnb.com.tr/rooms/791056994107813979,https://a0.muscache.com/im/pictures/1553515880.jpg
805067730018285506,Otel - Yüzüncüyıl,Ankara Çankaya 'da Economy  Camsız Otel Tipi,Daire / Ev,2000,2000,2000,,,4.17,12,39.89748,32.86738,https://www.airbnb.com.tr/rooms/805067730018285506,https://a0.muscache.com/im/pictures/1566374943.jpg
1678454240116825217,Daire - Yüzüncüyıl,"Burayı bulduğum için çok şanslıyım, OTTO X Promo",Daire,2850,2850,,,,4.83,6,39.89948614113554,32.87030139894435,https://www.airbnb.com.tr/rooms/1678454240116825217,https://a0.muscache.com/im/pictures/2651317114.jpg
1578965242529466217,Yüzüncüyıl bölgesinde oda,Çankaya'da 1+1 Aile Odası,Özel Oda,2963,2875,,2875,3138,4.82,11,39.898,32.8714,https://www.airbnb.com.tr/rooms/1578965242529466217,https://a0.muscache.com/im/pictures/2445705836.jpg
1443585223685373598,Daire - Çankaya,B3 Yeni Lüx Modern Şehir Merkezi Güvenli,Daire,4441,4441,,4441,,4.63,72,39.884870706822085,32.87232076308751,https://www.airbnb.com.tr/rooms/1443585223685373598,https://a0.muscache.com/im/pictures/2213662563.jpg
1443619469675899378,Daire - Çankaya,B11 Cam Teras 2 Yatak Odası Merkezi Güvenli Modern,Özel Oda,4540,4441,,4441,4737,4.76,54,39.88505349704912,32.873336665699284,https://www.airbnb.com.tr/rooms/1443619469675899378,https://a0.muscache.com/im/pictures/2333845882.jpg
18335730,Daire - Çankaya,Rezidans 45• Lüks Modern Daire 7 • Büyükelçilik Bölgesi,Daire,5395,5395,5395,,,4.87,172,39.8939,32.868,https://www.airbnb.com.tr/rooms/18335730,https://a0.muscache.com/im/pictures/324612238.jpg
973961190522453832,Daire - Çankaya,"110 - Lüks şehir merkezi, güvenli, huzurlu",Daire,5582,5582,,,,4.87,90,39.8932,32.861,https://www.airbnb.com.tr/rooms/973961190522453832,https://a0.muscache.com/im/pictures/1734130112.jpg
1401328636102989054,Çankaya bölgesinde oda,Delüxe oda jakuzili -303,Özel Oda,5714,5566,5566,5566,6158,4.81,83,39.8911,32.8703,https://www.airbnb.com.tr/rooms/1401328636102989054,https://a0.muscache.com/im/pictures/2142105041.jpg
1686949844775285002,Daire - Çankaya,Standart Stüdyo 2,Daire,3450,3400,,3400,3550,5.0,8,39.90568378059796,32.85970613572437,https://www.airbnb.com.tr/rooms/1686949844775285002,https://a0.muscache.com/im/pictures/2636056837.jpg
1739194430443710970,Çankaya bölgesinde odalar,Cihangir House Concept | Şehrin Merkezinde 3+1,Özel Oda,1666,1666,,,,5.0,4,39.91303,32.86629,https://www.airbnb.com.tr/rooms/1739194430443710970,https://a0.muscache.com/im/pictures/2750056058.jpg
49582519,Daire - Çankaya,Çankaya’da Lüx Daire  (4),Daire,3552,3552,,,,4.84,135,39.8832,32.8833,https://www.airbnb.com.tr/rooms/49582519,https://a0.muscache.com/im/pictures/1173209748.jpg
1323828399823223339,Çankaya bölgesinde oda,102-çift kişilik oda,Özel Oda,2100,2100,,,,4.0,20,39.88965,32.88148,https://www.airbnb.com.tr/rooms/1323828399823223339,https://a0.muscache.com/im/pictures/2058935976.jpg
643824601539570912,Daire - Çankaya,1002 Merkezi 135 metrekare huzurlu minimal mimari,Daire,6396,6396,,,,4.8,153,39.8943,32.86662,https://www.airbnb.com.tr/rooms/643824601539570912,https://a0.muscache.com/im/pictures/1417391374.jpg
1004123755037458634,Daire - Çankaya,107 - Huzurlu ve konforlu.,Daire,5582,5582,,,,4.81,104,39.89351,32.86079,https://www.airbnb.com.tr/rooms/1004123755037458634,https://a0.muscache.com/im/pictures/1776072286.jpg
1353670286886398690,Daire - Çankaya,Çift Kişilik 1+1 Daire,Daire,4347,4347,,,,4.57,167,39.8995,32.8778,https://www.airbnb.com.tr/rooms/1353670286886398690,https://a0.muscache.com/im/pictures/2133404817.jpg
795536131849429491,Daire - Çankaya,Maisonette Konsepti 2+1 Dubleks (15),Daire,4444,4444,,,,4.77,128,39.8981,32.8768,https://www.airbnb.com.tr/rooms/795536131849429491,https://a0.muscache.com/im/pictures/2085048237.jpg
1678444686547850304,Daire - Yüzüncüyıl,Güzel Bir Gün Geçirmek İçin Bekleme,Daire,2898,,2800,2800,3095,4.89,9,39.897408580522665,32.87082626939232,https://www.airbnb.com.tr/rooms/1678444686547850304,https://a0.muscache.com/im/pictures/2651362535.jpg
1443603217902050608,Ev - Çankaya,B6 Merkezi Modern Güvenli,Daire / Ev,4589,,4441,,4737,4.71,56,39.88462,32.87368,https://www.airbnb.com.tr/rooms/1443603217902050608,https://a0.muscache.com/im/pictures/2213681445.jpg
977634965244614196,Daire - Çankaya,106-Lüks Büyük Güvenlik,Daire,6059,,5509,6359,6310,4.78,79,39.8932,32.861,https://www.airbnb.com.tr/rooms/977634965244614196,https://a0.muscache.com/im/pictures/1776075900.jpg
972975237344717292,Daire - Çankaya,109 - Lüks Ankara Şehir Merkezi Evi,Daire,7067,,6116,6905,8179,4.82,113,39.89389,32.86039,https://www.airbnb.com.tr/rooms/972975237344717292,https://a0.muscache.com/im/pictures/1734093656.jpg
643367998004895110,Daire - Çankaya,1007. Merkezi 3+1 Geniş. Konsolosluklara yakın,Daire,6580,,6580,,,4.82,131,39.89359,32.86617,https://www.airbnb.com.tr/rooms/643367998004895110,https://a0.muscache.com/im/pictures/1416910182.jpg
23268149,Daire - Çankaya,Rezidans 45• Lüks Modern Daire 11 • Büyükelçilik Bölgesi,Daire,5843,,5843,5843,,4.89,162,39.89458,32.86763,https://www.airbnb.com.tr/rooms/23268149,https://a0.muscache.com/im/pictures/448347292.jpg
1692001260395135624,Daire - Çankaya,Köşe Standart Stüdyo 3,Daire,3400,,3400,,,,0,39.9078,32.86,https://www.airbnb.com.tr/rooms/1692001260395135624,https://a0.muscache.com/im/pictures/2645964252.jpg
1754940973376333364,Daire - Çankaya,2+1 Şık Dublek / Aileler İçin İdeal ,Daire,3656,,3656,,,,0,39.9097,32.883,https://www.airbnb.com.tr/rooms/1754940973376333364,https://a0.muscache.com/im/pictures/2779496183.jpg
1355126238096343417,Otel - Yüzüncüyıl,Çankaya'da Jakuzili Otel Odası,Özel Oda,3900,,3900,,,4.41,34,39.89712537813848,32.871927848447996,https://www.airbnb.com.tr/rooms/1355126238096343417,https://a0.muscache.com/im/pictures/2444572280.jpg
1411319632311342291,Daire - Çankaya,"Delüxe Oda Whirlpool, Firepit - 102",Özel Oda,5527,,5329,5329,5922,4.67,102,39.891672330728014,32.8708178072763,https://www.airbnb.com.tr/rooms/1411319632311342291,https://a0.muscache.com/im/pictures/2157701756.jpg
6756112,Kavaklıdere bölgesinde oda,Temiz oda,Özel Oda,1637,,1637,,,4.58,45,39.9108,32.8614,https://www.airbnb.com.tr/rooms/6756112,https://a0.muscache.com/im/pictures/2744838825.jpg
49581878,Daire - Çankaya,Çankaya 'da Lüx Daire (10),Daire,3257,,3257,,,4.76,55,39.8832,32.8833,https://www.airbnb.com.tr/rooms/49581878,https://a0.muscache.com/im/pictures/2694838644.jpg
1578343340578390667,Yüzüncüyıl bölgesinde odalar,Çankaya'da 2+1 Aile Odası,Özel Oda,4125,,4000,,4250,4.33,15,39.898,32.8714,https://www.airbnb.com.tr/rooms/1578343340578390667,https://a0.muscache.com/im/pictures/2444715388.jpg
21669916,Daire - Çankaya,Rezidans 45• Lüks Modern Daire 9 • Büyükelçilik Bölgesi,Daire,5395,,,5395,5395,4.89,219,39.8939,32.868,https://www.airbnb.com.tr/rooms/21669916,https://a0.muscache.com/im/pictures/407005355.jpg
791150399282240882,Daire - Çankaya,Maisonette Konsepti 1+1 Dubleks (11),Daire,3918,,,3918,,4.8,178,39.8981,32.8768,https://www.airbnb.com.tr/rooms/791150399282240882,https://a0.muscache.com/im/pictures/2116730092.jpg
1443600368681277364,Daire - Çankaya,B5 Lüx Ferah Güvenli Merkezi,Daire,4441,,,4441,,4.67,45,39.88528042691677,32.87347551127138,https://www.airbnb.com.tr/rooms/1443600368681277364,https://a0.muscache.com/im/pictures/2213675875.jpg
1001372459756353425,Daire - Çankaya,104 - Büyük ve ferah,Daire,4660,,,4660,,4.49,71,39.8944,32.8613,https://www.airbnb.com.tr/rooms/1001372459756353425,https://a0.muscache.com/im/pictures/1776077888.jpg
17484619,Daire - Çankaya,Rezidans 45• Lüks Modern Daire 3 • Büyükelçilik Bölgesi,Daire,5395,,,5395,5395,4.87,181,39.8964,32.867,https://www.airbnb.com.tr/rooms/17484619,https://a0.muscache.com/im/pictures/324610168.jpg
643431315522609431,Daire - Çankaya,1006. Konsolosluklara yakın merkezi 135 metrekare,Daire,6205,,,6896,5514,4.79,183,39.89358,32.86767,https://www.airbnb.com.tr/rooms/643431315522609431,https://a0.muscache.com/im/pictures/1417000055.jpg
1443614329910734304,Daire - Çankaya,B9 Merkezi Lüx Ferah 2+1 2Banyo,Daire,4006,,,,4006,4.83,64,39.8829942790993,32.87364053668665,https://www.airbnb.com.tr/rooms/1443614329910734304,https://a0.muscache.com/im/pictures/2213700477.jpg
643527643369444334,Daire - Çankaya,1004. Merkezi huzurlu geniş konsolosluklara yakın,Daire,5278,,,,5278,4.86,124,39.89579,32.8673,https://www.airbnb.com.tr/rooms/643527643369444334,https://a0.muscache.com/im/pictures/1417133103.jpg
1077500248705904073,Çadır - Çankaya,big terrace tunalıhilmi & Kızılay  Çankaya 3.kat,Daire / Ev,3956,,,,3956,4.8,154,39.91322,32.86704,https://www.airbnb.com.tr/rooms/1077500248705904073,https://a0.muscache.com/im/pictures/2262596342.jpg
22046079,Daire - Çankaya,Rezidans 45• Lüks Modern Daire 13 • Büyükelçilik Bölgesi,Daire,5843,,,,5843,4.83,75,39.89457,32.86723,https://www.airbnb.com.tr/rooms/22046079,https://a0.muscache.com/im/pictures/416775971.jpg
970853294877190282,Daire - Çankaya,"101 - Bahçe, Jakuzi, Ferah, Lüks Ev",Daire,6116,,,,6116,4.85,108,39.894,32.861,https://www.airbnb.com.tr/rooms/970853294877190282,https://a0.muscache.com/im/pictures/1731811481.jpg
1484742214033801402,"Ev - Finningley, Birleşik Krallık",Özel havuzlu ve bahçeli lüks daire. ,Daire / Ev,24230,,24230,,,,0,53.48653542954466,-0.9871395612812819,https://www.airbnb.com.tr/rooms/1484742214033801402,https://a0.muscache.com/im/pictures/2789989318.jpg
1754352829917046098,"Kulübe - Mao, Dominik Cumhuriyeti",La Sabana Manzarası | Jakuzili dağ kulübesi,Daire / Ev,4563,,4563,,,5.0,3,19.5262,-70.9694,https://www.airbnb.com.tr/rooms/1754352829917046098,https://a0.muscache.com/im/pictures/2797164660.jpg
1666473118958533905,"Kulübe - Amanidoddakere, Hindistan",Luxe Çatı Katı+Özel Teras | Hoskote Toll Gate,Daire / Ev,1803,,1803,,,5.0,9,13.0606,77.7716,https://www.airbnb.com.tr/rooms/1666473118958533905,https://a0.muscache.com/im/pictures/2791158257.jpg
1733115874999248484,"Kulübe - Tibeta, Gürcistan",RONI House | Huzurlu Doğa Kaçamağı,Daire / Ev,4805,,4805,,,5.0,5,41.639,42.0249,https://www.airbnb.com.tr/rooms/1733115874999248484,https://a0.muscache.com/im/pictures/2778685913.jpg
1724001781591292777,"Ev - Wasilla, Alaska, Amerika Birleşik Devletleri",Big Lake Base Camp | Özel jakuzi,Daire / Ev,18202,,,,18202,5.0,4,61.5674,-149.7467,https://www.airbnb.com.tr/rooms/1724001781591292777,https://a0.muscache.com/im/pictures/2793538152.jpg
1718865705815523931,"Villa - Osaka, Japonya","[Ryuko. Jun] 120 metrekare, 3 dakika yürüme mesafesinde Kishiri Tamade çıkışı, 5 dakika Tamade çıkışı, metro ile 7 dakika Namba Shinsaibashi iş bölgesi. Utsuboh ve Kansai Havalimanı'na doğrudan erişim",Müstakil Villa,14223,,,,14223,,0,34.6241,135.4943,https://www.airbnb.com.tr/rooms/1718865705815523931,https://a0.muscache.com/im/pictures/2779293741.jpg
1752239480180930453,Daire - Juiz de Fora,Rahat Stüdyo | Klima | Havuz | Park yeri.,Daire,1933,1933,,1933,,5.0,8,-21.7658,-43.3477,https://www.airbnb.com.tr/rooms/1752239480180930453,https://a0.muscache.com/im/pictures/2774128422.jpg
1475311610212573930,Daire - Juiz de Fora,JF'nin merkezinde daire.,Daire,1836,1819,1819,1819,1885,4.94,51,-21.764700759847823,-43.348262753085756,https://www.airbnb.com.tr/rooms/1475311610212573930,https://a0.muscache.com/im/pictures/2272756723.jpg
836371787276900352,Daire - Juiz de Fora,Şehir merkezinde eğlence olanaklarıyla güzel bir stüdyo!,Daire,2024,2018,2018,2018,2042,4.98,96,-21.7658,-43.3475,https://www.airbnb.com.tr/rooms/836371787276900352,https://a0.muscache.com/im/pictures/1596807441.jpg
1082232348764490684,Çatı katı - Juiz de Fora,Modern çatı katı + Klima + Ücretsiz park yeri,Daire / Ev,1516,1402,,1461,1686,4.94,216,-21.7667,-43.3481,https://www.airbnb.com.tr/rooms/1082232348764490684,https://a0.muscache.com/im/pictures/1867643716.jpg
1435430866281566238,Daire - Juiz de Fora,Maria Apê/Akademi/Havuz/Garaj/Klima,Daire,2007,2007,,,,4.96,23,-21.7657,-43.3475,https://www.airbnb.com.tr/rooms/1435430866281566238,https://a0.muscache.com/im/pictures/2812968780.jpg
1477512466848323847,Daire - Juiz de Fora,Pilot'un Stüdyosu.,Daire,2211,2098,2324,,,5.0,46,-21.76598,-43.3486,https://www.airbnb.com.tr/rooms/1477512466848323847,https://a0.muscache.com/im/pictures/2305858425.jpg
854377364370409852,Daire - Juiz de Fora,Eğlence ve klima ile güzel bir stüdyo.,Daire,1952,1952,1952,,,4.91,45,-21.7657,-43.3475,https://www.airbnb.com.tr/rooms/854377364370409852,https://a0.muscache.com/im/pictures/1638399152.jpg
810227844291374711,Daire - Juiz de Fora,Mükemmel Stüdyo! Merkezde tamamen eğlence ile!,Daire,1989,1975,1975,1975,2032,4.94,96,-21.7657,-43.3475,https://www.airbnb.com.tr/rooms/810227844291374711,https://a0.muscache.com/im/pictures/1571450361.jpg
1660546709791570581,Daire - Juiz de Fora,Şehir merkezinde eğlence ve garaj olan komple stüdyo daire!,Daire,2027,2117,,1937,,5.0,12,-21.7658,-43.3477,https://www.airbnb.com.tr/rooms/1660546709791570581,https://a0.muscache.com/im/pictures/2586331866.jpg
1393725994722650371,Daire - Juiz de Fora,"Garajlı, Klimalı ve Eğlverişli Şirin Stüdyo Merkez!",Daire,2326,2326,,2326,,4.96,45,-21.7657,-43.3475,https://www.airbnb.com.tr/rooms/1393725994722650371,https://a0.muscache.com/im/pictures/2130094293.jpg
1439778457114700551,Daire - Juiz de Fora,Garajlı Merkezde Konfor,Daire,2203,2203,2203,,,4.89,35,-21.76672,-43.34836,https://www.airbnb.com.tr/rooms/1439778457114700551,https://a0.muscache.com/im/pictures/2686274208.jpg
1391942335319314943,Daire - Juiz de Fora,Şehir merkezinde klimalı mükemmel stüdyo,Daire,2117,2117,2117,,,4.97,35,-21.7657,-43.3475,https://www.airbnb.com.tr/rooms/1391942335319314943,https://a0.muscache.com/im/pictures/2127623074.jpg
1184601241929690558,Daire - Juiz de Fora,"Şehir merkezinde lüks stüdyo I, klima, tamamen eğlence",Daire,2212,2212,,,,4.95,65,-21.7657,-43.3476,https://www.airbnb.com.tr/rooms/1184601241929690558,https://a0.muscache.com/im/pictures/1936349427.jpg
1305698354913264791,Daire - Juiz de Fora,"Şehir merkezinde keyifli bir stüdyo daire, eğlence ve klima imkanıyla.",Daire,2042,2042,,,,4.97,36,-21.7657,-43.3476,https://www.airbnb.com.tr/rooms/1305698354913264791,https://a0.muscache.com/im/pictures/2043593410.jpg
1728529331701226702,Daire - Juiz de Fora,Şehir merkezinde sıcak bir daire,Daire,1611,1611,,,,,0,-21.76533,-43.34985,https://www.airbnb.com.tr/rooms/1728529331701226702,https://a0.muscache.com/im/pictures/2723007206.jpg
1548108914959169351,Daire - Juiz de Fora,Merkezde Klima ve Eğlence Olanaklarıyla Çok Güzel Stüdyo!,Daire,2061,2042,2042,,2098,5.0,12,-21.7657,-43.3475,https://www.airbnb.com.tr/rooms/1548108914959169351,https://a0.muscache.com/im/pictures/2395924423.jpg
1135680766410396070,Daire - Juiz de Fora,Modern konaklama Studio Comfort | Garaj Dahil,Daire,2254,2254,,,,4.76,118,-21.76473,-43.34642,https://www.airbnb.com.tr/rooms/1135680766410396070,https://a0.muscache.com/im/pictures/2318323370.jpg
1615181470052306151,Daire - Juiz de Fora,Harika bir konumda cazibeli komple stüdyo!,Daire,2146,2146,,,,4.8,5,-21.7658,-43.3477,https://www.airbnb.com.tr/rooms/1615181470052306151,https://a0.muscache.com/im/pictures/2512094491.jpg
1105645704578843568,Daire - Juiz de Fora,Havuzlu komple stüdyo,Daire,1814,,1814,1814,,5.0,14,-21.76466,-43.34857,https://www.airbnb.com.tr/rooms/1105645704578843568,https://a0.muscache.com/im/pictures/1854421116.jpg
1242282318042183143,Daire - Juiz de Fora,Studio Maria Apê 06 915/Garaj/Merkez'de bir cazibe,Daire,1968,,1972,1964,,4.64,53,-21.76526,-43.34866,https://www.airbnb.com.tr/rooms/1242282318042183143,https://a0.muscache.com/im/pictures/2092067689.jpg
1630753398185256559,Daire - Juiz de Fora,Juiz de Fora'nın merkezinde uygun stüdyo,Daire,1942,,1942,,1942,4.85,33,-21.765034401809483,-43.34718731464362,https://www.airbnb.com.tr/rooms/1630753398185256559,https://a0.muscache.com/im/pictures/2533445224.jpg
847619950380545272,Çatı katı - Juiz de Fora,Studio 2214 - JF'nin merkezinde konfor ve zarafet,Daire / Ev,2321,,2321,2321,,4.98,120,-21.7657,-43.3475,https://www.airbnb.com.tr/rooms/847619950380545272,https://a0.muscache.com/im/pictures/1607296666.jpg
923166724047971730,Daire - Juiz de Fora,Merkezde Garaj ve Eğlence ile muhteşem Stüdyo,Daire,2337,,2307,2307,2397,4.93,125,-21.7657,-43.3475,https://www.airbnb.com.tr/rooms/923166724047971730,https://a0.muscache.com/im/pictures/1684895122.jpg
1567455657782427748,Daire - Juiz de Fora,Merkezi konumda 01 odalı daire,Özel Oda,1748,,1748,,,5.0,5,-21.7647,-43.3473,https://www.airbnb.com.tr/rooms/1567455657782427748,https://a0.muscache.com/im/pictures/2427086574.jpg
1481098812320302381,Daire - Juiz de Fora,Şehir merkezinde Klima ve Eğlence ile Modern Stüdyo!,Daire,1975,,1975,,,4.96,28,-21.7657,-43.3475,https://www.airbnb.com.tr/rooms/1481098812320302381,https://a0.muscache.com/im/pictures/2283662503.jpg
1481263371775212523,Daire - Juiz de Fora,Stüdyo İç Mekan/Klima/Wi-Fi/Garaj/Güvenlik ve Eğlence,Daire,2089,,2089,,,4.86,44,-21.7657,-43.3475,https://www.airbnb.com.tr/rooms/1481263371775212523,https://a0.muscache.com/im/pictures/2284101079.jpg
1549223244703784010,Daire - Juiz de Fora,Merkezde Klima ve Eğlence Olanaklarıyla Mükemmel Stüdyo!,Daire,1937,,1937,,,4.75,12,-21.7657,-43.3475,https://www.airbnb.com.tr/rooms/1549223244703784010,https://a0.muscache.com/im/pictures/2397745905.jpg
812946415720284643,Daire - Juiz de Fora,Studio 1607 | Kompakt ve Modern,Daire,2458,,2458,,,4.88,154,-21.7661,-43.347,https://www.airbnb.com.tr/rooms/812946415720284643,https://a0.muscache.com/im/pictures/2335753780.jpg
715069550894522858,Site içi konut - Juiz de Fora,Rahat ve merkezi bir daire,Daire / Ev,1902,,,1743,2061,4.92,264,-21.7655,-43.34877,https://www.airbnb.com.tr/rooms/715069550894522858,https://a0.muscache.com/im/pictures/1502209907.jpg
1424772060070487184,Daire - Juiz de Fora,Lüks Stüdyo | Merkez + Klima,Daire,1768,,,1555,1980,4.9,100,-21.76581112610332,-43.348557919722246,https://www.airbnb.com.tr/rooms/1424772060070487184,https://a0.muscache.com/im/pictures/2180230705.jpg
1549245305607665942,Daire - Juiz de Fora,"Merkezde, eğlence olanaklarıyla birlikte mükemmel 2/4 süit!",Daire,3041,,,3041,,4.94,32,-21.7648,-43.3472,https://www.airbnb.com.tr/rooms/1549245305607665942,https://a0.muscache.com/im/pictures/2397805289.jpg
1628401374512736628,Daire - Juiz de Fora,Güzel ve Eksiksiz Daire | Merkez | Braz Alışveriş Merkezi,Daire,1317,,,1317,,4.91,43,-21.7641,-43.3472,https://www.airbnb.com.tr/rooms/1628401374512736628,https://a0.muscache.com/im/pictures/2529200589.jpg
1516691873396613200,Daire - Juiz de Fora,Merkezde konforlu ve garajlı stüdyo,Daire,2203,,,2203,,4.82,33,-21.7657,-43.3475,https://www.airbnb.com.tr/rooms/1516691873396613200,https://a0.muscache.com/im/pictures/2347364982.jpg
1127020255247444920,Daire - Juiz de Fora,Modern / tam donanımlı / garajlı / merkezi stüdyo ,Daire,2416,,,2345,2487,4.94,237,-21.76604,-43.34823,https://www.airbnb.com.tr/rooms/1127020255247444920,https://a0.muscache.com/im/pictures/1875671654.jpg
1379705245005598174,Daire - Juiz de Fora,Merkezde konfor ve pratiklik,Daire,1985,,,1985,,4.92,25,-21.7651763908029,-43.34720396460739,https://www.airbnb.com.tr/rooms/1379705245005598174,https://a0.muscache.com/im/pictures/2134090890.jpg
772289854169994490,Daire - Juiz de Fora,Juiz de Fora'nın merkezinde konfor ve sıcaklık,Daire,3005,,,,3005,4.96,347,-21.7659,-43.3478,https://www.airbnb.com.tr/rooms/772289854169994490,https://a0.muscache.com/im/pictures/1616979647.jpg
1360190506208665055,Daire - Juiz de Fora,Flat Azul Centro JF - Garajlı Oda/Oda/Balkon,Özel Oda,2364,,,,2364,5.0,48,-21.764109289158256,-43.34843295136909,https://www.airbnb.com.tr/rooms/1360190506208665055,https://a0.muscache.com/im/pictures/2687629364.jpg
957097030831161039,Çatı katı - Juiz de Fora,Studio 1602 - JF merkezinde stil ve konfor,Daire / Ev,2487,,,,2487,4.88,114,-21.7658,-43.3476,https://www.airbnb.com.tr/rooms/957097030831161039,https://a0.muscache.com/im/pictures/1721108540.jpg
1496611223644403361,Daire - Juiz de Fora,Modern ve samimi stüdyo - hava ve tam eğlence,Daire,2700,,,,2700,4.95,20,-21.7657,-43.3475,https://www.airbnb.com.tr/rooms/1496611223644403361,https://a0.muscache.com/im/pictures/2351648833.jpg
1445962311555121595,Daire - Juiz de Fora,"Modern, eksiksiz ve merkezi daire",Daire,2146,,,,2146,4.91,23,-21.7657,-43.3475,https://www.airbnb.com.tr/rooms/1445962311555121595,https://a0.muscache.com/im/pictures/2217886308.jpg
1070144681895929961,Daire - Juiz de Fora,Juiz de Fora'da daire,Daire,1279,,,,1279,4.91,182,-21.76571,-43.34927,https://www.airbnb.com.tr/rooms/1070144681895929961,https://a0.muscache.com/im/pictures/1829353397.jpg
1460265149005282783,Daire - Juiz de Fora,"Essenza Res. 2 süit, klima, eğlence, boş! Merkezi!",Daire,3197,,,,3197,4.83,29,-21.7642,-43.3466,https://www.airbnb.com.tr/rooms/1460265149005282783,https://a0.muscache.com/im/pictures/2244241777.jpg
1143040121430487985,Daire - Juiz de Fora,Lüks stüdyo | Klima + ücretsiz park yeri,Daire,1734,,,,1734,4.92,265,-21.7667,-43.3481,https://www.airbnb.com.tr/rooms/1143040121430487985,https://a0.muscache.com/im/pictures/1892823043.jpg
1728253084745462573,Daire - İpekyolu,Evden uzakta ev,Daire,3154,3041,,3210,3210,,0,38.4945,43.3969,https://www.airbnb.com.tr/rooms/1728253084745462573,https://a0.muscache.com/im/pictures/2722344182.jpg
1769770940797823428,Daire - İpekyolu,"Van Çarşı merkez’de Günlük ve haftalık daireler
",Daire,2510,2500,2500,2500,2538,,0,38.5031,43.3896,https://www.airbnb.com.tr/rooms/1769770940797823428,https://a0.muscache.com/im/pictures/2808559972.jpg
1607081060932540166,İpekyolu bölgesinde oda,"Evinizden Uzakta Eviniz
Merkezi • Temiz • Konforlu",Özel Oda,2485,2482,2482,2482,2494,,0,38.4996,43.3913,https://www.airbnb.com.tr/rooms/1607081060932540166,https://a0.muscache.com/im/pictures/2493039749.jpg
1771974273309341627,Daire - İpekyolu,Van çarşı merkezde günlük haftalık temiz daireler ,Daire,2127,2279,2051,2051,,,0,38.4974,43.39009,https://www.airbnb.com.tr/rooms/1771974273309341627,https://a0.muscache.com/im/pictures/2812843561.jpg
1449367312804422398,Daire - Van,Omurga,Daire,2600,2600,,,,4.8,5,38.50281,43.38875,https://www.airbnb.com.tr/rooms/1449367312804422398,https://a0.muscache.com/im/pictures/2224124595.jpg
1722364108880530103,Daire - Van Merkez,2+1 aile için Van şehir merkezi,Daire,5329,5329,,,5329,,0,38.4992,43.3906,https://www.airbnb.com.tr/rooms/1722364108880530103,https://a0.muscache.com/im/pictures/2710165283.jpg
1710871221465746549,Daire - Van Merkez,Van çarşı merkezde temiz ve konforlu daireler ,Daire,3000,3000,3000,3000,,5.0,4,38.5032,43.3903,https://www.airbnb.com.tr/rooms/1710871221465746549,https://a0.muscache.com/im/pictures/2686180793.jpg
1391522242796228390,Ev - Van,van merkezde günlük haftalık 1+1 daire,Daire / Ev,2850,3000,2700,2700,3000,4.88,8,38.5023637985355,43.3733771683738,https://www.airbnb.com.tr/rooms/1391522242796228390,https://a0.muscache.com/im/pictures/2584188494.jpg
1476820724298282132,Misafir evi - Van,Merkezi Konum Daire (Central Apt,Daire / Ev,1700,1700,1700,,,4.31,13,38.4981,43.3903,https://www.airbnb.com.tr/rooms/1476820724298282132,https://a0.muscache.com/im/pictures/2275724554.jpg
1744222766420484708,Tekne - İpekyolu,"1+1 daire güzel konum her yere yakın 
",Daire / Ev,2333,2400,2400,2200,,,0,38.5,43.3972,https://www.airbnb.com.tr/rooms/1744222766420484708,https://a0.muscache.com/im/pictures/2756705765.jpg
1759324393237857608,Daire - Van Merkez,"1+1 daire güzel merkez 
her yere yakın",Daire,1800,1800,1800,,,,0,38.5001,43.3812,https://www.airbnb.com.tr/rooms/1759324393237857608,https://a0.muscache.com/im/pictures/2788088135.jpg
1692592708544006857,Daire - İpekyolu,Aileler için uygun büyük 2+1 Suit daire,Daire,5329,5329,5329,5329,,,0,38.5011,43.3902,https://www.airbnb.com.tr/rooms/1692592708544006857,https://a0.muscache.com/im/pictures/2646952641.jpg
1719580170948471301,Daire - Van Merkez,Aile binasında temiz ve ferah daireler ,Daire,3000,3000,3000,,,,0,38.495,43.3884,https://www.airbnb.com.tr/rooms/1719580170948471301,https://a0.muscache.com/im/pictures/2704118216.jpg
1667414022958587816,Daire - Van Merkez,van çarşı merkezde günlük haftalık temiz daireler,Daire,3000,3000,3000,,,4.67,3,38.4937,43.392,https://www.airbnb.com.tr/rooms/1667414022958587816,https://a0.muscache.com/im/pictures/2599090767.jpg
935475816757563386,Daire - Van,1+1 konforlu lüks daire,Daire,2591,2591,2591,,,4.38,13,38.4923,43.3931,https://www.airbnb.com.tr/rooms/935475816757563386,https://a0.muscache.com/im/pictures/1941513974.jpg
1722370860604689222,Daire - İpekyolu,2+1 geniş ferah Van merkez ,Daire,5329,5329,5329,,,,0,38.4988,43.3932,https://www.airbnb.com.tr/rooms/1722370860604689222,https://a0.muscache.com/im/pictures/2710179495.jpg
1674421117958140803,İpekyolu bölgesinde oda,Deluxe Oda - Vantalya Otel,Özel Oda,3150,3150,,,,,0,38.5003,43.3918,https://www.airbnb.com.tr/rooms/1674421117958140803,https://a0.muscache.com/im/pictures/2611869275.jpg
1755849245257750231,Kamp aracı/Karavan - İpekyolu,Merkezi ferah ve temiz,Daire / Ev,2100,2100,,,,,0,38.502,43.3971,https://www.airbnb.com.tr/rooms/1755849245257750231,https://a0.muscache.com/im/pictures/2781402614.jpg
1167377898481069491,Daire - Van,"Merkezi, temiz, sakin ve turistik yerlere yakın",Daire,4474,,4856,,4092,4.8,70,38.4822,43.3574,https://www.airbnb.com.tr/rooms/1167377898481069491,https://a0.muscache.com/im/pictures/1931033071.jpg
1463817605961896590,Daire - Van,"Modern, merkezi konumda, balkonlu.",Daire,3229,,3041,3323,3323,4.92,13,38.49766052558011,43.394007018076515,https://www.airbnb.com.tr/rooms/1463817605961896590,https://a0.muscache.com/im/pictures/2251127436.jpg
1445525847831073174,Daire - Van,Asil ev 4,Daire,3210,,3379,3041,,4.71,14,38.500042689793524,43.389858469001204,https://www.airbnb.com.tr/rooms/1445525847831073174,https://a0.muscache.com/im/pictures/2216923380.jpg
1461474574606477447,Müşterek otel odası - Van,Van'ın Zirvesine Hoş geldiniz!,Özel Oda,5262,,5262,,,,0,38.5004,43.3899,https://www.airbnb.com.tr/rooms/1461474574606477447,https://a0.muscache.com/im/pictures/2246454916.jpg
1690030178329729930,Daire - İpekyolu,3+1 aile için suit,Daire,6800,,6800,,,,0,38.5015,43.3903,https://www.airbnb.com.tr/rooms/1690030178329729930,https://a0.muscache.com/im/pictures/2641947213.jpg
1738322660631521947,Site içi konut - İpekyolu,Van daire merkez 1+1 ,Daire / Ev,2250,,,2250,2250,5.0,10,38.5004,43.3841,https://www.airbnb.com.tr/rooms/1738322660631521947,https://a0.muscache.com/im/pictures/2745275653.jpg
1750035309891143365,Daire - İpekyolu,Van AVM Yanında Şık ve Konforlu Daire,Daire,2500,,,2500,2500,5.0,4,38.4922,43.3935,https://www.airbnb.com.tr/rooms/1750035309891143365,https://a0.muscache.com/im/pictures/2769375032.jpg
920997405451208456,Daire - Van,2+1 Lüks Daire,Daire,4984,,,4984,4984,4.58,55,38.4921,43.3935,https://www.airbnb.com.tr/rooms/920997405451208456,https://a0.muscache.com/im/pictures/2166998715.jpg
884496807160775699,Daire - Van,Espinaz APART OTEL 3,Daire,1990,,,2500,1480,4.5,18,38.50267,43.39021,https://www.airbnb.com.tr/rooms/884496807160775699,https://a0.muscache.com/im/pictures/1648285495.jpg
1449372522109121607,Daire - Van,Espinaz Apart Otel 9,Daire,2265,,,2500,2030,,0,38.5022,43.3895,https://www.airbnb.com.tr/rooms/1449372522109121607,https://a0.muscache.com/im/pictures/2726819890.jpg
1263717510922748935,Daire - Van,Asil evi,Daire,3322,,,3069,3576,4.76,46,38.4990198594033,43.390211740365075,https://www.airbnb.com.tr/rooms/1263717510922748935,https://a0.muscache.com/im/pictures/2008825540.jpg
1709561606744512833,Daire - Van Merkez,Çarşı merkezinde 2+1 temiz ve geniş daire ,Daire,2500,,,2500,2500,3.83,6,38.5019,43.3973,https://www.airbnb.com.tr/rooms/1709561606744512833,https://a0.muscache.com/im/pictures/2683310572.jpg
1727033957101383822,Daire - Van Merkez,Arden home ,Daire,5914,,,5914,,,0,38.4943,43.3934,https://www.airbnb.com.tr/rooms/1727033957101383822,https://a0.muscache.com/im/pictures/2720131630.jpg
1496621234878319150,Daire - İpekyolu,Huzurlu ve Geniş Aile Dairesi,Daire,5038,,,,5038,4.86,14,38.48778289692216,43.357614213449935,https://www.airbnb.com.tr/rooms/1496621234878319150,https://a0.muscache.com/im/pictures/2310857678.jpg
1264239630060933642,Daire - Van,Asil ev 3+1,Daire,5632,,,,5632,4.63,24,38.5002,43.391,https://www.airbnb.com.tr/rooms/1264239630060933642,https://a0.muscache.com/im/pictures/2009289770.jpg
1704966820353585690,Daire - Van Merkez,Van çarşı merkezde günlük haftalık temiz daireler,Daire,2800,,,,2800,4.75,16,38.50378142950784,43.389168742376626,https://www.airbnb.com.tr/rooms/1704966820353585690,https://a0.muscache.com/im/pictures/2673567148.jpg
1751450461829824578,Daire - Van Merkez,Van çarşı merkezde günlük haftalık temiz daireler ,Daire,3000,,,,3000,,0,38.5031,43.3892,https://www.airbnb.com.tr/rooms/1751450461829824578,https://a0.muscache.com/im/pictures/2772321900.jpg
1764395801022134261,"Daire - Hyderabad, Hindistan",Lakshmi'nin Rahat Stüdyo Dairesi 1 | HITEC City ve Kondapur,Daire,1320,1320,,,,,0,17.47,78.3326,https://www.airbnb.com.tr/rooms/1764395801022134261,https://a0.muscache.com/im/pictures/2800467784.jpg
1752238031876679490,"Ev - San Antonio, Teksas, Amerika Birleşik Devletleri","YENİ! Havuz, jakuzi, pickleball, mini golf + tiyatro",Daire / Ev,21794,21794,,,,,0,29.5697,-98.4453,https://www.airbnb.com.tr/rooms/1752238031876679490,https://a0.muscache.com/im/pictures/2774151461.jpg
1759240335726462640,"Daire - Atina, Yunanistan","Kratinou C6, belediye binasına bakan şık bir yer",Daire,4337,,,4337,,,0,37.9814,23.7275,https://www.airbnb.com.tr/rooms/1759240335726462640,https://a0.muscache.com/im/pictures/2787915376.jpg
1354618755197920764,Ev - Olympia,Kuzeybatı Yakasında Büyük Aile Dostu Ev - Köpeklere İzin Verilir,Daire / Ev,13445,,13445,,,4.97,33,47.053,-122.9388,https://www.airbnb.com.tr/rooms/1354618755197920764,https://a0.muscache.com/im/pictures/2087393844.jpg
1706409944683258780,Daire - Nilüfer,1+1 4 kişilik eşyalı daire,Daire,2485,2340,,2645,2470,5.0,21,40.23102,28.97753,https://www.airbnb.com.tr/rooms/1706409944683258780,https://a0.muscache.com/im/pictures/2676867891.jpg
29604902,Daire - Bursa,"BURSA ARAZ APART FAMİLY
(3 yatak odası, 1 oturma odası)",Özel Oda,3237,2961,,3198,3553,4.96,186,40.20062,29.01728,https://www.airbnb.com.tr/rooms/29604902,https://a0.muscache.com/im/pictures/1920358286.jpg
54069339,Otel odası - Osmangazi,BURSA ARAZ APART,Özel Oda,2132,2132,2132,2132,,4.93,99,40.20058,29.01855,https://www.airbnb.com.tr/rooms/54069339,https://a0.muscache.com/im/pictures/1312784921.jpg
1349155642456291549,Ev - Gümüştepe,Doğayla içiçe 5 kişilik harika daire,Daire / Ev,4902,3800,,5453,5453,4.98,50,40.18371856944163,28.97496861071464,https://www.airbnb.com.tr/rooms/1349155642456291549,https://a0.muscache.com/im/pictures/2082378621.jpg
50975150,Daire - Osmangazi,Bursa'da şehrin göbeğinde ev 1+1,Daire,3021,2631,,2924,3508,4.86,179,40.18186,29.06887,https://www.airbnb.com.tr/rooms/50975150,https://a0.muscache.com/im/pictures/2392855661.jpg
50736929,Site içi konut - Yıldırım,konforlu bir konaklama için tasarlanmış ! 2B/3,Daire / Ev,3883,3883,,,,4.83,111,40.18013,29.07065,https://www.airbnb.com.tr/rooms/50736929,https://a0.muscache.com/im/pictures/1534022027.jpg
50986874,Otel odası - Bursa,Royal Residence 1 yatak odası + 1 balkonlu oturma odası,Özel Oda,4250,4250,4250,4250,4250,4.87,23,40.21285,28.99562,https://www.airbnb.com.tr/rooms/50986874,https://a0.muscache.com/im/pictures/1217598024.jpg
1319760133732623058,Otel - Bursa,Balkonlu Superior Oda,Özel Oda,4485,4485,4485,,,,0,40.20852964526543,28.988059393505356,https://www.airbnb.com.tr/rooms/1319760133732623058,https://a0.muscache.com/im/pictures/2055564855.jpg
47522663,Daire - Yıldırım,Bursa Merkez 3 Yatak Odası + 1 Oturma Odası - Türk Hamamı,Özel Oda,4678,4678,,,4678,4.82,317,40.1808,29.0712,https://www.airbnb.com.tr/rooms/47522663,https://a0.muscache.com/im/pictures/1117598854.jpg
1576816419599518453,Osmangazi bölgesinde odalar,Şehir Merkezli Temiz Güvenli Butik Aile Oteli ,Özel Oda,2303,2374,2287,2200,2350,5.0,5,40.1829,29.0608,https://www.airbnb.com.tr/rooms/1576816419599518453,https://a0.muscache.com/im/pictures/2748040931.jpg
48174749,Ev - Osmangazi,Eşsiz Manzaralı Keyifli Çatı Katı - Roof suite,Daire / Ev,5818,5438,5906,5906,6022,4.77,197,40.18005,29.01603,https://www.airbnb.com.tr/rooms/48174749,https://a0.muscache.com/im/pictures/1622480569.jpg
1591904535261178656,Daire - Yıldırım,4B/4 Büyük Ana Yaşam Alanı! Konforlu konaklama için,Daire,5097,5097,5097,,5097,4.96,25,40.1792,29.0711,https://www.airbnb.com.tr/rooms/1591904535261178656,https://a0.muscache.com/im/pictures/2467778747.jpg
32884123,Konaklama yeri - Yıldırım,Merkez 1. Kat (Küçük stüdyo) #401,Daire / Ev,1579,1579,1579,,,4.74,183,40.1811,29.0724,https://www.airbnb.com.tr/rooms/32884123,https://a0.muscache.com/im/pictures/695418055.jpg
39781480,Osmangazi bölgesinde oda,"Yankı Hotel, Standart Oda, Çift Kişilik Yatak",Özel Oda,2750,2750,2750,,,4.88,32,40.2,29.018,https://www.airbnb.com.tr/rooms/39781480,https://a0.muscache.com/im/pictures/2351158329.jpg
1209260588696548790,Daire - Gümüştepe,5 kişilik Şehir merkezinde doğayla içiçe 2+1daire,Daire,3800,3800,,,,4.95,40,40.18413991005406,28.975489339537216,https://www.airbnb.com.tr/rooms/1209260588696548790,https://a0.muscache.com/im/pictures/1961852810.jpg
1278260521818008521,Butik otel - Yıldırım,Pera Pansiyon Hotel Standart Oda (oda),Özel Oda,2272,2350,2350,2115,,4.92,13,40.18189643534931,29.072893045020034,https://www.airbnb.com.tr/rooms/1278260521818008521,https://a0.muscache.com/im/pictures/2020253027.jpg
50264353,Daire - Osmangazi,Bursa'da şehrin göbeğinde 3+1 ev,Daire,5165,4385,4385,,6724,4.88,427,40.1814,29.0679,https://www.airbnb.com.tr/rooms/50264353,https://a0.muscache.com/im/pictures/2392882614.jpg
50327827,Daire - Osmangazi,Bursa'da Şehir Merkezinde Ev 2+1,Daire,3801,3801,3801,,,4.86,295,40.1814,29.0679,https://www.airbnb.com.tr/rooms/50327827,https://a0.muscache.com/im/pictures/2392863312.jpg
767852623856316399,Daire - Yıldırım,konforlu bir konaklama için tasarlanmış ! 2B/7,Daire,3883,,3883,,,4.96,79,40.17818,29.07211,https://www.airbnb.com.tr/rooms/767852623856316399,https://a0.muscache.com/im/pictures/1534032018.jpg
47522408,Daire - Yıldırım,BURSA şehir merkezi 3 yatak odalı oturma odası apartmanı,Özel Oda,4678,,4678,,,4.79,182,40.1808,29.0712,https://www.airbnb.com.tr/rooms/47522408,https://a0.muscache.com/im/pictures/1117595111.jpg
890422598428064549,Ev - Osmangazi,Özel Bahçeli Tarihi Türk Evi,Daire / Ev,7095,,7354,6820,7111,4.91,115,40.1844,29.0571,https://www.airbnb.com.tr/rooms/890422598428064549,https://a0.muscache.com/im/pictures/1650773649.jpg
1223922941822969939,Daire - Gümüştepe,Doğayla içiçe 2+1 harika manzaralı 5 kişilik daire,Daire,5453,,5453,,,4.93,60,40.183699751762596,28.975147902427775,https://www.airbnb.com.tr/rooms/1223922941822969939,https://a0.muscache.com/im/pictures/1975739860.jpg
39781478,Osmangazi bölgesinde oda,"Yankı Hotel, Bahçeli Oda, Çift Kişilik Yatak, Çekyat",Özel Oda,2875,,2750,3000,,5.0,4,40.2,29.018,https://www.airbnb.com.tr/rooms/39781478,https://a0.muscache.com/im/pictures/2351161177.jpg
1415432627742826716,Ev - Osmangazi,Bursa *Vardar Guest House* Bahçeli Müstakil Ev,Daire / Ev,5847,,5847,,,4.89,27,40.205178295691624,29.01702337083631,https://www.airbnb.com.tr/rooms/1415432627742826716,https://a0.muscache.com/im/pictures/2164666917.jpg
1177010463362418696,Ev - Yıldırım,Lüks Malikane Bursa (3. Kat),Daire / Ev,4385,,4385,,4385,4.92,147,40.1796,29.0709,https://www.airbnb.com.tr/rooms/1177010463362418696,https://a0.muscache.com/im/pictures/1928284536.jpg
767865136064757456,Daire - Yıldırım,konforlu bir konaklama için tasarlanmış ! 2B/11,Daire,3883,,,3883,3883,4.92,118,40.17802,29.07032,https://www.airbnb.com.tr/rooms/767865136064757456,https://a0.muscache.com/im/pictures/1534041120.jpg
652512107329910585,Ev - Osmangazi,Özel Bahçeli Müstakil Ev,Daire / Ev,4267,,,4267,4267,4.9,68,40.22185,29.0079,https://www.airbnb.com.tr/rooms/652512107329910585,https://a0.muscache.com/im/pictures/2806753230.jpg
47299064,Daire - Yıldırım,Bursa Şehir Merkezi 1+1 Yatak Odası - Türk Hamamı - Teras,Özel Oda,3508,,,3508,,4.83,380,40.1808,29.0712,https://www.airbnb.com.tr/rooms/47299064,https://a0.muscache.com/im/pictures/1113112568.jpg
1196399879447412448,Daire - Gümüştepe,Harika manzaralı lüks 2+1 daire (5kişilik),Daire,5453,,,5453,5453,4.95,98,40.1844,28.9758,https://www.airbnb.com.tr/rooms/1196399879447412448,https://a0.muscache.com/im/pictures/1948108325.jpg
1586276068423613197,Osmangazi bölgesinde oda,Bursa Merkezde 1+1 Günlük Kiralık Temiz Daireler,Özel Oda,2296,,,2296,,4.91,11,40.1897,29.0552,https://www.airbnb.com.tr/rooms/1586276068423613197,https://a0.muscache.com/im/pictures/2463377497.jpg
1247302358068947754,Otel - Bursa,Junior oda,Özel Oda,3565,,,3565,,4.67,33,40.208,28.9883,https://www.airbnb.com.tr/rooms/1247302358068947754,https://a0.muscache.com/im/pictures/2012057551.jpg
1320563528298840562,Ev - Osmangazi,Suit 6,Daire / Ev,1965,,,1965,,4.49,72,40.1899,29.05503,https://www.airbnb.com.tr/rooms/1320563528298840562,https://a0.muscache.com/im/pictures/2563221192.jpg
865745324220544788,Daire - Yıldırım,Yeşil Caminin Yanında Rahat Dubleks,Daire,3773,,,,3773,4.76,90,40.1825,29.074,https://www.airbnb.com.tr/rooms/865745324220544788,https://a0.muscache.com/im/pictures/1624249089.jpg
42372263,Daire - Osmangazi,"Yepyeni, rahat daire, Tarihi Şehir Merkezi No.2",Daire,4880,,,,4880,4.95,66,40.18926,29.04933,https://www.airbnb.com.tr/rooms/42372263,https://a0.muscache.com/im/pictures/980598336.jpg
775361274851708427,Villa - Osmangazi,Bursa’nın merkezinde tarihi konakta / 7 kişi,Müstakil Villa,8244,,,,8244,4.95,75,40.1779,29.0621,https://www.airbnb.com.tr/rooms/775361274851708427,https://a0.muscache.com/im/pictures/1580405526.jpg
1711507871852960815,"Ev - Lahor, Pakistan",Aria Vista Homes - DHA Phase 7 Lahor'da 2 yatak odalı ev,Özel Oda,2330,2330,,,,5.0,7,31.478295559504264,74.49288533231334,https://www.airbnb.com.tr/rooms/1711507871852960815,https://a0.muscache.com/im/pictures/2722991887.jpg
1754613071740389591,"Site içi konut - Marakeş, Fas",Yenilenmiş Daire • Panoramik Manzara • Marakeş,Daire / Ev,2291,2291,,,,,0,31.6287,-8.0577,https://www.airbnb.com.tr/rooms/1754613071740389591,https://a0.muscache.com/im/pictures/2778954875.jpg
1744736557547529289,"Daire - Rio de Janeiro, Brezilya",Ipanema Plajı yakınında lüks apart otel,Daire,6016,,6016,,,5.0,3,-22.9829,-43.2039,https://www.airbnb.com.tr/rooms/1744736557547529289,https://a0.muscache.com/im/pictures/2800094727.jpg
1573549678841119138,"Ev - Dominicalito, Kosta Rika",Özel şef dâhil | Okyanus manzaralı villa + sauna,Müstakil Villa,30337,,,30337,,5.0,30,9.234313824330995,-83.8239574842534,https://www.airbnb.com.tr/rooms/1573549678841119138,https://a0.muscache.com/im/pictures/2466773004.jpg
28390892,Lacey bölgesinde oda,Şehir merkezine ve hastaneye birkaç dakika mesafede özel oda,Özel Oda,2573,,,,2573,4.92,236,47.0265,-122.81592,https://www.airbnb.com.tr/rooms/28390892,https://a0.muscache.com/im/pictures/1164236912.jpg
1603345174942567392,Wicker Park bölgesinde oda,Yan tarafta uygun market bulunan konforlu oda,Özel Oda,6092,6092,,,,4.67,6,41.90781,-87.66611,https://www.airbnb.com.tr/rooms/1603345174942567392,https://a0.muscache.com/im/pictures/2487020984.jpg
13635380,West Side bölgesinde oda,"Mısır Odası - Ücretsiz Park Yeri, CTA'ya 1 blok",Özel Oda,3058,3058,,,,4.84,592,41.883,-87.7096,https://www.airbnb.com.tr/rooms/13635380,https://a0.muscache.com/im/pictures/172299942.jpg
50074008,Logan Square bölgesinde oda,P1. Şehir merkezinin yanında! En iyi konum,Özel Oda,3224,3224,,,,4.28,162,41.91691,-87.69657,https://www.airbnb.com.tr/rooms/50074008,https://a0.muscache.com/im/pictures/1193451182.jpg
45423930,Şikago bölgesinde oda,Chicago'da Özel Yatak Odası (North Park),Özel Oda,3155,3155,,,,4.79,91,41.99236,-87.71524,https://www.airbnb.com.tr/rooms/45423930,https://a0.muscache.com/im/pictures/1483418538.jpg
1090039566462419513,Albany Park bölgesinde oda,Rahat Özel Bodrum Odası | Mini Buzdolabı | TV,Özel Oda,5036,5036,,,,4.81,32,41.9716,-87.7132,https://www.airbnb.com.tr/rooms/1090039566462419513,https://a0.muscache.com/im/pictures/2123838362.jpg
1748602023743645433,Jefferson Park bölgesinde oda,Jefferson Park Lodge,Özel Oda,3640,3640,,,,,0,41.9738,-87.7642,https://www.airbnb.com.tr/rooms/1748602023743645433,https://a0.muscache.com/im/pictures/2797216468.jpg
1262339994359566208,Logan Square bölgesinde oda,P77. Şehir merkezinin yanında,Özel Oda,2759,2759,,,,4.72,53,41.91819,-87.69632,https://www.airbnb.com.tr/rooms/1262339994359566208,https://a0.muscache.com/im/pictures/2007591333.jpg
1166652156282027401,Albany Park bölgesinde oda,Güneşli Deluxe Kaçış | Lincoln Meydanı yakınında,Özel Oda,3925,3925,,,,4.79,28,41.96871,-87.72276,https://www.airbnb.com.tr/rooms/1166652156282027401,https://a0.muscache.com/im/pictures/1917466857.jpg
21263821,East Rogers Park bölgesinde konaklama yeri,#7 Tarihi Chicago Evi - Ranzalı Yatak Odası (İkiz ve Tam),Özel Oda,4371,4371,,,,4.81,180,42.01036,-87.66248,https://www.airbnb.com.tr/rooms/21263821,https://a0.muscache.com/im/pictures/456835397.jpg
1237202493357479704,Daire - Lake View,Wrigley'e yakın tarihi daire,Daire,30652,30652,,,,5.0,27,41.9503,-87.67054,https://www.airbnb.com.tr/rooms/1237202493357479704,https://a0.muscache.com/im/pictures/1986465542.jpg
1344484935214357055,Daire - Irving Park,"YENİ BOHO 3BR | King boy yatak, ateş çukuru/şehir merkezine yakın",Daire,13979,13979,,,,4.96,24,41.94203,-87.73583,https://www.airbnb.com.tr/rooms/1344484935214357055,https://a0.muscache.com/im/pictures/2245748077.jpg
1000693154508244365,Norwood Park bölgesinde oda,Norwood Park'ta özel yatak odası,Özel Oda,3446,3446,,,,4.95,41,41.99586,-87.78579,https://www.airbnb.com.tr/rooms/1000693154508244365,https://a0.muscache.com/im/pictures/1758425475.jpg
1321005759350404783,Şikago bölgesinde oda,Çekici bir yatak odası - N.E.U'ya birkaç adım,Özel Oda,9247,9247,,,,4.83,89,41.98488,-87.71638,https://www.airbnb.com.tr/rooms/1321005759350404783,https://a0.muscache.com/im/pictures/2056551161.jpg
24894665,Daire - Lake View,Wrigleyville Flat - Aydınlık ferah 3 +1 BANYO,Daire,39195,39195,,,,4.93,83,41.9496,-87.6619,https://www.airbnb.com.tr/rooms/24894665,https://a0.muscache.com/im/pictures/493960592.jpg
731919700243917043,Site içi konut - Lincoln Park,"Lincoln Park'ta Yenilenmiş 2 Yataklı Konut, Ücretsiz Park Yeri",Daire / Ev,61741,61741,,,,4.92,173,41.9218,-87.6648,https://www.airbnb.com.tr/rooms/731919700243917043,https://a0.muscache.com/im/pictures/1509950280.jpg
1376236066384833237,The Swissôtel Chicago,Şikago bölgesinde otel,Daire / Ev,75235,75235,,,,4.77,1225,41.8873,-87.6196,https://www.airbnb.com.tr/rooms/1376236066384833237,https://a0.muscache.com/im/pictures/2527951041.jpg
1291718750414371009,Daire - East Rogers Park,Loyola ve Lakefront yakınında rahat birim,Daire,7087,7087,,,,4.09,23,42.00219,-87.66463,https://www.airbnb.com.tr/rooms/1291718750414371009,https://a0.muscache.com/im/pictures/2381640375.jpg
22478199,Müşterek oda - West Rogers Park,02a. Karma odada tam yatak - NWU'ya 3 mil,Özel Oda,2091,2091,,,,4.81,110,42.0165,-87.6878,https://www.airbnb.com.tr/rooms/22478199,https://a0.muscache.com/im/pictures/879323588.jpg
1737010983177218512,Wrigleyville bölgesinde oda,K9 - Wrigley Field'ın yanında küçük bir oda,Özel Oda,2876,,2876,,,5.0,7,41.9449,-87.6588,https://www.airbnb.com.tr/rooms/1737010983177218512,https://a0.muscache.com/im/pictures/2794175416.jpg
1400960681746151744,Daire - Lake View,Merkezî 1BR İnziva,Daire,6553,,6553,,,4.85,67,41.93898,-87.67058,https://www.airbnb.com.tr/rooms/1400960681746151744,https://a0.muscache.com/im/pictures/2225826598.jpg
46091235,Lake View bölgesinde oda,Boystown'ın ortasında İngiliz temalı oda,Özel Oda,6192,,6192,,,4.78,375,41.9451,-87.6489,https://www.airbnb.com.tr/rooms/46091235,https://a0.muscache.com/im/pictures/1770137101.jpg
1628548575234663639,Daire - Lake View,Göl manzaralı kaçış: 1 yatak odalı mobilyalı daire,Özel Oda,6553,,6553,,,4.67,24,41.94041,-87.66918,https://www.airbnb.com.tr/rooms/1628548575234663639,https://a0.muscache.com/im/pictures/2537817352.jpg
1402304675423265092,Daire - Lake View,Temiz ve Donanımlı 1 Yatak Odalı Daire,Özel Oda,6626,,6626,,,4.68,41,41.94302,-87.66845,https://www.airbnb.com.tr/rooms/1402304675423265092,https://a0.muscache.com/im/pictures/2143814050.jpg
1521869587863247567,Daire - Lake View,Eğlenceli Wrigleyville kaçamağı | 3 yatak odası | Oyunlar ve oyun salonları,Özel Oda,12960,,12960,,,4.98,41,41.9355,-87.6606,https://www.airbnb.com.tr/rooms/1521869587863247567,https://a0.muscache.com/im/pictures/2408837288.jpg
815938170026864626,Daire - Lake View,Misafirlerin favori cevheri | Wrigley Field’a kısa yürüyüş mesafesinde,Daire,13664,,13664,,,4.79,201,41.942,-87.6521,https://www.airbnb.com.tr/rooms/815938170026864626,https://a0.muscache.com/im/pictures/1584891136.jpg
29885798,Daire - Wrigleyville,"BÜYÜK birim, Wrigeyville, Wrigley, Metro'ya adım atın",Daire,8640,,8640,,,4.71,366,41.95073,-87.6594,https://www.airbnb.com.tr/rooms/29885798,https://a0.muscache.com/im/pictures/612378874.jpg
1040724303268131599,Ev - Lake View,Lakeview ve Lincoln Park'ta Şık 1 Yatak Odalı Şehir İçinde İnziva,Özel Oda,8194,,8194,,,4.87,71,41.93635,-87.66707,https://www.airbnb.com.tr/rooms/1040724303268131599,https://a0.muscache.com/im/pictures/1995758606.jpg
1040976605525453373,Otel - Lincoln Park,Lincoln Park'ta caz ve rock tarihiyle dolu bir mücevher,Daire / Ev,8349,,8349,,,4.54,534,41.933,-87.6455,https://www.airbnb.com.tr/rooms/1040976605525453373,https://a0.muscache.com/im/pictures/2396625324.jpg
1254163570574458234,Daire - Lincoln Park,Southport'ta 2. Süit 4 Queen Yatak,Daire,9672,,9672,,,4.77,57,41.9272,-87.6631,https://www.airbnb.com.tr/rooms/1254163570574458234,https://a0.muscache.com/im/pictures/2000735158.jpg
1405112664266129292,Daire - Lake View,"Wrigleyville yakınında ferah ev, 1 park yeri!",Daire,17862,,17862,17862,,4.83,42,41.9392,-87.6515,https://www.airbnb.com.tr/rooms/1405112664266129292,https://a0.muscache.com/im/pictures/2162004475.jpg
1475603053453861221,Daire - Lincoln Park,Konforlu bir şekilde döşenmiş ve geniş 3 yatak odalı daire,Özel Oda,9975,,9975,,,4.76,41,41.9276,-87.6512,https://www.airbnb.com.tr/rooms/1475603053453861221,https://a0.muscache.com/im/pictures/2275923106.jpg
1096694948122460102,Daire - Wrigleyville,Wrigley Lakeview Gem-Walk to Wrigley/ücretli otopark!,Daire,7883,,7883,,,4.71,112,41.9479,-87.6595,https://www.airbnb.com.tr/rooms/1096694948122460102,https://a0.muscache.com/im/pictures/1846085894.jpg
609426723980234879,Wrigleyville bölgesinde oda,H4-A Blok'tan Wrigley Field'a - 5 Misafire Kadar,Özel Oda,3224,,3224,,,4.71,181,41.94887,-87.65802,https://www.airbnb.com.tr/rooms/609426723980234879,https://a0.muscache.com/im/pictures/1384149807.jpg
8953380,Lake View bölgesinde oda,Wrigley yakınlarında göl manzaralı ev,Özel Oda,10557,,10557,,,4.96,254,41.94119,-87.64719,https://www.airbnb.com.tr/rooms/8953380,https://a0.muscache.com/im/pictures/89947361.jpg
1767593912332900201,Lake View bölgesinde konaklama yeri,"En İyi Konumda, Asansörsüz Brown Stone Konforlu/Güvenli",Daire / Ev,5097,,5097,,,,0,41.9372,-87.6697,https://www.airbnb.com.tr/rooms/1767593912332900201,https://a0.muscache.com/im/pictures/2804529714.jpg
1402981136859333767,Daire - Lake View,1BR Tam donanımlı ve merkezi,Daire,6553,,6553,,,4.67,46,41.93847,-87.66865,https://www.airbnb.com.tr/rooms/1402981136859333767,https://a0.muscache.com/im/pictures/2144723827.jpg
772761488160509011,Lake View bölgesinde oda,Lakeview'de harika konum/özel oda,Özel Oda,4368,,,4368,4368,4.92,169,41.9377,-87.6538,https://www.airbnb.com.tr/rooms/772761488160509011,https://a0.muscache.com/im/pictures/1538550441.jpg
1588790062206481323,Daire - Lake View,Basit ve rahat 1 yatak odalı göl manzaralı daire,Özel Oda,8494,,,8057,8931,4.5,16,41.93733,-87.65081,https://www.airbnb.com.tr/rooms/1588790062206481323,https://a0.muscache.com/im/pictures/2463577521.jpg
773214911162646829,Lake View bölgesinde oda,Uygun Konum / Özel Oda (Queen Yatak),Özel Oda,5230,,,5194,5266,4.91,167,41.9376,-87.6538,https://www.airbnb.com.tr/rooms/773214911162646829,https://a0.muscache.com/im/pictures/1538616047.jpg
944304071727896369,Daire - Lincoln Park,Parkway'deki akıllı çatı katları,Daire,7934,,,7422,8446,4.76,107,41.9329,-87.6522,https://www.airbnb.com.tr/rooms/944304071727896369,https://a0.muscache.com/im/pictures/1717374986.jpg
1400913257260860859,Daire - Lake View,Modern Mutfaklı Şık ve Şık Stüdyo,Daire,6795,,,6795,,4.74,130,41.93445,-87.64265,https://www.airbnb.com.tr/rooms/1400913257260860859,https://a0.muscache.com/im/pictures/2141562863.jpg
52796850,Daire - Lincoln Park,Prime Konumunda Geniş Stüdyo,Daire,7669,,,7572,7766,4.77,194,41.93159,-87.64594,https://www.airbnb.com.tr/rooms/52796850,https://a0.muscache.com/im/pictures/1422685045.jpg
562194332010521798,Daire - Wrigleyville,Lunatic Fringe • Wrigley yakınında klasik tarzda 1 yatak odalı daire,Özel Oda,7111,,,7111,,4.89,175,41.94608,-87.66054,https://www.airbnb.com.tr/rooms/562194332010521798,https://a0.muscache.com/im/pictures/1405407230.jpg
1482174914212008140,Daire - Lake View,Lakeview'de güzel 1 yatak odalı daire,Özel Oda,5776,,,5776,,4.87,45,41.9396,-87.6696,https://www.airbnb.com.tr/rooms/1482174914212008140,https://a0.muscache.com/im/pictures/2287001104.jpg
1401167412687501709,Daire - Lake View,"Cozy, Fully Set - Up 1BR Space",Daire,7912,,,7912,,4.88,85,41.93744,-87.64348,https://www.airbnb.com.tr/rooms/1401167412687501709,https://a0.muscache.com/im/pictures/2141845418.jpg
1714864803128163754,Ev - Lincoln Park,"Tarihi ve tamamen modern, 5 yatak/2 banyo/otopark",Daire / Ev,14125,,,14125,,4.88,8,41.92601,-87.6524,https://www.airbnb.com.tr/rooms/1714864803128163754,https://a0.muscache.com/im/pictures/2694269872.jpg
1226981901257520790,Daire - Lake View,"Retro Tasarım Evi | Wrigley'e, barlara ve göle yürüyün",Daire,14416,,,14416,,4.94,94,41.93791,-87.64911,https://www.airbnb.com.tr/rooms/1226981901257520790,https://a0.muscache.com/im/pictures/2634145680.jpg
1403334028064006586,Daire - Lake View,Mükemmel Konaklama - Modern 2 Yatak Odalı Ünite,Özel Oda,11638,,,11601,11674,4.81,48,41.93779,-87.65057,https://www.airbnb.com.tr/rooms/1403334028064006586,https://a0.muscache.com/im/pictures/2292122341.jpg
20381591,Daire - Lake View,Güzel iki yatak odası!,Özel Oda,11270,,,11270,,4.68,410,41.93741,-87.65639,https://www.airbnb.com.tr/rooms/20381591,https://a0.muscache.com/im/pictures/823725378.jpg
1403236499896175253,Daire - Lake View,Lakeview'da 2 Yatak Odalı Şık Daire,Özel Oda,11892,,,11892,,4.39,57,41.93656,-87.6526,https://www.airbnb.com.tr/rooms/1403236499896175253,https://a0.muscache.com/im/pictures/2148776476.jpg
22886177,Daire - Lake View,Boystown Deneyimi: İki Yatak Odalı Daire!,Özel Oda,10573,,,10573,,4.85,366,41.943,-87.6476,https://www.airbnb.com.tr/rooms/22886177,https://a0.muscache.com/im/pictures/440624654.jpg
1401280455431040849,Daire - Lake View,Lakeview'da Şık 1 Yatak Odalı Daire,Özel Oda,8397,,,8397,,4.7,40,41.93439,-87.64445,https://www.airbnb.com.tr/rooms/1401280455431040849,https://a0.muscache.com/im/pictures/2191255237.jpg
1607553534377274452,Lake View bölgesinde oda,"Brownstone 4 daireli, çok rahat, en iyi konumda, park yeri",Özel Oda,5339,,,5339,,4.85,26,41.9372,-87.6697,https://www.airbnb.com.tr/rooms/1607553534377274452,https://a0.muscache.com/im/pictures/2507353581.jpg
6065318,Roscoe Village bölgesinde oda,"NEW,Roscoe Village,Cubs, Pvt Hamam, Pvt Giriş",Müstakil Villa,5169,,,,5169,4.95,700,41.94815,-87.68459,https://www.airbnb.com.tr/rooms/6065318,https://a0.muscache.com/im/pictures/1720571279.jpg
1138476658004886946,Lake View bölgesinde oda,Ortak banyolu özel yatak odası,Özel Oda,3689,,,,3689,4.89,19,41.945,-87.6492,https://www.airbnb.com.tr/rooms/1138476658004886946,https://a0.muscache.com/im/pictures/2021607512.jpg
1253629821077866493,Sıra ev - Lake View,"İdeal Lakeview konumu! Wrigley, DePaul'a yürüyün",Daire / Ev,14804,,,,14804,4.96,71,41.93579,-87.64591,https://www.airbnb.com.tr/rooms/1253629821077866493,https://a0.muscache.com/im/pictures/2009061408.jpg
1421099382072409518,Daire - Lake View,Verandalı göl manzaralı ev,Daire,12426,,,,12426,4.91,78,41.9378,-87.6624,https://www.airbnb.com.tr/rooms/1421099382072409518,https://a0.muscache.com/im/pictures/2175258324.jpg
45512087,Lake View bölgesinde oda,Boystown şehir merkezinde şirin oda,Özel Oda,4223,,,,4223,4.77,391,41.9451,-87.6489,https://www.airbnb.com.tr/rooms/45512087,https://a0.muscache.com/im/pictures/1071217640.jpg
1298746571352975406,Uptown bölgesinde oda,Canlı şehir merkezindeki sıra evde oda,Özel Oda,4344,,,,4344,4.91,92,41.9647,-87.651,https://www.airbnb.com.tr/rooms/1298746571352975406,https://a0.muscache.com/im/pictures/2113331984.jpg
33363106,Daire - Lake View,Taş Konak 10-20 Kişilik Ücretsiz otopark ve TV,Daire,26842,,,,26842,4.92,290,41.9392,-87.6423,https://www.airbnb.com.tr/rooms/33363106,https://a0.muscache.com/im/pictures/840847131.jpg
1724751306090582875,Daire - Lake View,Wrigley Field Yakınında Mobilyalı Göl Manzaralı Stüdyo Daire,Daire,6067,,,,6067,5.0,8,41.9386,-87.66904,https://www.airbnb.com.tr/rooms/1724751306090582875,https://a0.muscache.com/im/pictures/2715160658.jpg
1401898273765789928,Daire - Lake View,Şık ve tamamen mobilyalı şehir stüdyosu dairesi,Daire,7669,,,,7669,4.78,63,41.93409,-87.65182,https://www.airbnb.com.tr/rooms/1401898273765789928,https://a0.muscache.com/im/pictures/2468624880.jpg
1163266208548806068,Daire - Lincoln Park,*Yepyeni* Lincoln Parkı Olağanüstü,Daire,8397,,,,8397,4.75,163,41.92779,-87.6522,https://www.airbnb.com.tr/rooms/1163266208548806068,https://a0.muscache.com/im/pictures/1933676885.jpg
564367057223707662,Site içi konut - Lake View,"Tasarımcı tarafından tasarlanmış, özel arka bahçeli, göl manzaralı dubleks",Daire / Ev,17061,,,,17061,4.99,218,41.93731,-87.65663,https://www.airbnb.com.tr/rooms/564367057223707662,https://a0.muscache.com/im/pictures/1697229944.jpg
28283064,Daire - Lake View,"Belmont House, Klas ve Şık/Wrigley Fld'ye yürüyüş mesafesinde",Daire,9527,,,,9527,4.87,252,41.94035,-87.66589,https://www.airbnb.com.tr/rooms/28283064,https://a0.muscache.com/im/pictures/770911231.jpg
1610390695796465540,Daire - Fatih,Ayasofya Yakınında 2 Yatak Odalı | Tramvay 1 dakika | 7 Kişilik,Özel Oda,9247,9247,,,,4.92,26,41.0084,28.9466,https://www.airbnb.com.tr/rooms/1610390695796465540,https://a0.muscache.com/im/pictures/2520645553.jpg
1767342803593007318,Otel - Fatih,jammy hotel 2,Daire / Ev,2078,2078,,,,,0,41.0055,28.9562,https://www.airbnb.com.tr/rooms/1767342803593007318,https://a0.muscache.com/im/pictures/2803855107.jpg
911478143081587339,Otel - Fatih,Oren Hotel,Daire / Ev,1243,,1243,1243,,4.06,16,41.0112,28.95276,https://www.airbnb.com.tr/rooms/911478143081587339,https://a0.muscache.com/im/pictures/1672494933.jpg
1321776818105186791,Otel - Fatih,Güzel Tek Kişilik Oda 2,Özel Oda,1462,,,1462,,4.86,14,41.01599,28.95525,https://www.airbnb.com.tr/rooms/1321776818105186791,https://a0.muscache.com/im/pictures/2057200679.jpg
1357964085441586517,Daire - Fatih,Ayasofya yakınında 2 yatak odalı zarif daire,Özel Oda,3379,,,,3379,4.85,67,41.0041,28.9636,https://www.airbnb.com.tr/rooms/1357964085441586517,https://a0.muscache.com/im/pictures/2090233810.jpg
1766036905317955883,"Ev - Biddeford, Maine, Amerika Birleşik Devletleri",Panoramik manzaralı yeni lüks sahil evi,Daire / Ev,42422,,42422,,,,0,43.4296,-70.3753,https://www.airbnb.com.tr/rooms/1766036905317955883,https://a0.muscache.com/im/pictures/2801275083.jpg
1766295761222573301,"Ev - Baton Rouge, Louisiana, Amerika Birleşik Devletleri",Rustik Yol,Daire / Ev,7912,,7912,,,,0,30.4994,-91.15642,https://www.airbnb.com.tr/rooms/1766295761222573301,https://a0.muscache.com/im/pictures/2808246966.jpg
1743640348117225955,"Ev - Greenville, Güney Carolina, Amerika Birleşik Devletleri",Nehir Evi,Daire / Ev,16746,,16746,,,,0,34.8373,-82.4841,https://www.airbnb.com.tr/rooms/1743640348117225955,https://a0.muscache.com/im/pictures/2781607065.jpg
1768232207624388694,"Daire - Indore, Hindistan",Raahat by Bloom Haven| 1 yatak odalı| Kendi kendine giriş kaydı ,Özel Oda,990,,990,,,,0,22.7571,75.9092,https://www.airbnb.com.tr/rooms/1768232207624388694,https://a0.muscache.com/im/pictures/2807895278.jpg
1341961528156648609,"Daire - Center of Skopje, Kuzey Makedonya",Sunset Bulvarı,Daire,2621,,,2621,,4.99,117,41.998,21.4271,https://www.airbnb.com.tr/rooms/1341961528156648609,https://a0.muscache.com/im/pictures/2076223529.jpg
1714617134369927495,"Ev - Delray Beach, Florida, Amerika Birleşik Devletleri","Lux Spa Retreat | Sauna, Plunge, Yoga, Pickleball ",Daire / Ev,42690,,,42690,,5.0,7,26.48067,-80.06778,https://www.airbnb.com.tr/rooms/1714617134369927495,https://a0.muscache.com/im/pictures/2796914716.jpg
671454646079978518,Butik otel - Ayvalık,Khalkis Cunda Ekonomik Oda,Özel Oda,3000,3000,3000,,,4.6,113,39.33176,26.65997,https://www.airbnb.com.tr/rooms/671454646079978518,https://a0.muscache.com/im/pictures/1896596761.jpg
1690573649678933173,Ev - Ayvalık,Cunda'da villa,Müstakil Villa,11498,12317,12317,10658,10700,4.79,14,39.3351,26.659,https://www.airbnb.com.tr/rooms/1690573649678933173,https://a0.muscache.com/im/pictures/2643230331.jpg
1258474964853784249,Ev - Ayvalık,"ΡΟΔΙΑ  Ege Ruhu, Rum Taş Evi, Sessiz Kaçış Noktası",Daire / Ev,6630,6630,,,,4.79,105,39.3208,26.6961,https://www.airbnb.com.tr/rooms/1258474964853784249,https://a0.muscache.com/im/pictures/2152514413.jpg
18098957,Villa - Ayvalık,Casa Bougainville “Tarihi Taş Ev”Merkez Ayvalık ,Müstakil Villa,9975,9975,,,,4.87,79,39.3185,26.6949,https://www.airbnb.com.tr/rooms/18098957,https://a0.muscache.com/im/pictures/2723306298.jpg
1245721746706952009,Misafir evi - Ayvalık,Homeoffice • rumevleri •,Daire / Ev,9000,9000,9000,,,4.86,42,39.33358,26.65877,https://www.airbnb.com.tr/rooms/1245721746706952009,https://a0.muscache.com/im/pictures/1993836767.jpg
1479498140084148374,Otel - Ayvalık,Noa Ayvalık 1 çift kişilik oda,Özel Oda,3999,3999,3999,,,4.95,19,39.32141402549532,26.695024448318016,https://www.airbnb.com.tr/rooms/1479498140084148374,https://a0.muscache.com/im/pictures/2280729939.jpg
1243536935851400404,Misafir evi - Ayvalık,Papalina • rumevleri •,Daire / Ev,11083,11250,11000,,11000,4.85,41,39.33390977161149,26.661392036548794,https://www.airbnb.com.tr/rooms/1243536935851400404,https://a0.muscache.com/im/pictures/1992410134.jpg
1201970614414881643,Ayvalık bölgesinde oda,Menekşe Tek Kişilik Oda,Özel Oda,1625,1625,,,,4.85,13,39.32081,26.69664,https://www.airbnb.com.tr/rooms/1201970614414881643,https://a0.muscache.com/im/pictures/1954650478.jpg
1705224303688854519,Ev - Ayvalık,"Cunda Rum Evi
_ My FraGrante Home_",Daire / Ev,6926,7806,7806,,5166,5.0,8,39.3337,26.6624,https://www.airbnb.com.tr/rooms/1705224303688854519,https://a0.muscache.com/im/pictures/2721214658.jpg
1472361762476150301,Ev - Ayvalık,Cunda Adası'nda denize 50 metre no:2,Daire / Ev,10915,10525,10525,,11694,4.93,15,39.33895890757323,26.660100257067658,https://www.airbnb.com.tr/rooms/1472361762476150301,https://a0.muscache.com/im/pictures/2341480965.jpg
1720307018321908451,Ayvalık bölgesinde oda,Alyurt 1 - Cunda Havuzlu  3 Kişilik Oda Butik Otel,Özel Oda,8927,8927,,,,5.0,3,39.3348,26.6617,https://www.airbnb.com.tr/rooms/1720307018321908451,https://a0.muscache.com/im/pictures/2719435542.jpg
1746210106532075431,Ayvalık bölgesinde oda,Ayvalık Taş Konak (#5) Üst Kat Yola Bakan Oda,Özel Oda,3500,3500,,,,4.75,4,39.3173,26.6975,https://www.airbnb.com.tr/rooms/1746210106532075431,https://a0.muscache.com/im/pictures/2761111254.jpg
50764990,Ev - Ayvalık,Cunda adasında taş rum evi,Daire / Ev,6750,6750,6750,,,4.96,54,39.3368,26.6611,https://www.airbnb.com.tr/rooms/50764990,https://a0.muscache.com/im/pictures/1693145449.jpg
1176666433419823915,Ev - Ayvalık,Cunda Şoti's House 2,Daire / Ev,6314,6314,,,,4.68,22,39.33304,26.65999,https://www.airbnb.com.tr/rooms/1176666433419823915,https://a0.muscache.com/im/pictures/2147277143.jpg
1509975230812241551,BALIKESİR AYVALIK bölgesinde oda,Cunda Doruk 1 (Kahvaltısız),Özel Oda,3400,3400,,,,4.36,11,39.33281927010599,26.659681668317546,https://www.airbnb.com.tr/rooms/1509975230812241551,https://a0.muscache.com/im/pictures/2334920174.jpg
1170173236700537073,Ev - Ayvalık,Ayvalık merkezde lüks rum evi,Daire / Ev,6011,6011,,,,4.78,45,39.32303,26.69646,https://www.airbnb.com.tr/rooms/1170173236700537073,https://a0.muscache.com/im/pictures/1920896863.jpg
1231352748561930915,Sıra ev - Altıeylül,"Cunda'da deniz kenarına yakın, havuzlu, konforlu 2 yatak odalı daire",Özel Oda,10921,10921,,,,5.0,6,39.3404,26.6601,https://www.airbnb.com.tr/rooms/1231352748561930915,https://a0.muscache.com/im/pictures/2226618598.jpg
43833069,Ev - Ayvalık,Ayvalık Merkez Eski Taş Rumevi,Daire / Ev,8186,8186,,,,4.78,142,39.318,26.697,https://www.airbnb.com.tr/rooms/43833069,https://a0.muscache.com/im/pictures/2666237666.jpg
1503559904301517455,Ev - Ayvalık,"Luca Ayvalık 
Deniz manzarali Rum Evi Defne",Daire / Ev,6432,,6432,6432,,4.97,32,39.32,26.6973,https://www.airbnb.com.tr/rooms/1503559904301517455,https://a0.muscache.com/im/pictures/2340382779.jpg
1690818825582856018,Ev - Ayvalık,Ayvalık Merkez • Şehrin Kalbinde Müstakil Ev,Daire / Ev,6510,,7020,6000,,5.0,22,39.32242634102487,26.693146340813342,https://www.airbnb.com.tr/rooms/1690818825582856018,https://a0.muscache.com/im/pictures/2658726819.jpg
971115007512323118,Butik otel - Ayvalık,Marsel Misafir Evi | #6,Daire / Ev,2625,,2625,,,4.57,70,39.3123,26.6917,https://www.airbnb.com.tr/rooms/971115007512323118,https://a0.muscache.com/im/pictures/2684637613.jpg
52139321,Sıra ev - Ayvalık,Loft çatı katı. Teraslı.,Daire / Ev,4448,,5262,4675,3407,4.94,35,39.3338,26.6588,https://www.airbnb.com.tr/rooms/52139321,https://a0.muscache.com/im/pictures/1679292385.jpg
1392180299998469252,Villa - Ayvalık,Cunda'da denize 50 metre eviniz.[housecunda],Müstakil Villa,9474,,9474,,,4.97,39,39.3422,26.6595,https://www.airbnb.com.tr/rooms/1392180299998469252,https://a0.muscache.com/im/pictures/2216229049.jpg
1202787549072094790,Ayvalık bölgesinde oda,Manolya Çift Kişilik Oda,Özel Oda,3677,,3677,,,4.5,20,39.3219,26.6954,https://www.airbnb.com.tr/rooms/1202787549072094790,https://a0.muscache.com/im/pictures/1954727901.jpg
1178426970793624881,Ev - Ayvalık,Badri Guest House,Daire / Ev,7237,,7237,,,4.63,57,39.31567,26.69184,https://www.airbnb.com.tr/rooms/1178426970793624881,https://a0.muscache.com/im/pictures/1971326211.jpg
731212793999018960,Villa - Ayvalık,Cross House Tarihi Rum Evi 2 katlı ve Avlulu Wi-Fi,Müstakil Villa,2652,,2652,,,4.49,197,39.3219,26.6943,https://www.airbnb.com.tr/rooms/731212793999018960,https://a0.muscache.com/im/pictures/2075819579.jpg
51659250,Ev - Ayvalık,Fatma Hanım Konukevi,Daire / Ev,8092,,8092,,,4.89,64,39.3156,26.6943,https://www.airbnb.com.tr/rooms/51659250,https://a0.muscache.com/im/pictures/2807818220.jpg
1442854085709720550,Otel - Ayvalık,The Pure 4 | Modern Rum Evi @thepure.houses,Daire / Ev,3500,,3500,,,4.66,29,39.31576306586469,26.69067280151315,https://www.airbnb.com.tr/rooms/1442854085709720550,https://a0.muscache.com/im/pictures/2212412632.jpg
1128399522116786202,Misafir evi - Ayvalık,Cunda Adası'nda Özel Verandalı Deniz Manzaralı Oda,Özel Oda,3446,,,3446,,4.99,67,39.33439,26.68066,https://www.airbnb.com.tr/rooms/1128399522116786202,https://a0.muscache.com/im/pictures/1915460343.jpg
672358453682036791,Ev - Ayvalık,Cunda Merkez • Teraslı Deniz Manzaralı Ev,Daire / Ev,7440,,,7380,7500,4.87,127,39.3313,26.6605,https://www.airbnb.com.tr/rooms/672358453682036791,https://a0.muscache.com/im/pictures/1449444999.jpg
43520934,Villa - Ayvalık,Tarihi Rum Evi: Deniz Manzaralı ve Gizli Bahçeli,Müstakil Villa,6932,,,6760,7105,4.87,315,39.32107,26.69547,https://www.airbnb.com.tr/rooms/43520934,https://a0.muscache.com/im/pictures/2618173699.jpg
1211096917223750413,Ev - Ayvalık,Deniz Manzaralı  Bahçeli Rum Evi,Daire / Ev,4959,,,4959,,4.72,39,39.32402,26.69679,https://www.airbnb.com.tr/rooms/1211096917223750413,https://a0.muscache.com/im/pictures/2604553587.jpg
936214263677687165,Ev - Ayvalık,Cunda Adası'nda Bahçeli Deniz Manzaralı  1+1 Daire,Daire / Ev,4617,,,4617,,4.95,59,39.3339,26.68,https://www.airbnb.com.tr/rooms/936214263677687165,https://a0.muscache.com/im/pictures/1915414162.jpg
1610296544501858092,Ev - Ayvalık,Ayvalık Merkez | Tarihi Rum Evi & Sakin Avlu,Daire / Ev,7460,,,7460,7460,4.94,54,39.3139,26.6938,https://www.airbnb.com.tr/rooms/1610296544501858092,https://a0.muscache.com/im/pictures/2609964894.jpg
1181167208562247802,Otel - Ayvalık,Özel Otel Standart-1 Küçük Oda,Özel Oda,2500,,,2500,2500,4.77,62,39.31818777506828,26.692519202921893,https://www.airbnb.com.tr/rooms/1181167208562247802,https://a0.muscache.com/im/pictures/1932389827.jpg
50973194,Daire - Ayvalık,Apartments Delibas Cunda (Bahçe),Daire,4034,,,4034,4034,4.71,69,39.3338,26.6588,https://www.airbnb.com.tr/rooms/50973194,https://a0.muscache.com/im/pictures/1610185550.jpg
873620618892460573,Otel - Ayvalık,Adaline Hotel Cunda - Standart Oda,Özel Oda,4900,,,4900,,4.83,23,39.33011,26.66405,https://www.airbnb.com.tr/rooms/873620618892460573,https://a0.muscache.com/im/pictures/1897444558.jpg
1741518083660892703,Ev - Ayvalık,Radika Guesthouse | Merkezde Avlulu Taş Ev,Daire / Ev,7675,,,7500,7850,5.0,6,39.3173,26.6981,https://www.airbnb.com.tr/rooms/1741518083660892703,https://a0.muscache.com/im/pictures/2751097214.jpg
1441173813950458000,Villa - Ayvalık,"Ayvalık Cunda adasında deniz manzaralı,bahçeli ev",Müstakil Villa,9006,,,10512,7500,5.0,19,39.33083,26.66595,https://www.airbnb.com.tr/rooms/1441173813950458000,https://a0.muscache.com/im/pictures/2640413852.jpg
1442532494004871284,Otel - Ayvalık,The Pure 2 | Modern Rum Evi @thepure.houses,Daire / Ev,2500,,,2500,,4.32,25,39.31374,26.69095,https://www.airbnb.com.tr/rooms/1442532494004871284,https://a0.muscache.com/im/pictures/2211721972.jpg
1202837708617006120,Ev - Ayvalık,Cunda sahil 300~m plajlar bölgesine 700~m bahçeli.,Daire / Ev,6484,,,5863,7106,4.8,55,39.3368,26.6569,https://www.airbnb.com.tr/rooms/1202837708617006120,https://a0.muscache.com/im/pictures/2182140053.jpg
1445691543352563930,Ayvalık bölgesinde oda,Tarihi Otel Oda 1 - Deniz Manzaralı Oda 3 kişilik,Özel Oda,2500,,,2500,,4.94,16,39.32452,26.69357,https://www.airbnb.com.tr/rooms/1445691543352563930,https://a0.muscache.com/im/pictures/2217328520.jpg
7580815,Sıra ev - Ayvalık,Dalgacı Deniz,Daire / Ev,9760,,,,9760,4.96,113,39.31543,26.69237,https://www.airbnb.com.tr/rooms/7580815,https://a0.muscache.com/im/pictures/2628289423.jpg
1194188520988955239,Ev - Ayvalık,Ayvalık Milda Konuk Evi,Daire / Ev,5200,,,,5200,4.91,85,39.312,26.6959,https://www.airbnb.com.tr/rooms/1194188520988955239,https://a0.muscache.com/im/pictures/1946268154.jpg
13557542,Ev - Ayvalık,Ayvalık Macaron’da Müstakil Ev,Daire / Ev,5500,,,,5500,4.96,57,39.3137,26.694,https://www.airbnb.com.tr/rooms/13557542,https://a0.muscache.com/im/pictures/1689783054.jpg
871557853496176207,Otel - Ayvalık,Cunda Alesta Otel Ekonomik Oda,Özel Oda,3000,,,,3000,4.78,32,39.33337,26.66106,https://www.airbnb.com.tr/rooms/871557853496176207,https://a0.muscache.com/im/pictures/1630017618.jpg
1460712838602405836,Ev - Ayvalık,Deniz Manzaralı Cunda Bahçeli Ev,Daire / Ev,7970,,,,7970,4.8,10,39.33706,26.65934,https://www.airbnb.com.tr/rooms/1460712838602405836,https://a0.muscache.com/im/pictures/2245021114.jpg
1756521254470420465,"Daire - Rosario, Arjantin",Geçici tespih 22,Daire,1796,1796,,,,,0,-32.94314,-60.63954,https://www.airbnb.com.tr/rooms/1756521254470420465,https://a0.muscache.com/im/pictures/2801132170.jpg
1768011431672941946,"Daire - Nairobi, Kenya",Wykesancy_Haven,Daire,1179,,1179,,,,0,-1.2972,36.7518,https://www.airbnb.com.tr/rooms/1768011431672941946,https://a0.muscache.com/im/pictures/2805235411.jpg
1738563099100982233,"Daire - Praia Grande, Brezilya",Ocian'ın göbeğinde Pé na Areia Dairesi 2 yatak odalı,Özel Oda,2132,,2132,,,,0,-24.0289,-46.4731,https://www.airbnb.com.tr/rooms/1738563099100982233,https://a0.muscache.com/im/pictures/2744989469.jpg
1738490225466305733,"Dağ evi - Monteiro Lobato, Brezilya",Chalé Black Bird,Daire / Ev,7560,,,7560,,5.0,6,-22.9423,-45.8768,https://www.airbnb.com.tr/rooms/1738490225466305733,https://a0.muscache.com/im/pictures/2744427797.jpg
1680629176901342792,"Ev - Kouba, Cezayir",muhteşem f4 villa seviyesinde havuz ve otopark.,Müstakil Villa,2365,,,,2365,5.0,26,36.7281,3.0748,https://www.airbnb.com.tr/rooms/1680629176901342792,https://a0.muscache.com/im/pictures/2623736421.jpg
1730442881848263330,"Ev - Kannami, Japonya",Fuji Dağı Manzarası/Kapalı Barbekü/10 Kişilik Özel Kulübe,Daire / Ev,10888,,,,10888,5.0,3,35.0836,138.9954,https://www.airbnb.com.tr/rooms/1730442881848263330,https://a0.muscache.com/im/pictures/2776753912.jpg
1755885780436059303,"Ev - Campos do Jordão, Brezilya",Cabana Love Green - manzara + kafe dahil,Daire / Ev,1539,1539,,,,5.0,4,-22.7251,-45.5206,https://www.airbnb.com.tr/rooms/1755885780436059303,https://a0.muscache.com/im/pictures/2781498913.jpg
1766173416932846970,"Misafir evi - Puebla, Meksika",Casa 5 de Mayo|Özel stüdyo|Rahat,Daire / Ev,1237,1237,,,,,0,19.0559,-98.1725,https://www.airbnb.com.tr/rooms/1766173416932846970,https://a0.muscache.com/im/pictures/2801659663.jpg
1764010976122998051,"Ev - Araruama, Brezilya","Yüzme Havuzu, Garaj ve Çamaşır Odası bulunan komple çatı katı",Özel Oda,2747,2747,,,,,0,-22.87228,-42.31139,https://www.airbnb.com.tr/rooms/1764010976122998051,https://a0.muscache.com/im/pictures/2797310955.jpg
1751040403921886634,"Ev - Preston-Potter Hollow, New York, Amerika Birleşik Devletleri",1850'lerden kalma çiftlik evi ve misafir evi,Daire / Ev,25851,,25851,,,,0,42.4328,-74.2311,https://www.airbnb.com.tr/rooms/1751040403921886634,https://a0.muscache.com/im/pictures/2773030521.jpg
1704928441163814178,"Ev - Barbacena, Portekiz",Casa dos Manos,Daire / Ev,6066,,6066,,,,0,38.9621,-7.2993,https://www.airbnb.com.tr/rooms/1704928441163814178,https://a0.muscache.com/im/pictures/2703853275.jpg
1763095098060116860,"Daejeon, Güney Kore bölgesinde oda","HOTEL KOYO 304 | Açılış Fiyatı | Seongsimdan 3 dakika, Jungangno İstasyonu 5 dakika",Özel Oda,3073,,,3073,,,0,36.329,127.4289,https://www.airbnb.com.tr/rooms/1763095098060116860,https://a0.muscache.com/im/pictures/2800470922.jpg
1765886804265142868,Ev - Konak,     60 Katlı Rezidansta Lüks & Muhteşem Manzara,Daire / Ev,6000,6000,,,,5.0,3,38.4344,27.1645,https://www.airbnb.com.tr/rooms/1765886804265142868,https://a0.muscache.com/im/pictures/2800884336.jpg
1742833319019029973,Konak bölgesinde oda,Heykel Suites Otel Executive Suites 1+1 ,Özel Oda,4742,5056,4955,4742,4214,,0,38.4276,27.1342,https://www.airbnb.com.tr/rooms/1742833319019029973,https://a0.muscache.com/im/pictures/2765061377.jpg
1420269311019520985,Konak bölgesinde oda,"Okyanus Pansiyon
İsmet kaptan mahallesi 1362 sokak",Özel Oda,1895,1895,1895,1895,1895,4.27,37,38.4251,27.14,https://www.airbnb.com.tr/rooms/1420269311019520985,https://a0.muscache.com/im/pictures/2172335020.jpg
1764397217326695977,Daire - Konak," Alsancak’ın Kalbinde, Her Yere Yürüme  Mesafesi",Daire,4967,5100,5300,4500,,5.0,5,38.4391,27.1447,https://www.airbnb.com.tr/rooms/1764397217326695977,https://a0.muscache.com/im/pictures/2799288054.jpg
1376069684230929267,Daire - Konak,"Merkezi, Depreme Dayanıklı Yeni Binadaki Eviniz",Daire,3760,3760,,,,4.81,63,38.4098,27.1258,https://www.airbnb.com.tr/rooms/1376069684230929267,https://a0.muscache.com/im/pictures/2116854837.jpg
1364916298046030665,Müşterek oda - Konak,Bahçe manzaralı - Yurtta bir yatak 2,Özel Oda,1300,1300,,,,4.93,14,38.4203,27.1434,https://www.airbnb.com.tr/rooms/1364916298046030665,https://a0.muscache.com/im/pictures/2096793579.jpg
870876647623727018,Otel - Konak,Aile odası:,Özel Oda,3590,3290,3590,,3890,4.79,168,38.4259,27.1503,https://www.airbnb.com.tr/rooms/870876647623727018,https://a0.muscache.com/im/pictures/1738962590.jpg
1434293911553585492,Ev - Konak,Alsancak 1+1 Junıor Suıt,Daire / Ev,2924,2924,,,,4.76,84,38.42515797697522,27.15039879118789,https://www.airbnb.com.tr/rooms/1434293911553585492,https://a0.muscache.com/im/pictures/2483202427.jpg
1752206417774183262,Daire - Konak,AQQA House İzmir (3-4 Kişi),Daire,2875,2750,,,3000,,0,38.4265,27.1492,https://www.airbnb.com.tr/rooms/1752206417774183262,https://a0.muscache.com/im/pictures/2774006216.jpg
926644238998843448,Otel - Konak,"302-sakin,merkezi ve şık",Daire / Ev,3000,3000,3000,3000,,4.58,19,38.4201,27.1419,https://www.airbnb.com.tr/rooms/926644238998843448,https://a0.muscache.com/im/pictures/1688330573.jpg
1400756429336164942,Konak bölgesinde konaklama yeri,Kiralık Özel Oda,Özel Oda,2400,2400,2400,2400,,4.53,406,38.4256,27.1492,https://www.airbnb.com.tr/rooms/1400756429336164942,https://a0.muscache.com/im/pictures/2141183889.jpg
1108075840521116557,Daire - Karşıyaka,Karşıyaka Çarşı Merkezli Daire 2,Daire,4340,4340,,,,4.76,98,38.4551,27.1174,https://www.airbnb.com.tr/rooms/1108075840521116557,https://a0.muscache.com/im/pictures/1857028552.jpg
48912551,Daire - Konak,"Alsancak'ın Kalbinde Yeni, Şık ve Konforlu Daire",Daire,5630,5630,,,,4.79,187,38.4377,27.14437,https://www.airbnb.com.tr/rooms/48912551,https://a0.muscache.com/im/pictures/2093851672.jpg
1701583570702469745,Daire - Konak,Alsancak Merkezde Minimalist ve Şık 1+1 Daire,Daire,4247,4247,,,,5.0,4,38.43785,27.14639,https://www.airbnb.com.tr/rooms/1701583570702469745,https://a0.muscache.com/im/pictures/2682654495.jpg
1292604752023754829,Site içi konut - Konak,Alsancak Horizon House,Daire / Ev,9465,9465,,,,4.93,44,38.433792030363385,27.141815655683395,https://www.airbnb.com.tr/rooms/1292604752023754829,https://a0.muscache.com/im/pictures/2811854915.jpg
1752896680703364815,Konak bölgesinde oda,Konak’ta Tarihi Asansöre ve Tramvay’a Yakın Oda,Özel Oda,2450,2450,2450,,,,0,38.4095,27.1245,https://www.airbnb.com.tr/rooms/1752896680703364815,https://a0.muscache.com/im/pictures/2775406194.jpg
1273287912015007037,Ev - Konak,Şehir Merkezinde Tatlı Ev,Daire / Ev,3839,3839,,,,4.85,62,38.4116,27.1277,https://www.airbnb.com.tr/rooms/1273287912015007037,https://a0.muscache.com/im/pictures/2086546352.jpg
1666690488172323966,Ev - İzmir,müstakil ev tadında apart çok merkezi konumda,Daire / Ev,3500,3500,,,,4.68,19,38.411602373816535,27.12833904752871,https://www.airbnb.com.tr/rooms/1666690488172323966,https://a0.muscache.com/im/pictures/2597922365.jpg
1322948085398128374,Müşterek oda - Konak,Bahçe manzaralı - Yurtta tek yatak,Özel Oda,1283,,1300,1300,1250,4.88,34,38.42084,27.14417,https://www.airbnb.com.tr/rooms/1322948085398128374,https://a0.muscache.com/im/pictures/2058156587.jpg
17659300,Sıra ev - İzmir,Şehir merkezinde lüks daireler 1+1,Daire / Ev,3299,,3299,,,4.91,146,38.4262,27.1492,https://www.airbnb.com.tr/rooms/17659300,https://a0.muscache.com/im/pictures/2447960487.jpg
1558880250209270194,Daire - Konak,Eşsiz Panoramik Manzaralı Tarihi Asansör Bölgesi,Daire,4457,,4750,4002,4618,4.78,72,38.408,27.1161,https://www.airbnb.com.tr/rooms/1558880250209270194,https://a0.muscache.com/im/pictures/2639969894.jpg
1692647184409090096,Daire - Konak,Alsancak'ın Kalbinde,Daire,3500,,3500,3500,,4.89,9,38.43697,27.14353,https://www.airbnb.com.tr/rooms/1692647184409090096,https://a0.muscache.com/im/pictures/2647037071.jpg
853567266637200637,Daire - Konak,Şehir Merkezinde Bahçeli Ferah Daire,Daire,4635,,4635,,,4.86,146,38.41538657520752,27.124070977533446,https://www.airbnb.com.tr/rooms/853567266637200637,https://a0.muscache.com/im/pictures/1612704585.jpg
871489920122573602,Otel - Konak,Junior Süit,Daire / Ev,3040,,2840,2890,3390,4.94,17,38.4251,27.15085,https://www.airbnb.com.tr/rooms/871489920122573602,https://a0.muscache.com/im/pictures/1738964531.jpg
1342143101924833552,Daire - Konak,Son Kat Deniz Manzaralı Daire,Daire,3446,,3446,,,4.83,29,38.4375,27.1421,https://www.airbnb.com.tr/rooms/1342143101924833552,https://a0.muscache.com/im/pictures/2076247949.jpg
1747781531038522659,Ev - Konak,    Şehir Merkezinde Lüks ve Konforlu Daire,Daire / Ev,5400,,5400,,,5.0,10,38.4341,27.1642,https://www.airbnb.com.tr/rooms/1747781531038522659,https://a0.muscache.com/im/pictures/2764634932.jpg
1417570410809184574,Ev - Konak,Tarihi Köşkte Otantik Bahçe Katı,Daire / Ev,2018,,2222,,1813,4.3,56,38.4118,27.1242,https://www.airbnb.com.tr/rooms/1417570410809184574,https://a0.muscache.com/im/pictures/2169277229.jpg
1322907009598325208,Konak bölgesinde oda,Bahçe Manzaralı Yüksek Tavanlı Oda,Özel Oda,2900,,2900,,2900,5.0,5,38.4203,27.1431,https://www.airbnb.com.tr/rooms/1322907009598325208,https://a0.muscache.com/im/pictures/2058144043.jpg
1181779857574247774,Otel - Konak,Fuar Yakını Junıor Suıt,Daire / Ev,2924,,2924,,,4.82,38,38.42632954803176,27.14819094658117,https://www.airbnb.com.tr/rooms/1181779857574247774,https://a0.muscache.com/im/pictures/2482799436.jpg
1545020818505671448,Ev - Konak,Saat Kulesi'ne sadece 3 dakika yürüme mesafesinde taş stüdyo.,Daire / Ev,3632,,,3379,3886,4.79,38,38.4178,27.1308,https://www.airbnb.com.tr/rooms/1545020818505671448,https://a0.muscache.com/im/pictures/2391127667.jpg
1544989044130747188,Ev - Konak,Eski Şehrin Kalbinde Tarihi İzmir Evi,Daire / Ev,4210,,,3942,4477,4.85,33,38.4178,27.1308,https://www.airbnb.com.tr/rooms/1544989044130747188,https://a0.muscache.com/im/pictures/2391071431.jpg
764902919721986853,Daire - Konak,"Modern , Sakin ve Merkezi Konum",Daire,3970,,,3600,4341,4.82,354,38.4368,27.1446,https://www.airbnb.com.tr/rooms/764902919721986853,https://a0.muscache.com/im/pictures/1535096028.jpg
3229608,Daire - İzmir,İzmir Şehir Merkezinde Modern Stüdyo Daire,Daire,2605,,,2605,,4.74,114,38.4262,27.1492,https://www.airbnb.com.tr/rooms/3229608,https://a0.muscache.com/im/pictures/2451927930.jpg
1762293850696262306,Ev - Konak,    Şehir Manzaralı Premium Rezidans Dairesi,Daire / Ev,5000,,,5000,,,0,38.4344,27.1645,https://www.airbnb.com.tr/rooms/1762293850696262306,https://a0.muscache.com/im/pictures/2794006326.jpg
1553545310750264921,Daire - Konak,Temiz huzurlu 2+1,Daire,2565,,,2565,,4.48,54,38.42829574251525,27.151402196414978,https://www.airbnb.com.tr/rooms/1553545310750264921,https://a0.muscache.com/im/pictures/2601552049.jpg
51034493,Ev - Konak,İzmir'in Kalbinde Şık Tripleks Daire,Daire / Ev,6984,,,6984,,4.89,243,38.4136,27.1238,https://www.airbnb.com.tr/rooms/51034493,https://a0.muscache.com/im/pictures/1997213445.jpg
1767969001890100529,Müşterek otel odası - Konak,"St945Palas Otelde huzurlu bir gece 
",Özel Oda,4250,,,4250,,,0,38.4201,27.1419,https://www.airbnb.com.tr/rooms/1767969001890100529,https://a0.muscache.com/im/pictures/2805265699.jpg
47112297,Butik otel - Konak,TARİHİ CUMBALI RUM EVLERİ,Daire / Ev,1894,,,1894,,4.16,237,38.4387,27.1471,https://www.airbnb.com.tr/rooms/47112297,https://a0.muscache.com/im/pictures/1109507214.jpg
1426708258936062184,Ev - Konak,Modern Stüdyo Daire,Daire / Ev,2546,,,,2546,4.79,70,38.42696495828186,27.149403319135143,https://www.airbnb.com.tr/rooms/1426708258936062184,https://a0.muscache.com/im/pictures/2183424494.jpg
1719749149219084657,Daire - Konak,Huzurlu Hijyenik Merkezi Daire,Daire,3100,,,,3100,5.0,12,38.4081,27.1172,https://www.airbnb.com.tr/rooms/1719749149219084657,https://a0.muscache.com/im/pictures/2792160061.jpg
1403618268338989812,Ev - Konak,Deniz Manzaralı Teras & Eski Taş Ev,Daire / Ev,5970,,,,5970,5.0,36,38.411730604431085,27.12452007297784,https://www.airbnb.com.tr/rooms/1403618268338989812,https://a0.muscache.com/im/pictures/2387534476.jpg
1757779894806142736,Daire - Konak,Eşsiz İzmir Manzaralı Lüks Bir Dubleks ,Daire,9000,,,,9000,5.0,5,38.4084,27.1201,https://www.airbnb.com.tr/rooms/1757779894806142736,https://a0.muscache.com/im/pictures/2785324941.jpg
1094254543894450547,Daire - Konak,"Kordon'a 1 dakika, yeni yenilenmiş",Daire,9968,,,,9968,4.98,80,38.4353,27.1407,https://www.airbnb.com.tr/rooms/1094254543894450547,https://a0.muscache.com/im/pictures/2534877990.jpg
1132679487432661166,Ev - Konak,Deniz ve şehir manzaralı teraslı rahat taş ev.,Daire / Ev,5679,,,,5679,4.98,82,38.41317603271183,27.127297212919128,https://www.airbnb.com.tr/rooms/1132679487432661166,https://a0.muscache.com/im/pictures/2135111828.jpg
1496467817698924328,Ev - Olympia,"Yeni yenilenmiş ev, şehir merkezine dakikalar",Daire / Ev,12135,12135,,,,4.97,39,47.0497,-122.8851,https://www.airbnb.com.tr/rooms/1496467817698924328,https://a0.muscache.com/im/pictures/2310557692.jpg
1755518167967777759,"Ev - Los Gatos, Kaliforniya, Amerika Birleşik Devletleri","Hidden Vista House | 4 Yatak Odası/3 Banyo, Panoramik Manzaralar",Özel Oda,25483,,25483,,,5.0,3,37.1141,-121.9768,https://www.airbnb.com.tr/rooms/1755518167967777759,https://a0.muscache.com/im/pictures/2815885445.jpg
1769130711273546305,"Daire - Flensburg, Almanya",Hofstuuv unterm Kirschbaum · Gartenidyll Flensburg,Daire,6195,,6195,,,,0,54.7748,9.4971,https://www.airbnb.com.tr/rooms/1769130711273546305,https://a0.muscache.com/im/pictures/2807302079.jpg
1740725399457578148,"Çiftlikte konaklama - Cumby, Teksas, Amerika Birleşik Devletleri",7 River Ranch çift kişilik oda,Özel Oda,19397,,,,19397,,0,33.227,-95.8325,https://www.airbnb.com.tr/rooms/1740725399457578148,https://a0.muscache.com/im/pictures/2749397694.jpg
1730374604697245494,"Ev - Ubud, Endonezya","3 yatak odalı, havuzlu, nehir manzaralı Tala Villa l Kahvaltı dâhil",Müstakil Villa,5695,,5695,,,,0,-8.57543,115.25589,https://www.airbnb.com.tr/rooms/1730374604697245494,https://a0.muscache.com/im/pictures/2727014359.jpg
1539310214084576967,"Şato - Union Mills, Kuzey Carolina, Amerika Birleşik Devletleri","Zillow Gone Wild House, 80 dönümlük dağ + tatil köyü",Daire / Ev,35191,,,,35191,,0,35.5202,-82.03849,https://www.airbnb.com.tr/rooms/1539310214084576967,https://a0.muscache.com/im/pictures/2803915911.jpg
1764049947651864271,"Daire - Arambol, Hindistan",Plaj erişimli 2 yatak odalı GF-1 @arambol,Özel Oda,733,733,,,,5.0,3,15.6814,73.7091,https://www.airbnb.com.tr/rooms/1764049947651864271,https://a0.muscache.com/im/pictures/2797376876.jpg
1757464567999408848,"Daire - Maceió, Brezilya",Nordeste Azul - Ponta Verde Plajı'na 300 m,Daire,2927,,2927,,,,0,-9.6578,-35.7026,https://www.airbnb.com.tr/rooms/1757464567999408848,https://a0.muscache.com/im/pictures/2790379483.jpg
1647329352853481683,"Villa - Satvali, Cezayir","""Tek katlı villa, Sidi Fredj, plaja 7 dakika yürüme mesafesinde""",Müstakil Villa,3773,,,3773,,5.0,15,36.756,2.8477,https://www.airbnb.com.tr/rooms/1647329352853481683,https://a0.muscache.com/im/pictures/2814800762.jpg
1758966183119602176,"Ev - Florianópolis, Brezilya",Plaj evi/plajdan 50 metre uzaklıkta - özel erişim,Daire / Ev,5258,,,,5258,,0,-27.74084,-48.55786,https://www.airbnb.com.tr/rooms/1758966183119602176,https://a0.muscache.com/im/pictures/2811526021.jpg
1728880215208087520,"Ev - Araçoiaba da Serra, Brezilya",Chacara_raio_de_sol alanımızı tanıyın. ,Daire / Ev,19421,,,,19421,,0,-23.5387,-47.5849,https://www.airbnb.com.tr/rooms/1728880215208087520,https://a0.muscache.com/im/pictures/2723603266.jpg
1493633910878056735,"Colonia del Sacramento, Uruguay bölgesinde oda",1875'te inşa edilmiş bir evde özel oda,Özel Oda,2409,,,2409,,4.99,166,-34.468693029914995,-57.8516109200018,https://www.airbnb.com.tr/rooms/1493633910878056735,https://a0.muscache.com/im/pictures/2468795100.jpg
1743092163951532282,"Daire - Paulo Afonso, Brezilya",Apartman dairesi,Daire,1421,1421,,,,,0,-9.3942,-38.2462,https://www.airbnb.com.tr/rooms/1743092163951532282,https://a0.muscache.com/im/pictures/2812500286.jpg
1752671546987297946,"Daire - Nagoya, Japonya","Tsurimai İstasyonu'na 2 dakika yürüme mesafesinde | Nagoya İstasyonu'na 2 istasyon, 7 dakika | 95 m² geniş 4K | Maksimum 10 kişi | Çocuk alanı mevcut",Daire,6984,,,6984,,4.67,3,35.1556,136.9143,https://www.airbnb.com.tr/rooms/1752671546987297946,https://a0.muscache.com/im/pictures/2782200996.jpg
53353930,"Sıra ev - 6 Ekim Şehri, Mısır",Mall of Egypt yakınında 5 yatak odalı özel bahçeli villa,Müstakil Villa,4563,,,4563,,,0,29.999,31.01479,https://www.airbnb.com.tr/rooms/53353930,https://a0.muscache.com/im/pictures/1286363445.jpg
1724494679499568760,"Daire - Daejeon, Güney Kore",Lumi House,Daire,7049,,,,7049,5.0,4,36.32405723463702,127.41624882738788,https://www.airbnb.com.tr/rooms/1724494679499568760,https://a0.muscache.com/im/pictures/2788182949.jpg
1677065903561418022,"Ev - Garner, Kuzey Carolina, Amerika Birleşik Devletleri",Jakuzi • Ateş Çukuru • Walnut Creek'e 12 dakika • Raleigh yakınında,Daire / Ev,19969,,,,19969,,0,35.7147,-78.61001,https://www.airbnb.com.tr/rooms/1677065903561418022,https://a0.muscache.com/im/pictures/2796299903.jpg
1768207389896170194,"Kulübe - Regina Beach, Kanada","Göl kenarında rahat, 4 mevsim kulübe kaçamağı",Daire / Ev,9255,,,,9255,,0,50.8,-104.9464,https://www.airbnb.com.tr/rooms/1768207389896170194,https://a0.muscache.com/im/pictures/2805657187.jpg
1720624168260636792,"Kır evi - Botucatu, Brezilya",Çiftlik - Fazenda Mac Botucatu | Pardinho,Kır Evi / Bungalov,4500,,,,4500,5.0,5,-23.03236,-48.49622,https://www.airbnb.com.tr/rooms/1720624168260636792,https://a0.muscache.com/im/pictures/2732416890.jpg
1729215263695246996,Daire - Datça,Petra Evleri | Datça'da Havuzlu Taş Evler,Daire,5888,4500,4500,4500,10050,,0,36.7618,27.8,https://www.airbnb.com.tr/rooms/1729215263695246996,https://a0.muscache.com/im/pictures/2724557229.jpg
1447002812368441001,Ev - Emecik,Datça Apollon taş evleri Emecik huzur dolu tatil,Daire / Ev,5195,5454,5454,4678,,4.77,43,36.7748,27.8131,https://www.airbnb.com.tr/rooms/1447002812368441001,https://a0.muscache.com/im/pictures/2386389118.jpg
647525404781063061,Ev - Datça,Güneşin Evi Datça Sakura Suites,Daire / Ev,4250,4250,,,,4.93,71,36.765,27.6291,https://www.airbnb.com.tr/rooms/647525404781063061,https://a0.muscache.com/im/pictures/1686225515.jpg
1224563541986974845,Otel - Datça,Havuz başında otel odası,Özel Oda,4441,4737,4737,4145,4145,4.75,12,36.76597,27.77572,https://www.airbnb.com.tr/rooms/1224563541986974845,https://a0.muscache.com/im/pictures/1976288577.jpg
1694153380819882310,Datça bölgesinde oda,LUVIA Datça | Anemon Suite • 1+1,Özel Oda,5768,5768,,,,,0,36.73699219212872,27.655763083086423,https://www.airbnb.com.tr/rooms/1694153380819882310,https://a0.muscache.com/im/pictures/2707027790.jpg
1186276818074977156,Ev - Datça,"Aryashome, merkezde kumluk plajına 5 dk,1+1 daire",Daire / Ev,4500,4500,,,,4.67,21,36.7248,27.6831,https://www.airbnb.com.tr/rooms/1186276818074977156,https://a0.muscache.com/im/pictures/2706339932.jpg
50518973,Ev - Datça,Datça Kızlan’da Rahat & Sessiz Tatil Evi,Daire / Ev,5876,6144,6153,,5330,5.0,6,36.7668,27.7199,https://www.airbnb.com.tr/rooms/50518973,https://a0.muscache.com/im/pictures/1202859237.jpg
50670295,Ev - Datça,SukhaHome DATÇA Kargı -Çok Keyifli 1+1 Tatil Evi 6,Daire / Ev,5553,5553,,,,5.0,49,36.70621,27.68589,https://www.airbnb.com.tr/rooms/50670295,https://a0.muscache.com/im/pictures/1207091854.jpg
44240924,Ev - Datça,"Datça, Mesudiye'de Manzaralı, Bahçeli, Müstakil Ev",Daire / Ev,4250,4250,,,,4.94,32,36.7092,27.5663,https://www.airbnb.com.tr/rooms/44240924,https://a0.muscache.com/im/pictures/1923291680.jpg
867432096589344410,Ev - Datça,Datça’daki taş ev esinti (alt kat) @esinti_datca,Daire / Ev,3508,3508,,,,4.47,17,36.7737,27.688,https://www.airbnb.com.tr/rooms/867432096589344410,https://a0.muscache.com/im/pictures/1625956362.jpg
1751397883704622190,Kulübe - Hayitbükü Sahil,Tesisimizde açık büfe kahvaltı ücrete dahildir,Daire / Ev,3799,3799,,,,5.0,3,36.6849,27.5732,https://www.airbnb.com.tr/rooms/1751397883704622190,https://a0.muscache.com/im/pictures/2772186393.jpg
1473087621192967504,Ev - Datça,Apollon taş evleri,Daire / Ev,4711,4711,,,,4.84,25,36.7807,27.9493,https://www.airbnb.com.tr/rooms/1473087621192967504,https://a0.muscache.com/im/pictures/2315674596.jpg
1481017677438673474,Apart otel - Datça,Datçanın en güzel koyunda,Daire,7994,7106,7106,5921,11843,4.71,7,36.7643,27.7745,https://www.airbnb.com.tr/rooms/1481017677438673474,https://a0.muscache.com/im/pictures/2283556383.jpg
44053933,Ev - Kızlan,DENİZ MANZARALI DOĞAYLA İÇ İÇE 2+1,Daire / Ev,4678,4678,,,,5.0,32,36.76451,27.72352,https://www.airbnb.com.tr/rooms/44053933,https://a0.muscache.com/im/pictures/1174237416.jpg
918221009436096305,Ev - Datça,Zhi Homes Eski Datça_Suit Oda/6,Özel Oda,7101,7101,,,,4.95,20,36.7382,27.66315,https://www.airbnb.com.tr/rooms/918221009436096305,https://a0.muscache.com/im/pictures/1681383900.jpg
1729225372393943008,Ev - Datça,"Ele House Datça / Havuzlu,Müstakil,Bahçeli Ev",Daire / Ev,5847,5847,,,,5.0,4,36.7546,27.6646,https://www.airbnb.com.tr/rooms/1729225372393943008,https://a0.muscache.com/im/pictures/2739722745.jpg
1503792920592361941,Daire - Datça,"Plaja 10 dk , Bahçeli, Huzurlu Tatil Evi",Daire,4250,4250,,,,5.0,4,36.73844,27.677,https://www.airbnb.com.tr/rooms/1503792920592361941,https://a0.muscache.com/im/pictures/2647521648.jpg
53869728,Ev - Datça,Deniz manzarali ve bahceli eviniz (Klima mevcut),Daire / Ev,5324,5586,5063,,,4.75,40,36.74476,27.69736,https://www.airbnb.com.tr/rooms/53869728,https://a0.muscache.com/im/pictures/1931800885.jpg
43654904,Otel odası - Kızlan,Datça'da huzuru keşfedin,Özel Oda,8290,,7106,5921,11843,4.94,36,36.7632,27.7756,https://www.airbnb.com.tr/rooms/43654904,https://a0.muscache.com/im/pictures/1013703272.jpg
706181134786902969,Daire - Datça,Datça Karaincir'de Öksu Apart,Daire,6696,,8609,5740,5740,4.95,20,36.7641,27.7923,https://www.airbnb.com.tr/rooms/706181134786902969,https://a0.muscache.com/im/pictures/1482490648.jpg
13594392,Ev - Datça,"Merkezde, Denize 3dk Yürüme Mesafesinde 2+1 Daire",Daire / Ev,5000,,5000,,,4.73,135,36.7302,27.686,https://www.airbnb.com.tr/rooms/13594392,https://a0.muscache.com/im/pictures/190989655.jpg
883403932256730286,Ev - Kızlan,Müstakil Ev,Daire / Ev,4678,,5847,4678,3508,4.91,35,36.7642,27.7246,https://www.airbnb.com.tr/rooms/883403932256730286,https://a0.muscache.com/im/pictures/1688885224.jpg
1481284442057363071,Daire - Datça,Kargı Suites Datça #9 - Minik Ev,Daire,3508,,3508,,,4.8,10,36.7067,27.6869,https://www.airbnb.com.tr/rooms/1481284442057363071,https://a0.muscache.com/im/pictures/2286520950.jpg
1700106181739967135,Datça bölgesinde oda,LUVIA Datça | Neryum Suite • 1+1,Özel Oda,5698,,5698,,,5.0,6,36.735338613936975,27.65544563942209,https://www.airbnb.com.tr/rooms/1700106181739967135,https://a0.muscache.com/im/pictures/2707095278.jpg
24924653,Ev - Datça,"Datça Nergisevi, Kumluk'ta Denize Sıfır Lüks Ev",Daire / Ev,11342,,13027,11000,10000,4.97,92,36.7251,27.6861,https://www.airbnb.com.tr/rooms/24924653,https://a0.muscache.com/im/pictures/492796826.jpg
957652422149470225,Ev - Datça,"Merkezde,denize yürüme mesafesinde,bahçeli ev.",Daire / Ev,5900,,5900,,,5.0,11,36.74365,27.69772,https://www.airbnb.com.tr/rooms/957652422149470225,https://a0.muscache.com/im/pictures/1718864513.jpg
1718968022323649675,Ev - Datça,Poyraz’ın Evi Datça,Daire / Ev,3508,,3508,,,5.0,7,36.7537,27.6333,https://www.airbnb.com.tr/rooms/1718968022323649675,https://a0.muscache.com/im/pictures/2702951108.jpg
707754460213399587,Daire - Datça,Limana 5 dakika mesafede 2+1 Bahçeli,Daire,5500,,5500,,,4.86,43,36.7351,27.6744,https://www.airbnb.com.tr/rooms/707754460213399587,https://a0.muscache.com/im/pictures/2648193017.jpg
50114659,Otel odası - Kızlan,Yemyeşil bir bahçe ve masmavi bir deniz,Özel Oda,7106,,7106,,,5.0,5,36.76365,27.7743,https://www.airbnb.com.tr/rooms/50114659,https://a0.muscache.com/im/pictures/1188666330.jpg
1729190027891376619,Daire - Datça,Petra Evleri 3 | Datça'da Havuzlu Taş Evler,Daire,4500,,4500,,,,0,36.7618,27.8,https://www.airbnb.com.tr/rooms/1729190027891376619,https://a0.muscache.com/im/pictures/2724487626.jpg
1769426544226369580,Daire - Datça,Datça karaincir'de kiralık 1+1 daire,Daire,2757,,,2750,2764,,0,36.7658,27.7974,https://www.airbnb.com.tr/rooms/1769426544226369580,https://a0.muscache.com/im/pictures/2807725538.jpg
13135946,Villa - Datça,Datça Karaincir 'de müstakil villalar,Müstakil Villa,8128,,,6500,9757,,0,36.7626,27.7995,https://www.airbnb.com.tr/rooms/13135946,https://a0.muscache.com/im/pictures/784818986.jpg
957655940419857936,Ev - Datça,"Merkezde,denize yürüme mesafesinde,bahçeli ev. ",Daire / Ev,5250,,,5250,,5.0,26,36.74224,27.69979,https://www.airbnb.com.tr/rooms/957655940419857936,https://a0.muscache.com/im/pictures/1718866881.jpg
1011415507150132232,Ev - Datça,Botanik Bahçe içinde Taş Ev 2 Oda 1 Salon,Özel Oda,4368,,,4000,4737,4.82,72,36.7449,27.664,https://www.airbnb.com.tr/rooms/1011415507150132232,https://a0.muscache.com/im/pictures/1768938461.jpg
51737018,Ev - Datça,"Yeni, 2+1 Bahçeli, Deniz Manzaralı, Otoparklı.",Daire / Ev,4145,,,4145,,4.97,34,36.7393,27.69286,https://www.airbnb.com.tr/rooms/51737018,https://a0.muscache.com/im/pictures/1642767797.jpg
35071758,Villa - Datça,Palaemon Datça müstakil ev,Müstakil Villa,5847,,,5847,,4.89,83,36.76541,27.72549,https://www.airbnb.com.tr/rooms/35071758,https://a0.muscache.com/im/pictures/1916555684.jpg
49482149,Villa - Datça,Villa Rengin Datça (Sonsuzluk  Havuzlu) Köy Evi,Müstakil Villa,5868,,,7000,4737,4.75,24,36.774,27.6937,https://www.airbnb.com.tr/rooms/49482149,https://a0.muscache.com/im/pictures/1903404815.jpg
51028078,Villa - Datça,Palaemondatça Yelken havuzlu villa,Müstakil Villa,7016,,,8186,5847,4.87,60,36.76249871993539,27.71198382332956,https://www.airbnb.com.tr/rooms/51028078,https://a0.muscache.com/im/pictures/1719612784.jpg
1324628760587003355,Ev - Datça,Saklı Huzur,Daire / Ev,3198,,,3198,,5.0,23,36.70995,27.68979,https://www.airbnb.com.tr/rooms/1324628760587003355,https://a0.muscache.com/im/pictures/2059408945.jpg
902202342601744191,Ev - Datça,"Datça Merkezde, Plaja 3dk Mesafede Studio Daire",Daire / Ev,3000,,,3000,,4.93,72,36.7305,27.6858,https://www.airbnb.com.tr/rooms/902202342601744191,https://a0.muscache.com/im/pictures/2649178020.jpg
1379018061570063095,Dağ evi - Emecik,"Tatooine
Twice the ; Sun&Fun",Daire / Ev,8186,,,,8186,,0,36.7788,27.8156,https://www.airbnb.com.tr/rooms/1379018061570063095,https://a0.muscache.com/im/pictures/2134149088.jpg
687020952805002474,Bungalov - Datça,"Müstakil,bahçeli bungalov… Villa Baldem…",Müstakil Villa,2369,,,,2369,4.98,59,36.7683,27.6243,https://www.airbnb.com.tr/rooms/687020952805002474,https://a0.muscache.com/im/pictures/1936186926.jpg
49052267,Ağaç ev - Datça,Villa Rengin (Havuzlu) Datça-Mavi,Müstakil Villa,4737,,,,4737,4.88,59,36.77491,27.69257,https://www.airbnb.com.tr/rooms/49052267,https://a0.muscache.com/im/pictures/1294079578.jpg
602548250454379025,Bungalov - Kızlan,Özel Havuzlu Akdeniz Ev - Bi Datça Tatil Evleri,Kır Evi / Bungalov,4145,,,,4145,4.96,45,36.76769858785247,27.691132337534285,https://www.airbnb.com.tr/rooms/602548250454379025,https://a0.muscache.com/im/pictures/1921992275.jpg
50801687,Ev - Datça,Katya'nın evi,Daire / Ev,5745,,,,5745,5.0,60,36.738,27.6935,https://www.airbnb.com.tr/rooms/50801687,https://a0.muscache.com/im/pictures/1211484411.jpg
1755873135060448538,"Küçük ev - Uberlândia, Brezilya",Cazeca semtinde Mikro Ev 2,Daire / Ev,947,947,,,,4.6,5,-18.9177,-48.269,https://www.airbnb.com.tr/rooms/1755873135060448538,https://a0.muscache.com/im/pictures/2781471225.jpg
1768210649784230932,"Ho Chi Minh Şehri, Vietnam bölgesinde konaklama yeri",Havaalanı ve 1. Bölge Yakınında Modern Saunalı Stüdyo Daire V2,Daire / Ev,1498,1498,,,,,0,10.7895,106.6607,https://www.airbnb.com.tr/rooms/1768210649784230932,https://a0.muscache.com/im/pictures/2805664182.jpg
1744824022546985907,"Ev - Tomelloso, İspanya",Tomelloso'da havuzlu ve bahçeli modern ev,Daire / Ev,7265,7265,,,,5.0,5,39.15581,-3.02646,https://www.airbnb.com.tr/rooms/1744824022546985907,https://a0.muscache.com/im/pictures/2769971514.jpg
1740297123212433008,"Ev - Traer, Iowa, Amerika Birleşik Devletleri",Yenilenmiş Iowa Dinlenme Yeri-Geniş Teras-Waterloo Yakınında,Daire / Ev,10986,,,,10986,5.0,4,42.1933,-92.4633,https://www.airbnb.com.tr/rooms/1740297123212433008,https://a0.muscache.com/im/pictures/2748360740.jpg
1754971632966967986,"Hoàn Kiếm, Vietnam bölgesinde oda",Indochine Balkonlu Stüdyo Daire | Eski Mahalle Tren Caddesi,Özel Oda,2172,,2172,,,,0,21.0296,105.8438,https://www.airbnb.com.tr/rooms/1754971632966967986,https://a0.muscache.com/im/pictures/2779552590.jpg
1731355337290179825,"Daire - São Paulo, Brezilya",Modern stüdyo Av. Paulista/Centro - Dış alan,Daire,1719,1719,,,,5.0,9,-23.55549,-46.64001,https://www.airbnb.com.tr/rooms/1731355337290179825,https://a0.muscache.com/im/pictures/2740748537.jpg
1754928892481348293,"Ev - Puerto Vallarta, Meksika","Evin tamamı, özel havuz, 15 dakika mesafede sahil şeridi.",Daire / Ev,5433,,,5433,,,0,20.6333,-105.2193,https://www.airbnb.com.tr/rooms/1754928892481348293,https://a0.muscache.com/im/pictures/2779453284.jpg
1620225098533813340,Ev - Koruköy,Fındıkoğlu Konaklama Koruköy Gelibolu,Daire / Ev,4000,4000,4000,4000,,5.0,22,40.5522,26.8083,https://www.airbnb.com.tr/rooms/1620225098533813340,https://a0.muscache.com/im/pictures/2545543106.jpg
53494553,Butik otel - Marmara,Avşa Baran Motel,Daire / Ev,1956,1799,2114,,,4.84,37,40.50908,27.49778,https://www.airbnb.com.tr/rooms/53494553,https://a0.muscache.com/im/pictures/2230454617.jpg
922271122103336364,Ev - Erdek,Erdek İlhanlar Denize Sıfır Dubleks 1,Daire / Ev,6000,6000,,,,4.87,53,40.5028,27.6897,https://www.airbnb.com.tr/rooms/922271122103336364,https://a0.muscache.com/im/pictures/1683752166.jpg
35400330,Ev - Lapseki,4 kişi kapasiteli denize sıfır doğa ile iç içe ev.,Daire / Ev,7598,7762,7762,7104,7762,4.86,71,40.39952,26.89331,https://www.airbnb.com.tr/rooms/35400330,https://a0.muscache.com/im/pictures/1896610167.jpg
925458155374631088,Butik otel - Avşa Island,2 Kişilik Balkonlu Butik Oda,Özel Oda,2310,2339,2500,2090,,4.9,30,40.5074,27.4964,https://www.airbnb.com.tr/rooms/925458155374631088,https://a0.muscache.com/im/pictures/1877969546.jpg
917030238478793102,Ev - Yenice,Yeşil Ev,Daire / Ev,6567,6500,6500,6700,,5.0,7,40.0304,27.2559,https://www.airbnb.com.tr/rooms/917030238478793102,https://a0.muscache.com/im/pictures/1682567792.jpg
1526608631454997804,Villa - Çardak,Sahilde özel bir yer. 100 metrekare çatı dairesi.,Müstakil Villa,6829,6829,6829,,,5.0,13,40.3741,26.7098,https://www.airbnb.com.tr/rooms/1526608631454997804,https://a0.muscache.com/im/pictures/2362190505.jpg
50636529,Butik otel - Güneyli,BEYAZ EV NO:9  Pansiyon(2 kişi oda-kahvaltı dahil),Özel Oda,5850,5850,5850,,,5.0,24,40.50783,26.69888,https://www.airbnb.com.tr/rooms/50636529,https://a0.muscache.com/im/pictures/1417073429.jpg
905133696806408759,Otel - Marmara,Baran Motel apart 3,Daire / Ev,3028,2505,,3552,,4.89,35,40.50758,27.49805,https://www.airbnb.com.tr/rooms/905133696806408759,https://a0.muscache.com/im/pictures/2657647394.jpg
1417984400264603642,Daire - Güneyli,Deniz manzaralı daire .,Daire,3800,3800,,,,4.74,23,40.49638,26.68435,https://www.airbnb.com.tr/rooms/1417984400264603642,https://a0.muscache.com/im/pictures/2179325835.jpg
1620906614901687661,Ev - Güreci,Müthiş Bahçe İçerinde Denize Sıfır Yazlık Ev,Daire / Ev,6492,6310,6553,6310,6795,,0,40.38101446693164,26.97082840257396,https://www.airbnb.com.tr/rooms/1620906614901687661,https://a0.muscache.com/im/pictures/2516674772.jpg
50596463,Ev - Güneyli,Saros Körfezi Güneyli Deniz&Doğa Manzaralı Bahçeli,Daire / Ev,5000,5000,,,,4.83,23,40.49564994401749,26.687928477508496,https://www.airbnb.com.tr/rooms/50596463,https://a0.muscache.com/im/pictures/2561392534.jpg
1459175822235732036,Daire - Güneyli,Deniz Manzara Daire,Daire,3700,3700,,,,4.85,13,40.49651736917073,26.686832928261467,https://www.airbnb.com.tr/rooms/1459175822235732036,https://a0.muscache.com/im/pictures/2242115429.jpg
1146382567055528182,Ev - Gelibolu,Kublay’s Güneyli,Daire / Ev,3500,3500,3500,,,4.9,60,40.50537,26.70159,https://www.airbnb.com.tr/rooms/1146382567055528182,https://a0.muscache.com/im/pictures/2707065906.jpg
1735386030548930929,Daire - Marmara,Avşa Adası Merkezde Balkonlu 1+1 Daire (3),Daire,4700,4700,,,,,0,40.5073,27.4969,https://www.airbnb.com.tr/rooms/1735386030548930929,https://a0.muscache.com/im/pictures/2790845336.jpg
1757809919456602042,Ev - Bolayir,Geniş rahat denize yakın konumda,Daire / Ev,3523,3500,,3500,3570,,0,40.5157,26.7576,https://www.airbnb.com.tr/rooms/1757809919456602042,https://a0.muscache.com/im/pictures/2785504825.jpg
1727756095141191634,Marmara bölgesinde oda,Avşa Kınalı villa apart,Müstakil Villa,1500,1500,1499,,,,0,40.5078,27.4972,https://www.airbnb.com.tr/rooms/1727756095141191634,https://a0.muscache.com/im/pictures/2721558322.jpg
1192661198978865736,Müşterek oda - Marmara,Avşa Adası Rukiş Apart-2 (kişibaşı),Özel Oda,650,650,650,,,,0,40.50657,27.49851,https://www.airbnb.com.tr/rooms/1192661198978865736,https://a0.muscache.com/im/pictures/1945060008.jpg
916092535417471832,Daire - Marmara,"Avşa Adasında, Denize 50m mesafe 1+1 Apart Yazlık",Daire,3340,,3100,3579,,4.82,11,40.5031,27.4955,https://www.airbnb.com.tr/rooms/916092535417471832,https://a0.muscache.com/im/pictures/2680929375.jpg
925336178121279467,Ev - Erdek,Erdek İlhanlar Denize Sıfır Dubleks 2,Daire / Ev,6571,,5500,7106,7106,4.94,35,40.50302,27.68894,https://www.airbnb.com.tr/rooms/925336178121279467,https://a0.muscache.com/im/pictures/1687244411.jpg
1617369137409155669,Ev - Güreci,Denizin  Yanı  Başında  Huzurlu  Tatil  Deneyimi,Daire / Ev,4905,,4801,4801,5113,4.75,4,40.39366907070304,26.926653886753172,https://www.airbnb.com.tr/rooms/1617369137409155669,https://a0.muscache.com/im/pictures/2662888797.jpg
924078326585010157,Ev - Erdek,Erdek İlhanlar Denize Sıfır Dubleks 3,Daire / Ev,5460,,5000,5921,,4.79,43,40.50194,27.6898,https://www.airbnb.com.tr/rooms/924078326585010157,https://a0.muscache.com/im/pictures/1685926699.jpg
1400774420533721456,Daire - Marmara,(2) Avşa adasının en güzel konumunda,Daire,2456,,1988,,2924,,0,40.51071256931163,27.495989277729258,https://www.airbnb.com.tr/rooms/1400774420533721456,https://a0.muscache.com/im/pictures/2175358217.jpg
1725214890776626635,Villa - Harmanlı," Alonya Park Huzurlu,güvenli tatildeki Eviniz
",Müstakil Villa,4702,,4810,4643,4654,,0,40.4742,27.5823,https://www.airbnb.com.tr/rooms/1725214890776626635,https://a0.muscache.com/im/pictures/2718101442.jpg
905111273314284634,Otel - Marmara,Baran Motel apart2,Daire / Ev,2546,,2546,,,4.73,22,40.50854,27.49755,https://www.airbnb.com.tr/rooms/905111273314284634,https://a0.muscache.com/im/pictures/2677473588.jpg
53746382,Kır evi - Yenice,Büyük Ev,Kır Evi / Bungalov,9500,,,9500,,4.88,16,40.0309435019202,27.25659683317809,https://www.airbnb.com.tr/rooms/53746382,https://a0.muscache.com/im/pictures/1300866103.jpg
1381862632568867987,Kır evi - Çardak,Gökçe'nin Bağ Evi -Sardalya mevsimi başladı-,Kır Evi / Bungalov,6937,,,6940,6934,4.83,18,40.36946434161864,26.735666067933796,https://www.airbnb.com.tr/rooms/1381862632568867987,https://a0.muscache.com/im/pictures/2113277663.jpg
896774995037800119,Ev - Marmara,Denize Sıfır Teraslı 1+1 Çatı Katı,Daire / Ev,2000,,,2000,,4.86,28,40.513029687846206,27.499566284925688,https://www.airbnb.com.tr/rooms/896774995037800119,https://a0.muscache.com/im/pictures/1711840421.jpg
1737870089668660316,Daire - Marmara,3 Kişilik Standart Balkonlu Oda,Özel Oda,3000,,,3000,3000,,0,40.5173,27.4976,https://www.airbnb.com.tr/rooms/1737870089668660316,https://a0.muscache.com/im/pictures/2743311797.jpg
1195643981722108027,Otel - Marmara,Avşa Kaan Motel,Daire / Ev,1056,,,1000,1111,4.56,27,40.5206,27.4976,https://www.airbnb.com.tr/rooms/1195643981722108027,https://a0.muscache.com/im/pictures/2205679561.jpg
913127051443884830,Marmara bölgesinde konaklama yeri,Artisan Loft 3 - Tanz Süitleri,Daire / Ev,3600,,,3200,4000,4.4,5,40.5125,27.4969,https://www.airbnb.com.tr/rooms/913127051443884830,https://a0.muscache.com/im/pictures/1709182244.jpg
913124386904067412,Daire - Marmara,Artisan Loft 2 - Tanz Süitleri,Daire,8100,,,,8100,4.25,8,40.5125,27.4969,https://www.airbnb.com.tr/rooms/913124386904067412,https://a0.muscache.com/im/pictures/1709187093.jpg
1728136374643683300,Daire - Harmanlı, Paşalimanı adasında  denize sıfır studyo daire ,Daire,3990,,,,3990,,0,40.4745,27.5834,https://www.airbnb.com.tr/rooms/1728136374643683300,https://a0.muscache.com/im/pictures/2722118086.jpg
1433579021919501764,Butik otel - Marmara,2 Kişilik Fiyat Performans,Daire / Ev,2320,,,,2320,4.76,21,40.5072,27.4961,https://www.airbnb.com.tr/rooms/1433579021919501764,https://a0.muscache.com/im/pictures/2216114756.jpg
616283146030547993,Villa - Gönen,Özel Havuzlu Deniz Manzaralı Müstakil Villa,Müstakil Villa,6164,,,,6164,4.5,16,40.3003,27.5261,https://www.airbnb.com.tr/rooms/616283146030547993,https://a0.muscache.com/im/pictures/2664764827.jpg
658956462311504013,Ev - Avşa,Zeynep_Avsa,Daire / Ev,8500,,,,8500,4.74,27,40.5128,27.4984,https://www.airbnb.com.tr/rooms/658956462311504013,https://a0.muscache.com/im/pictures/2123218221.jpg
1748204892608268618,Ev - Bolayir,Saroz Körfezi Bolayır Kiralık Daire,Daire / Ev,3570,,,,3570,,0,40.515,26.7574,https://www.airbnb.com.tr/rooms/1748204892608268618,https://a0.muscache.com/im/pictures/2765538866.jpg
1604249229570066638,Ev - Güreci,Denize Sıfır Büyük Bahçeli Müstakil Yazlık,Daire / Ev,6310,,,,6310,4.75,4,40.38088,26.97088,https://www.airbnb.com.tr/rooms/1604249229570066638,https://a0.muscache.com/im/pictures/2515704681.jpg
1761007848123714681,"Ev - Sevierville, Tennessee, Amerika Birleşik Devletleri",Yepyeni romantik A çerçeveli ev / Sauna / Düz yollar,Daire / Ev,11674,11674,,,,5.0,3,35.7018,-83.668,https://www.airbnb.com.tr/rooms/1761007848123714681,https://a0.muscache.com/im/pictures/2791527522.jpg
1769576840155357656,"Rathcoole, İrlanda bölgesinde konaklama yeri",Rathcoole'da müstakil evde çift kişilik oda,Özel Oda,4280,4280,,,,,0,53.2521,-6.5034,https://www.airbnb.com.tr/rooms/1769576840155357656,https://a0.muscache.com/im/pictures/2808079110.jpg
1450079350449817765,Misafir evi - Bitez,Sophie'nin Bitez'deki evi,Daire / Ev,10269,11511,9940,9355,,5.0,40,37.03502,27.3701,https://www.airbnb.com.tr/rooms/1450079350449817765,https://a0.muscache.com/im/pictures/2310840970.jpg
1325382057212494327,Daire - Bodrum,Değirmenburnu 2+1 Daire,Daire,11409,14098,14098,9586,7853,4.96,46,37.0297,27.4137,https://www.airbnb.com.tr/rooms/1325382057212494327,https://a0.muscache.com/im/pictures/2728415153.jpg
25891887,Daire - Gümbet,"Maye Residence Daire 1+1 iyi wifi, ücretsiz otopark",Daire,4750,4750,,,,4.53,78,37.03349,27.4083,https://www.airbnb.com.tr/rooms/25891887,https://a0.muscache.com/im/pictures/1063133269.jpg
935895814779627805,Daire - Bodrum,Bodrum Yerel Ev - 1+1 daire,Daire,8945,9856,9940,7040,,4.94,610,37.0371,27.4195,https://www.airbnb.com.tr/rooms/935895814779627805,https://a0.muscache.com/im/pictures/1698216947.jpg
1601997672819935694,Bodrum bölgesinde oda,Standart Oda/Sadece oda,Özel Oda,3999,3999,,,,4.71,7,37.0331,27.4177,https://www.airbnb.com.tr/rooms/1601997672819935694,https://a0.muscache.com/im/pictures/2484659209.jpg
1501375045107703638,Daire - Bodrum,Ayaz Suites 2+1 Daire,Daire,9060,11348,10982,7321,6589,4.96,184,37.03059665187468,27.411514218498578,https://www.airbnb.com.tr/rooms/1501375045107703638,https://a0.muscache.com/im/pictures/2328280446.jpg
1452867428030947798,Bitez bölgesinde oda,Meşeli Oba - Bitez 1,Özel Oda,4981,4981,4981,,,4.86,7,37.04562,27.37683,https://www.airbnb.com.tr/rooms/1452867428030947798,https://a0.muscache.com/im/pictures/2230672659.jpg
1164549943662251760,Otel - Bodrum,Wish Suites Bodrum-Ekonomik Çift kişilik Oda,Özel Oda,3250,3250,,,,4.55,168,37.03663,27.43272,https://www.airbnb.com.tr/rooms/1164549943662251760,https://a0.muscache.com/im/pictures/1918187386.jpg
1715280761045251638,Ev - Bodrum,Limon Bodrum,Daire / Ev,7800,7800,,,,5.0,4,37.0363,27.4394,https://www.airbnb.com.tr/rooms/1715280761045251638,https://a0.muscache.com/im/pictures/2698294707.jpg
12937461,Otel odası - Bodrum,Site içinde Rezidans daire - Denize 300metre B,Özel Oda,6026,6026,,,,4.62,85,37.0244,27.352,https://www.airbnb.com.tr/rooms/12937461,https://a0.muscache.com/im/pictures/1687365903.jpg
1667461505020208528,Bodrum bölgesinde oda,Denize 5 dakika mesafede Bodrum Ortakentte oda,Özel Oda,2900,2900,,,,,0,37.04233094511717,27.347077224172782,https://www.airbnb.com.tr/rooms/1667461505020208528,https://a0.muscache.com/im/pictures/2599148649.jpg
1746465278354441863,Gümbet bölgesinde oda,Bodrum Lumy Suites Hotel Gümbet.,Özel Oda,2912,2912,,,,,0,37.0327,27.4055,https://www.airbnb.com.tr/rooms/1746465278354441863,https://a0.muscache.com/im/pictures/2761769597.jpg
887538311508407247,Tatil evi - Bitez,Bitez Tiny House - Bitez/Bodrum,Daire / Ev,3000,3000,,,,4.38,136,37.02887,27.37791,https://www.airbnb.com.tr/rooms/887538311508407247,https://a0.muscache.com/im/pictures/1647383778.jpg
45446555,Daire - Gümbet,Maye Residence Stüdyo Daire,Daire,4800,4800,,,,4.56,32,37.03219,27.40853,https://www.airbnb.com.tr/rooms/45446555,https://a0.muscache.com/im/pictures/1934662890.jpg
1060126205758036304,Otel - Kumbahçe,Fethiye Hanım Bodrum Deniz Kenarı 3 Kişilik Oda,Özel Oda,4972,4972,,,,4.87,31,37.02974,27.44183,https://www.airbnb.com.tr/rooms/1060126205758036304,https://a0.muscache.com/im/pictures/2203063282.jpg
44466471,Butik otel - Gümbet,"Huzurlu, Hijyenik, Aile Ortamı",Daire / Ev,4444,4444,,,,4.68,53,37.03278,27.4044,https://www.airbnb.com.tr/rooms/44466471,https://a0.muscache.com/im/pictures/1618340642.jpg
1219606063451904028,Ev - Bodrum,Evim Bodrum Caretta – 4 Kişilik,Daire / Ev,5250,5250,,,,4.93,14,37.0319,27.4165,https://www.airbnb.com.tr/rooms/1219606063451904028,https://a0.muscache.com/im/pictures/1972439732.jpg
26456110,Butik otel - Kumbahçe,2 kisilik Bodrum merkezde standart  Oda,Özel Oda,2690,2690,,,,4.65,66,37.0322,27.4387,https://www.airbnb.com.tr/rooms/26456110,https://a0.muscache.com/im/pictures/1920436323.jpg
1713792503247396188,Ev - Bodrum,Büyüleyici Deniz Manzaralı  Tatil Ev,Daire / Ev,6600,,7000,6200,,,0,37.027,27.3908,https://www.airbnb.com.tr/rooms/1713792503247396188,https://a0.muscache.com/im/pictures/2691937255.jpg
1482783745643297345,Otel - Bodrum,Granma Butik Daire 6,Daire / Ev,3750,,3750,,,4.95,21,37.03315,27.40801,https://www.airbnb.com.tr/rooms/1482783745643297345,https://a0.muscache.com/im/pictures/2661495550.jpg
1359911282652531466,Otel - Bodrum,"Bodrum Merkezde, Sahilde-201",Daire / Ev,3250,,3250,,,4.81,32,37.0325,27.4376,https://www.airbnb.com.tr/rooms/1359911282652531466,https://a0.muscache.com/im/pictures/2296874055.jpg
1726164425453264134,Ev - Bodrum,Studio 374 Yeşil,Daire / Ev,3250,,3250,,,4.78,9,37.0371,27.2446,https://www.airbnb.com.tr/rooms/1726164425453264134,https://a0.muscache.com/im/pictures/2718182704.jpg
844929435244309418,Doğa içinde pansiyon - Yakaköy,South Side  (Gaia) Kahvaltı dahil,Daire / Ev,5491,,6195,4787,,5.0,13,37.07674,27.32494,https://www.airbnb.com.tr/rooms/844929435244309418,https://a0.muscache.com/im/pictures/2332815231.jpg
49771230,Villa - Bodrum,Full Deniz Manzaralı & Özel Havuzlu SüperlüksVilla,Müstakil Villa,38831,,38831,,,4.95,88,37.0456,27.4097,https://www.airbnb.com.tr/rooms/49771230,https://a0.muscache.com/im/pictures/1194724516.jpg
1724062508342816654,Ev - Bodrum,Terra Noire • Özel Bahçe Evi Bitez,Daire / Ev,8073,,8392,8392,7434,5.0,8,37.0386,27.398,https://www.airbnb.com.tr/rooms/1724062508342816654,https://a0.muscache.com/im/pictures/2722527723.jpg
8296819,Otel odası - Bodrum,Hotel Gulec - Tek Kişilik Oda 02,Özel Oda,2636,,2636,,,4.61,23,37.03513,27.43724,https://www.airbnb.com.tr/rooms/8296819,https://a0.muscache.com/im/pictures/81997002.jpg
1706008147973595931,Ev - Bodrum,Nox House Bitez,Daire / Ev,7434,,7772,,7096,5.0,10,37.0386,27.398,https://www.airbnb.com.tr/rooms/1706008147973595931,https://a0.muscache.com/im/pictures/2676028851.jpg
1400024340738760917,Ev - Bodrum,Bitez Mandalina Bahçesinde Huzurlu 1+1 Taş Ev,Daire / Ev,6579,,7184,7106,5448,4.89,9,37.0373,27.3832,https://www.airbnb.com.tr/rooms/1400024340738760917,https://a0.muscache.com/im/pictures/2612722252.jpg
1554393807904070078,Daire - Bodrum,Ayaz Suites Standart Oda (1+0),Özel Oda,4210,,5491,3844,3295,4.93,55,37.0316,27.4115,https://www.airbnb.com.tr/rooms/1554393807904070078,https://a0.muscache.com/im/pictures/2406404138.jpg
1622666691230345052,Kubbe - Bodrum,Bodrum'da lüks kubbe süit,Daire / Ev,6500,,6500,,6500,4.67,9,37.04700174045299,27.372777211312727,https://www.airbnb.com.tr/rooms/1622666691230345052,https://a0.muscache.com/im/pictures/2563560420.jpg
1692650804570187904,Bodrum bölgesinde oda,Kardelen Otel - Çift Kişilik Tek Yataklı Oda,Özel Oda,3000,,3000,,,4.78,9,37.03934953005678,27.42729746172905,https://www.airbnb.com.tr/rooms/1692650804570187904,https://a0.muscache.com/im/pictures/2647040586.jpg
1512463882375011664,Ev - Bodrum,BodrumMarinada huzurlu Aileye uygun ev,Daire / Ev,3568,,,3613,3523,4.7,27,37.03503672576354,27.419271135791192,https://www.airbnb.com.tr/rooms/1512463882375011664,https://a0.muscache.com/im/pictures/2563536000.jpg
705759364498347138,Küçük ev - Yakaköy,Southside Butik Villası,Müstakil Villa,5350,,,5632,5069,4.9,110,37.0757,27.3256,https://www.airbnb.com.tr/rooms/705759364498347138,https://a0.muscache.com/im/pictures/2172059379.jpg
44167640,Butik otel - Bodrum,Huzurlu Temiz Aile Ortamı,Daire / Ev,2421,,,2421,,4.74,127,37.03377,27.40435,https://www.airbnb.com.tr/rooms/44167640,https://a0.muscache.com/im/pictures/1247412314.jpg
1211463022989639595,Otel - Bodrum,"Huzurlu Temiz , Denize Çok Yakın",Daire / Ev,2421,,,2421,,4.81,32,37.03461,27.40562,https://www.airbnb.com.tr/rooms/1211463022989639595,https://a0.muscache.com/im/pictures/1963993827.jpg
1705044698449560676,Misafir evi - Bodrum,Deluxe King Suite Balkonlu-Küvetli,Daire / Ev,7322,,,8898,5745,,0,37.0334,27.434,https://www.airbnb.com.tr/rooms/1705044698449560676,https://a0.muscache.com/im/pictures/2673734313.jpg
1679801405950236500,Ev - Bodrum,Bitez Mandalina Bahçesinde Huzurlu 1+1 Taş Ev,Daire / Ev,5672,,,6200,5145,4.67,6,37.03768163618433,27.383386975931074,https://www.airbnb.com.tr/rooms/1679801405950236500,https://a0.muscache.com/im/pictures/2622058836.jpg
1380338948971401089,Bodrum bölgesinde oda,Bodrum - Butik Otel - Gümbet,Özel Oda,2961,,,2961,,4.88,8,37.031986137983964,27.397665942603883,https://www.airbnb.com.tr/rooms/1380338948971401089,https://a0.muscache.com/im/pictures/2111038516.jpg
52146617,Otel odası - Bodrum,Değirmenburnu Residence Tek yatak odalı daire,Özel Oda,6767,,,6767,,4.93,114,37.0297,27.4137,https://www.airbnb.com.tr/rooms/52146617,https://a0.muscache.com/im/pictures/1251357144.jpg
1521745245260625864,Bodrum bölgesinde oda,Panoramik Residence 1+0 Bodrum,Özel Oda,2695,,,2695,,5.0,3,37.04638041249201,27.407784154317106,https://www.airbnb.com.tr/rooms/1521745245260625864,https://a0.muscache.com/im/pictures/2646554741.jpg
1424412539561268797,Otel - Bodrum,Bodrum Merkezinde Rahat Daire Oda - Limonlu Oda,Özel Oda,3033,,,,3033,4.92,50,37.03632,27.43106,https://www.airbnb.com.tr/rooms/1424412539561268797,https://a0.muscache.com/im/pictures/2179195333.jpg
715830890662161281,Villa - Bodrum,Bodrum Gürece'de 3+1 Müstakil Özel Lüx Taş Villa,Müstakil Villa,5500,,,,5500,4.99,117,37.0387,27.3197,https://www.airbnb.com.tr/rooms/715830890662161281,https://a0.muscache.com/im/pictures/1941420334.jpg
1747703836887359292,Ev - Bodrum,Muhteşem deniz ve şehir manzaralı eşsiz lux villa,Müstakil Villa,25210,,,,25210,,0,37.044,27.4366,https://www.airbnb.com.tr/rooms/1747703836887359292,https://a0.muscache.com/im/pictures/2765007858.jpg
1520091104342119923,Daire - Bodrum,Ayaz Suites 3+1 Daire,Daire,7321,,,,7321,5.0,34,37.0315,27.4116,https://www.airbnb.com.tr/rooms/1520091104342119923,https://a0.muscache.com/im/pictures/2352106660.jpg
1425192704261622070,Villa - Bodrum,"73 Yalıkavak, gün batımı manzaralı özel sahil evi",Müstakil Villa,14000,,,,14000,5.0,47,37.0999,27.2781,https://www.airbnb.com.tr/rooms/1425192704261622070,https://a0.muscache.com/im/pictures/2180628415.jpg
1277535370615714035,Ev - Bodrum,Little Gülteş,Daire / Ev,3600,,,,3600,4.9,42,37.0334,27.4199,https://www.airbnb.com.tr/rooms/1277535370615714035,https://a0.muscache.com/im/pictures/2019650267.jpg
1153045951015137857,Daire - Bodrum,"NewOld Flat
2+1 Bodrum Marina",Daire,7040,,,,7040,4.98,56,37.0375,27.4233,https://www.airbnb.com.tr/rooms/1153045951015137857,https://a0.muscache.com/im/pictures/2136545650.jpg
1748967688522747775,"Daire - Thenkanidiyoor, Hindistan",Nakshatra Brisa Malpe Sahil Dairesi Yaşam Alanı ,Daire,1270,,1270,,,5.0,3,13.3587,74.7104,https://www.airbnb.com.tr/rooms/1748967688522747775,https://a0.muscache.com/im/pictures/2767030350.jpg
1737930669708480001,"Ev - Pampatar, Venezuela",Pampatar Plajı'nda Güzel Ev,Daire / Ev,3659,,,,3659,5.0,3,11,-63.7938,https://www.airbnb.com.tr/rooms/1737930669708480001,https://a0.muscache.com/im/pictures/2743479202.jpg
1753370314885657318,"Kulübe - Dağ Tepesi, Avustralya",Nimbin Dağ Zirvesi Kulübeleri,Daire / Ev,12704,,,12704,,,0,-28.6123,153.1752,https://www.airbnb.com.tr/rooms/1753370314885657318,https://a0.muscache.com/im/pictures/2776302243.jpg
1764555250561053490,"Kulübe - Ellijay, Georgia, Amerika Birleşik Devletleri","The Rio & Ridge
Hideaway @
Coosawattee",Daire / Ev,17353,,,,17353,,0,34.6518,-84.553,https://www.airbnb.com.tr/rooms/1764555250561053490,https://a0.muscache.com/im/pictures/2798283136.jpg
1750184269396971646,"Colonia del Sacramento, Uruguay bölgesinde oda",Tarihi Mahalle'de oda ve özel banyo,Özel Oda,2409,2409,,,,5.0,10,-34.4708,-57.8508,https://www.airbnb.com.tr/rooms/1750184269396971646,https://a0.muscache.com/im/pictures/2769801382.jpg
1754656300558399374,"Daire - Santiago de Querétaro, Meksika",Álamos'ta Teraslı ve Küçük Mutfaklı Süit,Daire,1923,1923,,,,5.0,5,20.6074,-100.3802,https://www.airbnb.com.tr/rooms/1754656300558399374,https://a0.muscache.com/im/pictures/2779024666.jpg
1739876254152105489,"Daire - Kuopio, Finlandiya",Şehir merkezine yakın sakin bir bölgede iki odalı daire,Özel Oda,2957,,2957,,,5.0,4,62.8943,27.6578,https://www.airbnb.com.tr/rooms/1739876254152105489,https://a0.muscache.com/im/pictures/2801163102.jpg
1639272471524581035,B&B HOTEL Bremen-Süd,Bremen bölgesinde otel,Daire / Ev,3934,4527,,,3342,4.0,7,53.0471,8.8382,https://www.airbnb.com.tr/rooms/1639272471524581035,https://a0.muscache.com/im/pictures/2556983146.jpg
3192516,Daire - Bremen,Teraslı Merkezî Yarı Daire,Daire,3717,3717,,,,4.79,648,53.07004,8.8239,https://www.airbnb.com.tr/rooms/3192516,https://a0.muscache.com/im/pictures/25807000.jpg
9071332,Site içi konut - Neustadt,"""Vogelhäuschen"" dairesi",Daire / Ev,6989,6989,,,,4.33,92,53.05371,8.81738,https://www.airbnb.com.tr/rooms/9071332,https://a0.muscache.com/im/pictures/91325821.jpg
1589939431565081749,Daire - Schwachhausen,Bremen'de şık 2 odalı daire,Özel Oda,3604,3604,,,,4.56,48,53.0783,8.82454,https://www.airbnb.com.tr/rooms/1589939431565081749,https://a0.muscache.com/im/pictures/2781221058.jpg
21496423,Daire - Bremen,"Schönes Apartman "" Creme "" zentral",Daire,4168,3830,,4506,,4.93,316,53.07737,8.81571,https://www.airbnb.com.tr/rooms/21496423,https://a0.muscache.com/im/pictures/402488242.jpg
1001430367110557871,Daire - Schwachhausen,Süper Ev Sahipleri: Merkez/Mutfak/Netflix/Kahve,Daire,4168,4168,,,,4.91,199,53.0794,8.8243,https://www.airbnb.com.tr/rooms/1001430367110557871,https://a0.muscache.com/im/pictures/1759443464.jpg
1760029496374962729,Bremen bölgesinde oda,Limehome Bremen Balgequartier | Konfor Oda,Özel Oda,3802,3802,,,,,0,53.0758,8.8062,https://www.airbnb.com.tr/rooms/1760029496374962729,https://a0.muscache.com/im/pictures/2801005214.jpg
1470356238449218720,Daire - Bremen,ViertelGlanz - Şık ve şehre yakın yaşam için akıllı TV,Daire,5081,5081,,,,4.64,44,53.071,8.8251,https://www.airbnb.com.tr/rooms/1470356238449218720,https://a0.muscache.com/im/pictures/2263407715.jpg
1760033223125806817,Daire - Bremen,Limehome Bremen Balgequartier | Süit,Daire,4083,4083,,,,,0,53.0758,8.8062,https://www.airbnb.com.tr/rooms/1760033223125806817,https://a0.muscache.com/im/pictures/2801011895.jpg
1470194378054428327,Daire - Bremen,Steintorperle – Semtin merkezinde 2 oda,Özel Oda,6285,6285,,,,4.78,32,53.071,8.8251,https://www.airbnb.com.tr/rooms/1470194378054428327,https://a0.muscache.com/im/pictures/2262977320.jpg
50441379,Butik otel - Bremen,Centauren Butik Hostel,Daire / Ev,2777,2777,,,,4.9,188,53.0788,8.8248,https://www.airbnb.com.tr/rooms/50441379,https://a0.muscache.com/im/pictures/1200482922.jpg
845389334945444939,Schwachhausen bölgesinde oda,Merkezde özel oda,Özel Oda,3689,3689,,,,4.97,132,53.0806,8.8323,https://www.airbnb.com.tr/rooms/845389334945444939,https://a0.muscache.com/im/pictures/1688496306.jpg
1288950126731114064,Daire - Neustadt,Merkezi konumda rahat 2 odalı daire,Özel Oda,5998,5998,,,,4.98,97,53.06622017915541,8.797537325242107,https://www.airbnb.com.tr/rooms/1288950126731114064,https://a0.muscache.com/im/pictures/2029225033.jpg
1033301853015349452,Daire - Bremen,1/4'te engelli erişimine uygun şık tek odalı daire,Özel Oda,4646,4646,,,,4.85,81,53.0691,8.843,https://www.airbnb.com.tr/rooms/1033301853015349452,https://a0.muscache.com/im/pictures/1858045195.jpg
1174145679109338779,Daire - Neustadt,Flüsseviertel'de konaklama,Daire,4590,4590,,,,4.96,68,53.0676,8.7941,https://www.airbnb.com.tr/rooms/1174145679109338779,https://a0.muscache.com/im/pictures/2030083717.jpg
925462505746796982,Daire - Bremen,Bremen'de büyüleyici eski bir daire | Kış bahçesi | Mutfak,Daire,6815,6815,,,,4.84,68,53.0687,8.8436,https://www.airbnb.com.tr/rooms/925462505746796982,https://a0.muscache.com/im/pictures/1701626143.jpg
1469463251778443701,Daire - Bremen,Kapıda süit | Merkezde | Modern ve geniş,Daire,7804,7490,8118,,,4.5,20,53.071,8.8251,https://www.airbnb.com.tr/rooms/1469463251778443701,https://a0.muscache.com/im/pictures/2261619299.jpg
609148560745304460,Site içi konut - Bremen,"Lüks Daire, 2 Yatak Odası, Weser, Viertel, Şehir",Özel Oda,6195,6195,6195,,,4.84,389,53.07039,8.82583,https://www.airbnb.com.tr/rooms/609148560745304460,https://a0.muscache.com/im/pictures/1469056173.jpg
1470277908944021947,Ev - Bremen,Lille Anker tatil evi,Daire / Ev,7659,,7659,7659,,4.97,174,53.0416,8.8232,https://www.airbnb.com.tr/rooms/1470277908944021947,https://a0.muscache.com/im/pictures/2263197503.jpg
47596167,Bremen bölgesinde oda,"Toplu taşıma araçlarına yakın, samimi bir konaklama!",Özel Oda,2253,,2253,2253,2253,4.9,251,53.04853,8.81864,https://www.airbnb.com.tr/rooms/47596167,https://a0.muscache.com/im/pictures/1868482097.jpg
621092737861574769,Daire - Bremen,Urban Heaven Stays | 2 yatak odalı daire,Özel Oda,7321,,7321,7321,,4.79,42,53.0392,8.8192,https://www.airbnb.com.tr/rooms/621092737861574769,https://a0.muscache.com/im/pictures/1980685570.jpg
911611565146943615,Daire - Bremen,Toplu taşıma araçlarına yakın Baltık Denizi havası,Daire,3182,,3182,,3182,4.87,131,53.05006,8.81861,https://www.airbnb.com.tr/rooms/911611565146943615,https://a0.muscache.com/im/pictures/1672748641.jpg
997605278703427727,Daire - Bremen,Zarif 3 odalı daire,Özel Oda,6064,,5210,6139,6843,4.8,167,53.0531,8.818,https://www.airbnb.com.tr/rooms/997605278703427727,https://a0.muscache.com/im/pictures/1756349297.jpg
33603691,Bremen bölgesinde oda,Sessiz küçük bir yer Bremen Habenhausen,Özel Oda,2422,,2422,2422,,4.91,183,53.0435,8.8481,https://www.airbnb.com.tr/rooms/33603691,https://a0.muscache.com/im/pictures/2044113591.jpg
22968526,Bremen bölgesinde oda,Hoş geldiniz! Toplu taşıma araçlarına yakın ferah konaklama,Özel Oda,2844,,2844,2844,2844,4.91,246,53.05078,8.81968,https://www.airbnb.com.tr/rooms/22968526,https://a0.muscache.com/im/pictures/1119333170.jpg
709198653897639498,Daire - Bremen,Landfeeling Apartmanı,Daire,7153,,7153,,,4.82,49,53.04449,8.81745,https://www.airbnb.com.tr/rooms/709198653897639498,https://a0.muscache.com/im/pictures/2182429521.jpg
1565420984190156586,Daire - Bremen,Elite Weser Apartmanı Lüks | Modern | Merkezi | 4 Kişilik,Daire,7723,,6153,,9293,5.0,10,53.06639,8.79484,https://www.airbnb.com.tr/rooms/1565420984190156586,https://a0.muscache.com/im/pictures/2424052748.jpg
912041861594760210,Daire - Bremen,"Merkezde, güzel, yeni, 3 odalı tasarım daire",Özel Oda,5632,,5632,,,4.87,76,53.07151,8.84256,https://www.airbnb.com.tr/rooms/912041861594760210,https://a0.muscache.com/im/pictures/1673040136.jpg
1414541249562352817,Ev - Bremen,"Otoparklı özel kat, A1 ve şehir merkezine yakın",Daire / Ev,4656,,4618,4618,4731,4.89,35,53.0317,8.8431,https://www.airbnb.com.tr/rooms/1414541249562352817,https://a0.muscache.com/im/pictures/2310106611.jpg
1723849096522348070,Bremen bölgesinde oda,Sakin bir bölgede konforlu kadın *odası!,Özel Oda,2464,,2506,,2422,5.0,9,53.0717,8.8528,https://www.airbnb.com.tr/rooms/1723849096522348070,https://a0.muscache.com/im/pictures/2712973263.jpg
38123955,Daire - Bremen,Pratik ve büyüleyici bir konfor cenneti,Daire,4055,,4055,,,4.84,62,53.05087,8.81644,https://www.airbnb.com.tr/rooms/38123955,https://a0.muscache.com/im/pictures/937253091.jpg
1752067163714877690,Daire - Bremen,YENİ Weser Manzaraları – Balkon ve Mükemmel Konum,Daire,8058,,7719,8398,,,0,53.0742,8.8051,https://www.airbnb.com.tr/rooms/1752067163714877690,https://a0.muscache.com/im/pictures/2797878548.jpg
37006203,Bremen bölgesinde oda,Bremen Habenhausen'da sessiz küçük kırmızı oda,Özel Oda,2422,,2422,,,4.95,109,53.04445,8.8487,https://www.airbnb.com.tr/rooms/37006203,https://a0.muscache.com/im/pictures/2012301026.jpg
21810549,Sıra ev - Bremen,Güzel bir denizci evi. Bisikletçiler için ideal!,Daire / Ev,11489,,11489,,,4.52,341,53.0439,8.8466,https://www.airbnb.com.tr/rooms/21810549,https://a0.muscache.com/im/pictures/1063513918.jpg
50523576,Butik otel - Bremen,Centauren Butik Hostel,Daire / Ev,2270,,,2270,,4.88,447,53.0787,8.8248,https://www.airbnb.com.tr/rooms/50523576,https://a0.muscache.com/im/pictures/1202862403.jpg
2990797,Daire - Bremen,"En şık 75m² 3 oda, kablosuz internet bağlantısı, oteldeki gibi uyuyun",Özel Oda,8664,,,8297,9032,4.8,50,53.0374,8.82427,https://www.airbnb.com.tr/rooms/2990797,https://a0.muscache.com/im/pictures/2572163012.jpg
16608924,Bremen bölgesinde oda,Central Findorff'ta yaz aksiyonu,Özel Oda,2044,,,2044,,4.76,792,53.0902,8.8086,https://www.airbnb.com.tr/rooms/16608924,https://a0.muscache.com/im/pictures/684019240.jpg
1156640066839633597,Daire - Bremen,"""Balkonlu lüks daire 5 kişiye kadar",Daire,7519,,,7519,7519,5.0,13,53.05086,8.83756,https://www.airbnb.com.tr/rooms/1156640066839633597,https://a0.muscache.com/im/pictures/1996117324.jpg
21042343,Site içi konut - Bremen,Altbremer Haus'ta güzel bir daire - standart temizlik,Daire / Ev,4928,,,4928,,4.95,119,53.07897,8.83843,https://www.airbnb.com.tr/rooms/21042343,https://a0.muscache.com/im/pictures/2628352216.jpg
16256278,Daire - Bremen,Viertel'in ortasında lüks sessiz vaha,Daire,3970,,,3745,4196,4.77,475,53.07694,8.82643,https://www.airbnb.com.tr/rooms/16256278,https://a0.muscache.com/im/pictures/241385826.jpg
24272977,Bremen bölgesinde oda,Bahçeli güzel 2 odalı daire ...,Özel Oda,3492,,,3323,3661,4.95,358,53.0715,8.7844,https://www.airbnb.com.tr/rooms/24272977,https://a0.muscache.com/im/pictures/1483825230.jpg
1338643973772116244,Daire - Steinhude,"Sadece yanında değil, tam ortasında!",Daire,4618,,,4618,,4.9,60,53.0705,8.823,https://www.airbnb.com.tr/rooms/1338643973772116244,https://a0.muscache.com/im/pictures/2078845669.jpg
2021669,Daire - Bremen,Geteviertel'de daire - şehre yakın,Daire,7434,,,7434,,4.9,386,53.0801,8.839,https://www.airbnb.com.tr/rooms/2021669,https://a0.muscache.com/im/pictures/17834886.jpg
1702920476488175937,Bremen bölgesinde oda,Hansa şehri Bremen'de büyük ve şık bir oda,Özel Oda,3098,,,,3098,5.0,6,53.04354,8.85451,https://www.airbnb.com.tr/rooms/1702920476488175937,https://a0.muscache.com/im/pictures/2669347680.jpg
1473334401300542084,Daire - Bremen,Modern dubleks daire,Daire,4506,,,,4506,4.88,105,53.0287,8.85176,https://www.airbnb.com.tr/rooms/1473334401300542084,https://a0.muscache.com/im/pictures/2282202492.jpg
16295007,Daire - Bremen,Viertel'in ortasındaki yeni eviniz,Daire,3914,,,,3914,4.73,361,53.07612,8.82616,https://www.airbnb.com.tr/rooms/16295007,https://a0.muscache.com/im/pictures/241615415.jpg
1489140810215221558,Daire - Bremen,Fesenfeld'de küçük 1 odalı daire,Özel Oda,4393,,,,4393,5.0,34,53.0731544767555,8.828425924984547,https://www.airbnb.com.tr/rooms/1489140810215221558,https://a0.muscache.com/im/pictures/2298244628.jpg
947095949120597578,Neustadt bölgesinde oda,Merkezi konumda güzel bir yatak odası,Özel Oda,2872,,,,2872,4.93,110,53.068,8.797,https://www.airbnb.com.tr/rooms/947095949120597578,https://a0.muscache.com/im/pictures/1907742755.jpg
1462220252473386481,Daire - Schwachhausen,Merkezde. Şık. Eski bina.,Daire,5885,,,,5885,4.92,37,53.0792,8.8251,https://www.airbnb.com.tr/rooms/1462220252473386481,https://a0.muscache.com/im/pictures/2247841265.jpg
1029216569406998410,Ev - Olympia,Whispering Water Özel İnziva,Daire / Ev,14076,,14076,,,4.74,58,47.0123,-122.76766,https://www.airbnb.com.tr/rooms/1029216569406998410,https://a0.muscache.com/im/pictures/2013125520.jpg
1618776495626789860,Ev - İzmit,İzmit Şehir Merkezinde 2+1 Lüx Evler,Daire / Ev,3574,3567,3567,3567,3596,4.88,24,40.76468,29.96137,https://www.airbnb.com.tr/rooms/1618776495626789860,https://a0.muscache.com/im/pictures/2512663484.jpg
1729141883703478608,Villa - Başiskele,Villa.passionis,Müstakil Villa,15500,15000,16000,15000,16000,4.7,10,40.676,29.9591,https://www.airbnb.com.tr/rooms/1729141883703478608,https://a0.muscache.com/im/pictures/2724361129.jpg
1765906146441210527,Müşterek otel odası - İzmit,Otel Altınnal Tek Kişilik Standart Oda,Özel Oda,2010,2000,2000,2000,2040,,0,40.7657,29.9281,https://www.airbnb.com.tr/rooms/1765906146441210527,https://a0.muscache.com/im/pictures/2800925962.jpg
1088303755055958118,Daire - Başiskele,İzmit yakınlarında şık 3 yatak odalı daire - Şık ve rahat,Özel Oda,10824,10824,,,,5.0,28,40.7041,29.9625,https://www.airbnb.com.tr/rooms/1088303755055958118,https://a0.muscache.com/im/pictures/1958384305.jpg
1260883335151538789,Ev - Kartepe,ZaiHome Kartepe Green,Daire / Ev,14000,14000,,14000,,4.96,68,40.70219322887811,30.10999177155104,https://www.airbnb.com.tr/rooms/1260883335151538789,https://a0.muscache.com/im/pictures/2077188996.jpg
1481076883392409482,İzmit bölgesinde oda,"Geniş Suite Oda, Zengin Kahvaltı",Özel Oda,4750,5000,4500,,,,0,40.7744,29.9717,https://www.airbnb.com.tr/rooms/1481076883392409482,https://a0.muscache.com/im/pictures/2283731549.jpg
1666032536916627368,Dağ evi - Gölcük,The Hill Saraylı,Daire / Ev,9940,9940,9940,,,5.0,20,40.69462646585293,29.793429608274362,https://www.airbnb.com.tr/rooms/1666032536916627368,https://a0.muscache.com/im/pictures/2694086319.jpg
1447058535268460507,Ev - Kartepe,Moon Valley House'u keşfedin.,Daire / Ev,15000,15000,15000,,15000,4.93,28,40.6825,30.0251,https://www.airbnb.com.tr/rooms/1447058535268460507,https://a0.muscache.com/im/pictures/2219944893.jpg
1381981967151437786,Villa - Kartepe,VillaOasis | Sapanca Gölü & Kartepe Dağ Manzaralı,Müstakil Villa,18715,19296,,18224,18625,4.96,28,40.6908,30.1234,https://www.airbnb.com.tr/rooms/1381981967151437786,https://a0.muscache.com/im/pictures/2179641803.jpg
1679209692351252576,Ev - Maşukiye,Villa Jasmine,Müstakil Villa,13000,13000,13000,,13000,5.0,8,40.7053,30.1369,https://www.airbnb.com.tr/rooms/1679209692351252576,https://a0.muscache.com/im/pictures/2621242509.jpg
765590599644622395,Ev - Sapanca,Sicacik havuzlu antik tas ev cottage house,Daire / Ev,7000,7000,,,,4.99,116,40.69374,30.1733,https://www.airbnb.com.tr/rooms/765590599644622395,https://a0.muscache.com/im/pictures/1532007937.jpg
1734598603110304656,Ev - Gölcük,Hotova Taş Ev Konaklama,Daire / Ev,16417,16000,17250,16000,,5.0,12,40.6642,29.8124,https://www.airbnb.com.tr/rooms/1734598603110304656,https://a0.muscache.com/im/pictures/2736027474.jpg
42933068,Villa - Kartepe,Kartepe Renkli Evler  / beyaz ev,Müstakil Villa,7462,7462,,,,4.63,145,40.70859,30.11887,https://www.airbnb.com.tr/rooms/42933068,https://a0.muscache.com/im/pictures/1731595152.jpg
22988987,Villa - Sapanca,Villa Holiday Sapanca Kırkpınar-Sıcak Havuzlu,Müstakil Villa,11550,11550,,,,4.99,171,40.6985,30.2018,https://www.airbnb.com.tr/rooms/22988987,https://a0.muscache.com/im/pictures/2519390875.jpg
1026764893518916443,Villa - Kartepe,Sapanca Gölüne Sıfır Lüks Havuzlu Villa-B No 21780,Müstakil Villa,32947,32947,,,,4.89,84,40.7324,30.2076,https://www.airbnb.com.tr/rooms/1026764893518916443,https://a0.muscache.com/im/pictures/1962973644.jpg
911643926415014466,Ev - Kartepe,Alesta Tatil Evi - Sadece Ailelere,Daire / Ev,10448,10448,,,,4.85,47,40.68707,30.00887,https://www.airbnb.com.tr/rooms/911643926415014466,https://a0.muscache.com/im/pictures/1741991853.jpg
636675792771172025,Bungalov - Kartepe,İç mekan Jakuzili Korunaklı Bungalov,Kır Evi / Bungalov,4707,4707,,,,4.75,199,40.70153,30.12634,https://www.airbnb.com.tr/rooms/636675792771172025,https://a0.muscache.com/im/pictures/2676902114.jpg
899703977090763885,Küçük ev - Kartepe,Kartepe'de Jakuzili Bungalov Ev,Daire / Ev,4280,4280,,,,4.87,55,40.6988,30.0994,https://www.airbnb.com.tr/rooms/899703977090763885,https://a0.muscache.com/im/pictures/1660439691.jpg
1413770879871274288,Daire - İzmit,İzmit Merkezde Teras Kat Daire,Daire,2748,,2748,,,4.3,27,40.76494,29.92504,https://www.airbnb.com.tr/rooms/1413770879871274288,https://a0.muscache.com/im/pictures/2166769960.jpg
1064891344888104389,Ev - İzmit,Site İçinde 1+1 Temiz Ev,Daire / Ev,2399,,2399,2399,,4.08,12,40.7839,29.9235,https://www.airbnb.com.tr/rooms/1064891344888104389,https://a0.muscache.com/im/pictures/1816453954.jpg
1215339819822944216,Villa - Kartepe,Isıtmalı Havuzlu Sapanca Gölünde İzole Villa,Müstakil Villa,13817,,14804,11843,14804,4.97,227,40.736040808229426,30.23518324973913,https://www.airbnb.com.tr/rooms/1215339819822944216,https://a0.muscache.com/im/pictures/1968159987.jpg
46963683,Dağ evi - Gölcük,Kumedagevi Gölcük Eriklitepe Milli Park yolu üzeri,Daire / Ev,7994,,7698,7698,8586,4.96,137,40.637,29.8395,https://www.airbnb.com.tr/rooms/46963683,https://a0.muscache.com/im/pictures/1321171620.jpg
631079258000498944,Bungalov - Sapanca,Kivi Bahçe Evi - Kivi 12,Kır Evi / Bungalov,8492,,10075,7100,8300,4.89,150,40.6902,30.2192,https://www.airbnb.com.tr/rooms/631079258000498944,https://a0.muscache.com/im/pictures/1802883236.jpg
1092492845176450300,Ev - Sapanca,Villa Wonka Sapanca Sıcak Havuz,Müstakil Villa,13000,,13000,,,5.0,66,40.6917,30.27688,https://www.airbnb.com.tr/rooms/1092492845176450300,https://a0.muscache.com/im/pictures/2260380517.jpg
1332791942084124472,Villa - Sapanca,"Bağdat Cad’de Özel Havuzlu,Çok Şık Müstakil Villa",Müstakil Villa,12500,,12500,,,4.67,46,40.6982,30.203,https://www.airbnb.com.tr/rooms/1332791942084124472,https://a0.muscache.com/im/pictures/2070972435.jpg
1287051528381345981,Ev - Sapanca,Mehmetbey Bungovilla sıcak havuz (villa 2),Müstakil Villa,10525,,10525,,,4.97,34,40.6901,30.2104,https://www.airbnb.com.tr/rooms/1287051528381345981,https://a0.muscache.com/im/pictures/2669273714.jpg
1752126248250676442,İzmit bölgesinde oda,Otel Altınnal Standart Çift Kişilik Oda ,Özel Oda,3000,,3000,,,,0,40.7627,29.9286,https://www.airbnb.com.tr/rooms/1752126248250676442,https://a0.muscache.com/im/pictures/2796480513.jpg
49518906,Villa - Sapanca,VİLLABUMERANG,Müstakil Villa,24870,,26054,,23686,4.96,72,40.67141,30.22157,https://www.airbnb.com.tr/rooms/49518906,https://a0.muscache.com/im/pictures/2213495355.jpg
833117492617696926,Ev - İzmit,İzmit Merkezde Kiralık Daireler,Daire / Ev,2836,,,2807,2865,4.54,149,40.76286,29.92573,https://www.airbnb.com.tr/rooms/833117492617696926,https://a0.muscache.com/im/pictures/1593843996.jpg
1766106527159043425,Ev - Sapanca,Lavender Villaları Sapanca 1,Müstakil Villa,10625,,,10000,11250,,0,40.6966,30.2379,https://www.airbnb.com.tr/rooms/1766106527159043425,https://a0.muscache.com/im/pictures/2801474545.jpg
785213671875852683,Villa - Kartepe,Sapanca Gölü kıyısında Çatı Villa Göl Evi,Müstakil Villa,14829,,,14829,,4.99,163,40.7324,30.2052,https://www.airbnb.com.tr/rooms/785213671875852683,https://a0.muscache.com/im/pictures/2786858395.jpg
667410354812259694,Bungalov - Sapanca,Sapanca Truelove Sıcak Havuz Jakuzi Korunaklı Vipp,Kır Evi / Bungalov,8000,,,8000,,4.96,192,40.68268,30.23439,https://www.airbnb.com.tr/rooms/667410354812259694,https://a0.muscache.com/im/pictures/2093877109.jpg
1023078387793231676,Küçük ev - Gölcük,"Eviniz rahatlığında, eşsiz doğa manzaralı dağ evi",Daire / Ev,5555,,,5555,,4.94,176,40.64615,29.7912,https://www.airbnb.com.tr/rooms/1023078387793231676,https://a0.muscache.com/im/pictures/1799737058.jpg
1323221230683083124,Ağaç ev - Sapanca,Zaino Sapanca,Daire / Ev,8400,,,8400,,4.95,86,40.6993,30.1809,https://www.airbnb.com.tr/rooms/1323221230683083124,https://a0.muscache.com/im/pictures/2630534246.jpg
690508466283842274,Villa - Sapanca,Terra House Sapanca - Isıtmalı Havuzlu Villa,Müstakil Villa,29250,,,21000,37500,5.0,51,40.6933,30.2158,https://www.airbnb.com.tr/rooms/690508466283842274,https://a0.muscache.com/im/pictures/1678364967.jpg
1249915970053351509,Bungalov - Sapanca,Sapanca Say Resort,Kır Evi / Bungalov,9000,,,9000,,4.88,49,40.6857,30.28014,https://www.airbnb.com.tr/rooms/1249915970053351509,https://a0.muscache.com/im/pictures/1997325307.jpg
1134650183001779761,Daire - Başiskele,Mooboo suit 1,Daire,11504,,,,11504,4.8,10,40.7164,29.924,https://www.airbnb.com.tr/rooms/1134650183001779761,https://a0.muscache.com/im/pictures/1883499897.jpg
930456316014109258,Ev - Sapanca,Sapanca da müstakil villa,Müstakil Villa,11479,,,,11479,4.94,33,40.68146,30.23128,https://www.airbnb.com.tr/rooms/930456316014109258,https://a0.muscache.com/im/pictures/1864576681.jpg
1429522171151714121,Villa - Sapanca,Caddesapanca-Villa-Sıcak Havuz-Şömine-İzole Bahçe,Müstakil Villa,15500,,,,15500,4.82,45,40.6964,30.2155,https://www.airbnb.com.tr/rooms/1429522171151714121,https://a0.muscache.com/im/pictures/2292829609.jpg
952582383983689704,Villa - Kartepe,Geyikli Köşk Mountain Resort,Müstakil Villa,59640,,,,59640,5.0,21,40.69818,30.15049,https://www.airbnb.com.tr/rooms/952582383983689704,https://a0.muscache.com/im/pictures/1997801460.jpg
1426616421301568355,Villa - Sapakpınar,"Sapanca-Kartepe 
Villa Meşezen Deluxe",Müstakil Villa,19540,,,,19540,4.95,20,40.8163,30.1685,https://www.airbnb.com.tr/rooms/1426616421301568355,https://a0.muscache.com/im/pictures/2183272538.jpg
1760212778795680409,"Ev - Seul, Güney Kore","[Açık] Gunja İstasyonu 5 dakika/3 oda/Maksimum 10 kişi/Ücretsiz otopark/Myeong-dong, Jongno, Seongsu, Songpa ve Gangnam'a yakın/KSPO Dome",Özel Oda,4707,,,4707,,5.0,3,37.5608,127.0798,https://www.airbnb.com.tr/rooms/1760212778795680409,https://a0.muscache.com/im/pictures/2795170495.jpg
1758880583595325095,"Kulübe - Spencer, Tennessee, Amerika Birleşik Devletleri","Creekside, arkadaşlarınız ve aileniz için buluşma yeri!",Daire / Ev,17717,,,,17717,5.0,3,35.7047,-85.3579,https://www.airbnb.com.tr/rooms/1758880583595325095,https://a0.muscache.com/im/pictures/2787368023.jpg
1758623859564863812,"Sidemen, Endonezya bölgesinde konaklama yeri",Sidemen'de Rahat Ahşap Kaçamak + Kahvaltı,Daire / Ev,1725,1725,,,,,0,-8.491805058957844,115.42551205055018,https://www.airbnb.com.tr/rooms/1758623859564863812,https://a0.muscache.com/im/pictures/2787071930.jpg
1733806519926432602,"Ev - Indio, Kaliforniya, Amerika Birleşik Devletleri",Çöl vahası - Tuzlu su havuzu | Oyunlar | Özel küçük ev ,Daire / Ev,35846,,,,35846,,0,33.70108,-116.21854,https://www.airbnb.com.tr/rooms/1733806519926432602,https://a0.muscache.com/im/pictures/2791503359.jpg
1729070761551808695,"Daire - Santiago de Tolú, Kolombiya",Tolu'da samimi bir daire.,Daire,1182,1182,,,,,0,9.5267,-75.5835,https://www.airbnb.com.tr/rooms/1729070761551808695,https://a0.muscache.com/im/pictures/2724145634.jpg
949417347049300958,Daire - Sinop,Şehir Merkezi 1+0 daire (301),Daire,4502,4444,4444,4444,4678,4.86,43,42.02683,35.14798,https://www.airbnb.com.tr/rooms/949417347049300958,https://a0.muscache.com/im/pictures/1711514282.jpg
1728157908776091436,Daire - Sinop,Şehir Merkezi 1+1 Daire (204),Daire,5004,4912,4912,4912,5280,4.33,3,42.02486,35.14828,https://www.airbnb.com.tr/rooms/1728157908776091436,https://a0.muscache.com/im/pictures/2722152091.jpg
949406121607518822,Daire - Sinop,Şehir Merkezi 1+0 Daire (302),Daire,4517,4444,4444,4444,4736,4.5,34,42.02584,35.14626,https://www.airbnb.com.tr/rooms/949406121607518822,https://a0.muscache.com/im/pictures/1711505192.jpg
940174690066601001,Site içi konut - Sinop,Muhteşem Karadeniz ve Vadi Manzaralı - Huzurlu Ev,Daire / Ev,3371,3371,,3371,,4.88,155,42.0189,35.1943,https://www.airbnb.com.tr/rooms/940174690066601001,https://a0.muscache.com/im/pictures/1939167254.jpg
1415162821972997974,Daire - Sinop,Deniz manzaralı  lüx daire,Daire,4518,3750,4000,4400,5921,4.77,47,42.01625274675277,35.12576408043645,https://www.airbnb.com.tr/rooms/1415162821972997974,https://a0.muscache.com/im/pictures/2164912852.jpg
1246781078861845523,Daire - Sinop,Eşsiz manzara ve huzurlu bir ev. %100 temizlik,Daire,6737,7814,7814,7119,4200,5.0,103,42.0159,35.1227,https://www.airbnb.com.tr/rooms/1246781078861845523,https://a0.muscache.com/im/pictures/2067434985.jpg
1427658661419055994,Ev - Sinop,"Manzaralı,güvenli,konforlu",Daire / Ev,4358,3800,,4915,,4.96,46,42.0194,35.1943,https://www.airbnb.com.tr/rooms/1427658661419055994,https://a0.muscache.com/im/pictures/2656001233.jpg
1600570170676360924,Daire - Sinop,2 kişilik bahçeli modern daire 1+1 %100 temizlik,Daire,3750,4000,4000,4000,3000,4.74,23,42.0169,35.1248,https://www.airbnb.com.tr/rooms/1600570170676360924,https://a0.muscache.com/im/pictures/2484129327.jpg
1456572950082219329,Daire - Sinop,Süper Lüx 1+1 daire (Giriş Kat),Daire,3900,4000,4000,3600,4000,4.72,18,42.01739444653652,35.12276771367403,https://www.airbnb.com.tr/rooms/1456572950082219329,https://a0.muscache.com/im/pictures/2237405812.jpg
1704281885553707928,Ev - Sinop,Mobil Mevkiin’de Deniz Manzaralı ve Bahçeli Ev,Daire / Ev,5920,5847,5847,5847,6139,4.73,11,42.0141,35.1177,https://www.airbnb.com.tr/rooms/1704281885553707928,https://a0.muscache.com/im/pictures/2672092584.jpg
1428131328905247226,Daire - Sinop,Şehir Merkezinde Denize Sıfır 2+1,Daire,5262,5262,,,,4.5,8,42.0252,35.1401,https://www.airbnb.com.tr/rooms/1428131328905247226,https://a0.muscache.com/im/pictures/2185981751.jpg
1509849327913448294,Ağaç ev - Sinop,Evinizdeki rahatlık. ‘ C&C Suit Bungalov,Daire / Ev,6294,7246,6931,5000,6000,5.0,8,42.01661,35.11278,https://www.airbnb.com.tr/rooms/1509849327913448294,https://a0.muscache.com/im/pictures/2334768310.jpg
1637794270665114671,Ev - Sinop,Karakum'da Deniz ve Doğa Manzaralı Huzur (8 Kişi),Daire / Ev,6212,6212,,,,5.0,32,42.0194,35.1943,https://www.airbnb.com.tr/rooms/1637794270665114671,https://a0.muscache.com/im/pictures/2545794216.jpg
36031781,Daire - Sinop,Karakum'da Deniz Manzaralı ve Bahçeli Ev,Daire,8290,8290,8290,,,4.97,30,42.01846,35.17844,https://www.airbnb.com.tr/rooms/36031781,https://a0.muscache.com/im/pictures/790117586.jpg
1169546396690824877,Daire - Sinop,Günlük/Haftalık Kiralık Daire,Daire,4444,4444,,,,4.7,27,42.0176,35.1915,https://www.airbnb.com.tr/rooms/1169546396690824877,https://a0.muscache.com/im/pictures/1920447896.jpg
1216449290034815054,Sinop bölgesinde odalar,Sinop’daki eviniz,Özel Oda,2400,2400,,,,4.5,8,42.02648,35.145,https://www.airbnb.com.tr/rooms/1216449290034815054,https://a0.muscache.com/im/pictures/1971061303.jpg
1661820851119617760,Bungalov - Sinop,Mimoza Prestige: Denize Nazır Geniş Bahçeli Ev ,Kır Evi / Bungalov,6000,6000,6000,,,,0,42.0114,35.1133,https://www.airbnb.com.tr/rooms/1661820851119617760,https://a0.muscache.com/im/pictures/2588659943.jpg
949413130089963655,Daire - Sinop,Şehir Merkezi 1+1 Daire (303),Daire,4805,4805,,,,4.71,7,42.0253,35.14783,https://www.airbnb.com.tr/rooms/949413130089963655,https://a0.muscache.com/im/pictures/1711511435.jpg
949395371390578219,Daire - Sinop,Şehir Merkezi 1+0 daire (201),Daire,4423,,4347,4347,4576,4.78,36,42.02661,35.14653,https://www.airbnb.com.tr/rooms/949395371390578219,https://a0.muscache.com/im/pictures/1711495945.jpg
1018501248203400035,Daire - Sinop,"Muhteşem deniz manzarası, %100 temizlik ve huzur.",Daire,5521,,6647,6015,3900,4.94,63,42.0166,35.1231,https://www.airbnb.com.tr/rooms/1018501248203400035,https://a0.muscache.com/im/pictures/2227788025.jpg
1284931704816204091,Daire - Sinop,Lüks daire 2+1,Daire,3956,,3888,4025,,4.81,90,42.0152974308323,35.12302730692709,https://www.airbnb.com.tr/rooms/1284931704816204091,https://a0.muscache.com/im/pictures/2169067931.jpg
1263781368005580614,Daire - Sinop,Deniz manzaralı lüks daire.,Daire,3900,,3800,4000,,4.74,81,41.9977,35.1068,https://www.airbnb.com.tr/rooms/1263781368005580614,https://a0.muscache.com/im/pictures/2008905427.jpg
1727616381826995594,Kamp aracı/Karavan - Sinop,Akliman Denize Sıfır 1+1 Tiny House,Daire / Ev,2750,,2750,,,4.75,12,42.0272,35.0675,https://www.airbnb.com.tr/rooms/1727616381826995594,https://a0.muscache.com/im/pictures/2742075681.jpg
1410621333857240935,Kamp aracı/Karavan - Sinop,Aklimanda Denize SIFIR Günlük Kiralık Karavan,Daire / Ev,2560,,2560,,,4.58,31,42.0351,35.052,https://www.airbnb.com.tr/rooms/1410621333857240935,https://a0.muscache.com/im/pictures/2742056501.jpg
1485545202618439846,Ev - Sinop,La Fontaine Bungalov Sinop no: 3/2,Daire / Ev,9158,,9474,8527,9474,4.8,20,42.01666711049331,35.192026306953345,https://www.airbnb.com.tr/rooms/1485545202618439846,https://a0.muscache.com/im/pictures/2291736169.jpg
1638345338330780897,Ev - Sinop,Karakum'da Deniz ve Doğa Manzaralı Huzur ,Daire / Ev,4311,,,3916,4706,4.85,33,42.0194,35.1941,https://www.airbnb.com.tr/rooms/1638345338330780897,https://a0.muscache.com/im/pictures/2545692026.jpg
1484827914177530187,Daire - Osmaniye,yeni binada kiralık daire,Daire,4093,,,4678,3508,5.0,4,42.0207422207217,35.11198592753574,https://www.airbnb.com.tr/rooms/1484827914177530187,https://a0.muscache.com/im/pictures/2290476534.jpg
1526871983020462284,Sinop bölgesinde oda,1+1 Butik otel odası,Özel Oda,2250,,,,2250,4.54,13,42.0177,35.177,https://www.airbnb.com.tr/rooms/1526871983020462284,https://a0.muscache.com/im/pictures/2362592051.jpg
1186122763621333054,Daire - Sinop,Ailelere Uygun 2+1 | Plaja Yürüyerek Ulaşım,Daire,5000,,,,5000,4.76,21,42.01711,35.1132,https://www.airbnb.com.tr/rooms/1186122763621333054,https://a0.muscache.com/im/pictures/2638866866.jpg
28298063,Daire - Sinop,"7 Nolu, Balkonlu, Muhteşem Deniz Manzaralı Daire",Daire,5999,,,,5999,5.0,22,42.0182,35.1785,https://www.airbnb.com.tr/rooms/28298063,https://a0.muscache.com/im/pictures/573461609.jpg
1484687716027313714,Bungalov - Sinop,La Fontaine Bungalov Sinop no: 1,Kır Evi / Bungalov,11250,,,,11250,4.8,5,42.016,35.1909,https://www.airbnb.com.tr/rooms/1484687716027313714,https://a0.muscache.com/im/pictures/2290256912.jpg
1756848901317455825,"Ev - Lake Havasu City, Arizona, Amerika Birleşik Devletleri","Villa Risa - Havuz, sinema odası, 14 kişi kalabilir",Müstakil Villa,21114,,,,21114,5.0,4,34.49799,-114.31583,https://www.airbnb.com.tr/rooms/1756848901317455825,https://a0.muscache.com/im/pictures/2783519962.jpg
1360329837713529687,"Kır evi - Mairinque, Brezilya",Mairinque'de Porta do Sol Kaçamağı - Plaj Tenisi,Kır Evi / Bungalov,32314,,,,32314,5.0,56,-23.4452,-47.1878,https://www.airbnb.com.tr/rooms/1360329837713529687,https://a0.muscache.com/im/pictures/2093411585.jpg
1167909259694595604,Site içi konut - Isparta,#156Residence İki kişi/Büyük Ünite,Daire / Ev,2500,2500,2500,2500,,4.75,60,37.77817,30.53774,https://www.airbnb.com.tr/rooms/1167909259694595604,https://a0.muscache.com/im/pictures/1918836269.jpg
1167293237416842158,Site içi konut - Isparta,#156Residence/Üç Kişi,Daire / Ev,3000,3000,3000,3000,,4.79,75,37.77806,30.53912,https://www.airbnb.com.tr/rooms/1167293237416842158,https://a0.muscache.com/im/pictures/1918163536.jpg
949862442928407474,Site içi konut - Isparta,#156Residence İki kişi - Üç Kişi,Daire / Ev,2750,2750,2750,2750,,4.87,94,37.78002,30.53713,https://www.airbnb.com.tr/rooms/949862442928407474,https://a0.muscache.com/im/pictures/1711904848.jpg
1610753391152298671,Isparta bölgesinde oda,2 Kişilik Oda,Özel Oda,3058,2771,,,3346,4.6,5,37.7655,30.5542,https://www.airbnb.com.tr/rooms/1610753391152298671,https://a0.muscache.com/im/pictures/2499203175.jpg
1649614266773261481,Ev - Burdur,Burdur Yörük Konaklama,Daire / Ev,3375,3250,3250,3250,3750,,0,37.71847169493459,30.28558910142674,https://www.airbnb.com.tr/rooms/1649614266773261481,https://a0.muscache.com/im/pictures/2653051927.jpg
1474852237146821402,Otel - Burdur,Burdur Merkezde Oda & Kahvaltı,Özel Oda,4027,4027,4027,4027,4027,,0,37.7228,30.2904,https://www.airbnb.com.tr/rooms/1474852237146821402,https://a0.muscache.com/im/pictures/2272028989.jpg
46385658,Butik otel - Isparta,Şehrin İlk ve Tek Butik Oteline Hoşgeldiniz...,Daire / Ev,4512,4263,4263,4263,5260,4.82,28,37.78505,30.54916,https://www.airbnb.com.tr/rooms/46385658,https://a0.muscache.com/im/pictures/2644612657.jpg
1474865477683105475,Otel - Burdur,Burdur Oda& Açık Büfe Kahvaltı,Özel Oda,6040,6040,6040,6040,6040,,0,37.72213,30.28999,https://www.airbnb.com.tr/rooms/1474865477683105475,https://a0.muscache.com/im/pictures/2272047927.jpg
1692036473526753717,Müşterek oda - Isparta,Lavinya Suit Otel,Özel Oda,2342,2271,2271,2271,2555,,0,37.76659,30.55437,https://www.airbnb.com.tr/rooms/1692036473526753717,https://a0.muscache.com/im/pictures/2646028900.jpg
1639106327533708214,Isparta bölgesinde odalar,4 Kişilik Aile Dairesi,Özel Oda,5136,5329,4796,4796,5625,3.67,6,37.7655,30.5542,https://www.airbnb.com.tr/rooms/1639106327533708214,https://a0.muscache.com/im/pictures/2546992094.jpg
1474693020483378823,Butik otel - Burdur,Burdur Merkezde Oda & Açık Büfe Kahvaltı,Özel Oda,2072,2072,2072,2072,2072,,0,37.7228,30.2904,https://www.airbnb.com.tr/rooms/1474693020483378823,https://a0.muscache.com/im/pictures/2271702458.jpg
907263968431747848,Site içi konut - Isparta,#156Residence İki kişi - Küçük Ünite,Daire / Ev,2300,2300,2300,2300,,4.67,86,37.77858,30.53743,https://www.airbnb.com.tr/rooms/907263968431747848,https://a0.muscache.com/im/pictures/1708346111.jpg
1452155384450318638,Daire - Isparta,#156Rezidans 2 Kişi+Küçük Ünite,Daire,2300,2300,2300,2300,,4.68,19,37.77895,30.53842,https://www.airbnb.com.tr/rooms/1452155384450318638,https://a0.muscache.com/im/pictures/2229310205.jpg
946048491687844906,Site içi konut - Isparta,#156Residence-Üç Kişi,Daire / Ev,3000,3000,3000,,,4.71,79,37.77889,30.53758,https://www.airbnb.com.tr/rooms/946048491687844906,https://a0.muscache.com/im/pictures/1708324898.jpg
1704410212957006238,Isparta Merkez bölgesinde oda,2 Kişilik Oda,Özel Oda,3233,3079,,,3387,4.67,3,37.7655,30.5542,https://www.airbnb.com.tr/rooms/1704410212957006238,https://a0.muscache.com/im/pictures/2672421676.jpg
1610835773670341728,Isparta bölgesinde odalar,6 Kişilik Aile Dairesi,Özel Oda,6306,6217,,,6395,4.75,8,37.7655,30.5543,https://www.airbnb.com.tr/rooms/1610835773670341728,https://a0.muscache.com/im/pictures/2499313908.jpg
1704414986153469514,Isparta Merkez bölgesinde oda,2 Kişilik Oda,Özel Oda,3079,3079,,,,,0,37.7655,30.5543,https://www.airbnb.com.tr/rooms/1704414986153469514,https://a0.muscache.com/im/pictures/2672435155.jpg
1641831257734748049,Daire - Burdur,burdur günlük apart,Daire,3500,3250,,,3750,,0,37.7177,30.285,https://www.airbnb.com.tr/rooms/1641831257734748049,https://a0.muscache.com/im/pictures/2653043207.jpg
1421208039060521020,Site içi konut - Isparta,Modern154 Konaklama,Daire / Ev,2724,,2724,,,4.79,14,37.7757,30.55,https://www.airbnb.com.tr/rooms/1421208039060521020,https://a0.muscache.com/im/pictures/2489077942.jpg
1421195098431892997,Site içi konut - Isparta,Modern154 Konaklama,Daire / Ev,2724,,2724,2724,2724,5.0,8,37.7757,30.5499,https://www.airbnb.com.tr/rooms/1421195098431892997,https://a0.muscache.com/im/pictures/2174046699.jpg
1621804522241457730,Isparta bölgesinde oda,2 Kişilik Oda,Özel Oda,2953,,2771,2771,3316,5.0,3,37.7655,30.5543,https://www.airbnb.com.tr/rooms/1621804522241457730,https://a0.muscache.com/im/pictures/2518028537.jpg
949825051712832863,Site içi konut - Isparta,#156Residence İki Kişi/Küçük Ünite,Daire / Ev,2300,,2300,2300,,4.78,89,37.77999,30.53898,https://www.airbnb.com.tr/rooms/949825051712832863,https://a0.muscache.com/im/pictures/1914330130.jpg
1318938534926248458,Site içi konut - Isparta,#156Rezidans 2 kişi*Büyük Ünite,Daire / Ev,2500,,2500,,,4.77,44,37.77951135374863,30.537064478552256,https://www.airbnb.com.tr/rooms/1318938534926248458,https://a0.muscache.com/im/pictures/2055107610.jpg
1342850239496983814,Site içi konut - Isparta,Modern154 Konaklama.,Daire / Ev,2753,,,2724,2782,4.6,20,37.7758,30.5501,https://www.airbnb.com.tr/rooms/1342850239496983814,https://a0.muscache.com/im/pictures/2489101630.jpg
1421202861205856610,Site içi konut - Isparta,Modern154 Konaklama,Daire / Ev,2665,,,2724,2606,,0,37.7757,30.5499,https://www.airbnb.com.tr/rooms/1421202861205856610,https://a0.muscache.com/im/pictures/2489064083.jpg
949893653778195717,Site içi konut - Isparta,#156Residence İki kişi-Küçük ünite,Daire / Ev,2300,,,2300,,4.8,110,37.7792,30.538,https://www.airbnb.com.tr/rooms/949893653778195717,https://a0.muscache.com/im/pictures/1711946664.jpg
1421191395320010417,Site içi konut - Isparta,Modern154 Konaklama,Daire / Ev,2724,,,,2724,,0,37.7757,30.5499,https://www.airbnb.com.tr/rooms/1421191395320010417,https://a0.muscache.com/im/pictures/2174038976.jpg
1421205577102229723,Site içi konut - Isparta,Modern154 Konaklama,Daire / Ev,3257,,,,3257,5.0,3,37.7758,30.5499,https://www.airbnb.com.tr/rooms/1421205577102229723,https://a0.muscache.com/im/pictures/2489086722.jpg
1601974772858775994,Otel - Isparta,2 Kişilik Oda,Özel Oda,3346,,,,3346,4.29,7,37.7656,30.5542,https://www.airbnb.com.tr/rooms/1601974772858775994,https://a0.muscache.com/im/pictures/2499195458.jpg
44265778,Ev - Bolu,"Tuna Köy Evi 
& 
Geniş bahçeli Bolu'daki eviniz",Daire / Ev,2457,2400,2500,2500,2428,4.85,339,40.719,31.5826,https://www.airbnb.com.tr/rooms/44265778,https://a0.muscache.com/im/pictures/1900511750.jpg
47986411,Misafir evi - Bolu,"Otantik Tuna Köy Evi 
& 
Tek katlı bahçeli ev",Daire / Ev,2279,2100,,2369,2369,4.86,274,40.71826,31.58378,https://www.airbnb.com.tr/rooms/47986411,https://a0.muscache.com/im/pictures/1128715585.jpg
688416326043454110,Dağ evi - Bolu,Uymanlar Dağ Evleri  4,Daire / Ev,6917,6500,,6500,7750,4.83,108,40.7792,31.6482,https://www.airbnb.com.tr/rooms/688416326043454110,https://a0.muscache.com/im/pictures/1892002185.jpg
1310273511441014557,Ev - Bolu,Yüksel Uyman Dağ Evi - KırÇiçeği,Daire / Ev,5308,5475,5475,4975,,4.94,31,40.787,31.6358,https://www.airbnb.com.tr/rooms/1310273511441014557,https://a0.muscache.com/im/pictures/2378431085.jpg
1021820467526174004,Çiftlikte konaklama - Aydınpınar,1 Çiftlik Bungalow Yaşam Alanı,Daire / Ev,4856,4856,4856,4856,,4.8,85,40.7591,31.09537,https://www.airbnb.com.tr/rooms/1021820467526174004,https://a0.muscache.com/im/pictures/1951456816.jpg
668816095068542814,Çiftlikte konaklama - Akyazı,"İstanbula yakın,doğayla iç içe,huzurlu bir tatil",Daire / Ev,5847,5847,,,,4.97,175,40.68468,30.69599,https://www.airbnb.com.tr/rooms/668816095068542814,https://a0.muscache.com/im/pictures/1677812329.jpg
704630080416388808,Dağ evi - Bolu,Uymanlar Dağ Evleri  6,Daire / Ev,5800,5800,5800,,,4.88,94,40.7792,31.6482,https://www.airbnb.com.tr/rooms/704630080416388808,https://a0.muscache.com/im/pictures/2063365117.jpg
876513415357510752,Ağaç ev - Sapanca,Müstakil- Isıtmalı Havuzlu-Göl ve Doğa Manzaralı,Daire / Ev,9950,9950,9950,,,4.99,250,40.67826,30.23692,https://www.airbnb.com.tr/rooms/876513415357510752,https://a0.muscache.com/im/pictures/1898526855.jpg
1174992687166117357,Bungalov - Sapanca,Vadi Bungalov Sapanca / Royal Süit,Kır Evi / Bungalov,5000,5000,,,,4.9,51,40.6733,30.2903,https://www.airbnb.com.tr/rooms/1174992687166117357,https://a0.muscache.com/im/pictures/2699791957.jpg
694847823745532218,Dağ evi - Bıçkıdere,Sakarya Saklı Vadi Dağ Evleri(BATI),Daire / Ev,10000,10000,10000,,,4.93,45,40.6309,30.5802,https://www.airbnb.com.tr/rooms/694847823745532218,https://a0.muscache.com/im/pictures/1667081534.jpg
40103933,Villa - Bolu,Doğa severleri Villamıza  bekliyoruz..,Müstakil Villa,8290,8290,,,,4.89,145,40.6944,31.67671,https://www.airbnb.com.tr/rooms/40103933,https://a0.muscache.com/im/pictures/1499974338.jpg
1641992424318022218,Bungalov - Sapanca,Kapalı Isıtmalı Havuzlu Küçük Bungalow M3,Kır Evi / Bungalov,5500,5500,,,,5.0,7,40.682427147086784,30.280568080922034,https://www.airbnb.com.tr/rooms/1641992424318022218,https://a0.muscache.com/im/pictures/2551814471.jpg
1461586198121020248,Ev - Keçikıran,serin&sessiz  3 yatak odalı şömineli,Özel Oda,6731,6000,,,7462,4.58,12,40.57012652637416,31.386050976184222,https://www.airbnb.com.tr/rooms/1461586198121020248,https://a0.muscache.com/im/pictures/2246697474.jpg
1119540632158784508,Ağaç ev - Düzce,Carpediem Bungalov,Daire / Ev,6081,6081,,,,4.98,57,40.76024,31.08701,https://www.airbnb.com.tr/rooms/1119540632158784508,https://a0.muscache.com/im/pictures/1867907015.jpg
710828057360616391,Kubbe - Bolu,KUBBE Toprak unutulmayacak bir doğa deneyimi,Daire / Ev,6471,6796,6146,,,4.78,40,40.58611,31.01503,https://www.airbnb.com.tr/rooms/710828057360616391,https://a0.muscache.com/im/pictures/1530294891.jpg
1625177206708552094,Ev - Ömerler,Abant Köy Evi,Daire / Ev,5921,5921,,,5921,5.0,24,40.7051,31.4663,https://www.airbnb.com.tr/rooms/1625177206708552094,https://a0.muscache.com/im/pictures/2709460566.jpg
1325461130839706180,Ağaç ev - Sapanca,Aile ve Kız Arkadaş Gruplarına Özel Konaklama,Daire / Ev,9699,9699,,,,5.0,12,40.6688,30.2435,https://www.airbnb.com.tr/rooms/1325461130839706180,https://a0.muscache.com/im/pictures/2323876979.jpg
1584921761288810355,Ev - Akyazı,Doğanın içinde keyifli tatil,Daire / Ev,6150,,6150,,,5.0,7,40.6285,30.6861,https://www.airbnb.com.tr/rooms/1584921761288810355,https://a0.muscache.com/im/pictures/2690102778.jpg
778815942137529714,Bungalov - Geyve,Lavanta Ev | Şelale Bungalovları,Kır Evi / Bungalov,2559,,2559,,,4.9,72,40.601,30.3746,https://www.airbnb.com.tr/rooms/778815942137529714,https://a0.muscache.com/im/pictures/1662107983.jpg
42114993,Küçük ev - Bolu,Neşe Palamudu Dağ evi (Kücük ev) Bolu Merkez,Daire / Ev,4441,,4441,4145,4737,4.97,158,40.7715,31.5688,https://www.airbnb.com.tr/rooms/42114993,https://a0.muscache.com/im/pictures/964088128.jpg
54053661,Mağara - Geyve,"Yamaçevim
Doğadaki yeriniz...",Daire / Ev,6750,,6250,6250,7750,4.95,77,40.59135,30.37391,https://www.airbnb.com.tr/rooms/54053661,https://a0.muscache.com/im/pictures/2336983616.jpg
1259953377332531028,Ağaç ev - Sapanca,Zucca Sapanca | No:3 Sonsuzluk Havuzlu,Daire / Ev,10679,,10679,,,4.75,105,40.66740537942863,30.289579902122746,https://www.airbnb.com.tr/rooms/1259953377332531028,https://a0.muscache.com/im/pictures/2005793727.jpg
705676227426034708,Kubbe - Bolu,KUBBE Hava doğanın kalbinde sıra dışı bir deneyim,Daire / Ev,5696,,5696,,,4.77,92,40.58692,31.01065,https://www.airbnb.com.tr/rooms/705676227426034708,https://a0.muscache.com/im/pictures/1481936077.jpg
1691109818646546373,Daire - Bolu,Bolu Novara Suit,Daire,2132,,2132,,,,0,40.7312,31.6014,https://www.airbnb.com.tr/rooms/1691109818646546373,https://a0.muscache.com/im/pictures/2644117288.jpg
691622608584974482,Bungalov - Sapanca,Kule Suit (Jakuzi) Sıcak Havuz,Kır Evi / Bungalov,9000,,,9000,,5.0,20,40.664355514881315,30.282165570198334,https://www.airbnb.com.tr/rooms/691622608584974482,https://a0.muscache.com/im/pictures/2583901236.jpg
1257229687575875667,Ev - Sapanca Arifiye,Sapanca Bali Villa - Isıtmalı Havuz.,Müstakil Villa,23517,,,18542,28492,5.0,41,40.67981854561587,30.343130160942817,https://www.airbnb.com.tr/rooms/1257229687575875667,https://a0.muscache.com/im/pictures/2155976774.jpg
1747783859867714329,Daire - Bolu,2+1 geniş konforlu yeni bina yeni eşya aile tipi ,Daire,4555,,,4555,4555,,0,40.7325,31.6038,https://www.airbnb.com.tr/rooms/1747783859867714329,https://a0.muscache.com/im/pictures/2764640696.jpg
1416497957252347712,Ağaç ev - Sapanca,"Tanta Bungalow
Göl manzaralı 
(Isıtmasız havuzlu)",Daire / Ev,5625,,,5625,,4.92,78,40.68063,30.26817,https://www.airbnb.com.tr/rooms/1416497957252347712,https://a0.muscache.com/im/pictures/2166266785.jpg
33733921,Bungalov - Maksudiye,Vanilya Ev | Şelale Bungalovları,Kır Evi / Bungalov,4559,,,4559,4559,4.93,72,40.6019,30.3755,https://www.airbnb.com.tr/rooms/33733921,https://a0.muscache.com/im/pictures/1873653412.jpg
870877145292796806,Ağaç ev - Bolu,Ağaçlar Arasında Şehir Manzarası,Daire / Ev,7200,,,,7200,4.89,122,40.7792,31.6482,https://www.airbnb.com.tr/rooms/870877145292796806,https://a0.muscache.com/im/pictures/1629354126.jpg
40802199,Dağ evi - Bolu,abant gövem-bolu kutuk dağ evi-villa karaca,Müstakil Villa,26184,,,,26184,4.98,48,40.6472,31.44716,https://www.airbnb.com.tr/rooms/40802199,https://a0.muscache.com/im/pictures/929456939.jpg
1225510354889907472,Villa - Sapanca,"Erdil Villa-ısıtmalı havuz, sauna, jakuzi, park ",Müstakil Villa,29900,,,,29900,5.0,57,40.67978,30.28879,https://www.airbnb.com.tr/rooms/1225510354889907472,https://a0.muscache.com/im/pictures/2161585076.jpg
1280279633139639894,Bungalov - Sapanca,Sapanca Dört Mevsim Villa Resort ,Müstakil Villa,11694,,,,11694,5.0,63,40.66299712735779,30.277140235112753,https://www.airbnb.com.tr/rooms/1280279633139639894,https://a0.muscache.com/im/pictures/2112327339.jpg
33935299,Ağaç ev - Geyve,"Piramitevim2
Doğa ile içiçe Biriyilik yapkendine",Daire / Ev,6250,,,,6250,5.0,38,40.59197,30.37189,https://www.airbnb.com.tr/rooms/33935299,https://a0.muscache.com/im/pictures/1674390677.jpg
1360953887014947240,Ağaç ev - Yeşilçimen,Masal Bungalow Düzce,Daire / Ev,14516,15202,15202,12677,14982,4.92,12,40.8321,31.2243,https://www.airbnb.com.tr/rooms/1360953887014947240,https://a0.muscache.com/im/pictures/2227062041.jpg
785177695485782601,Daire - Akçakoca,"Turizm amaçlı konut 
2*1",Daire,4678,4678,4678,4678,,4.85,34,41.086927176695625,31.143995630439495,https://www.airbnb.com.tr/rooms/785177695485782601,https://a0.muscache.com/im/pictures/2523327128.jpg
1492031514815027638,Ev - Akçakoca,MuHouse Akçakoca,Daire / Ev,10716,10336,10331,,11480,4.89,18,41.0927,31.1843,https://www.airbnb.com.tr/rooms/1492031514815027638,https://a0.muscache.com/im/pictures/2303069850.jpg
52494362,Kır evi - Akçakoca,Akçakoca Bahçeli ev,Kır Evi / Bungalov,3050,3050,,,,4.49,104,41.08734,31.1586,https://www.airbnb.com.tr/rooms/52494362,https://a0.muscache.com/im/pictures/1427183109.jpg
996327907190739632,Bungalov - AKÇAKOCA,"Villa Nature Kurugöl, Jakuzi/Havuz/Dere Manzarası",Müstakil Villa,8000,8000,8000,,,4.94,48,41.01502,31.10291,https://www.airbnb.com.tr/rooms/996327907190739632,https://a0.muscache.com/im/pictures/2745524950.jpg
1325208982853605176,Bungalov - Akçakoca,deniz kenarında bungalovlar / Sindoma Habitat,Kır Evi / Bungalov,6000,6000,,,,4.68,25,41.0947,31.1912,https://www.airbnb.com.tr/rooms/1325208982853605176,https://a0.muscache.com/im/pictures/2059811059.jpg
1047857497352337423,Küçük ev - Kocaali,Deva Garden küçük ev,Daire / Ev,9375,,9250,,9500,5.0,33,41.0193,30.881,https://www.airbnb.com.tr/rooms/1047857497352337423,https://a0.muscache.com/im/pictures/2705626208.jpg
1772312465719872431,Ev - Akçakoca,Denize 1 dk mesafede Müstakil havuzlu 650 m2 villa,Müstakil Villa,19705,,16750,,22660,,0,41.0933,31.1871,https://www.airbnb.com.tr/rooms/1772312465719872431,https://a0.muscache.com/im/pictures/2813389329.jpg
652863943408096033,Bungalov - Sapanca,Vista Al Lago. Doğa ile iç içe bir deneyim...,Kır Evi / Bungalov,4678,,,4678,,4.82,258,40.67558,30.27341,https://www.airbnb.com.tr/rooms/652863943408096033,https://a0.muscache.com/im/pictures/1427117237.jpg
1281750938473715772,Ağaç ev - Memnuniye,Sıcak Havuzlu Müstakil Bungalov Sapanca,Daire / Ev,7380,,,7380,,4.97,101,40.6627,30.2779,https://www.airbnb.com.tr/rooms/1281750938473715772,https://a0.muscache.com/im/pictures/2400210501.jpg
689961135873597886,Daire - Akçakoca,Turizm amaçlı konut 1+1,Daire,3508,,,3508,,4.86,92,41.08824,31.14075,https://www.airbnb.com.tr/rooms/689961135873597886,https://a0.muscache.com/im/pictures/2616897264.jpg
857850856627322113,Ağaç ev - Sapanca,Minna Butik ev,Daire / Ev,7106,,,7106,,4.98,44,40.68748,30.29026,https://www.airbnb.com.tr/rooms/857850856627322113,https://a0.muscache.com/im/pictures/2366248916.jpg
656505351693963956,Dağ evi - Sapanca,Sapanca KaraDağevi,Daire / Ev,7500,,,7500,,4.91,106,40.6577,30.2938,https://www.airbnb.com.tr/rooms/656505351693963956,https://a0.muscache.com/im/pictures/1941629023.jpg
48085678,Villa - Serdivan,Göl Senin Sapanca,Müstakil Villa,5847,,,5847,,4.95,195,40.73706,30.26434,https://www.airbnb.com.tr/rooms/48085678,https://a0.muscache.com/im/pictures/1670710327.jpg
1513225865238293253,Villa - Kocaali,Doğa ve deniz manzaralı sıcak havuzlu bahçe evi,Müstakil Villa,9850,,,,9850,4.92,12,41.04667938876421,30.85824904704583,https://www.airbnb.com.tr/rooms/1513225865238293253,https://a0.muscache.com/im/pictures/2620344492.jpg
1387136670388845601,Daire - Fethiye,Fethiye Merkezde Harika Ev #okyanushomesfethiye,Daire,5262,5262,5262,5262,,4.83,58,36.6303,29.1422,https://www.airbnb.com.tr/rooms/1387136670388845601,https://a0.muscache.com/im/pictures/2120569302.jpg
1169701800480565308,Daire - Fethiye,Fethiye'de Yeni Eşyalı Kiralık (Poyraz Dairesi),Daire,4973,5553,,,4393,5.0,48,36.628,29.1385,https://www.airbnb.com.tr/rooms/1169701800480565308,https://a0.muscache.com/im/pictures/2258125222.jpg
1252967041816090248,Ev - Fethiye,Villa A1 Canpare,Müstakil Villa,9000,9000,,,,4.9,31,36.631,29.1329,https://www.airbnb.com.tr/rooms/1252967041816090248,https://a0.muscache.com/im/pictures/1999725530.jpg
1149981638084859452,Daire - Fethiye,Fethiye Merkezde 2+1 Daire,Daire,4300,4300,,,,5.0,19,36.6276,29.1228,https://www.airbnb.com.tr/rooms/1149981638084859452,https://a0.muscache.com/im/pictures/1899862341.jpg
1425867775583961994,Daire - Fethiye,Konforlu tatil fırsatı.,Daire,6460,6460,,,,4.88,58,36.6285,29.1204,https://www.airbnb.com.tr/rooms/1425867775583961994,https://a0.muscache.com/im/pictures/2181827393.jpg
1765808288356708053,Fethiye bölgesinde oda,Havalı oda,Özel Oda,2900,2900,,,,5.0,3,36.6229,29.1154,https://www.airbnb.com.tr/rooms/1765808288356708053,https://a0.muscache.com/im/pictures/2814847883.jpg
50355117,Daire - Fethiye,Deniz Manzaralı Çatı Katı Süiti-Sternschanze Nakas Süitleri,Daire,10137,10137,,,,4.98,140,36.62029,29.09147,https://www.airbnb.com.tr/rooms/50355117,https://a0.muscache.com/im/pictures/2120919888.jpg
1112163102589958278,Villa - Fethiye,Villa Lotus Fethiye 8 Kişilik Özel Tatil Villanız,Müstakil Villa,10491,11000,11000,9474,,4.86,85,36.66356,29.13755,https://www.airbnb.com.tr/rooms/1112163102589958278,https://a0.muscache.com/im/pictures/1875881673.jpg
1434037898319786848,Villa - Fethiye,"Özel havuzlu, şık Akdeniz villası",Müstakil Villa,13399,13399,,,,4.96,28,36.5747,29.1436,https://www.airbnb.com.tr/rooms/1434037898319786848,https://a0.muscache.com/im/pictures/2227138748.jpg
1492803367511139826,Butik otel - Fethiye,Q'in Homes 1+1 Süit 201,Daire / Ev,5242,5242,,,,5.0,3,36.6294,29.1513,https://www.airbnb.com.tr/rooms/1492803367511139826,https://a0.muscache.com/im/pictures/2304461452.jpg
585178522374655800,Villa - Fethiye,"Alp,Geniş Bahçe Korunaklı Özel Havuz wi-fi",Müstakil Villa,13207,13770,,12644,,5.0,24,36.6366,29.1494,https://www.airbnb.com.tr/rooms/585178522374655800,https://a0.muscache.com/im/pictures/2628465884.jpg
682768973595665149,Daire - Fethiye,Fethiye Ölüdeniz Jasmine Garden Apartmanları,Daire,4385,4385,,,,4.91,34,36.56866,29.1467,https://www.airbnb.com.tr/rooms/682768973595665149,https://a0.muscache.com/im/pictures/1459525301.jpg
1705645163596856129,Fethiye bölgesinde oda,NEV Fethiye 4,Özel Oda,5146,5146,,,,4.5,4,36.62,29.1195,https://www.airbnb.com.tr/rooms/1705645163596856129,https://a0.muscache.com/im/pictures/2676256959.jpg
739623712386449478,Apart otel - Fethiye,Lumos Homes No.3 | Kayaköy,Daire,3888,3888,,,,4.68,28,36.5777,29.0909,https://www.airbnb.com.tr/rooms/739623712386449478,https://a0.muscache.com/im/pictures/1509704985.jpg
588007558777503885,Villa - Fethiye,Ölüdenizde villa,Müstakil Villa,9706,9706,,,,4.81,21,36.57601,29.15312,https://www.airbnb.com.tr/rooms/588007558777503885,https://a0.muscache.com/im/pictures/1365729202.jpg
794976446598479321,Ev - FETHIYE,Villa Ata | Lüks tasarımlı otantik taş villa,Müstakil Villa,6500,6500,,,,5.0,5,36.57598225340007,29.08771913429893,https://www.airbnb.com.tr/rooms/794976446598479321,https://a0.muscache.com/im/pictures/1556669192.jpg
1395706738078884453,Daire - Fethiye,Dubleks Daire 180 m2,Daire,5500,5500,,,,5.0,5,36.6304,29.1422,https://www.airbnb.com.tr/rooms/1395706738078884453,https://a0.muscache.com/im/pictures/2133226071.jpg
916712328147712325,Otel odası - Fethiye,Fethiye Apart Otel 101.,Özel Oda,3500,3500,,,,4.78,18,36.661,29.1257,https://www.airbnb.com.tr/rooms/916712328147712325,https://a0.muscache.com/im/pictures/2171351342.jpg
1729652090410477097,Daire - Fethiye,"Aydınlık Modern Daire | Rahatlatıcı Bahçe, Mağazalara Yakın",Daire,4750,,4750,5250,4250,5.0,19,36.6282,29.1384,https://www.airbnb.com.tr/rooms/1729652090410477097,https://a0.muscache.com/im/pictures/2725646298.jpg
1472510336247346075,Fethiye bölgesinde oda,Deniz manzaralı stüdyo odasi 2,Özel Oda,3840,,3980,3699,,4.98,54,36.65004,29.12201,https://www.airbnb.com.tr/rooms/1472510336247346075,https://a0.muscache.com/im/pictures/2269083425.jpg
615939807549003977,Villa - Çamköy,"Villa Yaman Exclusive, Fethiye.",Müstakil Villa,17746,,17746,,,4.96,55,36.66309,29.18559,https://www.airbnb.com.tr/rooms/615939807549003977,https://a0.muscache.com/im/pictures/1440783620.jpg
1142667536262776739,Sıra ev - Fethiye,"Sanatçı Stüdyosu Rahat, Merkezi ve Tarihi",Daire / Ev,6130,,6130,,,4.89,82,36.62011,29.1163,https://www.airbnb.com.tr/rooms/1142667536262776739,https://a0.muscache.com/im/pictures/1906740763.jpg
858305638257451876,Ev - Fethiye,Mükemmel Panoramik Deniz Manzaralı Dublex Suite,Daire / Ev,6646,,6646,,,4.78,73,36.62017,29.11128,https://www.airbnb.com.tr/rooms/858305638257451876,https://a0.muscache.com/im/pictures/1640591178.jpg
926528780661743045,Daire - Fethiye,Fethiye'de güzel bir ev,Daire,6038,,6038,,,4.95,73,36.6362,29.1306,https://www.airbnb.com.tr/rooms/926528780661743045,https://a0.muscache.com/im/pictures/1855541232.jpg
1434195381168640150,Daire - Fethiye,Fethiye Tam Merkezde 2+1 Ev,Daire,5679,,6310,6553,4174,4.96,49,36.6266,29.1182,https://www.airbnb.com.tr/rooms/1434195381168640150,https://a0.muscache.com/im/pictures/2196482171.jpg
1728824713115420856,Daire - Fethiye,Modern dubleks | 2 banyo | 6 kişi konaklayabilir,Daire,7400,,7400,,,4.71,7,36.6336,29.1532,https://www.airbnb.com.tr/rooms/1728824713115420856,https://a0.muscache.com/im/pictures/2723516181.jpg
917774348785424019,Fethiye bölgesinde oda,Fethiye'de ki eviniz,Özel Oda,1950,,1950,,,4.92,123,36.65832,29.13454,https://www.airbnb.com.tr/rooms/917774348785424019,https://a0.muscache.com/im/pictures/2551077722.jpg
1110836311976700602,Ev - Fethiye,"La Fairy Fethiye ,Ekonomi isteyenler. Tiny 2",Daire / Ev,6066,,6066,,,4.73,33,36.63612294714817,29.177216024188123,https://www.airbnb.com.tr/rooms/1110836311976700602,https://a0.muscache.com/im/pictures/2663468818.jpg
1183132942267605122,Ev - Fethiye,Apart otel Göz Pırıltısı,Daire / Ev,4250,,4250,,,4.9,42,36.6609,29.12534,https://www.airbnb.com.tr/rooms/1183132942267605122,https://a0.muscache.com/im/pictures/1934627733.jpg
910250506834066680,Villa - Fethiye,Villa AYAZ,Müstakil Villa,9200,,9200,,,4.89,44,36.6675,29.1088,https://www.airbnb.com.tr/rooms/910250506834066680,https://a0.muscache.com/im/pictures/2518061326.jpg
915694291714471977,Daire - Fethiye,Dağ ve Park Manzaralı Teras Kat,Daire,4034,,4034,,,4.71,17,36.628,29.1364,https://www.airbnb.com.tr/rooms/915694291714471977,https://a0.muscache.com/im/pictures/2745333222.jpg
43895388,Daire - Fethiye,Fethiye Deniz Manzaralı Daire #okyanushomesfethiye,Daire,6700,,6700,,,4.89,329,36.6233,29.1123,https://www.airbnb.com.tr/rooms/43895388,https://a0.muscache.com/im/pictures/1391038392.jpg
953587081044119646,Daire - Fethiye,Teraslı Gün Batımı Keyfi | Modern 1+1 Daire,Daire,4034,,4678,3391,,5.0,10,36.636,29.1598,https://www.airbnb.com.tr/rooms/953587081044119646,https://a0.muscache.com/im/pictures/2316379934.jpg
887653796475003193,Daire - Fethiye,Deniz Manzaralı Suite,Daire,3661,,3661,,,4.54,70,36.61897,29.11003,https://www.airbnb.com.tr/rooms/887653796475003193,https://a0.muscache.com/im/pictures/2110960198.jpg
1445028511456313986,Fethiye bölgesinde oda,Deniz mazaralı oda,Özel Oda,3224,,,3421,3027,4.95,64,36.6489,29.123,https://www.airbnb.com.tr/rooms/1445028511456313986,https://a0.muscache.com/im/pictures/2218093852.jpg
914455775677868560,Daire - Fethiye,TossHouse Deniz Doğa Fethiye manzarası Dairemiz,Daire,6000,,,6000,,4.91,69,36.6181,29.1499,https://www.airbnb.com.tr/rooms/914455775677868560,https://a0.muscache.com/im/pictures/2217685421.jpg
1476652409090374643,Keçiler bölgesinde oda,Standart oda-süitler,Özel Oda,2500,,,2500,,5.0,14,36.5779,29.1049,https://www.airbnb.com.tr/rooms/1476652409090374643,https://a0.muscache.com/im/pictures/2310002028.jpg
1431079502484944989,Daire - Fethiye,Stella Blu Daire No:16 (Stüdyo 1+0),Daire,3886,,,3886,,4.95,19,36.6199,29.1092,https://www.airbnb.com.tr/rooms/1431079502484944989,https://a0.muscache.com/im/pictures/2190858086.jpg
1148573226133040026,Villa - Fethiye,Villa Moonlight,Müstakil Villa,8980,,,8980,,5.0,22,36.6542,29.1306,https://www.airbnb.com.tr/rooms/1148573226133040026,https://a0.muscache.com/im/pictures/1898572306.jpg
1002923067934305540,Daire - Fethiye,Şehir merkezi marina yakınında 4 odalı büyük daire,Özel Oda,7032,,,7749,6314,4.97,69,36.6241,29.1153,https://www.airbnb.com.tr/rooms/1002923067934305540,https://a0.muscache.com/im/pictures/1840065148.jpg
923691999423964783,Butik otel - Fethiye,Şehir merkezinde balkonlu lüks stüdyo daire 4,Daire / Ev,2590,,,2590,,5.0,41,36.62059,29.10897,https://www.airbnb.com.tr/rooms/923691999423964783,https://a0.muscache.com/im/pictures/1685402150.jpg
1772334115178595624,Ev - Fethiye,Havuzlu lüks villa ,Müstakil Villa,16900,,,16900,,,0,36.6519,29.1284,https://www.airbnb.com.tr/rooms/1772334115178595624,https://a0.muscache.com/im/pictures/2813444395.jpg
1444302149602652259,Ev - Fethiye,"Isıtmalı Kapalı Havuz, Sauna,Açık Havuz,Jakuzi,",Daire / Ev,20376,,,20376,,4.85,20,36.58471645057846,29.154610237439734,https://www.airbnb.com.tr/rooms/1444302149602652259,https://a0.muscache.com/im/pictures/2217581363.jpg
1460271591685245812,Daire - Fethiye,Artes Terra Suites-2 Şık Tasarım 1+1 Daire,Daire,3800,,,4619,2982,4.83,24,36.6253,29.1319,https://www.airbnb.com.tr/rooms/1460271591685245812,https://a0.muscache.com/im/pictures/2244314521.jpg
49187230,Daire - Fethiye,FETHİYE'DE OTEL KONFORUNDA 2+1 DAİRE (3),Daire,4611,,,4611,,4.85,81,36.62873,29.12639,https://www.airbnb.com.tr/rooms/49187230,https://a0.muscache.com/im/pictures/1162558632.jpg
614233694316183318,Daire - Fethiye,"Luna House - Manzara, jakuzi, 4 yatak odası",Özel Oda,6000,,,,6000,4.94,251,36.6183,29.15,https://www.airbnb.com.tr/rooms/614233694316183318,https://a0.muscache.com/im/pictures/1934026070.jpg
1684225132472083556,Daire - Fethiye,Artes Terra Suites-4 Şık Tasarım 2+1 Daire,Daire,3849,,,,3849,4.92,24,36.6253,29.1318,https://www.airbnb.com.tr/rooms/1684225132472083556,https://a0.muscache.com/im/pictures/2649309721.jpg
1083227551647719705,Daire - Fethiye,"Merkezi, Konforlu, Bahçeli, jakuzili",Daire,3883,,,,3883,4.94,82,36.6291,29.1332,https://www.airbnb.com.tr/rooms/1083227551647719705,https://a0.muscache.com/im/pictures/1850230858.jpg
1670505387977919846,Fethiye bölgesinde oda,NEV Fethiye 11,Özel Oda,2369,,,,2369,4.93,14,36.6199,29.1195,https://www.airbnb.com.tr/rooms/1670505387977919846,https://a0.muscache.com/im/pictures/2641938130.jpg
50427444,Daire - Fethiye,Midpoint Suites - Stüdyo Süit 208,Daire,3238,,,,3238,5.0,52,36.5734,29.13723,https://www.airbnb.com.tr/rooms/50427444,https://a0.muscache.com/im/pictures/1200142376.jpg
51382262,Villa - Fethiye,Villa Desen2”Ölüdenizde 4+1 Müstakil havuzlu VİLLA,Müstakil Villa,9474,,,,9474,4.98,88,36.5678,29.1566,https://www.airbnb.com.tr/rooms/51382262,https://a0.muscache.com/im/pictures/2145442204.jpg
1442022610635657170,Site içi konut - Fethiye,5 kişilik havuz manzaralı 1+1,Daire / Ev,2253,,,,2253,5.0,13,36.5694,29.1444,https://www.airbnb.com.tr/rooms/1442022610635657170,https://a0.muscache.com/im/pictures/2735241555.jpg
683680179171304797,Daire - Fethiye,DuyguApart 1+1   Deniz  manzaralı  Daire 104,Daire,5900,,,,5900,5.0,75,36.619315307743946,29.092771075700675,https://www.airbnb.com.tr/rooms/683680179171304797,https://a0.muscache.com/im/pictures/1896546841.jpg
1544114477055238516,Daire - Fethiye,Modern Daire | Havuz • Bahçe • Restoranlara Yakın,Daire,4250,,,,4250,4.95,63,36.6602,29.1253,https://www.airbnb.com.tr/rooms/1544114477055238516,https://a0.muscache.com/im/pictures/2389724497.jpg
1438541444727211356,Daire - Fethiye,Fethiye Eski Şehir Almila Süit 1+1 Yeni Daire,Daire,3041,,,,3041,5.0,35,36.6212,29.1093,https://www.airbnb.com.tr/rooms/1438541444727211356,https://a0.muscache.com/im/pictures/2216980113.jpg
938848445476856170,Ev - Fethiye,Fethiye’nin kalbinde havuzlu muhteşem  Yuva,Daire / Ev,17237,,,,17237,4.95,56,36.628,29.1217,https://www.airbnb.com.tr/rooms/938848445476856170,https://a0.muscache.com/im/pictures/1701134675.jpg
918192369989898266,Apart otel - Fethiye,Fethiye Apart Otel 104.,Daire,1750,,,,1750,4.85,26,36.661,29.1257,https://www.airbnb.com.tr/rooms/918192369989898266,https://a0.muscache.com/im/pictures/2171359589.jpg
1748982165501297793,"Ev - Concepción de Ataco, El Salvador",Yıldızların Altında Jakuzi ve Film Geceleri | Ataco,Daire / Ev,7281,,,7281,,5.0,7,13.8663,-89.8548,https://www.airbnb.com.tr/rooms/1748982165501297793,https://a0.muscache.com/im/pictures/2772364195.jpg
1759096173094408031,"Daire - São Paulo, Brezilya",Rahat Stüdyo • Anhembi • Expo Center Norte,Daire,1966,,,1966,,,0,-23.497,-46.6412,https://www.airbnb.com.tr/rooms/1759096173094408031,https://a0.muscache.com/im/pictures/2787808324.jpg
1413275809075547036,Daire - İstanbul,Mimar Tasarımı | Kadıköy merkezinde donanımlı daire,Daire,3538,3508,3567,,,4.95,93,40.98821,29.02852,https://www.airbnb.com.tr/rooms/1413275809075547036,https://a0.muscache.com/im/pictures/2289121172.jpg
1677527038715510156,İstanbul bölgesinde oda,Kadıköy'de Lüks Butik Otel ve Kaliteli Yemek,Özel Oda,3625,3500,3500,3500,4000,4.91,108,40.9923,29.0305,https://www.airbnb.com.tr/rooms/1677527038715510156,https://a0.muscache.com/im/pictures/2678809637.jpg
1530712633096633861,Daire - İstanbul,istanbul de Kadıköy merkez de klimalı tüm daire 6,Daire,2374,2374,2374,,,4.81,78,40.9963,29.02881,https://www.airbnb.com.tr/rooms/1530712633096633861,https://a0.muscache.com/im/pictures/2372051606.jpg
1270301000733328577,Daire - İstanbul,İstanbul’da Kadıköy Tarihi Konak’ta Tüm Daire 2,Daire,2492,2492,2492,,,4.7,125,40.98808,29.0325,https://www.airbnb.com.tr/rooms/1270301000733328577,https://a0.muscache.com/im/pictures/2014182741.jpg
1365816240844743803,Daire - İstanbul,Kadıköy’de Sıcak ve Konforlu Bir Daire,Daire,3515,3515,,,,4.7,70,40.9862,29.0306,https://www.airbnb.com.tr/rooms/1365816240844743803,https://a0.muscache.com/im/pictures/2097634969.jpg
1484789975067675061,Daire - İstanbul,Güzel ve Konforlu/Mükemmel Konum,Daire,4678,4678,4678,,,4.81,48,40.98436,29.0497,https://www.airbnb.com.tr/rooms/1484789975067675061,https://a0.muscache.com/im/pictures/2290363875.jpg
1721044651060616196,İstanbul bölgesinde oda,Sarı Evim 1,Özel Oda,2350,2350,,,,5.0,7,40.9944,29.0282,https://www.airbnb.com.tr/rooms/1721044651060616196,https://a0.muscache.com/im/pictures/2795440484.jpg
1289602962960452098,Daire - İstanbul,Kadıköy Merkezde Şirin Gizli Bahçe,Daire,4111,4111,,,,4.72,92,40.99362,29.02668,https://www.airbnb.com.tr/rooms/1289602962960452098,https://a0.muscache.com/im/pictures/2029847605.jpg
1772668981076927920,Daire - İstanbul,Kediköy Kadıköy KK5,Daire,2230,2230,,,,,0,40.99757636131644,29.031204362798782,https://www.airbnb.com.tr/rooms/1772668981076927920,https://a0.muscache.com/im/pictures/2814266249.jpg
776671139652350854,Daire - İstanbul,Balkonlu Özel Daire,Daire,2690,2690,,,,4.61,280,40.9936,29.02789,https://www.airbnb.com.tr/rooms/776671139652350854,https://a0.muscache.com/im/pictures/1541648693.jpg
1116568945175844241,Daire - İstanbul,#5 Çift balkonlu dubleks 2 yatak odası,Özel Oda,8349,8349,,,,4.78,76,40.9874,29.0396,https://www.airbnb.com.tr/rooms/1116568945175844241,https://a0.muscache.com/im/pictures/1865192357.jpg
1468809980956453298,Daire - İstanbul,Modern 2+1 flat in Kadıköy,Daire,5033,5033,,,,5.0,7,40.99795,29.04518,https://www.airbnb.com.tr/rooms/1468809980956453298,https://a0.muscache.com/im/pictures/2260555940.jpg
1495478386665192652,Daire - İstanbul,#A7 - Moda'nın En İyi Yeri | Deniz Manzarası | Yenilenmiş,Özel Oda,6286,6286,,,,4.97,31,40.98214,29.02227,https://www.airbnb.com.tr/rooms/1495478386665192652,https://a0.muscache.com/im/pictures/2308650302.jpg
1683870218409233813,Daire - İstanbul,Kadıköy Merkez'de 3 yatak odalı geniş tasarım daire,Özel Oda,7063,7063,,,,4.5,12,40.9896,29.0237,https://www.airbnb.com.tr/rooms/1683870218409233813,https://a0.muscache.com/im/pictures/2629825718.jpg
1683347404684763731,Daire - İstanbul,- Kadıköy merkezde ekonomik mini çift kişilik oda,Özel Oda,2350,2350,,,,4.68,25,40.994,29.0267,https://www.airbnb.com.tr/rooms/1683347404684763731,https://a0.muscache.com/im/pictures/2628780821.jpg
38776669,Daire - İstanbul,Kadıköy  FB Stadyum -Yoğurtçu Parkına  birkaç adım,Daire,3797,3797,,,,4.64,94,40.988,29.0338,https://www.airbnb.com.tr/rooms/38776669,https://a0.muscache.com/im/pictures/862905304.jpg
999365982731888387,Daire - İstanbul,kadıköy sahile rıhtım 100 metre klimalı,Daire,4000,4000,,,,4.9,121,40.9917,29.0266,https://www.airbnb.com.tr/rooms/999365982731888387,https://a0.muscache.com/im/pictures/1756799565.jpg
1365810090961199193,Daire - İstanbul,Kadıköyün Kalbinde Şık Daire,Daire,3615,3615,,,,4.76,84,40.9862,29.0306,https://www.airbnb.com.tr/rooms/1365810090961199193,https://a0.muscache.com/im/pictures/2097630115.jpg
837065073621025289,İstanbul bölgesinde oda,Kalfa Sarayı - Oda 1,Özel Oda,3267,,3267,,,4.89,135,40.98836,29.03056,https://www.airbnb.com.tr/rooms/837065073621025289,https://a0.muscache.com/im/pictures/2227459778.jpg
1283824000470066980,Daire - Ataşehir,şifre ile giriş watergarden a yakın jakuzi konforu,Daire,3192,,2950,,3434,4.97,206,40.9991,29.0941,https://www.airbnb.com.tr/rooms/1283824000470066980,https://a0.muscache.com/im/pictures/2065463094.jpg
1410196527549631616,Daire - İstanbul,Kadıköy Mona Lisa,Daire,2524,,2524,,,4.77,39,40.99399,29.02737,https://www.airbnb.com.tr/rooms/1410196527549631616,https://a0.muscache.com/im/pictures/2155739703.jpg
753560696977964601,Daire - İstanbul,İstanbul'un göbeğinde A2 En iyi konum Klimalı,Daire,4920,,4920,,,4.93,305,40.9946,29.03237,https://www.airbnb.com.tr/rooms/753560696977964601,https://a0.muscache.com/im/pictures/1668591374.jpg
1726128051863605726,Misafir evi - İstanbul,Ortak banyolu tek kişilik özel oda,Özel Oda,1520,,1520,,,5.0,4,40.9963,29.0271,https://www.airbnb.com.tr/rooms/1726128051863605726,https://a0.muscache.com/im/pictures/2717994786.jpg
941055028176839472,Daire - İstanbul,Şehir Merkezinde Yepyeni Daire,Daire,4357,,4357,,,4.94,106,40.9943,29.0258,https://www.airbnb.com.tr/rooms/941055028176839472,https://a0.muscache.com/im/pictures/1703414686.jpg
1451533848478866299,İstanbul bölgesinde oda,Suadiye sahilde vintage evde kiralık oda,Özel Oda,2670,,2670,,,5.0,11,40.95855,29.07598,https://www.airbnb.com.tr/rooms/1451533848478866299,https://a0.muscache.com/im/pictures/2608139820.jpg
1406562070153316257,Daire - İstanbul,İstanbul Kadıköy’de klimalı  tüm  daire 4,Daire,2624,,2624,,,4.65,114,40.9934,29.0312,https://www.airbnb.com.tr/rooms/1406562070153316257,https://a0.muscache.com/im/pictures/2150184581.jpg
879523940474281677,Daire - Üsküdar,Saklı Mücevher: Huzurlu ve Merkezi Konaklama Yeri,Daire,5946,,5946,,,4.93,111,41.00934,29.0302,https://www.airbnb.com.tr/rooms/879523940474281677,https://a0.muscache.com/im/pictures/2503295827.jpg
1684737998481431898,Daire - İstanbul,(2) Kadıköy Merkez'de vapur iskelesine yakın büyüleyici 2 yatak odalı daire,Özel Oda,5053,,5053,,,4.6,10,40.9944,29.02668,https://www.airbnb.com.tr/rooms/1684737998481431898,https://a0.muscache.com/im/pictures/2631574968.jpg
1552068984003182744,Daire - İstanbul,Kadıköy'de Rahat Ev,Daire,3148,,2961,,3334,4.89,37,40.99269,29.02827,https://www.airbnb.com.tr/rooms/1552068984003182744,https://a0.muscache.com/im/pictures/2402187863.jpg
1726902481089108297,Daire - Ataşehir,Ataşehir Günlük Kiralık Daire 1+0 cadde üzerinde,Daire,3500,,3500,,,5.0,4,40.9956,29.0848,https://www.airbnb.com.tr/rooms/1726902481089108297,https://a0.muscache.com/im/pictures/2719771930.jpg
1531988377023856577,Daire - Kadıköy,"Yeni yenilenmiş • Kadıköy merkez, Bağdat Caddesi'ne 2 dakika",Daire,4868,,,4737,5000,4.92,26,40.9838,29.0528,https://www.airbnb.com.tr/rooms/1531988377023856577,https://a0.muscache.com/im/pictures/2547246573.jpg
960126777564313039,Daire - Kadıköy,"Kadıköy merkezinde, huzurlu ve rahat",Daire,3942,,,3942,,4.94,185,40.9928,29.0293,https://www.airbnb.com.tr/rooms/960126777564313039,https://a0.muscache.com/im/pictures/1892793251.jpg
1116545010367334962,Daire - Kadıköy,#1 Modern 1BR Balkonlu ve Klimalı,Daire,5825,,,5825,,4.86,44,40.9874,29.0396,https://www.airbnb.com.tr/rooms/1116545010367334962,https://a0.muscache.com/im/pictures/1865160195.jpg
795401935224083621,pansiyon - Kadıköy,Kalfa Sarayı - Oda 6 - Huzurlu Balkon,Özel Oda,3323,,,3323,,4.92,193,40.98702,29.02907,https://www.airbnb.com.tr/rooms/795401935224083621,https://a0.muscache.com/im/pictures/2704061912.jpg
1462123591957088258,Daire - Kadıköy,"Temiz, Güvenli, Merkezi, Klimalı, Mutfaklı Daire",Daire,3375,,,3250,3500,4.84,116,40.99325,29.02467,https://www.airbnb.com.tr/rooms/1462123591957088258,https://a0.muscache.com/im/pictures/2247650852.jpg
1535828140245340747,Daire - Kadıköy,istanbul de Kadıköy merkez de klimalı tüm daire 2,Daire,1604,,,1604,,4.65,54,40.99696,29.02922,https://www.airbnb.com.tr/rooms/1535828140245340747,https://a0.muscache.com/im/pictures/2376553819.jpg
1373763278480457396,Kadıköy bölgesinde oda,Kadıköy'de rahat ve balkonlu oda,Özel Oda,2038,,,2010,2066,4.85,48,40.9885,29.0311,https://www.airbnb.com.tr/rooms/1373763278480457396,https://a0.muscache.com/im/pictures/2626753700.jpg
1267351264961262233,Daire - Kadıköy,İstanbul’da Kadıköy Tarihi Konak’ta Tüm Daire 1,Daire,1773,,,1773,,4.58,123,40.98816,29.03103,https://www.airbnb.com.tr/rooms/1267351264961262233,https://a0.muscache.com/im/pictures/2012167373.jpg
615026742607631698,Daire - Kadıköy,Kadıköy Merkez’de Studio Daire,Daire,3098,,,3098,3098,4.8,247,40.99101,29.03008,https://www.airbnb.com.tr/rooms/615026742607631698,https://a0.muscache.com/im/pictures/1390003515.jpg
689044585193746518,Site içi konut - Kadıköy,Kadıköy'de teraslı konforlu 1 yatak odası kiralık,Özel Oda,4611,,,4611,,4.99,228,40.99318,29.02948,https://www.airbnb.com.tr/rooms/689044585193746518,https://a0.muscache.com/im/pictures/1465877491.jpg
1577373325150403517,Daire - Kadıköy,Kadıköy’ün Kalbinde Modern 2+1 Daire,Daire,4620,,,4620,,4.72,58,40.9862,29.0306,https://www.airbnb.com.tr/rooms/1577373325150403517,https://a0.muscache.com/im/pictures/2442899993.jpg
1462172050276737511,Daire - Kadıköy,Kadıköy'de En İyi Konumda Şık 3 Yatak Odalı (1),Özel Oda,7281,,,7281,,4.96,56,40.9903,29.0263,https://www.airbnb.com.tr/rooms/1462172050276737511,https://a0.muscache.com/im/pictures/2247770991.jpg
1365754372067907425,Daire - Kadıköy,"Kadıköy’de, Şık ve Ferah Daire",Daire,3444,,,3444,,4.69,78,40.9862,29.0306,https://www.airbnb.com.tr/rooms/1365754372067907425,https://a0.muscache.com/im/pictures/2097584228.jpg
1211432432790354977,Daire - Kadıköy,Modernist Tasarım • Kadıköy merkezinde donanımlı daire,Daire,4093,,,4093,,4.9,167,40.98844,29.02645,https://www.airbnb.com.tr/rooms/1211432432790354977,https://a0.muscache.com/im/pictures/2289090497.jpg
1252006123492718903,Otel - Kadıköy,Kadıköy Merkezde Çift Kisilik Oda | Va Mansion,Özel Oda,4118,,,4118,,4.8,54,40.998,29.0287,https://www.airbnb.com.tr/rooms/1252006123492718903,https://a0.muscache.com/im/pictures/2013991949.jpg
754329212775199931,Site içi konut - Kadıköy,Kadıköy'de güzel 2 yatak odalı daire,Özel Oda,5097,,,5097,,4.98,166,40.99399,29.02776,https://www.airbnb.com.tr/rooms/754329212775199931,https://a0.muscache.com/im/pictures/1522040752.jpg
1724060030280789446,Kadıköy bölgesinde oda,Kadıköy Barlar Sokağı Yakını Roza Mitra Butik Otel,Özel Oda,2605,,,2605,,4.91,11,40.9895,29.0258,https://www.airbnb.com.tr/rooms/1724060030280789446,https://a0.muscache.com/im/pictures/2713594971.jpg
996274954943748395,Daire - İstanbul,Ulaşımı kolay klimalı depreme uygun sessiz,Daire,4950,,,,4950,4.84,146,40.996,29.0394,https://www.airbnb.com.tr/rooms/996274954943748395,https://a0.muscache.com/im/pictures/1855898558.jpg
1365226513011904235,Daire - İstanbul,Jasmine Room Kadıköy Süiti,Daire,3446,,,,3446,4.94,67,40.9916,29.03097,https://www.airbnb.com.tr/rooms/1365226513011904235,https://a0.muscache.com/im/pictures/2097083209.jpg
1642041441453133669,Ev - İstanbul,"Yeni yenilenmiş, Kadıköy merkez, Bağdat Caddesi'ne 2 dakika",Daire / Ev,5000,,,,5000,4.9,21,40.9843,29.0434,https://www.airbnb.com.tr/rooms/1642041441453133669,https://a0.muscache.com/im/pictures/2584114374.jpg
1061494927837536396,Daire - İstanbul,Kadıköy merkezde yeni daire,Daire,4422,,,,4422,4.66,210,40.9936,29.0284,https://www.airbnb.com.tr/rooms/1061494927837536396,https://a0.muscache.com/im/pictures/1813368773.jpg
1242604429122662138,Daire - İstanbul,Türk Hamamı Olan Taş Ev @ Kadıköy Merkez,Daire,6067,,,,6067,4.76,85,40.98754,29.02895,https://www.airbnb.com.tr/rooms/1242604429122662138,https://a0.muscache.com/im/pictures/1990938215.jpg
1360729549667359124,Daire - İstanbul,Minimum 13 m²,Daire,1942,,,,1942,4.31,67,40.9931,29.0272,https://www.airbnb.com.tr/rooms/1360729549667359124,https://a0.muscache.com/im/pictures/2092965959.jpg
1534186338198475955,İstanbul bölgesinde oda,Huzurlu bir evde özel balkonlu rahat oda,Özel Oda,2694,,,,2694,5.0,4,40.98326,29.03116,https://www.airbnb.com.tr/rooms/1534186338198475955,https://a0.muscache.com/im/pictures/2736808179.jpg
540177810446236003,Site içi konut - İstanbul,Kadıköy merkezinde antika ferah daire.,Daire / Ev,6843,,,,6843,4.92,184,40.98994,29.0309,https://www.airbnb.com.tr/rooms/540177810446236003,https://a0.muscache.com/im/pictures/2074707116.jpg
1713016851160131202,Ev - İstanbul,"Yeldeğirmeni’nde  Müstakil Yeşil Ev
",Daire / Ev,6756,,,,6756,4.86,7,40.9956,29.0318,https://www.airbnb.com.tr/rooms/1713016851160131202,https://a0.muscache.com/im/pictures/2690456504.jpg
1099232310533033056,Daire - İstanbul,Merkezde ve tatlı bir daire.,Daire,3571,,,,3571,4.83,109,40.98787,29.02875,https://www.airbnb.com.tr/rooms/1099232310533033056,https://a0.muscache.com/im/pictures/2002849290.jpg
1755697536607943922,Daire - Kadıköy,"Metroya yakın, 3 yatak odalı/2 banyolu büyüleyici Kadıköy dairesi",Özel Oda,10606,10606,,,,,0,40.9887,29.0238,https://www.airbnb.com.tr/rooms/1755697536607943922,https://a0.muscache.com/im/pictures/2781076722.jpg
1461437489279602900,Daire - Kadıköy,Kadıköy’ün Enerjisinde 4 Kişilik Şık Konaklama,Daire,5730,5730,,,,4.79,24,40.9864,29.0265,https://www.airbnb.com.tr/rooms/1461437489279602900,https://a0.muscache.com/im/pictures/2246381388.jpg
1422303296570791516,Daire - Kadıköy,Göz alıcı konaklamam @En İyi Konum Kadıköy İstanbul,Daire,6868,6748,,,6987,4.93,27,40.9861,29.0275,https://www.airbnb.com.tr/rooms/1422303296570791516,https://a0.muscache.com/im/pictures/2438461403.jpg
786859052502129654,pansiyon - Kadıköy,Kalfa Sarayı - Oda 5 - Monstera'nın Odası,Özel Oda,4224,4224,,,,4.94,226,40.98919,29.02893,https://www.airbnb.com.tr/rooms/786859052502129654,https://a0.muscache.com/im/pictures/1691568176.jpg
1771812813561026264,Daire - Kadıköy,Modern Yeni Mimar Dairesi • Kadıköy Sahilinde,Daire,4626,4626,,,,,0,40.993186988097904,29.02631879994877,https://www.airbnb.com.tr/rooms/1771812813561026264,https://a0.muscache.com/im/pictures/2812436386.jpg
1365767023777011666,Daire - Kadıköy,"Kadıköy, Boğa Heykeli'ne Yakın Konaklama",Daire,3415,,3415,,,4.78,82,40.9862,29.0306,https://www.airbnb.com.tr/rooms/1365767023777011666,https://a0.muscache.com/im/pictures/2097590403.jpg
1647181975376931085,Daire - Kadıköy,"(43) Modern 2 yatak odalı, 2 oturma alanı ve 2 banyolu daire, Kadıköy",Özel Oda,7936,,7936,,,4.93,30,40.99163,29.02662,https://www.airbnb.com.tr/rooms/1647181975376931085,https://a0.muscache.com/im/pictures/2560674453.jpg
1704594408371674771,Daire - Kadıköy,Boğaz Mavileri,Daire,2982,,2982,,,4.67,12,40.9904,29.0271,https://www.airbnb.com.tr/rooms/1704594408371674771,https://a0.muscache.com/im/pictures/2809129561.jpg
1329792351151791694,Otel - Kadıköy,Kuvetli ve bahçeli oda,Özel Oda,2999,,2999,,,4.63,76,40.99522,29.0274,https://www.airbnb.com.tr/rooms/1329792351151791694,https://a0.muscache.com/im/pictures/2064269248.jpg
1292706602648347787,Daire - Kadıköy,Harika Deniz Manzaralı Merkezi Daire (klimalı),Daire,4815,,4815,,,4.73,124,40.995,29.0249,https://www.airbnb.com.tr/rooms/1292706602648347787,https://a0.muscache.com/im/pictures/2032344282.jpg
1562954491242054982,Ev - Kadıköy,Kadıköy Stüdyo Select Oda,Özel Oda,2582,,2582,,,4.75,4,40.9927,29.0291,https://www.airbnb.com.tr/rooms/1562954491242054982,https://a0.muscache.com/im/pictures/2420172543.jpg
1262101215338710536,Daire - Kadıköy,"Kadıköyde Stüdyo Daire No 13 /43 inch tv,1000 mbps",Daire,2750,,2750,,,4.83,108,40.9968,29.0272,https://www.airbnb.com.tr/rooms/1262101215338710536,https://a0.muscache.com/im/pictures/2110411888.jpg
1538547381528605421,Daire - Kadıköy,Teraslı dubleks daire,Daire,4389,,,4389,,4.82,39,40.98816,29.0272,https://www.airbnb.com.tr/rooms/1538547381528605421,https://a0.muscache.com/im/pictures/2387321963.jpg
1560397274902595081,Daire - Kadıköy,"(30) Carlsen, GOAT, Eşsiz, Tam Şehir Manzaralı Teras",Daire,16333,,,16333,,4.97,33,40.98422,29.02943,https://www.airbnb.com.tr/rooms/1560397274902595081,https://a0.muscache.com/im/pictures/2416317811.jpg
941897064231347870,Kadıköy bölgesinde oda,Harika Merkezî Konumda Ferahlatıcı Yeşil Oda,Özel Oda,2330,,,2330,2330,4.9,143,40.98878,29.0288,https://www.airbnb.com.tr/rooms/941897064231347870,https://a0.muscache.com/im/pictures/1704063266.jpg
1564046636093948244,Daire - Kadıköy,Modern mimari dubleks teraslı • Kadıköy merkez,Daire,7163,,,7163,,4.88,58,40.99002,29.02919,https://www.airbnb.com.tr/rooms/1564046636093948244,https://a0.muscache.com/im/pictures/2422033528.jpg
1365244456856923210,Daire - Kadıköy,Orkide Oda Kadıköy Suit Daire,Özel Oda,3446,,,,3446,4.98,59,40.99198,29.03116,https://www.airbnb.com.tr/rooms/1365244456856923210,https://a0.muscache.com/im/pictures/2097112789.jpg
934051517768625956,Daire - Kadıköy,Kadıköy Minimal 14 m2,Daire,2136,,,,2136,4.48,153,40.99234,29.02809,https://www.airbnb.com.tr/rooms/934051517768625956,https://a0.muscache.com/im/pictures/2043886529.jpg
1070495376956315362,Daire - Kadıköy,"Mini ev, 4 mevsim şömineli ve balkonlu (klimalı)",Daire,3830,,,,3830,4.93,166,40.99202,29.02741,https://www.airbnb.com.tr/rooms/1070495376956315362,https://a0.muscache.com/im/pictures/1821996545.jpg
1411505107071080276,Daire - Kadıköy,Kendinizi komşu gibi hissedin,Daire,3532,,,,3532,4.71,52,40.98908,29.02698,https://www.airbnb.com.tr/rooms/1411505107071080276,https://a0.muscache.com/im/pictures/2232001579.jpg
1689763484929205374,Daire - Kadıköy,"Teraslı, hareketli Moda dairesi, her şeye birkaç adım",Özel Oda,8009,,,,8009,5.0,12,40.98847,29.02575,https://www.airbnb.com.tr/rooms/1689763484929205374,https://a0.muscache.com/im/pictures/2641445047.jpg
1452288784559894193,Daire - Kadıköy,Şık ve merkezi daire.,Daire,9223,,,,9223,5.0,15,40.9884,29.0279,https://www.airbnb.com.tr/rooms/1452288784559894193,https://a0.muscache.com/im/pictures/2229659177.jpg
1282449979582288022,Ev - Kadıköy,Kadıköy de Moda'nın Kalbinde Köşk,Özel Oda,14206,,,,14206,4.79,91,40.98232,29.02507,https://www.airbnb.com.tr/rooms/1282449979582288022,https://a0.muscache.com/im/pictures/2023588728.jpg
765756810814582109,Daire - Kadıköy,Moda'da sıra dışı stüdyo,Özel Oda,6795,,,,6795,4.93,137,40.9887,29.0322,https://www.airbnb.com.tr/rooms/765756810814582109,https://a0.muscache.com/im/pictures/1533667522.jpg
1745911057161329606,The Marlo,Solvang bölgesinde otel,Daire / Ev,5529,,,5529,,5.0,6,34.5913,-120.1402,https://www.airbnb.com.tr/rooms/1745911057161329606,https://a0.muscache.com/im/pictures/2779894218.jpg
1153718763091125099,Daire - Beyoğlu,Şık stüdyo daire ve iki yatak • Galata Kulesi'ne birkaç adım uzaklıkta,Daire,3794,3794,,,,4.92,169,41.027,28.9761,https://www.airbnb.com.tr/rooms/1153718763091125099,https://a0.muscache.com/im/pictures/1904139838.jpg
50489036,Daire - Beyoğlu,3. Merkezi l Uygun fiyatlı l Aydınlık ve balkonlu,Daire,3020,2788,3253,,,4.86,378,41.02931,28.98248,https://www.airbnb.com.tr/rooms/50489036,https://a0.muscache.com/im/pictures/1782481993.jpg
1459953942530771193,Daire - Beyoğlu,Galata'da deniz manzaralı daire,Daire,2872,2872,,,,4.72,46,41.027,28.976,https://www.airbnb.com.tr/rooms/1459953942530771193,https://a0.muscache.com/im/pictures/2243468924.jpg
1636066115004587766,Daire - Beyoğlu,Galata'da 2 yatak odalı mükemmel boğaz manzarası,Özel Oda,5170,5170,,,,4.85,27,41.0257,28.9762,https://www.airbnb.com.tr/rooms/1636066115004587766,https://a0.muscache.com/im/pictures/2542107081.jpg
1764004514894757420,Daire - Beyoğlu,Galataport yakınında 2 yatak odalı,Özel Oda,5801,5801,,,,5.0,4,41.02653859804983,28.979777325504124,https://www.airbnb.com.tr/rooms/1764004514894757420,https://a0.muscache.com/im/pictures/2797297321.jpg
1410339617769472698,Daire - Beyoğlu,*Muhteşem Boğaz ve Galata Kulesi manzarası*,Daire,4514,4514,,,,4.79,89,41.02868,28.97331,https://www.airbnb.com.tr/rooms/1410339617769472698,https://a0.muscache.com/im/pictures/2156048084.jpg
943207432704537219,Daire - Beyoğlu,İstanbul Merkezde 1 Yatak Odalı Tarihi Daire,Özel Oda,6251,6251,,,,4.92,114,41.0228,28.976,https://www.airbnb.com.tr/rooms/943207432704537219,https://a0.muscache.com/im/pictures/1705315292.jpg
32810046,Daire - Beyoğlu,Mükemmel Daireler Tulip - Galata Kulesi'nin Yanında,Daire,4224,4224,,,,4.9,184,41.0264,28.9733,https://www.airbnb.com.tr/rooms/32810046,https://a0.muscache.com/im/pictures/2716997078.jpg
953689131784876224,Daire - Beyoğlu,Geniş-Aydınlık-Balkonlu-1 Yatak Odalı Apartman,Özel Oda,3485,3485,,,,4.54,155,41.02703,28.97739,https://www.airbnb.com.tr/rooms/953689131784876224,https://a0.muscache.com/im/pictures/1715453995.jpg
18300294,Daire - Beyoğlu,İstanbul -- Daha fazla şehir merkezi bulamazsınız.,Daire,5728,5728,,,,4.89,387,41.02803,28.97608,https://www.airbnb.com.tr/rooms/18300294,https://a0.muscache.com/im/pictures/2746984498.jpg
1065780294052514719,Daire - Beyoğlu,İstanbul Merkez'de Güzel Stüdyo Daire,Daire,5576,5576,,,,4.91,43,41.0228,28.9761,https://www.airbnb.com.tr/rooms/1065780294052514719,https://a0.muscache.com/im/pictures/1817329505.jpg
659248951483667636,Daire - Beyoğlu,"Süper Şirin Rahat Stüdyo, Jundo 7, Galata Kulesi Yakınında",Daire,3034,3034,,,,4.77,141,41.02633,28.9782,https://www.airbnb.com.tr/rooms/659248951483667636,https://a0.muscache.com/im/pictures/1444930260.jpg
858814848395778232,Otel - Beyoğlu,Butik Tarzda Geniş Deluxe Oda,Özel Oda,2602,2602,,,,4.64,33,41.03003,28.97875,https://www.airbnb.com.tr/rooms/858814848395778232,https://a0.muscache.com/im/pictures/1945709421.jpg
1692820788369006960,Daire - Beyoğlu,Galata 'da Şık Modern Daire,Daire,2427,2427,,,,4.8,5,41.02916,28.98258,https://www.airbnb.com.tr/rooms/1692820788369006960,https://a0.muscache.com/im/pictures/2713145418.jpg
1502050580157378946,Daire - Beyoğlu,Galata'da balkonlu ferah daire,Daire,3009,3009,,,,4.35,55,41.02874,28.97809,https://www.airbnb.com.tr/rooms/1502050580157378946,https://a0.muscache.com/im/pictures/2320583462.jpg
1762256050666655412,Daire - Beyoğlu,"Galataport ve Boğaz'a yakın, merkezi konumda, 1 yatak odalı",Özel Oda,4618,4618,,,,5.0,3,41.0281436441309,28.97865078074036,https://www.airbnb.com.tr/rooms/1762256050666655412,https://a0.muscache.com/im/pictures/2793925808.jpg
881765606845584954,Daire - Beyoğlu,Galata Liman Bölgesi Sessiz ve Şık Apart-Standard-P3,Daire,2125,,2125,,,4.73,64,41.02517,28.97807,https://www.airbnb.com.tr/rooms/881765606845584954,https://a0.muscache.com/im/pictures/1641115849.jpg
1107152741647064824,Daire - Beyoğlu,Beyoğlu'nun merkezinde yenilenmiş ferah daire,Daire,3740,,3615,,3865,4.81,143,41.028,28.9771,https://www.airbnb.com.tr/rooms/1107152741647064824,https://a0.muscache.com/im/pictures/1856085720.jpg
1259919527373373425,Daire - Beyoğlu,Galataport'a Yakın Çarpıcı Rahat Daire - D3,Daire,6589,,6589,,,4.82,119,41.0251,28.9787,https://www.airbnb.com.tr/rooms/1259919527373373425,https://a0.muscache.com/im/pictures/2020902959.jpg
857959024401955786,Site içi konut - Beyoğlu,Galata'da 19. yüzyıl zarafeti ve tasarım şıklığı!,Daire / Ev,8545,,9194,,7896,4.89,148,41.02682,28.97488,https://www.airbnb.com.tr/rooms/857959024401955786,https://a0.muscache.com/im/pictures/1616777304.jpg
48557799,Daire - Beyoğlu,Kulenin yanında 3 kişiye kadar özel teras 80 m2,Daire,4805,,4805,,,4.77,202,41.0274,28.9758,https://www.airbnb.com.tr/rooms/48557799,https://a0.muscache.com/im/pictures/1597931243.jpg
1502034776194845483,Daire - Beyoğlu,Galata ve Liman'a çok yakın lüks daire.,Daire,3446,,3446,,,4.59,58,41.02644,28.97789,https://www.airbnb.com.tr/rooms/1502034776194845483,https://a0.muscache.com/im/pictures/2320561505.jpg
1329657655845959415,Daire - Beyoğlu,Galata Kulesi yakınında stüdyo daire,Daire,2292,,2292,,,4.69,54,41.02724,28.97874,https://www.airbnb.com.tr/rooms/1329657655845959415,https://a0.muscache.com/im/pictures/2064081822.jpg
1480375463311193815,Otel - Beyoğlu,Galata'ya yakın lüks takım elbise,Daire / Ev,2815,,2815,,,4.57,53,41.02537,28.97767,https://www.airbnb.com.tr/rooms/1480375463311193815,https://a0.muscache.com/im/pictures/2282281739.jpg
1368981191304213834,Otel - Beyoğlu,Rahat Çatı Katı Dairesi • Deniz Manzaralı Teras| Taksim'de,Daire / Ev,3918,,3918,,,4.9,96,41.02839,28.97692,https://www.airbnb.com.tr/rooms/1368981191304213834,https://a0.muscache.com/im/pictures/2100411834.jpg
1692788873899911654,Daire - Beyoğlu,Galata Çok Yakın Zarif Daire,Daire,2427,,2427,,,4.91,11,41.03047,28.98033,https://www.airbnb.com.tr/rooms/1692788873899911654,https://a0.muscache.com/im/pictures/2647305661.jpg
1739852827971827044,Daire - Beyoğlu,Stray Karaköy | Şık Daire 2,Daire,2500,,2500,,,5.0,3,41.02467,28.97975,https://www.airbnb.com.tr/rooms/1739852827971827044,https://a0.muscache.com/im/pictures/2747350034.jpg
1493372442856694873,Daire - Beyoğlu,Muhteşem Daire - 3 Yatak Odalı Ortak Kullanım Teraslı!,Özel Oda,8100,,8100,,,4.85,39,41.0275,28.9757,https://www.airbnb.com.tr/rooms/1493372442856694873,https://a0.muscache.com/im/pictures/2305389981.jpg
618816657012180690,Daire - Beyoğlu,Galata'ya 70 metre mesafede çatı katı daire.,Daire,3349,,3349,,,4.53,49,41.02481,28.97204,https://www.airbnb.com.tr/rooms/618816657012180690,https://a0.muscache.com/im/pictures/2025609398.jpg
855950226406852695,Otel - Beyoğlu,Geniş Deluxe Oda,Özel Oda,3337,,3337,,,4.57,49,41.02815,28.97892,https://www.airbnb.com.tr/rooms/855950226406852695,https://a0.muscache.com/im/pictures/1614699420.jpg
42366447,Apart otel - Beyoğlu,Galata Kulesi'ne 3 dakika,Daire,2650,,2650,,,4.76,170,41.02714,28.97725,https://www.airbnb.com.tr/rooms/42366447,https://a0.muscache.com/im/pictures/970651896.jpg
1528948978913951640,Daire - Beyoğlu,Galata'nın kalbinde - Özel banyolu rahat oda.,Özel Oda,3098,,3098,,,4.76,49,41.0288,28.9724,https://www.airbnb.com.tr/rooms/1528948978913951640,https://a0.muscache.com/im/pictures/2365972324.jpg
1491381714194384886,Butik otel - Beyoğlu,Kahvaltılı Teras Stüdyo,Daire / Ev,2522,,,2522,,4.81,52,41.0272,28.974,https://www.airbnb.com.tr/rooms/1491381714194384886,https://a0.muscache.com/im/pictures/2303303444.jpg
1608280458156833845,Daire - Beyoğlu,Balkonlu-Sakin-Merkez 1 Yatak Odalı Daire,Özel Oda,2912,,,2912,2912,4.74,27,41.02686,28.97876,https://www.airbnb.com.tr/rooms/1608280458156833845,https://a0.muscache.com/im/pictures/2495179996.jpg
1081207174971482342,Daire - Beyoğlu,Galata'da 2 Klimalı Geniş Konforlu Yeni 1+1 Daire,Daire,4708,,,4708,,4.96,138,41.0272,28.9782,https://www.airbnb.com.tr/rooms/1081207174971482342,https://a0.muscache.com/im/pictures/1832055583.jpg
31829712,Daire - Beyoğlu,Özel Tasarım Çatı Katı Galata: Tarihi Cazibe ve Modern /1,Daire,2626,,,2626,,4.44,250,41.02608,28.97102,https://www.airbnb.com.tr/rooms/31829712,https://a0.muscache.com/im/pictures/664842455.jpg
24274009,Misafir evi - Beyoğlu,İstiklal Caddesi'ne yakın parlak ve konforlu stüdyo 6,Daire / Ev,3398,,,3398,,4.93,284,41.02918,28.97549,https://www.airbnb.com.tr/rooms/24274009,https://a0.muscache.com/im/pictures/1591575140.jpg
1692782683858953788,Daire - Beyoğlu,Sahile Çok Yakın Modern Daire,Daire,2427,,,2427,,4.92,12,41.03103,28.98203,https://www.airbnb.com.tr/rooms/1692782683858953788,https://a0.muscache.com/im/pictures/2647292978.jpg
32186550,Daire - Beyoğlu,Nice Stüdyo Daireler @Karaköy,Daire,2507,,,2507,,4.63,935,41.0262,28.96959,https://www.airbnb.com.tr/rooms/32186550,https://a0.muscache.com/im/pictures/1728778013.jpg
1492933264623845053,Butik otel - Beyoğlu,Kahvaltı Dahil Stüdyo Daire,Daire / Ev,2421,,,2421,,4.5,154,41.0273,28.974,https://www.airbnb.com.tr/rooms/1492933264623845053,https://a0.muscache.com/im/pictures/2304756616.jpg
1491205072996524442,Daire - Beyoğlu,Galatada Tarihi First Class Konut,Daire,4902,,,4902,,4.98,44,41.02669,28.97735,https://www.airbnb.com.tr/rooms/1491205072996524442,https://a0.muscache.com/im/pictures/2301588841.jpg
1721131753420581137,Daire - Beyoğlu,D yönü,Daire,2497,,,2497,,4.76,17,41.0273,28.9745,https://www.airbnb.com.tr/rooms/1721131753420581137,https://a0.muscache.com/im/pictures/2707536752.jpg
1617594044661172198,Daire - Beyoğlu,Galata’da Modern Bir Daire – Metroya 2 Dakika,Daire,6071,,,6071,,5.0,37,41.0274,28.9758,https://www.airbnb.com.tr/rooms/1617594044661172198,https://a0.muscache.com/im/pictures/2510687406.jpg
1328904017192710990,Daire - Beyoğlu,Abraham Galata tarafından sunulmaktadır.,Daire,2870,,,,2870,4.67,27,41.0263,28.9768,https://www.airbnb.com.tr/rooms/1328904017192710990,https://a0.muscache.com/im/pictures/2063291223.jpg
35611885,Daire - Beyoğlu,Şehir merkezinde güzel stüdyo daire GALATA,Daire,3698,,,,3698,4.84,844,41.0231,28.9744,https://www.airbnb.com.tr/rooms/35611885,https://a0.muscache.com/im/pictures/778797376.jpg
44370718,Daire - Beyoğlu,40 m2 Özel Teras ve Panoramik Manzara ve Rüya Daire,Daire,9174,,,,9174,4.83,441,41.0262,28.9736,https://www.airbnb.com.tr/rooms/44370718,https://a0.muscache.com/im/pictures/1042057456.jpg
1728241385797075287,Daire - Beyoğlu,Brick Nest | Şık iç mekana sahip rahat 1 yatak odalı daire ,Özel Oda,3340,,,,3340,4.43,14,41.02784,28.98019,https://www.airbnb.com.tr/rooms/1728241385797075287,https://a0.muscache.com/im/pictures/2722330155.jpg
1118672398612945421,Otel - Beyoğlu,Şişhane metro istasyonuna 1 dakika,Daire / Ev,2316,,,,2316,4.58,102,41.02865,28.97344,https://www.airbnb.com.tr/rooms/1118672398612945421,https://a0.muscache.com/im/pictures/1867246122.jpg
42463606,Beyoğlu bölgesinde oda,Balkonlu Oda,Özel Oda,3508,,,,3508,4.83,12,41.02343,28.97612,https://www.airbnb.com.tr/rooms/42463606,https://a0.muscache.com/im/pictures/1373478053.jpg
43825010,Daire - Beyoğlu,Eski Galata’da Kule ve Vapura Yakın Aydınlık Daire,Daire,5010,,,,5010,4.9,159,41.02358,28.97543,https://www.airbnb.com.tr/rooms/43825010,https://a0.muscache.com/im/pictures/2707652148.jpg
1407973863081553483,Daire - Beyoğlu,Galata'da Rahat İnziva,Daire,5582,,,,5582,4.68,76,41.0258,28.9726,https://www.airbnb.com.tr/rooms/1407973863081553483,https://a0.muscache.com/im/pictures/2163733984.jpg
23118454,Daire - Beyoğlu,"Galata Bölgesi 4'te Sevimli, Konforlu Stüdyo Daire",Daire,3856,,,,3856,4.91,306,41.02787,28.97733,https://www.airbnb.com.tr/rooms/23118454,https://a0.muscache.com/im/pictures/1802445206.jpg
1339009392541021637,Otel - Avcılar,Avcılar Cihangir'de Çift Kişilik Oda,Özel Oda,1971,1939,1939,1908,2097,4.33,9,40.99272,28.70833,https://www.airbnb.com.tr/rooms/1339009392541021637,https://a0.muscache.com/im/pictures/2073218626.jpg
1287576273065620477,Otel - Avcılar,Tek Kişilik Oda,Özel Oda,1550,1600,1500,,,4.63,49,40.99130826532397,28.721611704682935,https://www.airbnb.com.tr/rooms/1287576273065620477,https://a0.muscache.com/im/pictures/2027851199.jpg
1392043800816233387,Daire - Esenyurt,Konforlu Stüdyo + yüzme havuzu dahil.,Daire,2755,2870,2870,,2525,4.67,58,41.00144077958321,28.693688361714134,https://www.airbnb.com.tr/rooms/1392043800816233387,https://a0.muscache.com/im/pictures/2127834319.jpg
1207072222986202094,Otel - Avcılar,Avcılar'da Ekonomik Otel Odası,Özel Oda,1740,1800,1800,1620,,4.56,9,40.98984,28.71784,https://www.airbnb.com.tr/rooms/1207072222986202094,https://a0.muscache.com/im/pictures/1959354560.jpg
1619554473073298649,Avcılar bölgesinde oda,Suite Oda Deneyimi,Özel Oda,1930,1930,,,,4.58,12,40.9812,28.7311,https://www.airbnb.com.tr/rooms/1619554473073298649,https://a0.muscache.com/im/pictures/2514042525.jpg
1241111442546117361,Daire - Esenyurt,Cozy Studio - Havuz kulanımı fiyata dahildir,Daire,2870,2870,2870,,,4.78,69,41.00339382224617,28.69083688336891,https://www.airbnb.com.tr/rooms/1241111442546117361,https://a0.muscache.com/im/pictures/1989631941.jpg
1317476063874107519,Daire - Beylikdüzü,Teraslı Modern Daire |Metrobüse 5 dk|TÜYAP 4 Durak,Daire,4174,4174,4174,,,4.97,63,41.0055,28.6657,https://www.airbnb.com.tr/rooms/1317476063874107519,https://a0.muscache.com/im/pictures/2053828435.jpg
1313729198620512594,Daire - Beylikdüzü,2+1 Modern Daire | Metrobüse 5 dk |TÜYAP 4 Durak,Daire,4466,4466,4466,,,4.92,37,41.00621590339906,28.665885960111304,https://www.airbnb.com.tr/rooms/1313729198620512594,https://a0.muscache.com/im/pictures/2050606958.jpg
1487983882479825287,Otel - Avcılar,Jakuzili Deniz Manzaralı Balkonlu Lüks Daire,Daire / Ev,5112,4831,5394,,,5.0,3,40.9712,28.7207,https://www.airbnb.com.tr/rooms/1487983882479825287,https://a0.muscache.com/im/pictures/2296248983.jpg
1711069228298711731,Daire - Esenyurt,Gün batımı manzaralı 1+1 süit,Daire,4018,4018,4018,,,,0,41.0018,28.693,https://www.airbnb.com.tr/rooms/1711069228298711731,https://a0.muscache.com/im/pictures/2686723935.jpg
967919251359608296,Ev - Esenyurt,Crown Château/Geniş 1+1 Daire/Ucretsiz Otopark,Daire / Ev,2996,2996,,,,4.91,32,41.0309,28.6812,https://www.airbnb.com.tr/rooms/967919251359608296,https://a0.muscache.com/im/pictures/1774252042.jpg
1281022562749613566,Otel - Avcılar,Üç Kişilik Aile Odası / Monezza,Özel Oda,2182,2182,2182,,,4.33,6,40.9926,28.7099,https://www.airbnb.com.tr/rooms/1281022562749613566,https://a0.muscache.com/im/pictures/2022521931.jpg
1313715922928504583,Daire - Beylikdüzü,2+1 Modern Daire | Metrobüse 5 dk |TÜYAP 4 Durak,Daire,4466,4466,,,,4.82,77,41.00454009361899,28.664340442420055,https://www.airbnb.com.tr/rooms/1313715922928504583,https://a0.muscache.com/im/pictures/2050588469.jpg
1043981846636617321,Daire - Avcılar,Netflix ve YouTube Smart TV'li ev,Daire,3125,3250,3000,,,,0,40.99063,28.71888,https://www.airbnb.com.tr/rooms/1043981846636617321,https://a0.muscache.com/im/pictures/1798782620.jpg
1510262291885451746,Daire - Esenyurt,Dinlenmek ve yaşamak için temiz bir köşe.,Daire,2414,2414,,,,4.74,58,41.017,28.6752,https://www.airbnb.com.tr/rooms/1510262291885451746,https://a0.muscache.com/im/pictures/2395598244.jpg
1752054664290767223,Daire - Esenyurt,"Wellness stüdyosu I Havuz, hamam ve spor salonu",Daire,5632,5632,5632,,,,0,41.01204,28.68103,https://www.airbnb.com.tr/rooms/1752054664290767223,https://a0.muscache.com/im/pictures/2773632266.jpg
1026838935710766899,Ev - Esenyurt,Lüks Tasarımlı Aile Süiti 2+1 Ücretsiz Otopark,Daire / Ev,4547,4547,,,,4.9,21,41.0307,28.6818,https://www.airbnb.com.tr/rooms/1026838935710766899,https://a0.muscache.com/im/pictures/1961106106.jpg
1634180265266933716,Daire - Esenyurt,Studio 2 ayrı yatak twin oda,Özel Oda,3500,3500,,,,5.0,3,41.00130939306949,28.69199503869658,https://www.airbnb.com.tr/rooms/1634180265266933716,https://a0.muscache.com/im/pictures/2538930836.jpg
812275561988066064,Daire - Avcılar,Ultra Lüx 1+0 Studio Daire,Daire,1442,,1390,1240,1695,4.67,12,40.982,28.7434,https://www.airbnb.com.tr/rooms/812275561988066064,https://a0.muscache.com/im/pictures/2743801508.jpg
1654712623357867101,Avcılar bölgesinde oda,Ekonomik Oda Avcılar,Özel Oda,1665,,1683,1737,1575,5.0,7,40.98061,28.73197,https://www.airbnb.com.tr/rooms/1654712623357867101,https://a0.muscache.com/im/pictures/2574774398.jpg
992855873315434009,Daire - Esenyurt,Temiz huzurlu ve harika konukseverlik,Daire,3553,,3553,,3553,4.9,117,41.008,28.6819,https://www.airbnb.com.tr/rooms/992855873315434009,https://a0.muscache.com/im/pictures/2094566082.jpg
1487978174774984367,Otel - Avcılar,Avcılar Magia Otel Balkonlu Dört Kişilik Oda,Özel Oda,4495,,4495,,,5.0,4,40.9713,28.7207,https://www.airbnb.com.tr/rooms/1487978174774984367,https://a0.muscache.com/im/pictures/2296242577.jpg
1651516089110984180,Avcılar bölgesinde oda,konforlu odalar,Özel Oda,1683,,1683,,,4.35,17,40.9809,28.7313,https://www.airbnb.com.tr/rooms/1651516089110984180,https://a0.muscache.com/im/pictures/2568505448.jpg
1388546504008815439,Daire - Esenyurt,Modern Studio- Havuz kullanımı fiyata dahildir,Daire,2870,,2870,,,4.78,9,41.002,28.6926,https://www.airbnb.com.tr/rooms/1388546504008815439,https://a0.muscache.com/im/pictures/2205022449.jpg
881670252778755294,Misafir evi - İstanbul,Odanın üstünde teras deniz manzarası + {1000 MBPS} 32 inç TV,Özel Oda,1990,,,1990,,4.9,230,41.0382,28.9416,https://www.airbnb.com.tr/rooms/881670252778755294,https://a0.muscache.com/im/pictures/2512209883.jpg
1465231847362271502,İstanbul bölgesinde oda,Hotel California - Standart Üç Kişilik Oda,Özel Oda,3041,,,3041,,5.0,5,41.0074,28.9714,https://www.airbnb.com.tr/rooms/1465231847362271502,https://a0.muscache.com/im/pictures/2622765186.jpg
635605841962029446,Butik otel - İstanbul,Haliç'te Stüdyo Çift Kişilik Oda,Özel Oda,1442,,,1442,,4.69,210,41.019,28.9644,https://www.airbnb.com.tr/rooms/635605841962029446,https://a0.muscache.com/im/pictures/1601128617.jpg
686591387255244527,Butik otel - İstanbul,"Ayasofya'nın yanında, rahat yataklı yenilenmiş konaklama.",Daire / Ev,2816,,,2816,,4.95,163,41.00711,28.98013,https://www.airbnb.com.tr/rooms/686591387255244527,https://a0.muscache.com/im/pictures/1585675593.jpg
1483083224032804669,Daire - Esenyurt,Sevimli Stüdyo,Daire,2870,,,2870,2870,5.0,19,41.0026,28.6912,https://www.airbnb.com.tr/rooms/1483083224032804669,https://a0.muscache.com/im/pictures/2287498394.jpg
1709570723610781039,Daire - Avcılar,Pelican AVM Yakını Modern 1+1 Suit Daire,Daire,2532,,,2398,2665,,0,40.99263887155878,28.706802988098374,https://www.airbnb.com.tr/rooms/1709570723610781039,https://a0.muscache.com/im/pictures/2683341194.jpg
1701469428457692215,Daire - Güngören,Merkezde guvenli lüks recidance,Daire,2677,,,2677,,4.92,12,41.0071,28.8946,https://www.airbnb.com.tr/rooms/1701469428457692215,https://a0.muscache.com/im/pictures/2666607400.jpg
1408102095235129361,Daire - Zeytinburnu,Deniz Manzaralı Özel Jakuzili/Ottomare Lüks Suit,Daire,8224,,,8224,,4.99,99,40.98195866424219,28.90400692014552,https://www.airbnb.com.tr/rooms/1408102095235129361,https://a0.muscache.com/im/pictures/2152565575.jpg
52782711,Daire - Bakırköy,3+1 Balkonlu ve Havuz Manzaralı Otoparklı Daire,Daire,8209,,,,8209,4.81,185,40.9798,28.79444,https://www.airbnb.com.tr/rooms/52782711,https://a0.muscache.com/im/pictures/1620272414.jpg
1044202557937919157,Daire - Üsküdar,    En iyi %1 Airbnb evi | Boğaz kenarında uyanın,Daire,15941,,,,15941,5.0,135,41.0249,29.0114,https://www.airbnb.com.tr/rooms/1044202557937919157,https://a0.muscache.com/im/pictures/1898741536.jpg
897158382569063989,Ev - Üsküdar,İstanbul'un göbeğinde Boğaz Rüyası,Daire / Ev,13809,,,,13809,4.99,201,41.0248,29.0114,https://www.airbnb.com.tr/rooms/897158382569063989,https://a0.muscache.com/im/pictures/1657598042.jpg
856613506636307316,Daire - İstanbul,1+1 Hamamlı Daire- | Otoparklı ve Havuzlu,Daire,3740,,,,3740,4.87,185,40.9727,28.803,https://www.airbnb.com.tr/rooms/856613506636307316,https://a0.muscache.com/im/pictures/1641093546.jpg
1294420596971683970,Daire - Bakırköy,Harika bir daire,Daire,6917,,,,6917,4.92,76,40.980407858863266,28.87028078474938,https://www.airbnb.com.tr/rooms/1294420596971683970,https://a0.muscache.com/im/pictures/2034241722.jpg
1766234021555422290,"Ev - Bum, Azerbaycan", Nehir ve dağ manzaralı A-Frame ev ,Daire / Ev,2767,,2767,,,,0,41.0105,47.7752,https://www.airbnb.com.tr/rooms/1766234021555422290,https://a0.muscache.com/im/pictures/2801705123.jpg
1766264890807770726,Ev - Yelm,Fern Cottage | Çift kişilik yatak | 6 kişilik,Daire / Ev,9875,9875,,,,,0,46.8709,-122.6415,https://www.airbnb.com.tr/rooms/1766264890807770726,https://a0.muscache.com/im/pictures/2808870006.jpg
1565656315804388535,Ev - Shelton,Hammersley Inlet'te Manzaralı Yeni Sahil Kabini,Daire / Ev,10989,10989,,,,4.96,26,47.2121,-123.0698,https://www.airbnb.com.tr/rooms/1565656315804388535,https://a0.muscache.com/im/pictures/2451241187.jpg
664545647754400439,Kulübe - Tenino,Wild Hearts Cottage: Ormanda inziva,Daire / Ev,11795,11795,,,,4.98,274,46.88046,-122.80648,https://www.airbnb.com.tr/rooms/664545647754400439,https://a0.muscache.com/im/pictures/2005967419.jpg
771244364619650573,Kulübe - Olympia,Su kenarında kulübe,Daire / Ev,11572,,,11572,,4.99,204,47.1722,-122.8226,https://www.airbnb.com.tr/rooms/771244364619650573,https://a0.muscache.com/im/pictures/2352372745.jpg
989979,Kır evi - Olympia,Old Pine: Sound'da Rahat ve Rustik Kulübe,Kır Evi / Bungalov,11552,,,11552,,4.92,302,47.12443,-122.78204,https://www.airbnb.com.tr/rooms/989979,https://a0.muscache.com/im/pictures/2100535171.jpg
9995499,Ev - Lacey,Rüyanızı yaşayın: Long Lake Waterfront,Daire / Ev,38030,,,,38030,4.9,187,47.01895,-122.7807,https://www.airbnb.com.tr/rooms/9995499,https://a0.muscache.com/im/pictures/104060341.jpg
563117365199394320,Ev - Longbranch,Mt. Rainier manzaralı su kenarında inziva Rainier manzarası + jakuzi,Daire / Ev,16940,,16940,,,4.74,120,47.194,-122.745,https://www.airbnb.com.tr/rooms/563117365199394320,https://a0.muscache.com/im/pictures/1907152549.jpg
657620964731485771,Daire - Kuşadası,Marina'ya Yürüme Mesafesinde | Modern 1+1 ,Daire,5958,6374,6374,5125,,4.9,39,37.8731,27.2673,https://www.airbnb.com.tr/rooms/657620964731485771,https://a0.muscache.com/im/pictures/1431930106.jpg
36712350,Küçük ev - Kuşadası,Butik oda denize 200 m. Merkezde *4*,Özel Oda,3428,2905,,3950,,4.64,203,37.86527,27.26471,https://www.airbnb.com.tr/rooms/36712350,https://a0.muscache.com/im/pictures/1608291645.jpg
901992201268819721,Otel - Kuşadası,Gülersu Hotel - 204,Daire / Ev,2112,2469,,2269,1599,4.7,149,37.85747,27.25897,https://www.airbnb.com.tr/rooms/901992201268819721,https://a0.muscache.com/im/pictures/2088372129.jpg
1740979138090009290,Daire - Kuşadası,"Appartement Center of Kuşadası
",Daire,5554,5533,5533,5533,5616,5.0,3,37.8657,27.266,https://www.airbnb.com.tr/rooms/1740979138090009290,https://a0.muscache.com/im/pictures/2749868428.jpg
24600825,Apart otel - Kuşadası,Merkezde stüdyo oda *1*,Özel Oda,2730,2730,2730,,,4.46,135,37.86484,27.26627,https://www.airbnb.com.tr/rooms/24600825,https://a0.muscache.com/im/pictures/517924336.jpg
1719553430235075350,Otel - Kuşadası,Kuşadası merkezde butik otel ,Daire / Ev,1776,1776,,,,4.0,8,37.8594,27.2553,https://www.airbnb.com.tr/rooms/1719553430235075350,https://a0.muscache.com/im/pictures/2704049992.jpg
970036956859669495,Kuşadası bölgesinde konaklama yeri,Geleneksel Kuşadası Konağı / Oda,Özel Oda,3080,3080,,,,4.86,79,37.859,27.2567,https://www.airbnb.com.tr/rooms/970036956859669495,https://a0.muscache.com/im/pictures/1730943264.jpg
872430194189447973,Kuşadası bölgesinde oda,Gülersu Apartmanı - 303,Özel Oda,3000,3000,,,,4.54,50,37.8562,27.2592,https://www.airbnb.com.tr/rooms/872430194189447973,https://a0.muscache.com/im/pictures/1677233342.jpg
1510062339469690469,Daire - Kuşadası,Merkezde stüdyo daire  6,Daire,2730,2730,,,,4.63,8,37.86464,27.26734,https://www.airbnb.com.tr/rooms/1510062339469690469,https://a0.muscache.com/im/pictures/2335053350.jpg
941981781492819892,Otel - Kuşadası,Soul House Kuşadası 5,Daire / Ev,6308,6308,,,,4.9,10,37.83988,27.25059,https://www.airbnb.com.tr/rooms/941981781492819892,https://a0.muscache.com/im/pictures/1705367528.jpg
561275012772914884,Ev - Kuşadası,"Demirer Konak 1 
Tarih Evi ,Mükemmel Konum",Daire / Ev,6661,6661,,,,4.9,167,37.85989,27.25758,https://www.airbnb.com.tr/rooms/561275012772914884,https://a0.muscache.com/im/pictures/2170021132.jpg
1721749422920728720,Kuşadası bölgesinde oda,Sandy Pansiyon,Özel Oda,3000,3000,,,,4.55,11,37.8441,27.2451,https://www.airbnb.com.tr/rooms/1721749422920728720,https://a0.muscache.com/im/pictures/2715143002.jpg
1715388803441079927,Ev - Kuşadası,Kuşadası'nda hayalinizdeki tatil,Daire / Ev,20699,20699,,,20699,5.0,6,37.8556,27.2478,https://www.airbnb.com.tr/rooms/1715388803441079927,https://a0.muscache.com/im/pictures/2695377539.jpg
1198014926543576261,Daire - Kuşadası,Leo premium 3 DAİRE 55 m2,Daire,5750,5750,,,,5.0,19,37.8377,27.252,https://www.airbnb.com.tr/rooms/1198014926543576261,https://a0.muscache.com/im/pictures/2200682117.jpg
1729927130404321681,Kuşadası bölgesinde oda,Çift kişilik oda,Özel Oda,2339,2339,,,,,0,37.8598,27.268,https://www.airbnb.com.tr/rooms/1729927130404321681,https://a0.muscache.com/im/pictures/2726126147.jpg
23693718,Butik otel - Türkiye,Özel oda (oda-kahvaltı) Queen boy yatak/ebeveyn banyosu 202,Özel Oda,3886,3886,,,,4.85,34,37.85869,27.2559,https://www.airbnb.com.tr/rooms/23693718,https://a0.muscache.com/im/pictures/1050275703.jpg
1673063679293156966,Ev - Kuşadası,Özel Havuzlu Aile için VİLLA,Daire / Ev,14211,14211,,,,4.33,3,37.83145,27.28295,https://www.airbnb.com.tr/rooms/1673063679293156966,https://a0.muscache.com/im/pictures/2618720490.jpg
1435954376261457127,Otel - Kuşadası,Birds Inn Apart Hotel 106 günlük kiralık.,Daire / Ev,2500,2500,,,,4.47,19,37.8247,27.2677,https://www.airbnb.com.tr/rooms/1435954376261457127,https://a0.muscache.com/im/pictures/2199701071.jpg
912958180408732823,Kuşadası bölgesinde oda,Geleneksel Kuşadası Konağı -oda,Özel Oda,3080,,3080,,3080,4.97,89,37.859,27.2567,https://www.airbnb.com.tr/rooms/912958180408732823,https://a0.muscache.com/im/pictures/1674213589.jpg
897135245874797756,Otel - Kuşadası,Gülersu Hotel ~304,Daire / Ev,2421,,2421,,,4.6,72,37.8563,27.2593,https://www.airbnb.com.tr/rooms/897135245874797756,https://a0.muscache.com/im/pictures/1890694532.jpg
1531946203412876696,Kuşadası bölgesinde oda,"Plaja 1 Dakika • Rahat Oda
 (1-2 kişilik)",Özel Oda,1638,,2072,1421,1421,4.67,15,37.8444,27.2443,https://www.airbnb.com.tr/rooms/1531946203412876696,https://a0.muscache.com/im/pictures/2670462985.jpg
1100142842592625606,Daire - Kuşadası,Merkezde butik apart otel denize 200 metre oda 5,Özel Oda,3340,,2730,,3950,4.54,39,37.8657,27.2662,https://www.airbnb.com.tr/rooms/1100142842592625606,https://a0.muscache.com/im/pictures/1862794460.jpg
1434283435089296825,Daire - Kuşadası,"Merkezde, deniz manzaralı 3+1",Daire,5180,,4299,5577,5664,4.57,21,37.86611108804328,27.265716558104476,https://www.airbnb.com.tr/rooms/1434283435089296825,https://a0.muscache.com/im/pictures/2196643197.jpg
1460754050278529199,Otel - Kuşadası,"Rosy Suites,Deniz Manzaralı 2 Kişilik Daire",Daire / Ev,4500,,4500,4500,,4.87,38,37.8416,27.2413,https://www.airbnb.com.tr/rooms/1460754050278529199,https://a0.muscache.com/im/pictures/2245080216.jpg
1128331990707803295,Butik otel - Kuşadası,"Rosy Suites , 3 kişilik Bahçe Manzaralı Studio",Daire / Ev,4000,,4000,,,4.71,58,37.84026888549532,27.242448749454475,https://www.airbnb.com.tr/rooms/1128331990707803295,https://a0.muscache.com/im/pictures/1877151353.jpg
26437711,Daire - Kuşadası,Denize 200m butik apart oda *3*,Özel Oda,2730,,2730,,,4.48,117,37.86475,27.26462,https://www.airbnb.com.tr/rooms/26437711,https://a0.muscache.com/im/pictures/1689000255.jpg
42799306,Daire - Kuşadası,Kuşadası Eski şehirde Tüm daire,Daire,11123,,11545,,10701,4.97,256,37.862,27.2619,https://www.airbnb.com.tr/rooms/42799306,https://a0.muscache.com/im/pictures/1907355268.jpg
1460942189747016999,Otel - Kuşadası,Birds Inn Apart Hotel 105 günlük kiralık.,Daire / Ev,2000,,2000,,,4.56,9,37.8247,27.2677,https://www.airbnb.com.tr/rooms/1460942189747016999,https://a0.muscache.com/im/pictures/2245535675.jpg
1367352263825298796,Villa - Yaylaköy, Yıl boyu ısıtmalı Özel Havuzlu Lüks Villa,Müstakil Villa,10776,,10776,,,4.96,26,37.7837,27.3281,https://www.airbnb.com.tr/rooms/1367352263825298796,https://a0.muscache.com/im/pictures/2435353435.jpg
1718182159664024864,Ev - Kuşadası,Kuşadası'nda Tüm Odaları Deniz Manzaralı Tatil Evi,Özel Oda,8138,,8138,,,4.43,7,37.855485585186706,27.24778413284578,https://www.airbnb.com.tr/rooms/1718182159664024864,https://a0.muscache.com/im/pictures/2729594088.jpg
1387764506692964878,Villa - Kuşadası,Yıl boyu ısıtmalı Özel Havuzlu Lüks Villa,Müstakil Villa,11558,,11558,,,4.95,37,37.7894,27.2782,https://www.airbnb.com.tr/rooms/1387764506692964878,https://a0.muscache.com/im/pictures/2361423443.jpg
1117377147362599507,Ev - Kuşadası,Kuşadası'nda Deniz Manzaralı • Bahçeli Müstakil Ev,Daire / Ev,7303,,7547,7378,6984,4.77,119,37.8557,27.2493,https://www.airbnb.com.tr/rooms/1117377147362599507,https://a0.muscache.com/im/pictures/2645102239.jpg
1664425384463619474,Daire - Kuşadası,Kadınlar denizinde sıfır lüks 2+1 daire,Daire,5075,,5350,,4800,4.73,15,37.8451,27.2445,https://www.airbnb.com.tr/rooms/1664425384463619474,https://a0.muscache.com/im/pictures/2593150351.jpg
885269981027161520,Kuşadası bölgesinde oda,Geleneksel Kuşadası Konağı / Deniz manzaralı ODA,Özel Oda,3553,,,3553,,4.95,96,37.859,27.2567,https://www.airbnb.com.tr/rooms/885269981027161520,https://a0.muscache.com/im/pictures/2690229680.jpg
1743586415028312565,Ev - Kuşadası,Kuşadası Kadınlar Denizi Yakınında Ferah Tatil Evi,Daire / Ev,6336,,,6561,6111,,0,37.85541,27.24813,https://www.airbnb.com.tr/rooms/1743586415028312565,https://a0.muscache.com/im/pictures/2757036000.jpg
1709647962091379988,Ev - Kuşadası,Entire Home İn Kuşadasi,Daire / Ev,6555,,,6267,6843,5.0,20,37.8572,27.2591,https://www.airbnb.com.tr/rooms/1709647962091379988,https://a0.muscache.com/im/pictures/2683583037.jpg
1702479397722554820,Kuşadası bölgesinde oda,Kadınlar Denizi plaja 50 m balkonlu (2-3 kişilik),Özel Oda,2132,,,2132,,5.0,3,37.8445,27.2443,https://www.airbnb.com.tr/rooms/1702479397722554820,https://a0.muscache.com/im/pictures/2669032711.jpg
873893227812036088,Villa - Kuşadası,1+1 lüks villa,Müstakil Villa,4737,,,4737,4737,4.85,175,37.8547,27.2491,https://www.airbnb.com.tr/rooms/873893227812036088,https://a0.muscache.com/im/pictures/1668450087.jpg
872418593863763563,Kuşadası bölgesinde oda,Gülersu Apartmanı - 201,Özel Oda,3020,,,3312,2728,4.77,88,37.8562,27.2592,https://www.airbnb.com.tr/rooms/872418593863763563,https://a0.muscache.com/im/pictures/1930922258.jpg
1703570210611102029,Ev - Kuşadası,Ortak Havuzlu Denize Yakın 2+1 Tatil Evi,Daire / Ev,6420,,,7009,5830,5.0,3,37.8838,27.2728,https://www.airbnb.com.tr/rooms/1703570210611102029,https://a0.muscache.com/im/pictures/2670553423.jpg
45084006,Daire - Kuşadası,"Deniz kenarında, iskelenin karşısında 2+1 daire",Daire,5286,,,5286,,4.66,177,37.86045,27.25273,https://www.airbnb.com.tr/rooms/45084006,https://a0.muscache.com/im/pictures/1301065689.jpg
1410004249998772473,Ev - Kuşadası,Kuşadası’nda Merkezî Konumda 3+1 Yazlık Ev,Daire / Ev,6068,,,6111,6026,4.78,50,37.8557,27.2493,https://www.airbnb.com.tr/rooms/1410004249998772473,https://a0.muscache.com/im/pictures/2645644897.jpg
900650455239954175,Ev - Kuşadası,Kuşadası merkezde tarihi Konak,Daire / Ev,13682,,,13682,,5.0,45,37.8584,27.257,https://www.airbnb.com.tr/rooms/900650455239954175,https://a0.muscache.com/im/pictures/1705424336.jpg
1463044018166709759,Villa - Kuşadası,Kuşadası'nda Özel Havuzlu Kiralık Villa,Müstakil Villa,16194,,,,16194,4.95,22,37.83897,27.27961,https://www.airbnb.com.tr/rooms/1463044018166709759,https://a0.muscache.com/im/pictures/2249538861.jpg
572320736488214394,Tatil evi - Kuşadası,"3 yatak odalı yazlık ev, güvenlik, havuz, özel plaj.",Özel Oda,6566,,,,6566,4.8,35,37.8948,27.2699,https://www.airbnb.com.tr/rooms/572320736488214394,https://a0.muscache.com/im/pictures/1350568002.jpg
1737535602933760846,"Kulübe - Ellijay, Georgia, Amerika Birleşik Devletleri","Nehir Kenarındaki Kulübe: Jakuzi, Sauna, Oyun Makineleri ve Manzara",Daire / Ev,18493,18493,,,,5.0,3,34.6877309626784,-84.54135668019889,https://www.airbnb.com.tr/rooms/1737535602933760846,https://a0.muscache.com/im/pictures/2742534848.jpg
1760708893918088037,"Kulübe - Văleni, Romanya",A çerçeveli Nord Maramureş ,Daire / Ev,6822,6822,,,,,0,47.7868,24.0046,https://www.airbnb.com.tr/rooms/1760708893918088037,https://a0.muscache.com/im/pictures/2790845182.jpg
1739889944415696000,"Kulübe - Urek’i, Gürcistan",Dream Cottages – Verde – Magnolia,Daire / Ev,5364,5364,,,,,0,42.015596361531536,41.75593332248999,https://www.airbnb.com.tr/rooms/1739889944415696000,https://a0.muscache.com/im/pictures/2747490277.jpg
1060653056221804114,Otel - Üsküdar,Zerya Süitleri Üsküdar,Daire / Ev,3344,3379,3450,3450,3099,4.57,21,41.02048,29.01386,https://www.airbnb.com.tr/rooms/1060653056221804114,https://a0.muscache.com/im/pictures/1812512876.jpg
896393536889369024,Daire - Üsküdar,The Rooms Ely~10,Daire,2640,2800,,2520,2600,4.53,38,41.0207,29.0152,https://www.airbnb.com.tr/rooms/896393536889369024,https://a0.muscache.com/im/pictures/1900025206.jpg
1488196559270335383,Daire - Üsküdar,Zerya süitleri kanadı,Daire,4312,4327,3918,3918,5087,,0,41.02178,29.01356,https://www.airbnb.com.tr/rooms/1488196559270335383,https://a0.muscache.com/im/pictures/2296524104.jpg
1234761584687294903,Daire - Üsküdar,The Peak City Üsküdar P7.,Daire,3732,3888,,3654,3654,4.5,10,41.02176,29.01453,https://www.airbnb.com.tr/rooms/1234761584687294903,https://a0.muscache.com/im/pictures/1984639971.jpg
1186712845206034510,Daire - Üsküdar,The Peak City Üsküdar P1,Daire,3888,4093,4093,4093,3274,4.67,15,41.0207,29.0152,https://www.airbnb.com.tr/rooms/1186712845206034510,https://a0.muscache.com/im/pictures/1938307319.jpg
1297024476985429371,Daire - Üsküdar,The Rooms Ely~9,Daire,4100,4100,,4100,,4.5,6,41.0207,29.0152,https://www.airbnb.com.tr/rooms/1297024476985429371,https://a0.muscache.com/im/pictures/2036314012.jpg
1172334674126036486,Daire - Üsküdar,Boğaz manzarası | Tarihi şehir | Kız Kulesi | Metro,Daire,16500,15000,,18000,,4.99,117,41.02545,29.01734,https://www.airbnb.com.tr/rooms/1172334674126036486,https://a0.muscache.com/im/pictures/2042038253.jpg
1186837830776522481,Daire - Üsküdar,The Peak Şehir Merkezi P8,Daire,3508,3508,3508,,,3.89,9,41.0207,29.0152,https://www.airbnb.com.tr/rooms/1186837830776522481,https://a0.muscache.com/im/pictures/1938451003.jpg
1168486961963219709,Daire - Üsküdar,The Rooms Ely~5,Daire,4494,4737,4737,4250,4250,4.8,5,41.0207,29.0152,https://www.airbnb.com.tr/rooms/1168486961963219709,https://a0.muscache.com/im/pictures/1919476966.jpg
1297016966453078740,Daire - Üsküdar,The Rooms Ely~8,Daire,4250,4250,,,,4.4,10,41.0216,29.01401,https://www.airbnb.com.tr/rooms/1297016966453078740,https://a0.muscache.com/im/pictures/2038347249.jpg
1568644012861305292,Daire - Üsküdar,"Modern Balkonlu Daire, Üsküdar Sahil Yolu'na 10 Dakika",Daire,4027,,4027,,,4.26,27,41.02185,29.01658,https://www.airbnb.com.tr/rooms/1568644012861305292,https://a0.muscache.com/im/pictures/2595039850.jpg
1462452378660584693,Daire - Üsküdar,Üsküdar'da Marmaray'a Yakın Merkezde Rahat Daire,Daire,5088,,5088,,,4.6,42,41.02265,29.01448,https://www.airbnb.com.tr/rooms/1462452378660584693,https://a0.muscache.com/im/pictures/2632106640.jpg
1759450395782148840,Daire - Üsküdar,Boğaz Manzarası | Geniş Teras | Mükemmel Konum,Daire,14648,,14353,14458,15132,,0,41.0255,29.0139,https://www.airbnb.com.tr/rooms/1759450395782148840,https://a0.muscache.com/im/pictures/2799254755.jpg
1198545024280704085,Daire - İstanbul,Cihangir apart 2,Daire,3200,,3200,,,4.9,80,41.03219,28.98309,https://www.airbnb.com.tr/rooms/1198545024280704085,https://a0.muscache.com/im/pictures/2430375170.jpg
1330427382522223579,Daire - Üsküdar,Panoramik Boğaz Manzaralı ve Teraslı Dubleks Daire,Daire,11262,,11262,,,4.51,55,41.02667,29.01855,https://www.airbnb.com.tr/rooms/1330427382522223579,https://a0.muscache.com/im/pictures/2490522559.jpg
1331761986290981970,Daire - İstanbul,Golden Arrow Ortaköy,Daire,3300,,3300,,,4.9,80,41.0493,29.0246,https://www.airbnb.com.tr/rooms/1331761986290981970,https://a0.muscache.com/im/pictures/2066147497.jpg
947520235007685819,Daire - Üsküdar,Tarihi Üsküdar'da Daire,Daire,4611,,,4611,,4.86,90,41.0225,29.0152,https://www.airbnb.com.tr/rooms/947520235007685819,https://a0.muscache.com/im/pictures/1940184806.jpg
1539914071940867624,"Daire - Üsküdar, İstanbul, Turkiye",D4 - 1 yatak odalı daire @ Üsküdar Merkez - 50 m²,Özel Oda,4636,,,4611,4660,5.0,6,41.02337,29.01491,https://www.airbnb.com.tr/rooms/1539914071940867624,https://a0.muscache.com/im/pictures/2385472452.jpg
1289085935065395024,Daire - Üsküdar,Üsküdar - Venüs Gruppe Tam size göre  S,Daire,3878,,,3878,,4.96,47,41.0237,29.0287,https://www.airbnb.com.tr/rooms/1289085935065395024,https://a0.muscache.com/im/pictures/2029968760.jpg
1644838555106966388,Daire - Üsküdar, Deniz manzaralı daire bahçeli ,Daire,7574,,,7321,7828,4.9,10,41.02248,29.00897,https://www.airbnb.com.tr/rooms/1644838555106966388,https://a0.muscache.com/im/pictures/2568043417.jpg
1720014043917572559,Daire - Üsküdar,"D6 - 1 yatak odalı daire, Üsküdar Merkez - 50 m²",Özel Oda,4938,,,4902,4975,4.75,8,41.0219,29.01603,https://www.airbnb.com.tr/rooms/1720014043917572559,https://a0.muscache.com/im/pictures/2727116203.jpg
1734031050960959842,Daire - Üsküdar,İstanbul'un göbeğinde panoramik Boğaz manzarası!,Daire,19142,,,,19142,5.0,4,41.0249,29.0113,https://www.airbnb.com.tr/rooms/1734031050960959842,https://a0.muscache.com/im/pictures/2759155488.jpg
1298389716931042739,Daire - Üsküdar,Evinizin Konforunu Yaşayın !,Daire,3405,,,,3405,4.83,54,41.0238,29.0288,https://www.airbnb.com.tr/rooms/1298389716931042739,https://a0.muscache.com/im/pictures/2037635735.jpg
1572572632600727146,Daire - Üsküdar,Rahat 3 yatak odalı tasarım daireden büyülü İstanbul Boğazı manzarası,Özel Oda,7941,,,,7941,4.81,26,41.03571,29.02973,https://www.airbnb.com.tr/rooms/1572572632600727146,https://a0.muscache.com/im/pictures/2660545614.jpg
584430639633403398,Butik otel - Adalar,Büyükada'da Meydan Manzaralı Junior oda,Özel Oda,3274,3274,,,,4.56,180,40.87454,29.1285,https://www.airbnb.com.tr/rooms/584430639633403398,https://a0.muscache.com/im/pictures/1365893324.jpg
8715436,Daire - Büyükada,Lale Köşk 2: deniz ve orman manzaralı 3+1 daire,Daire,11667,11996,,11996,11010,4.98,320,40.86553,29.12343,https://www.airbnb.com.tr/rooms/8715436,https://a0.muscache.com/im/pictures/1923551361.jpg
551828892898499255,Villa - Adalar,Deniz Manzaralı Huzurlu Köşk Dairesi,Müstakil Villa,10206,10206,,10206,10206,4.8,289,40.86779,29.11798,https://www.airbnb.com.tr/rooms/551828892898499255,https://a0.muscache.com/im/pictures/1334929572.jpg
838387276067870877,Daire - Adalar,Tarihi lebiderya deniz manzaralı köşk dairesi D:6,Daire,12135,12135,,12135,,4.9,73,40.87373,29.12571,https://www.airbnb.com.tr/rooms/838387276067870877,https://a0.muscache.com/im/pictures/1957192111.jpg
4042600,Daire - Büyükada,Büyükada’da Lüks Deniz Manzaralı Havuzlu Daire,Daire,9099,9099,,,,4.68,73,40.86568401745756,29.12728954589303,https://www.airbnb.com.tr/rooms/4042600,https://a0.muscache.com/im/pictures/1193625739.jpg
4044582,Daire - Büyükada,Büyükada’da Teras Kısmi Deniz Manzaralı Konaklama,Daire,6572,6572,,,,4.83,72,40.87403,29.12873,https://www.airbnb.com.tr/rooms/4044582,https://a0.muscache.com/im/pictures/687131971.jpg
7531650,Daire - Büyükada,Büyükada’da Ortak Havuzlu ve 4 Odalı Daire,Özel Oda,10279,10279,,,,4.82,111,40.86513,29.12704,https://www.airbnb.com.tr/rooms/7531650,https://a0.muscache.com/im/pictures/2663223572.jpg
1470866746029522774,Ev - Adalar,"Heybeliada’da Bahçeli, Müstakil Girişli 2+1 Ev",Daire / Ev,10330,9200,,10658,11132,5.0,38,40.8785,29.0961,https://www.airbnb.com.tr/rooms/1470866746029522774,https://a0.muscache.com/im/pictures/2469689762.jpg
648203538824828093,Butik otel - Adalar,Standard Cift Kisilik Oda Bahce Kati,Özel Oda,6875,6875,,,,4.81,109,40.8724,29.1331,https://www.airbnb.com.tr/rooms/648203538824828093,https://a0.muscache.com/im/pictures/1924174009.jpg
35727547,Ev - Adalar,Çiçeklerle dolu güzel bir ada evi - Pansiyon Life,Daire / Ev,6198,6198,,6198,6198,4.94,206,40.87559,29.09512,https://www.airbnb.com.tr/rooms/35727547,https://a0.muscache.com/im/pictures/796180259.jpg
1621062989017287691,Daire - Adalar,Sahile Yürüme Mesafesinde Balkonlu Şirin Ada Evi,Daire,8373,8883,,7863,,4.85,34,40.8772,29.0982,https://www.airbnb.com.tr/rooms/1621062989017287691,https://a0.muscache.com/im/pictures/2650146493.jpg
3301481,Ev - Adalar,Büyükada'da Benzersiz Bir Deneyim,Daire / Ev,18395,17427,,17427,20332,4.78,74,40.86952,29.13758,https://www.airbnb.com.tr/rooms/3301481,https://a0.muscache.com/im/pictures/26552397.jpg
944636644815486505,Daire - Adalar,Büyükada'da Bahçe Katı Şık Mini Ada Evi- Camomile,Daire,7159,7159,,7159,,5.0,70,40.8741,29.1299,https://www.airbnb.com.tr/rooms/944636644815486505,https://a0.muscache.com/im/pictures/1706956253.jpg
1057686692482410181,Otel - Adalar,Eskibağ Butik Hotel- Standart Oda,Özel Oda,4633,4950,4950,4000,,4.72,61,40.8731,29.1291,https://www.airbnb.com.tr/rooms/1057686692482410181,https://a0.muscache.com/im/pictures/1810484233.jpg
944880520009513628,Ev - Adalar,Deniz Manzaralı Huzurlu Köşk Teras Kat,Daire / Ev,8774,8774,,,,4.61,140,40.86341,29.11775,https://www.airbnb.com.tr/rooms/944880520009513628,https://a0.muscache.com/im/pictures/2174656519.jpg
1336179486544235364,Otel - Adalar,Heybeliada Pansiyon/Ekonomik Oda,Özel Oda,3508,3508,3508,,,4.73,80,40.8771,29.1003,https://www.airbnb.com.tr/rooms/1336179486544235364,https://a0.muscache.com/im/pictures/2182356098.jpg
1526011561942231664,Adalar bölgesinde oda,manzaralı özel balkonlu ortak banyolu oda heybeli,Özel Oda,4155,4155,,,,4.79,19,40.8751,29.0945,https://www.airbnb.com.tr/rooms/1526011561942231664,https://a0.muscache.com/im/pictures/2369081749.jpg
584436275525749250,Butik otel - Adalar,Büyükada'da Merkezi Konumda Manzaralı Deluxe Oda,Özel Oda,3508,3508,,,,4.61,89,40.87298,29.1279,https://www.airbnb.com.tr/rooms/584436275525749250,https://a0.muscache.com/im/pictures/1362401860.jpg
584440859527914384,Butik otel - Adalar,Meydan ve Kısmi Deniz Manzaralı Balkonlu DeluxeOda,Özel Oda,4093,,4093,,,4.6,42,40.87413,29.12812,https://www.airbnb.com.tr/rooms/584440859527914384,https://a0.muscache.com/im/pictures/1362406417.jpg
979646474293838095,Daire - Adalar,Büyükada’da Ortak Bahçeli Huzurlu Ada Evi (2+1),Daire,6201,,6201,,,4.75,114,40.87265,29.12785,https://www.airbnb.com.tr/rooms/979646474293838095,https://a0.muscache.com/im/pictures/1739775913.jpg
977945204022046751,Daire - Adalar,Büyükada Merkezde Konforlu Daire- Sunshine,Daire,6747,,6747,,,5.0,29,40.87374,29.13078,https://www.airbnb.com.tr/rooms/977945204022046751,https://a0.muscache.com/im/pictures/1737564823.jpg
8517896,Daire - Adalar,Lale Köşk 3: deniz ve orman manz. daire 1+1 ,Daire,7997,,7997,,,4.97,374,40.8656,29.1252,https://www.airbnb.com.tr/rooms/8517896,https://a0.muscache.com/im/pictures/1923725306.jpg
648205508375237249,Butik otel - Adalar ,Deluxe Cift Kisilik Oda with Balcony,Özel Oda,8062,,8062,,,4.85,61,40.873331598051294,29.13260353057673,https://www.airbnb.com.tr/rooms/648205508375237249,https://a0.muscache.com/im/pictures/1422365706.jpg
938288273647870165,Daire - Maltepe,Nomad Hub Sifreli Kilitli Kutu ile Self Check-in,Daire,2781,,2781,,,4.83,417,40.9253,29.1337,https://www.airbnb.com.tr/rooms/938288273647870165,https://a0.muscache.com/im/pictures/1789745677.jpg
947468060922760338,Daire - Adalar,Heybeliada Panoramik Deniz Manzaralı Teras Dubleks,Daire,9355,,9355,,,4.96,110,40.87577,29.09685,https://www.airbnb.com.tr/rooms/947468060922760338,https://a0.muscache.com/im/pictures/1741418302.jpg
607069272851808679,Adalar bölgesinde odalar,Üç katlı ev,Özel Oda,2296,,,2296,2296,4.9,165,40.87219,29.09001,https://www.airbnb.com.tr/rooms/607069272851808679,https://a0.muscache.com/im/pictures/2197379226.jpg
1508830285963206450,Ev - Adalar,180° Deniz Manzaralı Geniş Bohemian Triplex,Daire / Ev,6055,,,5776,6334,4.77,44,40.87487228895398,29.09533365110249,https://www.airbnb.com.tr/rooms/1508830285963206450,https://a0.muscache.com/im/pictures/2333202349.jpg
1420206141361888279,Otel - Adalar,Bahçe  Manzaralı Standart Oda-Fuji 2,Özel Oda,7280,,,7135,7426,5.0,25,40.8702,29.1301,https://www.airbnb.com.tr/rooms/1420206141361888279,https://a0.muscache.com/im/pictures/2172189666.jpg
838387268606299909,Daire - Adalar,Tarihi lebiderya deniz manzaralı köşk dairesi D:7,Daire,10727,,,10727,,4.91,67,40.8731,29.1259,https://www.airbnb.com.tr/rooms/838387268606299909,https://a0.muscache.com/im/pictures/1957187726.jpg
1457977212591156421,Daire - Adalar,İskeleye Yakın Konum Geniş Daire,Daire,7846,,,7698,7994,4.76,58,40.87109128218163,29.128636614172326,https://www.airbnb.com.tr/rooms/1457977212591156421,https://a0.muscache.com/im/pictures/2240185506.jpg
944785284055094806,Daire - Adalar,Büyükada merkezde konforlu ev-Sunshine,Daire,12256,,,12256,12256,4.98,57,40.8752,29.1302,https://www.airbnb.com.tr/rooms/944785284055094806,https://a0.muscache.com/im/pictures/1707095436.jpg
906640708235370913,Ev - Adalar,Casa Blanca by the Sea,Daire / Ev,7402,,,7402,,4.55,60,40.8614,29.1302,https://www.airbnb.com.tr/rooms/906640708235370913,https://a0.muscache.com/im/pictures/1667318953.jpg
4037346,Daire - Büyükada,Büyükada’da Havuz ve Deniz Manzarası Keyfi,Daire,9672,,,9672,,4.63,75,40.866,29.1262,https://www.airbnb.com.tr/rooms/4037346,https://a0.muscache.com/im/pictures/2636704716.jpg
23458427,Adalar bölgesinde oda,Orhan Kutbay's Othantic Room for 3,Özel Oda,5732,,,5288,6176,4.82,65,40.87063,29.11841,https://www.airbnb.com.tr/rooms/23458427,https://a0.muscache.com/im/pictures/635375108.jpg
35534459,Ev - Adalar,Deniz manzaralı ferah ve konforlu ev! Heybeliada.,Daire / Ev,4000,,,,4000,4.97,315,40.87628,29.09529,https://www.airbnb.com.tr/rooms/35534459,https://a0.muscache.com/im/pictures/776715614.jpg
1027687653563413170,Butik otel - Adalar,Eşsiz Manzaralı Konak Penthouse (Rome Suit),Daire / Ev,12110,,,,12110,4.92,150,40.8698,29.1305,https://www.airbnb.com.tr/rooms/1027687653563413170,https://a0.muscache.com/im/pictures/1788826477.jpg
1502924377346480931,Daire - Adalar,Büyükada’da Büyük Balkonlu Üç Odalı Özel Bir Daire,Özel Oda,23119,,,,23119,4.89,19,40.87209,29.12928,https://www.airbnb.com.tr/rooms/1502924377346480931,https://a0.muscache.com/im/pictures/2449525753.jpg
940295785187560201,Daire - Adalar,Büyükada merkezde şık ve konforlu Ada evi-Lotus,Daire,11285,,,,11285,4.97,34,40.87316,29.12873,https://www.airbnb.com.tr/rooms/940295785187560201,https://a0.muscache.com/im/pictures/2032538687.jpg
588927571781459237,Villa - Adalar,Özel İskele Sahil Villası | Şömine ve Havuz,Müstakil Villa,29272,,,,29272,4.92,52,40.86131,29.12844,https://www.airbnb.com.tr/rooms/588927571781459237,https://a0.muscache.com/im/pictures/1385846192.jpg
26698663,Daire - Büyükada,"Lale Köşk 4+1: 2. ve 3. kat deniz, orman manzaralı",Daire,25034,,,,25034,4.98,47,40.86603,29.12571,https://www.airbnb.com.tr/rooms/26698663,https://a0.muscache.com/im/pictures/533783873.jpg
736326211374719354,Otel - Adalar,Deniz Manzaralı Suit Otel Odası,Özel Oda,2690,,,,2690,3.55,11,40.874,29.1294,https://www.airbnb.com.tr/rooms/736326211374719354,https://a0.muscache.com/im/pictures/1507528649.jpg
1528180038674350443,Adalar bölgesinde oda,Bahçeli Müstakil Evde Özel Oda Heybeliada,Özel Oda,3022,3022,3022,,,4.7,23,40.87387328162001,29.09479262088486,https://www.airbnb.com.tr/rooms/1528180038674350443,https://a0.muscache.com/im/pictures/2368996960.jpg
1407906090536582846,Daire - Adalar,Heybeliada Merkezi Lokasyonda,Daire,7772,7698,7698,7698,7994,4.95,37,40.8768,29.0987,https://www.airbnb.com.tr/rooms/1407906090536582846,https://a0.muscache.com/im/pictures/2152247642.jpg
901876285284938640,Daire - Adalar,Heybeliada muhteşem deniz manzaralı ev,Daire,8323,8323,8323,,,4.9,51,40.8754,29.0964,https://www.airbnb.com.tr/rooms/901876285284938640,https://a0.muscache.com/im/pictures/1662282768.jpg
50309924,Daire - Adalar,Heybeliada’da Orman ve Denizle içiçe Huzurlu Daire,Daire,11251,11251,11251,,11251,4.92,50,40.8786,29.0887,https://www.airbnb.com.tr/rooms/50309924,https://a0.muscache.com/im/pictures/1195880703.jpg
1528185938191853707,Adalar bölgesinde oda,Deniz Manzaralı Çift Kişilik Oda,Özel Oda,3022,,3022,,,4.18,17,40.875,29.0945,https://www.airbnb.com.tr/rooms/1528185938191853707,https://a0.muscache.com/im/pictures/2368970040.jpg
1336419681220558750,Otel - Adalar,Heybeliada Pansiyon/Standart Oda 2,Özel Oda,3859,,3859,3859,,4.78,36,40.8771,29.1002,https://www.airbnb.com.tr/rooms/1336419681220558750,https://a0.muscache.com/im/pictures/2182369547.jpg
1673889304579321545,Heybeliada bölgesinde oda,"Nefes kesici manzaralı özel oda, Heybeliada",Özel Oda,3649,,,3526,3772,5.0,4,40.87537018058039,29.09474099200706,https://www.airbnb.com.tr/rooms/1673889304579321545,https://a0.muscache.com/im/pictures/2610833735.jpg
